MolWt,HeavyAtomMolWt,ExactMolWt,NumHeavyAtoms,NumRotatableBonds,NumRings,NumAromaticRings,NumAliphaticRings,RingCount,FractionCSP3,NumHDonors,NumHAcceptors,TPSA,MolLogP,MolMR,LabuteASA,PEOE_VSA1,PEOE_VSA2,PEOE_VSA3,PEOE_VSA4,SMR_VSA1,SMR_VSA2,SMR_VSA3,SlogP_VSA1,SlogP_VSA2,SlogP_VSA3,NumValenceElectrons,NumRadicalElectrons,fr_C_O,fr_NH0,fr_NH1,fr_ArN,fr_Ar_COO,fr_ether,fr_ketone,fr_imide,fr_amide,HallKierAlpha,Kappa1,Kappa2,polyBERT_dim_01,polyBERT_dim_02,polyBERT_dim_03,polyBERT_dim_04,polyBERT_dim_05,polyBERT_dim_06,polyBERT_dim_07,polyBERT_dim_08,polyBERT_dim_09,polyBERT_dim_10,polyBERT_dim_11,polyBERT_dim_12,polyBERT_dim_13,polyBERT_dim_14,polyBERT_dim_15,polyBERT_dim_16,polyBERT_dim_17,polyBERT_dim_18,polyBERT_dim_19,polyBERT_dim_20,polyBERT_dim_21,polyBERT_dim_22,polyBERT_dim_23,polyBERT_dim_24,polyBERT_dim_25,polyBERT_dim_26,polyBERT_dim_27,polyBERT_dim_28,polyBERT_dim_29,polyBERT_dim_30,polyBERT_dim_31,polyBERT_dim_32,polyBERT_dim_33,polyBERT_dim_34,polyBERT_dim_35,polyBERT_dim_36,polyBERT_dim_37,polyBERT_dim_38,polyBERT_dim_39,polyBERT_dim_40,DegreeOfCrystallinity,CrystallinePhaseContent,AmorphousPhaseContent,FreeVolumeFraction,ChainRigidityIndex,SegmentalMobility,ThermalExpansionCoeff,HeatCapacity_Cp,ThermalDiffusivity,GlassyModulus,DielectricPolarizability,ElectronicPolarizability,IonicPolarizability,OrientationalPolarizability,DipoleMomentRepeat,CurieWeissConstant,CrosslinkingDensity,EntanglementMolWt,ContourLengthPerUnit,PersistenceLength,CharacteristicRatio,ChainFlexibilityParam,Mw_kDa,Mn_kDa,PolyDisersityIndex,ZAverageMolWt,ViscosityAverageMolWt,NumberAverageDPn,LamellaeThickness_nm,SpheruliteRadius_um,CrystalThickness_nm,TieChainsPerArea,InterfacialThickness_nm,MicrostructureOrder,PermittivityRealPart,PermittivityImaginaryPart,TanDeltaDielectric,YoungModulus_GPa,TensileStrength_MPa,ElongationBreak_pct,morgan_fp_00,morgan_fp_01,morgan_fp_02,morgan_fp_03,morgan_fp_04,morgan_fp_05,morgan_fp_06,morgan_fp_07,morgan_fp_08,morgan_fp_09,morgan_fp_10,morgan_fp_11,morgan_fp_12,morgan_fp_13,morgan_fp_14,morgan_fp_15,morgan_fp_16,morgan_fp_17,morgan_fp_18,morgan_fp_19,morgan_fp_20,morgan_fp_21,morgan_fp_22,morgan_fp_23,morgan_fp_24,morgan_fp_25,morgan_fp_26,morgan_fp_27,morgan_fp_28,morgan_fp_29,morgan_fp_30,morgan_fp_31,morgan_fp_32,morgan_fp_33,morgan_fp_34,morgan_fp_35,morgan_fp_36,morgan_fp_37,morgan_fp_38,morgan_fp_39,morgan_fp_40,morgan_fp_41,morgan_fp_42,morgan_fp_43,morgan_fp_44,morgan_fp_45,morgan_fp_46,morgan_fp_47,morgan_fp_48,morgan_fp_49,morgan_fp_50,morgan_fp_51,morgan_fp_52,morgan_fp_53,morgan_fp_54,morgan_fp_55,morgan_fp_56,morgan_fp_57,morgan_fp_58,morgan_fp_59,morgan_fp_60,morgan_fp_61,morgan_fp_62,morgan_fp_63,Tg_degC,Dk_1GHz
460.445000,444.317000,460.105922,35.000000,4.000000,6.000000,4.000000,2.000000,6.000000,0.000000,0.000000,5.000000,83.990000,5.080100,128.122000,199.330093,4.736863,19.178149,9.799819,0.000000,23.915012,0.000000,0.000000,14.536682,23.628719,0.000000,168.000000,0.000000,4.000000,2.000000,0.000000,0.000000,0.000000,1.000000,0.000000,2.000000,4.000000,-5.040000,20.558720,7.775512,1.047165,0.686148,0.580169,0.726320,0.536840,0.814536,0.685008,1.036828,1.020313,0.598710,0.602971,-0.027231,0.463096,0.576534,1.069823,0.656284,0.454558,0.903464,1.009898,0.704196,0.262048,0.120407,0.291940,1.140192,0.516028,-0.271936,0.392648,0.683408,0.565340,0.496356,-0.243370,0.724826,-0.266490,0.293273,-0.548759,0.729819,0.427592,0.426901,0.173718,0.504839,0.289940,0.301992,0.710060,0.116830,0.807902,0.215670,0.000033,1.092760,0.000000,3.426537,26.178820,22.915658,4.056911,2.686885,3.684450,346.095862,0.008378,6165.459787,1.400866,12.188442,9.402655,0.259349,71.984876,37.084515,2.546730,101.946443,65.222267,205.459878,9.151322,2.907473,11.512759,181505454377817.125000,4.561475,0.518263,3.521841,0.082522,0.020222,2.975852,209.365552,46.702828,1,1,1,0,0,0,0,0,0,0,1,0,0,0,1,0,0,1,0,0,0,0,1,0,1,0,0,1,0,0,0,0,1,1,0,0,1,0,0,1,0,1,0,0,0,0,0,1,0,0,0,0,0,0,1,1,0,0,1,0,0,0,0,0,514.703763,3.110068
474.472000,456.328000,474.121572,36.000000,4.000000,6.000000,4.000000,2.000000,6.000000,0.034483,0.000000,5.000000,83.990000,5.388520,132.859000,205.695035,4.736863,19.178149,9.799819,0.000000,23.915012,0.000000,0.000000,14.536682,23.628719,0.000000,174.000000,0.000000,4.000000,2.000000,0.000000,0.000000,0.000000,1.000000,0.000000,2.000000,4.000000,-5.040000,21.490435,8.023863,0.790755,1.343060,0.423255,0.728540,0.473122,0.848241,0.918155,0.404573,0.351317,0.614578,0.548954,0.561645,0.433408,0.430031,0.369675,0.647222,0.207408,0.568218,1.220482,0.856218,0.328855,0.247885,0.340610,0.829890,0.443321,0.471127,0.790419,0.888101,-0.125734,0.012553,0.715005,0.195951,0.056085,0.239921,0.501530,-0.146282,0.083654,0.330272,-0.020165,-0.193069,0.297241,0.360920,0.702759,0.118484,0.756732,0.174443,0.000039,1.097383,0.000000,3.426116,25.522956,19.446110,3.710487,2.439859,4.730866,336.519520,0.007239,6010.626495,1.501239,10.484324,7.693741,0.243702,72.578842,47.631148,1.903732,118.881238,78.981332,151.233390,9.451765,4.974161,20.019503,210794135659038.468750,4.782189,0.692652,3.414169,0.085162,0.023250,2.781036,156.218899,33.818006,1,1,1,0,0,0,0,0,0,0,1,0,0,0,1,0,0,1,0,0,0,0,1,0,1,0,0,1,0,0,0,0,1,1,0,0,1,0,0,1,0,1,0,0,0,0,0,1,0,0,0,0,0,0,1,1,0,0,1,0,0,0,0,0,489.945307,3.028115
474.472000,456.328000,474.121572,36.000000,4.000000,6.000000,4.000000,2.000000,6.000000,0.034483,0.000000,5.000000,83.990000,5.388520,132.859000,205.695035,4.736863,19.178149,9.799819,0.000000,23.915012,0.000000,0.000000,14.536682,23.628719,0.000000,174.000000,0.000000,4.000000,2.000000,0.000000,0.000000,0.000000,1.000000,0.000000,2.000000,4.000000,-5.040000,21.490435,8.023863,0.536708,0.938486,1.176755,0.277565,0.503259,0.896127,0.516153,0.663779,0.369369,1.354632,0.858236,0.030248,-0.338371,0.272053,0.710603,0.233435,0.275426,0.473146,0.690681,0.610827,0.611186,0.799252,0.119770,0.363175,0.709418,0.413890,0.793062,0.317722,1.005735,0.187161,-0.368010,-0.128795,0.680103,0.632245,0.700078,0.552696,0.349662,0.228361,0.076850,0.792469,0.486040,0.396968,0.513960,0.090384,0.822257,0.175627,0.000031,0.946718,0.000000,3.385615,29.482362,20.955083,3.780870,2.644641,4.735721,324.575161,0.012232,5285.142043,1.511667,12.812681,8.094923,0.243415,85.055046,42.775570,1.828231,120.076388,60.241134,234.269476,14.464377,3.532343,20.060781,230658027755473.843750,4.649997,0.584093,3.271549,0.075441,0.026422,3.306336,223.212787,34.647734,1,1,1,0,0,0,0,0,0,0,1,0,0,0,1,0,0,1,0,0,0,0,1,0,1,0,0,1,0,0,0,0,1,1,0,0,1,0,0,1,0,1,0,0,0,0,0,1,0,0,0,0,0,0,1,1,0,0,1,0,0,0,0,0,548.865093,3.884719
478.435000,463.315000,478.096500,36.000000,4.000000,6.000000,4.000000,2.000000,6.000000,0.000000,0.000000,5.000000,83.990000,5.219200,128.080000,203.495628,4.736863,19.178149,14.190235,0.000000,28.305427,0.000000,0.000000,14.536682,23.628719,0.000000,174.000000,0.000000,4.000000,2.000000,0.000000,0.000000,0.000000,1.000000,0.000000,2.000000,4.000000,-5.110000,21.425098,7.986432,0.147826,0.641054,0.181241,0.767650,0.242539,0.835896,0.363512,0.934284,0.733443,0.570145,0.470312,0.581589,0.375967,0.588508,0.378154,0.797993,0.101782,0.704692,0.713655,0.457538,0.787222,0.264337,0.457083,0.483914,0.434703,0.359920,0.336009,0.875098,0.476449,0.347210,0.231994,0.302355,-0.129004,0.704458,0.175686,0.108896,-0.579651,-0.122435,0.346055,0.324768,0.261303,0.398625,0.738697,0.143359,0.710147,0.190924,0.000034,1.111184,0.000000,3.315390,25.510008,23.424892,4.316288,3.222592,4.593725,299.464163,0.006964,6567.182664,1.386969,8.782031,8.456991,0.177333,95.069026,38.934092,2.130325,119.872168,75.554227,264.321300,11.859649,4.669772,15.164061,139066811099034.640625,5.155709,0.571761,3.498175,0.075447,0.026379,3.029011,182.480929,38.237508,1,1,1,0,0,0,0,0,0,0,1,0,0,0,1,0,0,1,0,0,0,0,1,0,1,0,0,1,0,0,0,0,1,1,0,0,1,0,0,1,0,1,0,0,0,0,0,1,0,0,0,0,0,0,1,1,0,0,1,0,0,0,0,0,458.191458,2.845808
476.444000,460.316000,476.100836,36.000000,4.000000,6.000000,4.000000,2.000000,6.000000,0.000000,1.000000,6.000000,104.220000,4.785700,129.786800,204.124327,9.843390,19.178149,9.799819,0.000000,29.021539,0.000000,0.000000,14.536682,28.735246,0.000000,174.000000,0.000000,4.000000,2.000000,0.000000,0.000000,0.000000,1.000000,0.000000,2.000000,4.000000,-5.240000,21.303804,7.917082,0.207982,0.916857,1.232238,0.686232,1.006991,0.314623,0.451107,0.845365,0.547351,0.818810,0.399515,0.669989,0.531783,0.546634,0.350269,0.701966,0.563056,0.629972,0.624936,0.780037,1.021743,0.708820,-0.120381,0.051102,0.346965,0.438833,0.108381,0.360944,0.237537,0.330220,0.521859,-0.586104,0.048109,0.092421,0.129361,-0.000066,0.091033,0.000576,0.406776,-0.010117,0.352031,0.378684,0.647969,0.098293,0.880453,0.122060,0.000030,0.980008,0.000000,3.630617,27.128822,23.804697,4.218883,2.095670,4.902089,311.927102,0.006052,5319.143357,1.489165,12.172530,7.501553,0.262928,98.671899,42.928274,1.851934,131.995994,86.459885,204.600184,14.015301,2.443766,18.077844,190860530605995.000000,4.800311,0.427566,3.821713,0.059274,0.022698,3.022008,196.145937,41.807651,1,1,1,0,0,0,0,0,0,0,1,0,0,0,1,0,0,1,0,0,0,0,1,0,1,0,0,1,0,0,0,0,1,1,0,0,1,0,0,1,0,1,0,0,0,0,0,1,0,0,0,0,0,0,1,1,0,0,1,0,0,0,0,0,539.395282,3.451927
496.425000,482.313000,496.087078,37.000000,4.000000,6.000000,4.000000,2.000000,6.000000,0.000000,0.000000,5.000000,83.990000,5.358300,128.038000,207.661164,4.736863,19.178149,14.190235,4.390415,32.695842,0.000000,0.000000,14.536682,23.628719,0.000000,180.000000,0.000000,4.000000,2.000000,0.000000,0.000000,0.000000,1.000000,0.000000,2.000000,4.000000,-5.180000,22.294507,8.197695,0.396476,0.755954,0.902518,0.347408,1.084047,0.329710,0.699278,0.694918,0.449791,0.855234,0.580813,1.045340,0.783146,0.740308,0.960293,0.846671,0.857026,0.899987,0.872538,0.505004,0.939287,0.812342,0.448631,0.440862,0.569321,0.827757,0.622105,0.533348,0.190951,0.321483,0.454003,-0.376208,0.311403,0.149726,-0.082426,0.219049,0.034118,0.475591,0.411937,0.043801,0.205466,0.435426,0.794534,0.148186,0.786969,0.162626,0.000026,1.049960,0.000000,3.512946,32.633879,20.480500,3.330275,3.320197,4.838950,335.730558,0.008597,5115.948912,1.369979,14.487559,7.911042,0.227557,65.773701,31.769542,2.429639,138.123930,56.068485,227.600741,11.347204,4.540870,21.023753,205516025473046.281250,4.619049,0.527654,3.452573,0.090943,0.023923,2.823705,178.136341,27.405227,1,1,1,0,0,0,0,0,0,0,1,0,0,0,1,0,0,1,0,0,0,0,1,0,1,0,0,1,0,0,0,0,1,1,0,0,1,0,0,1,0,1,0,0,0,0,0,1,0,0,0,0,0,0,1,1,0,0,1,0,0,0,0,0,471.494461,3.180362
488.499000,468.339000,488.137222,37.000000,4.000000,6.000000,4.000000,2.000000,6.000000,0.066667,0.000000,5.000000,83.990000,5.696940,137.596000,212.059977,4.736863,19.178149,9.799819,0.000000,23.915012,0.000000,0.000000,14.536682,23.628719,0.000000,180.000000,0.000000,4.000000,2.000000,0.000000,0.000000,0.000000,1.000000,0.000000,2.000000,4.000000,-5.040000,22.425635,8.272329,0.828038,0.413776,0.697349,0.213502,0.734332,0.645639,0.011605,-0.118240,0.582808,0.118773,0.434891,0.983610,0.119257,0.288211,0.789233,-0.233645,0.482500,0.520916,0.518176,0.644100,-0.000706,0.423966,0.362706,-0.042548,0.739601,0.673676,0.410594,0.510878,0.412327,0.279997,0.068737,-0.345427,0.035399,0.239103,0.015869,0.092529,0.579469,-0.506780,-0.393919,0.091531,0.352763,0.365595,0.647237,0.109655,0.848197,0.147006,0.000035,1.099189,0.000000,3.560484,28.856845,22.648877,3.805931,2.245831,5.276909,293.818428,0.008540,5652.197148,1.532765,13.780718,7.264285,0.245750,79.479091,41.849727,1.897093,129.625803,80.832995,202.939416,15.947669,3.256077,17.688413,199513354369947.468750,5.477492,0.505671,3.492005,0.086148,0.027055,2.899390,189.404124,27.889737,1,1,1,0,0,0,0,0,0,0,1,0,0,0,1,0,0,1,0,0,0,0,1,0,1,0,0,1,0,0,0,0,1,1,0,0,1,0,0,1,0,1,0,0,0,0,0,1,0,0,0,0,0,0,1,1,0,0,1,0,0,0,0,0,521.341447,3.438501
492.462000,475.326000,492.112150,37.000000,4.000000,6.000000,4.000000,2.000000,6.000000,0.034483,0.000000,5.000000,83.990000,5.527620,132.817000,209.860570,4.736863,19.178149,14.190235,0.000000,28.305427,0.000000,0.000000,14.536682,23.628719,0.000000,180.000000,0.000000,4.000000,2.000000,0.000000,0.000000,0.000000,1.000000,0.000000,2.000000,4.000000,-5.110000,22.360063,8.234982,0.479901,0.906240,0.669220,0.624149,0.674347,0.382465,0.382804,0.645509,0.678402,0.801514,0.979756,0.575404,0.525207,1.100429,0.871672,0.541397,0.945790,0.522268,0.393382,0.460566,0.209485,0.605906,0.472828,0.598215,0.396669,0.387237,0.451737,1.026846,0.387237,0.113109,-0.225088,0.342395,-0.032435,-0.283195,-0.443341,-0.076739,0.193613,0.232329,0.620444,0.231118,0.271638,0.357384,0.728362,0.103542,0.811955,0.148907,0.000033,1.031871,0.000000,3.821304,29.073997,20.792733,4.432726,2.818353,4.863507,308.082364,0.010706,6422.873211,1.334286,12.136190,7.924224,0.207349,104.685361,33.482005,2.344902,117.958068,71.207396,240.147337,9.462637,2.936447,17.000456,195726717430885.062500,3.587420,0.561939,3.913924,0.076877,0.022792,3.088490,186.130438,35.927651,1,1,1,0,0,0,0,0,0,0,1,0,0,0,1,0,0,1,0,0,0,0,1,0,1,0,0,1,0,0,0,0,1,1,0,0,1,0,0,1,0,1,0,0,0,0,0,1,0,0,0,0,0,0,1,1,0,0,1,0,0,0,0,0,517.436052,3.381328
476.444000,460.316000,476.100836,36.000000,4.000000,6.000000,4.000000,2.000000,6.000000,0.000000,1.000000,6.000000,104.220000,4.785700,129.786800,204.124327,9.843390,19.178149,9.799819,0.000000,29.021539,0.000000,0.000000,14.536682,28.735246,0.000000,174.000000,0.000000,4.000000,2.000000,0.000000,0.000000,0.000000,1.000000,0.000000,2.000000,4.000000,-5.240000,21.303804,7.917082,0.998862,0.488310,0.499613,0.400092,0.685937,0.932276,0.825906,0.916048,0.279405,0.970237,0.336256,0.383874,0.065147,-0.028697,0.173602,0.445987,0.549210,0.452351,0.296639,0.365183,0.208746,0.953333,0.236371,0.747528,0.930788,-0.118202,1.045794,0.533755,0.469880,0.765299,-0.019989,-0.368147,-0.441601,0.151771,-0.302919,-0.007340,-0.260465,0.088558,0.030100,0.177725,0.427941,0.363866,0.572059,0.135578,0.752579,0.190482,0.000028,1.127017,0.000000,3.221156,28.927824,20.992074,4.029622,2.729558,3.915849,296.745971,0.007194,5545.622585,1.550534,13.846694,8.641658,0.204187,68.467595,52.770456,2.311140,132.215261,68.340573,206.450832,11.324491,4.567510,10.485998,183382415982229.656250,4.343344,0.584108,3.980955,0.080792,0.028121,3.133296,206.034716,40.188882,1,1,1,0,0,0,0,0,0,0,1,0,0,0,1,0,0,1,0,0,0,0,1,0,1,0,0,1,0,0,0,0,1,1,0,0,1,0,0,1,0,1,0,0,0,0,0,1,0,0,0,0,0,0,1,1,0,0,1,0,0,0,0,0,478.328711,3.409566
476.444000,460.316000,476.100836,36.000000,4.000000,6.000000,4.000000,2.000000,6.000000,0.000000,1.000000,6.000000,104.220000,4.785700,129.786800,204.124327,9.843390,19.178149,9.799819,0.000000,29.021539,0.000000,0.000000,14.536682,28.735246,0.000000,174.000000,0.000000,4.000000,2.000000,0.000000,0.000000,0.000000,1.000000,0.000000,2.000000,4.000000,-5.240000,21.303804,7.917082,0.336830,-0.316031,1.149719,0.867014,0.626322,0.730831,0.788084,0.842156,0.625158,0.698405,0.042670,0.568101,0.217243,0.141920,0.913320,0.925699,0.420208,1.014132,0.652008,0.527374,0.334581,0.787051,-0.005568,0.175651,0.827826,0.687116,0.200192,0.217928,0.374278,0.336798,0.151466,0.578359,0.582111,-0.194567,0.034512,0.084720,0.174983,-0.101829,0.212569,0.236581,0.221379,0.367994,0.778621,0.083897,0.842370,0.131817,0.000030,1.225976,0.000000,3.252284,29.624690,20.927943,4.226673,2.999932,4.541251,304.938589,0.007005,5264.616643,1.441943,15.740387,7.574576,0.187396,97.476973,30.795424,2.153384,123.324073,73.851546,189.175727,16.368892,3.289362,19.566556,194106998052932.031250,4.797646,0.556131,3.496174,0.078985,0.023711,3.207402,177.606455,32.380463,1,1,1,0,0,0,0,0,0,0,1,0,0,0,1,0,0,1,0,0,0,0,1,0,1,0,0,1,0,0,0,0,1,1,0,0,1,0,0,1,0,1,0,0,0,0,0,1,0,0,0,0,0,0,1,1,0,0,1,0,0,0,0,0,528.704051,3.490961
492.443000,476.315000,492.095751,37.000000,4.000000,6.000000,4.000000,2.000000,6.000000,0.000000,2.000000,7.000000,124.450000,4.491300,131.451600,208.918560,14.949918,19.178149,9.799819,0.000000,34.128066,0.000000,0.000000,14.536682,33.841774,0.000000,180.000000,0.000000,4.000000,2.000000,0.000000,0.000000,0.000000,1.000000,0.000000,2.000000,4.000000,-5.440000,22.051154,8.059733,0.948252,0.627392,0.687478,0.681505,0.922136,0.845910,0.505242,1.070752,0.526208,0.281413,0.821250,0.792385,0.629621,0.666990,0.189479,1.222030,1.191267,0.486872,0.740208,0.409319,0.367227,0.165262,0.360053,0.285642,0.383250,0.838245,0.494504,0.006823,0.413650,0.784090,0.135884,0.236877,0.105866,0.191596,0.089629,0.319849,1.011302,-0.290240,0.663300,0.977424,0.321563,0.285519,0.678437,0.089494,0.776648,0.184902,0.000038,1.015403,0.000000,4.012404,29.712436,20.695681,3.818644,2.614033,4.982671,299.601393,0.006442,4588.209622,1.379857,11.812077,7.679441,0.214406,81.712793,45.281099,2.382930,170.106329,82.114854,196.030651,11.496120,3.458075,22.267271,166483735875951.531250,5.156008,0.542222,3.345367,0.084799,0.023393,3.061179,193.657986,35.384900,1,1,1,0,0,0,0,0,0,0,1,0,0,0,1,0,0,1,0,0,0,0,1,0,1,0,0,1,0,0,0,0,1,1,0,0,1,0,0,1,0,1,0,0,0,0,0,1,0,0,0,0,0,0,1,1,0,0,1,0,0,0,0,0,513.268723,3.710683
488.499000,468.339000,488.137222,37.000000,4.000000,6.000000,4.000000,2.000000,6.000000,0.066667,0.000000,5.000000,83.990000,5.696940,137.596000,212.059977,4.736863,19.178149,9.799819,0.000000,23.915012,0.000000,0.000000,14.536682,23.628719,0.000000,180.000000,0.000000,4.000000,2.000000,0.000000,0.000000,0.000000,1.000000,0.000000,2.000000,4.000000,-5.040000,22.425635,8.272329,0.872060,0.541903,0.091952,0.472162,0.957449,0.911673,0.590423,0.376019,0.607367,0.483777,0.612545,0.957551,0.702542,0.553103,0.842017,0.744243,0.119254,0.590600,0.624112,1.220606,1.003582,0.680462,0.826801,0.451420,0.326553,0.555263,0.845524,0.468192,-0.038916,0.455100,0.396113,-0.066868,-0.085931,0.002748,-0.340181,0.234742,0.205174,-0.095934,-0.037585,-0.190978,0.383548,0.344350,0.616452,0.107277,0.728804,0.164585,0.000036,1.076901,0.000000,3.387079,27.399992,21.555181,3.010439,3.091828,5.512679,275.934557,0.006211,5722.722724,1.582614,13.672992,9.369700,0.205928,80.080720,40.799327,2.360453,156.211641,75.588009,213.925820,11.022236,2.935318,16.356825,172515008580765.968750,5.412852,0.580369,3.651832,0.070566,0.020199,3.255005,162.344983,36.559546,1,1,1,0,0,0,0,0,0,0,1,0,0,0,1,0,0,1,0,0,0,0,1,0,1,0,0,1,0,0,0,0,1,1,0,0,1,0,0,1,0,1,0,0,0,0,0,1,0,0,0,0,0,0,1,1,0,0,1,0,0,0,0,0,489.344135,3.414587
502.526000,480.350000,502.152872,38.000000,4.000000,6.000000,4.000000,2.000000,6.000000,0.096774,0.000000,5.000000,83.990000,6.005360,142.333000,218.424919,4.736863,19.178149,9.799819,0.000000,23.915012,0.000000,0.000000,14.536682,23.628719,0.000000,186.000000,0.000000,4.000000,2.000000,0.000000,0.000000,0.000000,1.000000,0.000000,2.000000,4.000000,-5.040000,23.364061,8.520899,0.575590,0.427762,0.396960,0.085005,0.653792,0.518867,0.648347,0.503500,0.780219,0.866301,0.686458,0.720750,0.347191,0.408433,1.052777,0.376098,0.950597,0.232060,0.662502,0.841642,-0.050986,0.397958,0.242971,0.413742,0.578295,0.246943,0.703624,0.874452,0.415661,0.959493,0.762646,0.063884,0.665685,0.194487,-0.446135,0.186552,0.517733,-0.104125,0.020841,0.313230,0.332296,0.427592,0.667704,0.124597,0.780892,0.137050,0.000033,1.007200,0.000000,3.964299,28.926038,22.776437,3.559973,2.329383,4.746519,342.581108,0.007656,6416.909083,1.358823,9.708272,6.934125,0.213172,92.033187,42.856037,2.410853,110.886192,84.161166,214.210894,9.552435,3.203818,15.065702,187527293921794.718750,4.686071,0.475604,3.527518,0.103907,0.024169,3.124290,170.855600,33.374011,1,1,1,0,0,0,0,0,0,0,1,0,0,0,1,0,0,1,0,0,0,0,1,0,1,0,0,1,0,0,0,0,1,1,0,0,1,0,0,1,0,1,0,0,0,0,0,1,0,0,0,0,0,0,1,1,0,0,1,0,0,0,0,0,494.714376,3.327430
478.435000,463.315000,478.096500,36.000000,4.000000,6.000000,4.000000,2.000000,6.000000,0.000000,0.000000,5.000000,83.990000,5.219200,128.080000,203.495628,4.736863,19.178149,14.190235,0.000000,28.305427,0.000000,0.000000,14.536682,23.628719,0.000000,174.000000,0.000000,4.000000,2.000000,0.000000,0.000000,0.000000,1.000000,0.000000,2.000000,4.000000,-5.110000,21.425098,7.986432,-0.014733,0.175927,0.671501,0.505843,0.653575,0.725352,0.822064,0.367607,0.317837,0.964334,0.786944,0.014350,0.709625,0.484018,1.246495,0.764444,0.265267,0.275454,0.280450,0.133342,-0.086206,0.257672,0.230225,0.282054,1.028482,0.613202,0.669444,0.378233,0.427111,0.811568,0.169924,-0.416680,0.241409,-0.153773,0.263648,-0.029735,0.123200,0.511416,0.060864,0.014947,0.366459,0.347854,0.633541,0.132902,0.773042,0.117407,0.000031,1.138184,0.000000,3.147659,30.510472,22.761262,3.975569,2.902022,4.511115,322.838614,0.009185,5236.099061,1.550637,13.740026,7.970557,0.210374,87.011742,36.991013,2.550425,127.193575,74.713550,244.257853,12.848145,2.927061,15.615596,204437509784619.656250,4.804685,0.524938,3.729090,0.077557,0.025214,3.450126,196.015350,33.821757,1,1,1,0,0,0,0,0,0,0,1,0,0,0,1,0,0,1,0,0,0,0,1,0,1,0,0,1,0,0,0,0,1,1,0,0,1,0,0,1,0,1,0,0,0,0,0,1,0,0,0,0,0,0,1,1,0,0,1,0,0,0,0,0,488.770005,3.425077
478.435000,463.315000,478.096500,36.000000,4.000000,6.000000,4.000000,2.000000,6.000000,0.000000,0.000000,5.000000,83.990000,5.219200,128.080000,203.495628,4.736863,19.178149,14.190235,0.000000,28.305427,0.000000,0.000000,14.536682,23.628719,0.000000,174.000000,0.000000,4.000000,2.000000,0.000000,0.000000,0.000000,1.000000,0.000000,2.000000,4.000000,-5.110000,21.425098,7.986432,1.047717,0.557093,0.361544,1.010881,0.459039,0.617940,0.821426,0.329675,0.938901,0.799510,0.692110,0.628846,0.508319,0.345319,0.303554,0.885175,1.120391,0.687748,-0.084434,0.562022,0.754595,-0.082223,0.352825,0.649235,0.955381,0.652504,0.500307,0.370712,0.388864,0.640408,0.616414,0.092625,-0.310202,-0.385241,-0.073620,0.448239,0.149093,0.404473,-0.213837,0.015164,0.355879,0.361408,0.644121,0.099689,0.946017,0.196913,0.000033,1.017030,0.000000,3.539817,25.010155,22.593922,4.361430,2.157193,4.696255,320.001668,0.007161,5845.492511,1.418467,15.011359,7.791757,0.260802,66.818220,36.494837,2.043499,133.932266,64.601496,161.449368,9.864555,4.240760,19.867844,179226678949596.375000,4.017128,0.635079,3.046849,0.087841,0.019746,3.831532,162.183633,36.478915,1,1,1,0,0,0,0,0,0,0,1,0,0,0,1,0,0,1,0,0,0,0,1,0,1,0,0,1,0,0,0,0,1,1,0,0,1,0,0,1,0,1,0,0,0,0,0,1,0,0,0,0,0,0,1,1,0,0,1,0,0,0,0,0,552.550067,3.361077
494.890000,479.770000,494.066949,36.000000,4.000000,6.000000,4.000000,2.000000,6.000000,0.000000,0.000000,5.000000,83.990000,5.733500,133.132000,209.633359,4.736863,19.178149,9.799819,0.000000,23.915012,0.000000,0.000000,14.536682,23.628719,0.000000,174.000000,0.000000,4.000000,2.000000,0.000000,0.000000,0.000000,1.000000,0.000000,2.000000,4.000000,-4.750000,21.761296,8.179600,0.423954,0.672477,0.787278,0.904253,0.495413,0.618257,0.925510,0.340127,0.946321,0.740544,0.717866,0.426583,0.722825,0.685348,0.822265,0.515048,0.348021,0.282604,0.327417,0.804592,0.971639,0.240716,0.135172,0.933909,0.919736,0.204998,-0.040342,-0.056297,0.915350,0.356531,-0.534220,0.543221,0.005267,0.509027,0.649619,0.352382,0.056166,-0.137495,0.191033,-0.405712,0.221986,0.353172,0.778014,0.136762,0.785039,0.209032,0.000039,1.072041,0.000000,3.020569,32.615646,23.635063,4.664893,3.017193,5.239688,312.221743,0.009302,5156.432394,1.397306,15.410408,8.685204,0.260872,102.556637,48.354468,2.299591,103.344171,78.461380,243.278312,10.176244,3.602498,16.044362,210137114772158.218750,3.860494,0.482055,3.485891,0.065656,0.020135,3.104361,178.359556,38.226220,1,1,1,0,0,0,0,0,0,0,1,0,0,0,1,0,0,1,0,0,0,0,1,0,1,0,0,1,0,0,0,0,1,1,0,0,1,0,0,1,0,1,0,0,0,0,0,1,0,0,0,0,0,0,1,1,0,0,1,0,0,0,0,0,485.285848,3.253829
474.472000,456.328000,474.121572,36.000000,4.000000,6.000000,4.000000,2.000000,6.000000,0.034483,0.000000,5.000000,83.990000,5.388520,132.859000,205.695035,4.736863,19.178149,9.799819,0.000000,23.915012,0.000000,0.000000,14.536682,23.628719,0.000000,174.000000,0.000000,4.000000,2.000000,0.000000,0.000000,0.000000,1.000000,0.000000,2.000000,4.000000,-5.040000,21.490435,8.023863,0.749930,0.671702,0.823626,0.720640,0.328607,0.758270,0.229071,0.190039,0.217500,1.066154,0.264205,0.726036,0.462288,0.427528,0.275735,0.677207,0.521883,0.294719,-0.040382,0.889647,0.274522,0.204384,0.984405,0.306924,0.648502,0.362600,0.442995,0.362733,0.998976,0.474692,0.834694,-0.062129,0.184763,0.313309,0.170620,-0.320861,-0.175739,-0.420417,0.569928,0.273143,0.351749,0.428828,0.648251,0.094410,0.912063,0.227439,0.000035,1.055091,0.000000,3.427163,28.256463,22.276950,4.027206,2.644735,5.023670,309.188069,0.010883,5586.471890,1.446308,15.513278,8.538568,0.251940,68.674548,48.854688,1.736193,115.068385,78.436917,230.964977,11.127363,3.524158,25.282905,148343755188397.750000,5.066885,0.497338,3.272042,0.074509,0.021334,3.233696,171.039844,30.640310,1,1,1,0,0,0,0,0,0,0,1,0,0,0,1,0,0,1,0,0,0,0,1,0,1,0,0,1,0,0,0,0,1,1,0,0,1,0,0,1,0,1,0,0,0,0,0,1,0,0,0,0,0,0,1,1,0,0,1,0,0,0,0,0,555.959485,3.482447
492.443000,476.315000,492.095751,37.000000,4.000000,6.000000,4.000000,2.000000,6.000000,0.000000,2.000000,7.000000,124.450000,4.491300,131.451600,208.918560,14.949918,19.178149,9.799819,0.000000,34.128066,0.000000,0.000000,14.536682,33.841774,0.000000,180.000000,0.000000,4.000000,2.000000,0.000000,0.000000,0.000000,1.000000,0.000000,2.000000,4.000000,-5.440000,22.051154,8.059733,0.481700,0.708171,0.416278,0.594828,0.758634,0.316482,0.332518,0.439822,0.708257,0.816847,0.697757,0.662125,0.546342,0.450345,0.623955,0.782080,0.672475,0.720315,0.456895,0.703459,0.374398,0.586572,0.312052,0.800752,0.563197,0.703494,0.817752,0.345504,0.554876,-0.139866,-0.203422,0.321288,0.107189,0.796652,-0.017175,0.421869,0.170656,0.130687,0.541478,0.568087,0.253092,0.385256,0.746908,0.097264,0.802537,0.206129,0.000031,1.138779,0.000000,3.660010,25.855753,21.695705,4.403006,2.620957,4.912895,332.918274,0.008769,6020.888825,1.602242,12.060748,6.611789,0.213375,109.619799,49.591014,2.414212,105.616608,71.514306,235.668896,11.557607,4.700064,16.851675,186857063551310.531250,5.420092,0.543456,3.699031,0.098898,0.019241,2.762805,202.841216,37.434290,1,1,1,0,0,0,0,0,0,0,1,0,0,0,1,0,0,1,0,0,0,0,1,0,1,0,0,1,0,0,0,0,1,1,0,0,1,0,0,1,0,1,0,0,0,0,0,1,0,0,0,0,0,0,1,1,0,0,1,0,0,0,0,0,519.667972,3.220369
510.889000,495.769000,510.061864,37.000000,4.000000,6.000000,4.000000,2.000000,6.000000,0.000000,1.000000,6.000000,104.220000,5.439100,134.796800,214.427593,9.843390,19.178149,9.799819,0.000000,29.021539,0.000000,0.000000,14.536682,28.735246,0.000000,180.000000,0.000000,4.000000,2.000000,0.000000,0.000000,0.000000,1.000000,0.000000,2.000000,4.000000,-4.950000,22.509965,8.320436,0.900316,0.753162,0.717060,1.010784,0.830661,0.425795,0.655896,0.508972,1.021280,1.051056,-0.004948,1.019523,0.539369,0.559776,0.682044,0.694250,0.575923,0.708729,0.343683,0.285042,-0.135622,0.253817,0.304465,0.468530,0.004122,0.406268,0.472418,0.665493,0.469745,0.569395,0.215781,0.206495,0.458559,-0.211801,0.125475,0.353974,0.047518,-0.264426,-0.288259,0.546469,0.459281,0.340543,0.540719,0.102523,0.850761,0.167556,0.000034,0.943650,0.000000,3.163232,29.917912,21.297978,5.217714,2.793616,5.733321,301.516674,0.008313,5813.471530,1.345260,9.943712,8.123620,0.220938,82.094927,50.818272,2.311035,124.126927,60.044437,205.669321,12.924395,4.248460,17.458913,176082296888325.187500,3.573957,0.508858,2.908713,0.079654,0.020147,3.324310,194.448438,39.083461,1,1,1,0,0,0,0,0,0,0,1,0,0,0,1,0,0,1,0,0,0,0,1,0,1,0,0,1,0,0,0,0,1,1,0,0,1,0,0,1,0,1,0,0,0,0,0,1,0,0,0,0,0,0,1,1,0,0,1,0,0,0,0,0,548.335172,3.920373
488.499000,468.339000,488.137222,37.000000,4.000000,6.000000,4.000000,2.000000,6.000000,0.066667,0.000000,5.000000,83.990000,5.696940,137.596000,212.059977,4.736863,19.178149,9.799819,0.000000,23.915012,0.000000,0.000000,14.536682,23.628719,0.000000,180.000000,0.000000,4.000000,2.000000,0.000000,0.000000,0.000000,1.000000,0.000000,2.000000,4.000000,-5.040000,22.425635,8.272329,0.775684,0.825972,0.405504,0.163623,0.259484,0.932875,1.151395,0.656926,0.346736,0.278972,0.354338,0.068401,0.522589,0.669097,0.166431,0.689642,0.602358,0.721674,0.907403,0.698211,0.653055,0.333302,0.535008,1.500000,0.807746,0.718008,0.486149,0.155620,0.304229,0.730309,0.346883,0.310801,0.500412,0.530924,-0.227675,0.253951,-0.005337,-0.002910,0.399774,-0.179197,0.438513,0.335643,0.561487,0.076343,0.797600,0.162485,0.000026,1.024680,0.000000,3.774139,27.339663,22.820563,3.352947,2.972375,4.685630,318.741256,0.009594,5514.085652,1.299088,12.274234,7.915850,0.254896,69.171200,34.079469,1.741718,155.943314,84.379578,206.309903,13.522010,3.329823,23.849193,184445753847670.531250,3.669739,0.552842,3.940944,0.076127,0.020716,2.831524,153.705761,37.521590,1,1,1,0,0,0,0,0,0,0,1,0,0,0,1,0,0,1,0,0,0,0,1,0,1,0,0,1,0,0,0,0,1,1,0,0,1,0,0,1,0,1,0,0,0,0,0,1,0,0,0,0,0,0,1,1,0,0,1,0,0,0,0,0,541.727561,3.755958
506.489000,487.337000,506.127800,38.000000,4.000000,6.000000,4.000000,2.000000,6.000000,0.066667,0.000000,5.000000,83.990000,5.836040,137.554000,216.225512,4.736863,19.178149,14.190235,0.000000,28.305427,0.000000,0.000000,14.536682,23.628719,0.000000,186.000000,0.000000,4.000000,2.000000,0.000000,0.000000,0.000000,1.000000,0.000000,2.000000,4.000000,-5.110000,23.298271,8.483630,1.230659,0.354567,0.640929,-0.023124,0.317972,0.342600,0.315385,0.940256,0.595382,0.534295,0.861699,0.711138,0.474540,0.560685,0.604720,0.663062,0.723512,-0.418239,0.538200,0.658263,0.351182,0.138339,0.113318,0.486013,0.726786,0.726226,0.259036,0.372057,0.492705,0.536013,0.066839,0.381692,-0.121524,0.209453,-0.599182,0.485610,-0.313165,-0.235311,-0.230828,0.133310,0.348714,0.453351,0.651286,0.090910,0.778467,0.146727,0.000034,1.076006,0.000000,3.331400,26.935612,22.679888,3.133497,2.459098,4.225803,340.344752,0.013702,5408.369315,1.434031,12.228575,7.113009,0.215866,89.330886,47.437323,2.039313,141.329403,110.412560,218.049106,15.581183,3.988793,16.972231,158058357564169.437500,4.240927,0.618672,3.297896,0.087543,0.023321,3.268518,179.646680,48.041277,1,1,1,0,0,0,0,0,0,0,1,0,0,0,1,0,0,1,0,0,0,0,1,0,1,0,0,1,0,0,0,0,1,1,0,0,1,0,0,1,0,1,0,0,0,0,0,1,0,0,0,0,0,0,1,1,0,0,1,0,0,0,0,0,525.085507,3.364786
504.498000,484.338000,504.132136,38.000000,4.000000,6.000000,4.000000,2.000000,6.000000,0.066667,1.000000,6.000000,104.220000,5.402540,139.260800,216.854211,9.843390,19.178149,9.799819,0.000000,29.021539,0.000000,0.000000,14.536682,28.735246,0.000000,186.000000,0.000000,4.000000,2.000000,0.000000,0.000000,0.000000,1.000000,0.000000,2.000000,4.000000,-5.240000,23.176130,8.414571,0.791757,1.141991,0.227209,1.096052,-0.127276,0.468923,1.084054,0.673792,0.316465,0.808651,0.653988,0.687982,0.612856,0.603491,0.726463,1.016505,0.502049,0.621388,1.110963,1.126488,0.833774,0.752164,-0.015678,0.644249,0.270700,0.560567,0.762526,0.442829,0.546512,0.510395,-0.021947,0.157970,-0.218004,1.025659,0.230635,0.225284,-0.072306,-0.328826,0.299317,0.578591,0.389267,0.299761,0.610733,0.122640,0.828283,0.193502,0.000038,1.064850,0.000000,3.212006,29.337534,25.150671,3.416051,2.928359,4.908818,318.449491,0.006450,6137.413258,1.648272,9.836836,9.012865,0.232714,82.480105,36.049570,2.060016,129.946957,66.057729,252.921244,11.796042,5.002613,17.831824,220194378332232.718750,5.535065,0.579098,3.328010,0.090399,0.024577,3.231980,187.782177,43.486490,1,1,1,0,0,0,0,0,0,0,1,0,0,0,1,0,0,1,0,0,0,0,1,0,1,0,0,1,0,0,0,0,1,1,0,0,1,0,0,1,0,1,0,0,0,0,0,1,0,0,0,0,0,0,1,1,0,0,1,0,0,0,0,0,517.926691,3.423082
476.444000,460.316000,476.100836,36.000000,4.000000,6.000000,4.000000,2.000000,6.000000,0.000000,1.000000,6.000000,104.220000,4.785700,129.786800,204.124327,9.843390,19.178149,9.799819,0.000000,29.021539,0.000000,0.000000,14.536682,28.735246,0.000000,174.000000,0.000000,4.000000,2.000000,0.000000,0.000000,0.000000,1.000000,0.000000,2.000000,4.000000,-5.240000,21.303804,7.917082,0.731498,0.654470,0.822191,0.626502,0.991758,1.092449,0.685004,0.900914,0.921167,0.514674,0.807835,0.425782,0.457121,0.847441,0.202002,0.951850,0.971954,0.459884,0.670906,1.035848,0.732114,0.552580,0.755053,0.291982,0.208988,0.345329,0.342798,0.837553,0.209338,0.167020,0.273122,-0.107109,0.020977,0.403674,-0.283572,0.040125,0.312673,0.078050,0.610157,0.036688,0.351356,0.384934,0.648644,0.084064,0.823871,0.186822,0.000037,1.069808,0.000000,3.713399,29.096075,19.555027,3.893072,2.260348,3.836926,316.869157,0.009003,5551.269914,1.485123,16.425181,9.737136,0.193916,69.888354,48.695280,2.012589,135.426861,73.343267,202.272932,11.130857,3.139101,19.805692,133007185021954.765625,4.564827,0.558685,3.586395,0.081814,0.027502,2.918540,188.693164,30.594014,1,1,1,0,0,0,0,0,0,0,1,0,0,0,1,0,0,1,0,0,0,0,1,0,1,0,0,1,0,0,0,0,1,1,0,0,1,0,0,1,0,1,0,0,0,0,0,1,0,0,0,0,0,0,1,1,0,0,1,0,0,0,0,0,527.034498,3.704889
508.442000,492.314000,508.090665,38.000000,4.000000,6.000000,4.000000,2.000000,6.000000,0.000000,3.000000,8.000000,144.680000,4.196900,133.116400,213.712794,20.056445,19.178149,9.799819,0.000000,39.234594,0.000000,0.000000,14.536682,38.948301,0.000000,186.000000,0.000000,4.000000,2.000000,0.000000,0.000000,0.000000,1.000000,0.000000,2.000000,4.000000,-5.640000,22.800632,8.203361,0.849181,0.577808,0.268215,0.647795,0.231434,-0.231665,0.667689,1.142660,0.836721,1.066672,0.665129,0.695452,0.099582,0.349249,0.949024,1.092405,0.650903,0.557860,0.167217,0.418305,0.426701,0.682264,0.639344,0.238382,0.420539,-0.025477,0.703963,0.595563,0.545696,0.846617,0.100158,0.375795,0.469511,0.396475,-0.248066,0.263523,0.373203,-0.583798,-0.094629,0.558466,0.454896,0.306243,0.545104,0.148784,0.788961,0.167136,0.000035,1.025194,0.000000,4.104145,30.654249,23.021034,3.551302,2.702684,5.269116,312.257368,0.007862,5535.666478,1.521368,12.324462,7.102112,0.226555,80.137248,48.078651,2.396044,100.474408,72.109750,223.028682,13.792662,2.360430,15.738406,173896508281311.906250,4.963708,0.516836,3.614151,0.081689,0.022241,3.321994,163.904833,36.757334,1,1,1,0,0,0,0,0,0,0,1,0,0,0,1,0,0,1,0,0,0,0,1,0,1,0,0,1,0,0,0,0,1,1,0,0,1,0,0,1,0,1,0,0,0,0,0,1,0,0,0,0,0,0,1,1,0,0,1,0,0,0,0,0,487.186684,3.552543
490.471000,472.327000,490.116486,37.000000,4.000000,6.000000,4.000000,2.000000,6.000000,0.034483,1.000000,6.000000,104.220000,5.094120,134.523800,210.489269,9.843390,19.178149,9.799819,0.000000,29.021539,0.000000,0.000000,14.536682,28.735246,0.000000,180.000000,0.000000,4.000000,2.000000,0.000000,0.000000,0.000000,1.000000,0.000000,2.000000,4.000000,-5.240000,22.238329,8.165783,0.170394,1.065479,0.642685,0.819506,0.587367,0.688040,0.759107,0.096471,0.671370,0.536562,0.447926,0.522045,0.160023,0.632970,1.174983,0.330716,0.363073,0.456270,0.261062,0.242810,0.425154,0.555015,0.332904,0.544286,-0.010984,0.328401,0.215108,0.390713,0.478474,0.450767,-0.096451,0.502975,1.041804,-0.194650,0.314741,0.072634,0.071134,0.185627,0.429084,0.024558,0.388108,0.305654,0.611892,0.076592,0.849653,0.149403,0.000028,1.004588,0.000000,3.705969,30.276749,22.210445,2.971846,2.625572,4.542526,343.507465,0.006883,4999.651400,1.621273,13.508210,6.835051,0.186809,62.909885,39.099280,2.290198,150.190857,94.497352,233.933468,9.234129,3.939590,24.689356,188454381122679.750000,5.024407,0.466400,3.617658,0.098402,0.018617,3.223093,168.774808,38.579392,1,1,1,0,0,0,0,0,0,0,1,0,0,0,1,0,0,1,0,0,0,0,1,0,1,0,0,1,0,0,0,0,1,1,0,0,1,0,0,1,0,1,0,0,0,0,0,1,0,0,0,0,0,0,1,1,0,0,1,0,0,0,0,0,544.781408,3.840470
512.880000,498.768000,512.057527,37.000000,4.000000,6.000000,4.000000,2.000000,6.000000,0.000000,0.000000,5.000000,83.990000,5.872600,133.090000,213.798894,4.736863,19.178149,14.190235,0.000000,28.305427,0.000000,0.000000,14.536682,23.628719,0.000000,180.000000,0.000000,4.000000,2.000000,0.000000,0.000000,0.000000,1.000000,0.000000,2.000000,4.000000,-4.820000,22.631821,8.390100,0.857919,0.611325,0.297906,0.807752,0.491753,0.874283,0.651248,0.496181,0.760166,0.943903,-0.007427,0.140871,0.017424,1.152500,0.865791,0.253080,0.417424,0.598372,0.445024,0.394302,0.545519,1.024313,0.688682,0.500762,0.379584,0.504932,0.653021,-0.334656,0.131010,0.639168,0.506436,0.061074,0.533220,0.274476,0.493535,0.742372,0.058761,0.824068,-0.160340,0.205443,0.259235,0.304287,0.740765,0.082380,0.832012,0.151318,0.000033,1.049397,0.000000,2.587764,30.303601,22.660728,3.790286,2.216757,4.189216,298.894301,0.006148,5344.888432,1.397396,11.654168,7.872611,0.200732,84.633810,43.203483,2.256193,138.895628,76.923935,189.363576,12.278227,3.543110,24.556750,193845389262583.375000,5.027993,0.670408,3.530081,0.061237,0.020044,3.367266,193.919035,38.102820,1,1,1,0,0,0,0,0,0,0,1,0,0,0,1,0,0,1,0,0,0,0,1,0,1,0,0,1,0,0,0,0,1,1,0,0,1,0,0,1,0,1,0,0,0,0,0,1,0,0,0,0,0,0,1,1,0,0,1,0,0,0,0,0,527.057746,3.609813
510.889000,495.769000,510.061864,37.000000,4.000000,6.000000,4.000000,2.000000,6.000000,0.000000,1.000000,6.000000,104.220000,5.439100,134.796800,214.427593,9.843390,19.178149,9.799819,0.000000,29.021539,0.000000,0.000000,14.536682,28.735246,0.000000,180.000000,0.000000,4.000000,2.000000,0.000000,0.000000,0.000000,1.000000,0.000000,2.000000,4.000000,-4.950000,22.509965,8.320436,0.526108,1.151231,0.715826,0.256404,1.109459,0.545827,0.739936,0.786361,0.379585,0.599729,0.267798,0.317738,0.874042,0.473536,0.000268,0.474669,0.595657,0.273272,-0.182783,0.195607,0.790227,0.276311,0.095004,0.403519,0.696321,0.925804,0.761194,0.353119,0.394169,0.200300,-0.267819,0.485399,0.301946,0.527523,-0.130987,0.756938,0.112987,0.927004,-0.234607,0.378831,0.271353,0.346953,0.728647,0.130917,0.814686,0.140343,0.000025,0.836438,0.000000,2.843439,29.925279,23.757625,3.866958,2.730578,5.479486,327.114197,0.011715,5820.443717,1.390527,13.231309,8.533597,0.188867,87.885304,31.958273,1.913677,112.048589,80.317868,211.587807,11.230584,4.166770,18.945471,144671040768149.968750,4.130542,0.629573,3.444440,0.081333,0.021592,3.294746,201.723709,40.072432,1,1,1,0,0,0,0,0,0,0,1,0,0,0,1,0,0,1,0,0,0,0,1,0,1,0,0,1,0,0,0,0,1,1,0,0,1,0,0,1,0,1,0,0,0,0,0,1,0,0,0,0,0,0,1,1,0,0,1,0,0,0,0,0,501.510527,3.236861
506.489000,487.337000,506.127800,38.000000,4.000000,6.000000,4.000000,2.000000,6.000000,0.066667,0.000000,5.000000,83.990000,5.836040,137.554000,216.225512,4.736863,19.178149,14.190235,0.000000,28.305427,0.000000,0.000000,14.536682,23.628719,0.000000,186.000000,0.000000,4.000000,2.000000,0.000000,0.000000,0.000000,1.000000,0.000000,2.000000,4.000000,-5.110000,23.298271,8.483630,0.725272,0.810580,0.565513,0.587525,0.819151,1.124736,0.421857,1.324337,1.333580,0.505566,0.063350,0.041835,0.641952,0.558914,0.291295,0.217309,0.674309,0.731324,0.192204,0.810861,0.351765,-0.017275,0.489228,0.335880,0.567647,0.299754,0.484660,0.475130,0.505829,0.673509,0.374030,0.193642,0.251849,0.110486,0.634406,0.194930,0.765876,0.202837,0.330922,0.110415,0.303689,0.274442,0.696311,0.151693,0.861735,0.207452,0.000028,1.127598,0.000000,3.610922,25.972314,22.586012,4.119608,2.712377,5.216017,320.635705,0.008724,5119.307281,1.453782,13.298625,7.173575,0.278807,82.449436,44.569200,1.859190,132.416384,56.630877,221.660838,13.566778,2.055034,17.529148,210473533115320.031250,5.079215,0.546108,3.456213,0.070603,0.021712,3.547698,219.894835,34.174280,1,1,1,0,0,0,0,0,0,0,1,0,0,0,1,0,0,1,0,0,0,0,1,0,1,0,0,1,0,0,0,0,1,1,0,0,1,0,0,1,0,1,0,0,0,0,0,1,0,0,0,0,0,0,1,1,0,0,1,0,0,0,0,0,500.389687,2.805798
547.325000,534.221000,546.018555,38.000000,4.000000,6.000000,4.000000,2.000000,6.000000,0.000000,0.000000,5.000000,83.990000,6.526000,138.100000,224.102161,4.736863,19.178149,14.190235,0.000000,28.305427,0.000000,0.000000,14.536682,23.628719,0.000000,186.000000,0.000000,4.000000,2.000000,0.000000,0.000000,0.000000,1.000000,0.000000,2.000000,4.000000,-4.530000,23.843825,8.794190,0.784420,0.646533,0.659350,0.922818,0.530284,1.040400,0.876765,1.088585,0.353034,1.138075,0.374326,0.552887,0.682338,0.206196,0.405038,0.573498,1.237544,0.852313,0.597878,0.781110,0.694368,0.051763,0.524721,0.236996,0.336970,0.195628,0.749886,0.415524,0.712305,0.674524,0.140467,-0.387774,0.103223,0.377616,-0.124008,0.416360,0.608179,-0.022529,0.343106,-0.074850,0.372268,0.384232,0.627732,0.141224,0.832666,0.166452,0.000027,0.960549,0.000000,3.320665,30.349003,20.590636,3.600785,2.843401,4.944237,321.436064,0.008163,5511.488237,1.364890,12.843076,7.804123,0.221173,93.422000,44.447471,2.368981,121.480277,71.311392,203.696080,12.564896,3.185886,18.901596,160831191600068.312500,4.476897,0.578537,3.292833,0.077792,0.021946,3.474416,196.618486,23.764145,1,1,1,0,0,0,0,0,0,0,1,0,0,0,1,0,0,1,0,0,0,0,1,0,1,0,0,1,0,0,0,0,1,1,0,0,1,0,0,1,0,1,0,0,0,0,0,1,0,0,0,0,0,0,1,1,0,0,1,0,0,0,0,0,505.667991,3.390919
492.443000,476.315000,492.095751,37.000000,4.000000,6.000000,4.000000,2.000000,6.000000,0.000000,2.000000,7.000000,124.450000,4.491300,131.451600,208.918560,14.949918,19.178149,9.799819,0.000000,34.128066,0.000000,0.000000,14.536682,33.841774,0.000000,180.000000,0.000000,4.000000,2.000000,0.000000,0.000000,0.000000,1.000000,0.000000,2.000000,4.000000,-5.440000,22.051154,8.059733,0.441599,0.617918,0.771812,0.629570,0.474815,0.366972,0.645445,0.646564,0.665255,0.317604,0.501495,0.603901,0.489801,0.324645,0.706570,0.917015,0.352400,0.374332,0.739270,0.333842,-0.194647,0.417213,0.788258,0.615293,0.246057,0.950178,0.888246,0.371805,0.462751,0.789284,0.653212,0.236491,0.327326,0.078827,0.450929,0.037877,0.769865,0.197925,0.561738,-0.203826,0.234477,0.365877,0.765523,0.110596,0.781879,0.210179,0.000030,1.172140,0.000000,3.911546,24.781790,22.049779,3.905844,3.052638,4.635345,325.106485,0.007937,5999.982412,1.511296,11.227500,8.421437,0.243785,95.434605,43.748314,1.718172,155.569526,87.579939,202.871361,8.373074,4.780799,20.867213,181901864995406.468750,3.904886,0.548461,3.446781,0.075245,0.024339,3.687403,203.736757,36.277612,1,1,1,0,0,0,0,0,0,0,1,0,0,0,1,0,0,1,0,0,0,0,1,0,1,0,0,1,0,0,0,0,1,1,0,0,1,0,0,1,0,1,0,0,0,0,0,1,0,0,0,0,0,0,1,1,0,0,1,0,0,0,0,0,495.523431,2.947909
508.917000,491.781000,508.082599,37.000000,4.000000,6.000000,4.000000,2.000000,6.000000,0.034483,0.000000,5.000000,83.990000,6.041920,137.869000,215.998301,4.736863,19.178149,9.799819,0.000000,23.915012,0.000000,0.000000,14.536682,23.628719,0.000000,180.000000,0.000000,4.000000,2.000000,0.000000,0.000000,0.000000,1.000000,0.000000,2.000000,4.000000,-4.750000,22.697457,8.427697,0.471526,1.058902,0.930279,0.939662,0.634011,0.380093,0.965563,0.545374,0.776992,0.999403,0.979536,0.925356,0.521239,0.885717,0.691157,0.756625,0.972385,0.622001,0.478233,0.478853,0.457123,0.408665,0.984049,0.105690,0.328335,0.881956,0.318459,0.635164,0.451446,0.448537,0.613672,0.137640,0.202032,-0.144054,0.635866,-0.305075,0.606906,0.602686,0.173036,0.496926,0.259345,0.403138,0.740655,0.135366,0.818258,0.222439,0.000034,0.958044,0.000000,3.318142,30.348205,22.447017,4.136069,2.627850,4.452163,281.398650,0.007576,6343.444180,1.607014,16.010485,8.434104,0.220311,98.082822,40.754502,2.006672,112.659014,80.048831,224.727730,13.385066,4.010628,19.283966,210039425520768.875000,5.431147,0.518814,3.422813,0.094077,0.018440,3.289223,181.331994,32.279755,1,1,1,0,0,0,0,0,0,0,1,0,0,0,1,0,0,1,0,0,0,0,1,0,1,0,0,1,0,0,0,0,1,1,0,0,1,0,0,1,0,1,0,0,0,0,0,1,0,0,0,0,0,0,1,1,0,0,1,0,0,0,0,0,494.560038,3.137452
478.435000,463.315000,478.096500,36.000000,4.000000,6.000000,4.000000,2.000000,6.000000,0.000000,0.000000,5.000000,83.990000,5.219200,128.080000,203.495628,4.736863,19.178149,14.190235,0.000000,28.305427,0.000000,0.000000,14.536682,23.628719,0.000000,174.000000,0.000000,4.000000,2.000000,0.000000,0.000000,0.000000,1.000000,0.000000,2.000000,4.000000,-5.110000,21.425098,7.986432,0.275046,0.464758,0.385414,1.009782,0.403033,0.286687,0.564437,0.717748,0.728109,0.635774,0.342295,1.159579,0.511727,0.482439,0.758760,0.902352,0.539941,0.375956,0.261764,0.307383,0.602105,0.241557,0.269921,0.400301,0.235073,0.160971,-0.040449,0.596902,-0.013764,0.579852,0.341224,0.136200,0.015991,0.332749,0.549818,0.084662,0.304288,0.303017,0.021879,0.134178,0.415607,0.410673,0.584393,0.096488,0.829618,0.210191,0.000032,1.050765,0.000000,3.953915,26.796065,23.437521,3.432118,2.869654,4.628019,347.243174,0.006556,5701.063646,1.347615,12.166639,8.504214,0.234514,70.327040,38.902704,2.087294,133.622269,74.826117,237.226725,9.807826,4.334851,18.977278,160384376466045.968750,4.855701,0.473177,3.698476,0.068515,0.020559,3.109780,187.194971,28.226838,1,1,1,0,0,0,0,0,0,0,1,0,0,0,1,0,0,1,0,0,0,0,1,0,1,0,0,1,0,0,0,0,1,1,0,0,1,0,0,1,0,1,0,0,0,0,0,1,0,0,0,0,0,0,1,1,0,0,1,0,0,0,0,0,530.801572,3.593274
502.526000,480.350000,502.152872,38.000000,4.000000,6.000000,4.000000,2.000000,6.000000,0.096774,0.000000,5.000000,83.990000,6.005360,142.333000,218.424919,4.736863,19.178149,9.799819,0.000000,23.915012,0.000000,0.000000,14.536682,23.628719,0.000000,186.000000,0.000000,4.000000,2.000000,0.000000,0.000000,0.000000,1.000000,0.000000,2.000000,4.000000,-5.040000,23.364061,8.520899,1.116206,0.757388,0.809828,1.230118,0.515137,0.534997,0.331414,0.954490,0.471854,0.220037,0.508758,0.785480,0.312773,0.225663,0.575644,1.045242,0.681391,0.316754,0.623198,0.239466,0.284841,0.125139,-0.160434,0.329965,-0.036686,0.473011,0.937684,0.499755,0.605052,0.295896,0.654788,0.239451,0.174620,0.185748,-0.376240,-0.156665,-0.057516,0.471085,0.176147,-0.052504,0.474629,0.417308,0.525371,0.114354,0.853252,0.214100,0.000033,0.932132,0.000000,3.571603,26.958932,21.344262,3.313391,2.582260,4.105871,333.001991,0.005390,5835.669951,1.561845,10.795936,10.233073,0.229796,98.227605,45.111009,1.603956,122.953551,79.497258,217.408520,11.375561,3.358339,15.053975,175051418758000.562500,5.066371,0.441295,3.253812,0.086514,0.021171,3.221324,162.939332,33.866707,1,1,1,0,0,0,0,0,0,0,1,0,0,0,1,0,0,1,0,0,0,0,1,0,1,0,0,1,0,0,0,0,1,1,0,0,1,0,0,1,0,1,0,0,0,0,0,1,0,0,0,0,0,0,1,1,0,0,1,0,0,0,0,0,526.365913,3.598163
543.362000,527.234000,542.043627,38.000000,4.000000,6.000000,4.000000,2.000000,6.000000,0.034483,0.000000,5.000000,83.990000,6.695320,142.879000,226.301567,4.736863,19.178149,9.799819,0.000000,23.915012,0.000000,0.000000,14.536682,23.628719,0.000000,186.000000,0.000000,4.000000,2.000000,0.000000,0.000000,0.000000,1.000000,0.000000,2.000000,4.000000,-4.460000,23.909733,8.831940,0.194611,0.200691,0.254020,0.792882,0.253625,0.061681,0.377578,1.245642,0.089317,1.112881,0.364883,1.341079,0.850820,0.640200,0.264321,-0.068699,0.494174,0.722785,0.999033,0.680004,0.574430,0.450569,0.661127,0.604209,0.402810,0.446042,0.115561,0.306640,0.698603,0.615477,0.064784,0.532265,-0.070432,-0.129362,-0.030317,-0.392987,0.451338,0.302827,0.319143,0.573616,0.292086,0.394378,0.707914,0.102988,0.842812,0.154961,0.000031,1.204446,0.000000,3.460958,27.074119,23.545712,4.469392,2.926938,4.797713,303.704010,0.005419,5372.131882,1.438038,12.408246,7.722243,0.262027,94.459598,44.179876,1.942321,149.531366,69.045442,217.854630,11.420249,3.119227,20.305240,178839507114312.937500,4.821496,0.526199,3.389524,0.070892,0.023739,3.155243,199.154629,38.151101,1,1,1,0,0,0,0,0,0,0,1,0,0,0,1,0,0,1,0,0,0,0,1,0,1,0,0,1,0,0,0,0,1,1,0,0,1,0,0,1,0,1,0,0,0,0,0,1,0,0,0,0,0,0,1,1,0,0,1,0,0,0,0,0,514.674687,3.282825
494.890000,479.770000,494.066949,36.000000,4.000000,6.000000,4.000000,2.000000,6.000000,0.000000,0.000000,5.000000,83.990000,5.733500,133.132000,209.633359,4.736863,19.178149,9.799819,0.000000,23.915012,0.000000,0.000000,14.536682,23.628719,0.000000,174.000000,0.000000,4.000000,2.000000,0.000000,0.000000,0.000000,1.000000,0.000000,2.000000,4.000000,-4.750000,21.761296,8.179600,0.466079,0.781136,0.346115,0.888481,0.282028,0.651662,0.532233,0.571913,0.434066,1.063037,0.789048,0.635058,0.373709,0.293359,0.651033,0.311943,0.477974,0.603166,0.110422,0.815352,0.525649,0.430744,0.660474,0.535134,0.065070,0.342046,0.635410,0.549540,0.623972,0.412383,0.100140,0.229185,0.388290,-0.131272,-0.179448,0.518819,0.130580,0.866190,0.172146,0.005096,0.224355,0.313888,0.775645,0.114227,0.831681,0.210398,0.000028,1.034723,0.000000,3.724473,28.750861,21.882100,3.664996,2.626212,5.900205,352.512330,0.010061,5941.184242,1.548920,12.592170,7.595757,0.264063,84.363568,40.641268,2.331586,92.317047,74.874475,182.584110,12.960673,2.800406,20.323305,193982662627807.906250,4.047305,0.585375,3.599258,0.083274,0.022264,3.244310,189.248895,33.328694,1,1,1,0,0,0,0,0,0,0,1,0,0,0,1,0,0,1,0,0,0,0,1,0,1,0,0,1,0,0,0,0,1,1,0,0,1,0,0,1,0,1,0,0,0,0,0,1,0,0,0,0,0,0,1,1,0,0,1,0,0,0,0,0,505.601052,3.144925
474.472000,456.328000,474.121572,36.000000,4.000000,6.000000,4.000000,2.000000,6.000000,0.034483,0.000000,5.000000,83.990000,5.388520,132.859000,205.695035,4.736863,19.178149,9.799819,0.000000,23.915012,0.000000,0.000000,14.536682,23.628719,0.000000,174.000000,0.000000,4.000000,2.000000,0.000000,0.000000,0.000000,1.000000,0.000000,2.000000,4.000000,-5.040000,21.490435,8.023863,0.870301,0.052002,0.650423,1.146388,0.575650,0.713993,0.475933,0.616924,1.219255,0.569777,0.692124,0.542291,0.316329,0.257216,-0.307625,0.206368,1.248060,0.808270,0.866664,0.068208,0.706855,0.691378,0.368311,0.340315,-0.011386,0.255654,0.450761,0.296290,0.670328,0.229997,0.434078,0.013633,-0.316863,0.490358,0.317375,0.110238,0.495760,0.548990,0.207690,0.188861,0.375693,0.349577,0.624307,0.105290,0.852747,0.195822,0.000027,0.964802,0.000000,3.869169,31.926651,22.133306,3.988708,2.508642,5.162114,291.033647,0.004351,4991.819098,1.459828,14.663626,8.179392,0.229615,66.288978,53.754066,1.509347,116.721651,83.723201,222.829205,16.687398,2.385908,20.012174,198342076293355.031250,4.722829,0.603762,3.246070,0.079783,0.024299,2.879171,122.871728,45.248182,1,1,1,0,0,0,0,0,0,0,1,0,0,0,1,0,0,1,0,0,0,0,1,0,1,0,0,1,0,0,0,0,1,1,0,0,1,0,0,1,0,1,0,0,0,0,0,1,0,0,0,0,0,0,1,1,0,0,1,0,0,0,0,0,526.115226,3.721990
506.470000,488.326000,506.111401,38.000000,4.000000,6.000000,4.000000,2.000000,6.000000,0.034483,2.000000,7.000000,124.450000,4.799720,136.188600,215.283502,14.949918,19.178149,9.799819,0.000000,34.128066,0.000000,0.000000,14.536682,33.841774,0.000000,186.000000,0.000000,4.000000,2.000000,0.000000,0.000000,0.000000,1.000000,0.000000,2.000000,4.000000,-5.440000,22.988319,8.308724,0.869322,0.555967,0.579365,1.123874,0.177798,0.313282,0.767220,1.049590,0.702295,0.486034,0.189252,0.801681,0.361054,0.770668,0.505801,-0.096098,0.527101,0.682775,0.353804,1.005312,0.548986,0.407762,0.022149,0.521392,0.720756,0.761363,0.893346,0.447075,0.584315,-0.140276,0.403744,0.199625,0.573007,0.688983,0.026989,0.167611,0.420515,0.437982,0.389818,0.049693,0.268127,0.417630,0.731873,0.133710,0.802110,0.164848,0.000029,1.094435,0.000000,3.261563,29.241572,23.113439,4.278173,3.037529,4.508157,312.755173,0.006139,5558.212861,1.761927,14.378992,7.686049,0.208846,90.675224,54.565901,2.385236,133.131659,77.398401,202.617834,13.266090,2.833255,17.863570,206467357624445.062500,4.259202,0.624370,3.850648,0.084331,0.024423,2.604168,196.027217,32.484525,1,1,1,0,0,0,0,0,0,0,1,0,0,0,1,0,0,1,0,0,0,0,1,0,1,0,0,1,0,0,0,0,1,1,0,0,1,0,0,1,0,1,0,0,0,0,0,1,0,0,0,0,0,0,1,1,0,0,1,0,0,0,0,0,486.556172,3.163649
536.971000,515.803000,536.113899,39.000000,4.000000,6.000000,4.000000,2.000000,6.000000,0.096774,0.000000,5.000000,83.990000,6.658760,147.343000,228.728185,4.736863,19.178149,9.799819,0.000000,23.915012,0.000000,0.000000,14.536682,23.628719,0.000000,192.000000,0.000000,4.000000,2.000000,0.000000,0.000000,0.000000,1.000000,0.000000,2.000000,4.000000,-4.750000,24.579019,8.924263,0.891944,0.139936,0.965017,0.954892,0.729662,0.760278,1.300967,0.233553,0.962866,0.822475,0.729742,0.165465,0.509623,1.007741,0.695471,0.640489,0.935076,0.942278,0.861625,0.843023,0.613113,0.909676,0.751811,0.486929,0.122331,0.725414,0.056255,0.021522,0.020539,0.303261,0.457937,0.010502,0.258996,0.268217,0.623013,0.526218,0.149934,0.247361,0.897228,0.214811,0.276176,0.425724,0.723824,0.114805,0.839169,0.215898,0.000029,1.142279,0.000000,3.792316,29.430869,21.716664,3.707510,2.801973,5.533849,339.694038,0.009003,5687.736378,1.425399,10.178721,8.672043,0.233262,89.665935,40.484129,2.015688,113.059657,79.279276,183.832524,11.423708,2.254736,16.861539,158043972777362.093750,2.451338,0.537325,3.258933,0.078890,0.027633,3.233842,189.476555,37.835145,1,1,1,0,0,0,0,0,0,0,1,0,0,0,1,0,0,1,0,0,0,0,1,0,1,0,0,1,0,0,0,0,1,1,0,0,1,0,0,1,0,1,0,0,0,0,0,1,0,0,0,0,0,0,1,1,0,0,1,0,0,0,0,0,521.290248,3.305538
508.917000,491.781000,508.082599,37.000000,4.000000,6.000000,4.000000,2.000000,6.000000,0.034483,0.000000,5.000000,83.990000,6.041920,137.869000,215.998301,4.736863,19.178149,9.799819,0.000000,23.915012,0.000000,0.000000,14.536682,23.628719,0.000000,180.000000,0.000000,4.000000,2.000000,0.000000,0.000000,0.000000,1.000000,0.000000,2.000000,4.000000,-4.750000,22.697457,8.427697,0.587083,0.469757,0.874413,0.416730,0.691009,0.640413,0.528051,0.644807,0.761016,0.416792,0.605250,0.144480,0.475593,0.468201,0.754818,-0.154813,1.224715,0.375283,0.423464,0.605584,0.936425,0.718380,-0.020363,0.759027,0.591460,0.814759,-0.300496,0.550437,0.315076,0.205793,0.428577,0.330983,0.485828,0.097179,0.219962,0.236782,-0.102128,0.015271,0.385429,-0.275457,0.305749,0.348504,0.694251,0.114001,0.860411,0.220480,0.000033,1.073183,0.000000,3.605962,30.650992,22.486660,4.485825,2.894453,4.719908,314.588838,0.004718,4894.768260,1.572575,11.505881,8.754609,0.210991,81.319975,43.397086,1.932485,120.742491,77.617125,167.789512,10.542029,3.945575,21.203295,162547005414389.031250,4.939396,0.593727,3.458562,0.070752,0.017153,2.925580,209.889379,39.896433,1,1,1,0,0,0,0,0,0,0,1,0,0,0,1,0,0,1,0,0,0,0,1,0,1,0,0,1,0,0,0,0,1,1,0,0,1,0,0,1,0,1,0,0,0,0,0,1,0,0,0,0,0,0,1,1,0,0,1,0,0,0,0,0,517.003134,3.462928
496.425000,482.313000,496.087078,37.000000,4.000000,6.000000,4.000000,2.000000,6.000000,0.000000,0.000000,5.000000,83.990000,5.358300,128.038000,207.661164,4.736863,19.178149,18.580650,0.000000,32.695842,0.000000,0.000000,14.536682,23.628719,0.000000,180.000000,0.000000,4.000000,2.000000,0.000000,0.000000,0.000000,1.000000,0.000000,2.000000,4.000000,-5.180000,22.294507,8.197695,0.405259,0.581376,0.476424,0.723700,0.607131,1.037890,0.685850,0.537985,0.699685,0.258585,0.508354,0.368199,0.261158,0.486327,0.494598,0.505491,0.089322,0.756785,0.671104,0.458460,0.204645,-0.102747,-0.088584,0.344738,0.191041,0.790255,0.880204,0.683321,0.652609,0.521450,0.589896,0.295016,-0.113606,-0.047191,0.343787,0.442965,0.623106,0.220414,0.197137,0.103927,0.314587,0.245096,0.685413,0.083667,0.802343,0.137634,0.000033,0.985879,0.000000,3.424671,30.520863,25.586695,3.607754,3.118082,4.553547,333.116556,0.008141,5197.081421,1.252304,12.906704,7.321983,0.222651,86.751836,45.034329,2.142684,118.554665,75.326696,185.348681,9.063369,2.923082,18.532925,160855840952628.968750,5.147518,0.636862,3.205137,0.072496,0.021145,2.936459,195.741220,29.202567,1,1,1,0,0,0,0,0,0,0,1,0,0,0,1,0,0,1,0,0,0,0,1,0,1,0,0,1,0,0,0,0,1,1,0,0,1,0,0,1,0,1,0,0,0,0,0,1,0,0,0,0,0,0,1,1,0,0,1,0,0,0,0,0,531.821557,3.788282
488.499000,468.339000,488.137222,37.000000,4.000000,6.000000,4.000000,2.000000,6.000000,0.066667,0.000000,5.000000,83.990000,5.696940,137.596000,212.059977,4.736863,19.178149,9.799819,0.000000,23.915012,0.000000,0.000000,14.536682,23.628719,0.000000,180.000000,0.000000,4.000000,2.000000,0.000000,0.000000,0.000000,1.000000,0.000000,2.000000,4.000000,-5.040000,22.425635,8.272329,1.123480,0.118531,0.720249,0.622066,0.554240,0.440941,0.460574,0.644257,0.992457,0.452324,0.802275,1.071262,0.145298,0.771818,0.615750,0.514958,0.828276,0.838763,0.589537,0.915295,0.548010,0.029903,0.431819,0.347879,0.929608,0.780384,1.058053,0.372265,0.410320,0.346284,0.458960,0.341551,0.425806,0.467465,0.307669,0.176685,-0.231669,0.959979,0.136716,0.688436,0.455143,0.327020,0.544857,0.076340,0.892753,0.171585,0.000029,1.112629,0.000000,3.701498,24.986028,23.944551,3.534079,2.293801,4.305887,339.506330,0.008139,5503.586640,1.635794,10.557275,8.595890,0.241125,67.106540,38.034864,2.109307,150.085363,72.098028,211.832161,12.150527,3.161976,16.643933,204431380779948.500000,5.584123,0.562090,3.345357,0.082378,0.027360,2.704586,176.452788,35.825836,1,1,1,0,0,0,0,0,0,0,1,0,0,0,1,0,0,1,0,0,0,0,1,0,1,0,0,1,0,0,0,0,1,1,0,0,1,0,0,1,0,1,0,0,0,0,0,1,0,0,0,0,0,0,1,1,0,0,1,0,0,0,0,0,560.813993,3.612355
518.525000,496.349000,518.147786,39.000000,4.000000,6.000000,4.000000,2.000000,6.000000,0.096774,1.000000,6.000000,104.220000,5.710960,143.997800,223.219153,9.843390,19.178149,9.799819,0.000000,29.021539,0.000000,0.000000,14.536682,28.735246,0.000000,192.000000,0.000000,4.000000,2.000000,0.000000,0.000000,0.000000,1.000000,0.000000,2.000000,4.000000,-5.240000,24.116967,8.663439,0.760372,0.984219,0.525325,0.870178,1.153036,0.335694,0.243098,0.548217,0.696916,0.688108,0.852991,0.369289,0.540958,0.069899,0.459305,0.183479,0.369177,0.640780,0.373301,0.424905,0.445188,0.201955,0.641466,0.131380,0.746549,0.862629,1.009851,0.371178,0.670435,0.775252,0.582437,0.219849,-0.096868,0.228568,0.270830,0.203437,0.224699,-0.396002,0.154431,0.312436,0.389379,0.402287,0.610621,0.081160,0.825700,0.174548,0.000032,0.913035,0.000000,3.596155,26.544405,21.581988,3.315122,2.279101,5.171028,343.505094,0.009082,6400.222663,1.455945,10.489733,10.007475,0.220648,85.925454,42.316290,1.939127,142.383442,73.614175,211.709302,12.192009,3.118949,20.504342,223551512952259.093750,3.581094,0.560588,3.774541,0.082193,0.022347,3.110057,193.595701,29.232069,1,1,1,0,0,0,0,0,0,0,1,0,0,0,1,0,0,1,0,0,0,0,1,0,1,0,0,1,0,0,0,0,1,1,0,0,1,0,0,1,0,1,0,0,0,0,0,1,0,0,0,0,0,0,1,1,0,0,1,0,0,0,0,0,540.060690,3.494876
492.443000,476.315000,492.095751,37.000000,4.000000,6.000000,4.000000,2.000000,6.000000,0.000000,2.000000,7.000000,124.450000,4.491300,131.451600,208.918560,14.949918,19.178149,9.799819,0.000000,34.128066,0.000000,0.000000,14.536682,33.841774,0.000000,180.000000,0.000000,4.000000,2.000000,0.000000,0.000000,0.000000,1.000000,0.000000,2.000000,4.000000,-5.440000,22.051154,8.059733,0.212374,0.993952,0.840387,0.272477,0.250472,0.906589,0.294131,0.245786,1.144663,0.084544,1.021741,0.432164,0.476676,0.165169,0.688733,0.728418,0.412093,0.223754,0.450636,1.050769,0.579662,0.093933,0.547715,0.532278,-0.260827,1.216104,0.545423,0.659213,0.823392,0.306393,0.483630,-0.143479,0.614578,0.044743,0.551434,0.247783,-0.068577,0.094779,-0.462853,0.404509,0.308819,0.305409,0.691181,0.106252,0.723500,0.132734,0.000024,1.096572,0.000000,3.981502,29.120592,22.239628,3.247603,2.080375,4.167592,346.665096,0.008581,5207.009145,1.365463,12.761684,8.566186,0.215196,94.988891,49.856837,2.499831,133.747151,82.953488,159.074711,8.445275,3.487209,17.668743,202494468728581.656250,4.921386,0.502820,3.583233,0.072730,0.023611,3.405809,189.451930,28.343128,1,1,1,0,0,0,0,0,0,0,1,0,0,0,1,0,0,1,0,0,0,0,1,0,1,0,0,1,0,0,0,0,1,1,0,0,1,0,0,1,0,1,0,0,0,0,0,1,0,0,0,0,0,0,1,1,0,0,1,0,0,0,0,0,483.858916,3.492480
502.526000,480.350000,502.152872,38.000000,4.000000,6.000000,4.000000,2.000000,6.000000,0.096774,0.000000,5.000000,83.990000,6.005360,142.333000,218.424919,4.736863,19.178149,9.799819,0.000000,23.915012,0.000000,0.000000,14.536682,23.628719,0.000000,186.000000,0.000000,4.000000,2.000000,0.000000,0.000000,0.000000,1.000000,0.000000,2.000000,4.000000,-5.040000,23.364061,8.520899,0.506418,0.599712,0.663029,0.817219,0.491700,1.050525,0.606776,0.380805,0.080142,0.498356,0.619326,0.524037,0.411589,0.143872,0.739513,0.585469,0.541393,1.058695,0.564772,0.763215,0.590992,0.527642,0.190545,0.207412,0.508032,0.423131,0.611459,1.191196,-0.017598,0.685981,0.598192,-0.099435,1.024029,0.321417,0.008566,-0.071659,-0.001862,0.570998,0.393136,0.318537,0.314115,0.386082,0.685885,0.137739,0.932770,0.114786,0.000033,1.046555,0.000000,3.507329,32.658013,22.758776,3.952605,2.623408,4.536056,318.959509,0.009773,5871.967073,1.403857,13.781799,8.867728,0.208660,86.409136,48.649029,2.024015,119.932829,81.189823,245.185231,11.343680,4.323023,16.967443,168085460086532.312500,5.366984,0.635828,3.358644,0.084035,0.021671,2.718725,188.483027,39.654563,1,1,1,0,0,0,0,0,0,0,1,0,0,0,1,0,0,1,0,0,0,0,1,0,1,0,0,1,0,0,0,0,1,1,0,0,1,0,0,1,0,1,0,0,0,0,0,1,0,0,0,0,0,0,1,1,0,0,1,0,0,0,0,0,530.323189,3.333315
545.334000,531.222000,544.022892,38.000000,4.000000,6.000000,4.000000,2.000000,6.000000,0.000000,1.000000,6.000000,104.220000,6.092500,139.806800,224.730859,9.843390,19.178149,9.799819,0.000000,29.021539,0.000000,0.000000,14.536682,28.735246,0.000000,186.000000,0.000000,4.000000,2.000000,0.000000,0.000000,0.000000,1.000000,0.000000,2.000000,4.000000,-4.660000,23.721460,8.724236,0.649918,0.892307,0.714961,0.357256,0.721433,0.616057,0.306897,0.916983,0.624256,0.980784,0.816317,0.664265,0.571307,0.361247,0.425625,1.138686,0.909053,0.741035,0.036040,1.168719,0.397103,0.727914,0.482887,0.127536,0.257359,0.507424,0.334525,0.838120,0.576265,0.645043,0.250911,0.218579,0.573136,-0.319412,-0.304222,0.295372,0.226592,-0.091651,0.314180,0.624761,0.360021,0.334127,0.639979,0.066401,0.766013,0.227514,0.000025,0.935550,0.000000,3.212755,28.673777,20.598874,3.752258,2.204120,4.471173,321.950427,0.006432,6237.692705,1.571859,11.652803,8.068459,0.220393,93.665708,34.671889,1.928479,122.536263,71.154012,142.651238,13.372360,3.996344,18.343608,219986301535042.375000,4.826746,0.530158,3.462724,0.093650,0.020162,2.967561,162.982749,34.793851,1,1,1,0,0,0,0,0,0,0,1,0,0,0,1,0,0,1,0,0,0,0,1,0,1,0,0,1,0,0,0,0,1,1,0,0,1,0,0,1,0,1,0,0,0,0,0,1,0,0,0,0,0,0,1,1,0,0,1,0,0,0,0,0,529.196621,3.840296
508.442000,492.314000,508.090665,38.000000,4.000000,6.000000,4.000000,2.000000,6.000000,0.000000,3.000000,8.000000,144.680000,4.196900,133.116400,213.712794,20.056445,19.178149,9.799819,0.000000,39.234594,0.000000,0.000000,14.536682,38.948301,0.000000,186.000000,0.000000,4.000000,2.000000,0.000000,0.000000,0.000000,1.000000,0.000000,2.000000,4.000000,-5.640000,22.800632,8.203361,0.995820,0.608744,0.808988,-0.320494,0.616205,0.229070,0.792038,0.339226,0.718924,1.269970,0.468135,0.763818,0.697372,0.809019,0.376786,0.185444,0.459901,0.052596,0.465897,-0.145173,1.071871,0.385707,0.503959,0.475771,0.340688,0.650558,0.318439,0.224083,0.443196,0.865320,0.156858,0.664208,0.469685,-0.029419,0.673954,0.269872,0.089102,-0.272357,0.055434,0.233867,0.363344,0.302235,0.636656,0.157630,0.794633,0.226227,0.000029,1.123145,0.000000,3.042840,29.995582,20.738738,3.443121,2.562606,5.332563,341.398389,0.010754,4901.877324,1.476786,14.340910,9.175993,0.232678,94.847445,51.466392,1.716903,145.106153,78.839915,205.735417,10.263135,3.166621,13.635933,195915358005624.343750,5.700687,0.552086,3.416961,0.081822,0.023606,3.577778,223.233613,38.096385,1,1,1,0,0,0,0,0,0,0,1,0,0,0,1,0,0,1,0,0,0,0,1,0,1,0,0,1,0,0,0,0,1,1,0,0,1,0,0,1,0,1,0,0,0,0,0,1,0,0,0,0,0,0,1,1,0,0,1,0,0,0,0,0,484.491707,3.209428
502.526000,480.350000,502.152872,38.000000,4.000000,6.000000,4.000000,2.000000,6.000000,0.096774,0.000000,5.000000,83.990000,6.005360,142.333000,218.424919,4.736863,19.178149,9.799819,0.000000,23.915012,0.000000,0.000000,14.536682,23.628719,0.000000,186.000000,0.000000,4.000000,2.000000,0.000000,0.000000,0.000000,1.000000,0.000000,2.000000,4.000000,-5.040000,23.364061,8.520899,0.368104,0.412416,0.884225,0.814244,0.996017,0.949636,0.086153,0.298955,0.069000,0.942216,0.855810,0.457794,0.880525,0.501575,0.446251,0.591270,0.779031,0.424793,0.467845,0.455817,0.232972,0.482387,0.262575,0.312101,0.562841,0.523435,0.437522,0.249869,0.412682,0.180200,0.323194,0.376745,1.176626,-0.120487,0.013776,0.568165,0.046102,0.491240,0.202108,0.181534,0.395050,0.336588,0.604950,0.098226,0.768457,0.191011,0.000032,0.929870,0.000000,3.399633,27.322396,22.203080,4.413453,2.008280,5.702945,341.120265,0.008275,5289.366117,1.490395,15.852121,6.565165,0.225101,71.221026,38.734957,2.178016,143.864643,89.793459,182.381663,8.750180,3.872603,18.113123,177480179971093.687500,4.469469,0.532700,3.516582,0.081681,0.021391,3.400113,190.287942,28.549916,1,1,1,0,0,0,0,0,0,0,1,0,0,0,1,0,0,1,0,0,0,0,1,0,1,0,0,1,0,0,0,0,1,1,0,0,1,0,0,1,0,1,0,0,0,0,0,1,0,0,0,0,0,0,1,1,0,0,1,0,0,0,0,0,512.122885,3.456382
526.888000,511.768000,526.056778,38.000000,4.000000,6.000000,4.000000,2.000000,6.000000,0.000000,2.000000,7.000000,124.450000,5.144700,136.461600,219.221827,14.949918,19.178149,9.799819,0.000000,34.128066,0.000000,0.000000,14.536682,33.841774,0.000000,186.000000,0.000000,4.000000,2.000000,0.000000,0.000000,0.000000,1.000000,0.000000,2.000000,4.000000,-5.150000,23.260684,8.462359,0.806021,0.572080,1.322314,0.432217,0.331434,0.734351,1.274892,0.788076,0.974288,0.579858,0.448922,0.738806,0.609702,0.367547,1.118992,-0.289189,0.452204,0.568551,0.349444,0.367814,0.568892,1.199435,-0.357403,0.436385,0.496513,0.295045,0.314765,0.961163,0.513681,0.470727,0.450693,-0.361227,0.527976,-0.065067,-0.028011,0.462349,0.030488,-0.158105,0.461455,-0.004506,0.358317,0.367685,0.641683,0.093284,0.758473,0.153855,0.000027,1.071735,0.000000,3.288861,27.204565,22.885247,4.006988,2.497249,5.071701,312.835573,0.002113,5154.665350,1.355375,13.951970,8.341139,0.254543,80.896360,43.401439,2.081759,145.108202,68.338958,202.032048,13.412274,3.036623,21.320882,188899549435956.187500,4.350568,0.608359,3.550773,0.083550,0.019165,3.020943,200.836571,45.128739,1,1,1,0,0,0,0,0,0,0,1,0,0,0,1,0,0,1,0,0,0,0,1,0,1,0,0,1,0,0,0,0,1,1,0,0,1,0,0,1,0,1,0,0,0,0,0,1,0,0,0,0,0,0,1,1,0,0,1,0,0,0,0,0,502.836844,3.493466
524.441000,508.313000,524.085580,39.000000,4.000000,6.000000,4.000000,2.000000,6.000000,0.000000,4.000000,9.000000,164.910000,3.902500,134.781200,218.507028,25.162973,19.178149,9.799819,0.000000,44.341121,0.000000,0.000000,14.536682,44.054828,0.000000,192.000000,0.000000,4.000000,2.000000,0.000000,0.000000,0.000000,1.000000,0.000000,2.000000,4.000000,-5.840000,23.552113,8.347876,1.062557,0.727851,0.748683,1.042910,0.835379,1.472409,0.424908,0.306133,0.549845,0.725184,0.905722,0.581281,0.935193,0.550457,0.534257,0.503692,1.006305,0.803944,0.981036,0.430085,0.513264,0.413908,0.249299,0.697551,0.095184,0.151283,0.175027,0.228032,0.336769,0.293727,0.028182,-0.377528,0.139372,0.328262,0.061638,-0.049050,-0.046679,-0.088973,0.736218,0.086646,0.453393,0.383016,0.546607,0.149954,0.753272,0.154950,0.000040,1.097456,0.000000,3.375720,27.093342,20.608398,4.109185,2.426865,4.836327,353.328117,0.013250,6360.830190,1.621448,13.323650,7.532319,0.181870,93.451359,45.895167,2.525434,127.023860,85.124783,172.064418,14.036485,3.602657,20.116941,212521521843128.375000,4.390723,0.474970,3.534132,0.087794,0.015567,2.976306,178.845771,33.920408,1,1,1,0,0,0,0,0,0,0,1,0,0,0,1,0,0,1,0,0,0,0,1,0,1,0,0,1,0,0,0,0,1,1,0,0,1,0,0,1,0,1,0,0,0,0,0,1,0,0,0,0,0,0,1,1,0,0,1,0,0,0,0,0,497.708990,3.257938
508.442000,492.314000,508.090665,38.000000,4.000000,6.000000,4.000000,2.000000,6.000000,0.000000,3.000000,8.000000,144.680000,4.196900,133.116400,213.712794,20.056445,19.178149,9.799819,0.000000,39.234594,0.000000,0.000000,14.536682,38.948301,0.000000,186.000000,0.000000,4.000000,2.000000,0.000000,0.000000,0.000000,1.000000,0.000000,2.000000,4.000000,-5.640000,22.800632,8.203361,0.608525,0.648684,1.034781,0.459230,0.410343,1.042085,0.584176,0.749361,-0.035600,0.619282,0.445335,0.790539,0.857228,0.724203,0.742507,0.770149,1.005700,-0.131478,1.101465,0.817530,0.363927,-0.258240,-0.329533,0.108230,0.072273,0.244243,-0.239815,0.253260,0.651345,0.403631,0.335213,-0.157022,-0.138205,0.342692,0.367141,0.556864,-0.144222,0.559369,0.536830,0.402060,0.310030,0.355707,0.689970,0.106648,0.767819,0.183083,0.000033,1.079334,0.000000,3.462354,28.655465,19.748066,3.988862,2.062035,4.973725,339.741132,0.007561,6121.061444,1.426426,14.282527,8.308945,0.173386,74.441556,37.498053,2.187097,132.227581,92.335567,220.391688,13.669652,4.172786,16.523814,203656715850591.156250,4.742998,0.518490,3.492079,0.087413,0.018827,3.439393,228.448964,39.770899,1,1,1,0,0,0,0,0,0,0,1,0,0,0,1,0,0,1,0,0,0,0,1,0,1,0,0,1,0,0,0,0,1,1,0,0,1,0,0,1,0,1,0,0,0,0,0,1,0,0,0,0,0,0,1,1,0,0,1,0,0,0,0,0,496.704037,3.443964
510.889000,495.769000,510.061864,37.000000,4.000000,6.000000,4.000000,2.000000,6.000000,0.000000,1.000000,6.000000,104.220000,5.439100,134.796800,214.427593,9.843390,19.178149,9.799819,0.000000,29.021539,0.000000,0.000000,14.536682,28.735246,0.000000,180.000000,0.000000,4.000000,2.000000,0.000000,0.000000,0.000000,1.000000,0.000000,2.000000,4.000000,-4.950000,22.509965,8.320436,0.824679,-0.097473,0.639582,0.676556,0.824710,0.606651,0.931490,0.320360,0.214691,0.696489,0.593534,0.501160,0.642145,0.776425,0.439149,0.778842,0.326218,1.201248,0.887513,0.723717,0.332464,0.690879,0.736877,0.086677,0.506903,0.186021,0.225008,0.357797,0.235914,0.281048,0.153484,0.099692,0.263278,0.100216,0.121485,0.034047,-0.001826,0.388027,0.263114,0.030124,0.428318,0.383854,0.571682,0.117512,0.852339,0.241621,0.000033,1.068681,0.000000,2.862158,27.057148,24.154345,3.168584,2.661000,5.704807,339.822128,0.008708,5918.515854,1.448376,11.501942,7.317189,0.208718,69.170756,44.151103,1.669582,104.111298,69.694459,199.552311,12.632821,2.636143,17.685882,139049312425710.281250,4.544887,0.701780,3.359504,0.082504,0.020213,3.412441,190.761785,30.227741,1,1,1,0,0,0,0,0,0,0,1,0,0,0,1,0,0,1,0,0,0,0,1,0,1,0,0,1,0,0,0,0,1,1,0,0,1,0,0,1,0,1,0,0,0,0,0,1,0,0,0,0,0,0,1,1,0,0,1,0,0,0,0,0,524.454085,3.469684
508.917000,491.781000,508.082599,37.000000,4.000000,6.000000,4.000000,2.000000,6.000000,0.034483,0.000000,5.000000,83.990000,6.041920,137.869000,215.998301,4.736863,19.178149,9.799819,0.000000,23.915012,0.000000,0.000000,14.536682,23.628719,0.000000,180.000000,0.000000,4.000000,2.000000,0.000000,0.000000,0.000000,1.000000,0.000000,2.000000,4.000000,-4.750000,22.697457,8.427697,1.218998,1.076995,0.904203,0.062151,0.672655,0.128939,0.415433,0.632671,0.703419,1.130297,0.564774,0.631337,0.473092,0.732970,0.185608,1.117596,1.069320,0.316117,0.045086,0.635457,0.340245,0.209803,0.400871,0.135757,0.186794,0.365608,0.657183,0.372637,0.750052,1.304301,-0.079679,0.475905,0.068453,0.120607,0.093118,0.543700,-0.366718,0.449359,0.397084,0.360656,0.352770,0.258728,0.647230,0.083198,0.842745,0.154296,0.000030,1.156648,0.000000,3.099009,27.492781,19.999663,3.836407,2.383615,5.132022,302.377027,0.005404,5614.280558,1.452687,13.522690,8.573971,0.214966,95.873847,39.779763,1.397283,118.130732,90.070836,212.242619,10.198623,4.234063,15.945527,165943141506371.093750,4.440512,0.449149,3.372126,0.078844,0.021917,2.811062,176.591115,35.137126,1,1,1,0,0,0,0,0,0,0,1,0,0,0,1,0,0,1,0,0,0,0,1,0,1,0,0,1,0,0,0,0,1,1,0,0,1,0,0,1,0,1,0,0,0,0,0,1,0,0,0,0,0,0,1,1,0,0,1,0,0,0,0,0,532.990997,3.531364
494.434000,479.314000,494.091414,37.000000,4.000000,6.000000,4.000000,2.000000,6.000000,0.000000,1.000000,6.000000,104.220000,4.924800,129.744800,208.289862,9.843390,19.178149,14.190235,0.000000,33.411954,0.000000,0.000000,14.536682,28.735246,0.000000,180.000000,0.000000,4.000000,2.000000,0.000000,0.000000,0.000000,1.000000,0.000000,2.000000,4.000000,-5.310000,22.172803,8.128608,0.049468,0.816888,0.379388,1.138820,0.431252,1.191865,0.785772,0.800373,1.005065,1.178676,0.917362,0.292922,0.452713,0.223052,0.019246,0.152415,0.436637,0.734097,0.810432,0.731853,0.382467,0.624053,-0.288460,0.024585,0.767596,0.083202,0.095617,-0.066259,0.962728,0.210068,0.088612,0.081042,-0.077993,0.203944,0.477360,0.375587,0.265331,-0.243129,0.581024,0.244760,0.227290,0.286788,0.772710,0.116188,0.834023,0.177090,0.000028,1.027707,0.000000,3.743603,28.809739,21.293223,4.075781,2.363357,4.249885,326.760734,0.004103,6281.240726,1.432793,10.545005,8.082369,0.211882,87.186266,34.929115,2.329498,170.358928,85.248627,240.943218,11.208482,3.845772,16.852869,175340318350676.937500,3.690435,0.679472,3.674373,0.063205,0.023543,2.845087,145.033479,34.897699,1,1,1,0,0,0,0,0,0,0,1,0,0,0,1,0,0,1,0,0,0,0,1,0,1,0,0,1,0,0,0,0,1,1,0,0,1,0,0,1,0,1,0,0,0,0,0,1,0,0,0,0,0,0,1,1,0,0,1,0,0,0,0,0,500.739503,3.212057
522.944000,503.792000,522.098249,38.000000,4.000000,6.000000,4.000000,2.000000,6.000000,0.066667,0.000000,5.000000,83.990000,6.350340,142.606000,222.363243,4.736863,19.178149,9.799819,0.000000,23.915012,0.000000,0.000000,14.536682,23.628719,0.000000,186.000000,0.000000,4.000000,2.000000,0.000000,0.000000,0.000000,1.000000,0.000000,2.000000,4.000000,-4.750000,23.636774,8.675922,0.651856,0.611483,0.590228,0.583185,1.100024,0.694419,0.725037,0.173587,0.335222,0.405248,0.384250,0.352770,0.202221,0.726937,0.922088,0.976797,0.719862,-0.048940,0.716390,0.204347,0.713753,0.392309,0.784324,0.445735,0.021341,0.789890,0.435816,0.585686,0.605941,-0.047881,0.303828,0.963747,0.289024,0.145582,0.329993,0.722550,0.298949,0.380673,0.262651,0.177335,0.329998,0.304762,0.670002,0.106794,0.748353,0.196989,0.000031,1.034556,0.000000,3.150615,32.992998,21.136524,3.617131,3.221660,5.167158,309.540253,0.012955,5929.702237,1.441958,13.974701,7.777857,0.222297,81.324027,32.468698,1.782779,122.782007,88.695750,178.472411,13.904167,3.554737,21.798808,210186097722686.468750,4.051131,0.580442,3.846439,0.081513,0.020620,3.339984,178.574252,29.420394,1,1,1,0,0,0,0,0,0,0,1,0,0,0,1,0,0,1,0,0,0,0,1,0,1,0,0,1,0,0,0,0,1,1,0,0,1,0,0,1,0,1,0,0,0,0,0,1,0,0,0,0,0,0,1,1,0,0,1,0,0,0,0,0,501.377442,3.705428
529.335000,515.223000,528.027977,37.000000,4.000000,6.000000,4.000000,2.000000,6.000000,0.000000,0.000000,5.000000,83.990000,6.386900,138.142000,219.936625,4.736863,19.178149,9.799819,0.000000,23.915012,0.000000,0.000000,14.536682,23.628719,0.000000,180.000000,0.000000,4.000000,2.000000,0.000000,0.000000,0.000000,1.000000,0.000000,2.000000,4.000000,-4.460000,22.969545,8.584091,0.958468,0.699005,0.637259,0.523897,0.928504,0.349291,0.845871,0.812752,0.711614,0.872473,-0.050764,1.099260,0.135289,0.684633,0.539165,0.337732,0.975856,0.042678,0.005871,0.724331,-0.040974,0.692085,0.273158,0.289298,0.174970,0.243761,0.802873,0.440619,0.893797,0.369006,0.569649,0.474058,0.312486,0.220479,-0.213262,-0.018288,0.359976,0.423298,0.341986,0.466339,0.427094,0.368145,0.572906,0.095554,0.858042,0.160569,0.000040,1.005052,0.000000,3.416133,24.910544,21.886816,4.601436,2.730017,5.415131,346.337859,0.003640,5880.089113,1.515251,10.067779,8.107540,0.249329,87.794097,37.016763,2.387426,139.938155,73.996084,165.960353,13.098458,3.637203,10.269807,182009050262785.968750,4.684526,0.517535,3.812030,0.068289,0.018640,3.416186,186.355484,27.939065,1,1,1,0,0,0,0,0,0,0,1,0,0,0,1,0,0,1,0,0,0,0,1,0,1,0,0,1,0,0,0,0,1,1,0,0,1,0,0,1,0,1,0,0,0,0,0,1,0,0,0,0,0,0,1,1,0,0,1,0,0,0,0,0,536.781962,3.539124
581.770000,569.674000,579.979583,39.000000,4.000000,6.000000,4.000000,2.000000,6.000000,0.000000,0.000000,5.000000,83.990000,7.179400,143.110000,234.405427,4.736863,19.178149,14.190235,0.000000,28.305427,0.000000,0.000000,14.536682,23.628719,0.000000,192.000000,0.000000,4.000000,2.000000,0.000000,0.000000,0.000000,1.000000,0.000000,2.000000,4.000000,-4.240000,25.060625,9.198655,0.967316,0.573493,0.500099,0.682850,0.944815,0.721031,0.405989,0.895965,0.358531,0.480887,0.483984,0.113574,0.253696,0.735808,0.528735,0.309070,0.383304,0.675803,0.132438,0.701526,0.565303,0.213418,0.266572,0.728964,0.856001,0.401917,0.453178,1.057402,0.779451,0.096394,-0.364415,0.366152,0.480501,0.201477,0.184009,0.300886,0.315624,0.482028,-0.160902,0.204370,0.295248,0.390765,0.704752,0.100469,0.833344,0.126492,0.000034,0.994335,0.000000,3.385198,29.523439,21.395565,4.101996,3.119064,5.670242,302.646184,0.008964,6736.431323,1.504261,12.154190,9.305403,0.187377,94.339750,43.699016,1.707168,116.843485,56.826619,243.782125,10.697357,2.153005,17.219395,191654648151550.750000,4.940749,0.517610,3.325558,0.086467,0.020495,2.901666,204.972920,43.710914,1,1,1,0,0,0,0,0,0,0,1,0,0,0,1,0,0,1,0,0,0,0,1,0,1,0,0,1,0,0,0,0,1,1,0,0,1,0,0,1,0,1,0,0,0,0,0,1,0,0,0,0,0,0,1,1,0,0,1,0,0,0,0,0,526.220929,3.537128
508.442000,492.314000,508.090665,38.000000,4.000000,6.000000,4.000000,2.000000,6.000000,0.000000,3.000000,8.000000,144.680000,4.196900,133.116400,213.712794,20.056445,19.178149,9.799819,0.000000,39.234594,0.000000,0.000000,14.536682,38.948301,0.000000,186.000000,0.000000,4.000000,2.000000,0.000000,0.000000,0.000000,1.000000,0.000000,2.000000,4.000000,-5.640000,22.800632,8.203361,0.701355,0.907441,0.543343,0.057371,0.579600,0.456981,0.384991,0.389928,0.552176,1.015279,0.499945,0.603349,0.668305,0.722352,0.510405,0.193180,0.448440,0.816846,0.488025,0.584349,0.689391,0.485087,0.931575,1.212784,0.421949,0.643127,0.619017,0.531283,1.130132,0.438183,0.154493,0.201233,-0.438069,0.268587,0.020883,0.765950,0.621754,0.439893,0.711930,-0.027290,0.362275,0.360629,0.637725,0.070373,0.908735,0.160304,0.000025,1.008780,0.000000,3.604229,27.908642,22.506701,3.807943,2.088661,4.407077,322.438737,0.006294,4669.412654,1.370238,14.383041,7.875697,0.261879,87.137311,53.149078,2.286549,136.997569,95.173653,249.732886,8.522187,3.111923,16.027697,178868194114234.250000,4.201352,0.574026,3.695117,0.085005,0.018422,2.937870,159.352227,29.449596,1,1,1,0,0,0,0,0,0,0,1,0,0,0,1,0,0,1,0,0,0,0,1,0,1,0,0,1,0,0,0,0,1,1,0,0,1,0,0,1,0,1,0,0,0,0,0,1,0,0,0,0,0,0,1,1,0,0,1,0,0,0,0,0,558.942170,3.878720
530.870000,517.766000,530.048106,38.000000,4.000000,6.000000,4.000000,2.000000,6.000000,0.000000,0.000000,5.000000,83.990000,6.011700,133.048000,217.964430,4.736863,19.178149,18.580650,0.000000,32.695842,0.000000,0.000000,14.536682,23.628719,0.000000,186.000000,0.000000,4.000000,2.000000,0.000000,0.000000,0.000000,1.000000,0.000000,2.000000,4.000000,-4.890000,23.505089,8.600959,0.768104,0.469330,0.408674,0.782757,0.621014,0.768586,0.716528,1.162010,0.904817,0.885648,0.669784,-0.189207,0.663971,0.553030,0.068956,0.828266,0.331919,0.478907,0.726462,0.398568,-0.064974,0.592658,0.613573,0.710555,0.831667,0.088658,0.085541,0.677098,0.314759,0.765512,1.019764,0.360318,-0.142916,0.115574,0.003736,-0.420145,0.039670,-0.016999,0.302726,0.276609,0.281988,0.355791,0.718012,0.106038,0.773678,0.118177,0.000034,0.963086,0.000000,3.489822,26.789196,24.423784,3.617008,2.894221,3.523250,317.477415,0.013900,5498.366043,1.509854,15.728468,8.526291,0.221876,66.028893,35.922869,1.583091,156.426610,86.729797,274.388789,12.542681,3.936886,21.809204,166973864089109.781250,3.816038,0.557900,3.477086,0.069293,0.025058,3.328157,194.452755,40.546480,1,1,1,0,0,0,0,0,0,0,1,0,0,0,1,0,0,1,0,0,0,0,1,0,1,0,0,1,0,0,0,0,1,1,0,0,1,0,0,1,0,1,0,0,0,0,0,1,0,0,0,0,0,0,1,1,0,0,1,0,0,0,0,0,515.868042,3.203355
522.944000,503.792000,522.098249,38.000000,4.000000,6.000000,4.000000,2.000000,6.000000,0.066667,0.000000,5.000000,83.990000,6.350340,142.606000,222.363243,4.736863,19.178149,9.799819,0.000000,23.915012,0.000000,0.000000,14.536682,23.628719,0.000000,186.000000,0.000000,4.000000,2.000000,0.000000,0.000000,0.000000,1.000000,0.000000,2.000000,4.000000,-4.750000,23.636774,8.675922,0.471832,0.385722,-0.091876,0.666604,0.336586,0.788823,0.718158,0.715214,1.500000,0.321659,0.287188,0.863586,0.526557,0.709698,0.078341,0.690870,1.320734,1.067434,0.467517,0.529748,0.898299,0.043841,0.447194,0.562975,0.849312,0.709648,0.872069,0.216374,0.463069,0.351332,0.129358,-0.114564,0.289232,0.152084,0.958377,0.740450,-0.133615,-0.005953,0.771872,0.626425,0.382856,0.458188,0.617144,0.127198,0.769261,0.226876,0.000033,1.140546,0.000000,3.571104,30.176439,25.395280,3.242833,3.223819,4.530080,317.304293,0.007273,5515.539918,1.572468,12.202344,9.114667,0.249038,100.506873,43.663441,2.249184,175.308848,81.766090,260.485597,9.304847,3.756733,19.763907,164949301332396.812500,4.592597,0.538836,3.776535,0.074179,0.020917,2.976321,185.689618,29.426385,1,1,1,0,0,0,0,0,0,0,1,0,0,0,1,0,0,1,0,0,0,0,1,0,1,0,0,1,0,0,0,0,1,1,0,0,1,0,0,1,0,1,0,0,0,0,0,1,0,0,0,0,0,0,1,1,0,0,1,0,0,0,0,0,488.076043,3.428459
492.462000,475.326000,492.112150,37.000000,4.000000,6.000000,4.000000,2.000000,6.000000,0.034483,0.000000,5.000000,83.990000,5.527620,132.817000,209.860570,4.736863,19.178149,14.190235,0.000000,28.305427,0.000000,0.000000,14.536682,23.628719,0.000000,180.000000,0.000000,4.000000,2.000000,0.000000,0.000000,0.000000,1.000000,0.000000,2.000000,4.000000,-5.110000,22.360063,8.234982,0.562747,0.879704,0.811357,1.198201,0.754260,0.560476,0.536295,0.607397,0.281272,1.064787,0.134111,0.404793,0.067812,1.021948,0.830287,0.273136,0.298543,0.652815,0.846700,0.942718,0.670689,0.423822,0.406398,0.259333,0.551585,0.304796,0.638010,0.630324,0.684565,0.633060,0.013851,0.538361,0.279277,0.334005,0.543526,0.105243,0.788268,0.226854,0.740309,-0.052986,0.312131,0.307933,0.687869,0.129827,0.926293,0.123073,0.000036,0.996670,0.000000,3.236984,28.012708,25.669162,4.471749,2.909639,4.541343,309.521776,0.007860,6273.282994,1.414941,10.654629,6.828368,0.185663,86.295081,36.068578,2.009695,112.901289,78.546711,195.948590,15.020732,2.150868,19.225892,176715506475285.687500,3.822420,0.530497,3.593776,0.080375,0.019458,3.251424,204.496703,31.189971,1,1,1,0,0,0,0,0,0,0,1,0,0,0,1,0,0,1,0,0,0,0,1,0,1,0,0,1,0,0,0,0,1,1,0,0,1,0,0,1,0,1,0,0,0,0,0,1,0,0,0,0,0,0,1,1,0,0,1,0,0,0,0,0,532.667731,3.228028
492.443000,476.315000,492.095751,37.000000,4.000000,6.000000,4.000000,2.000000,6.000000,0.000000,2.000000,7.000000,124.450000,4.491300,131.451600,208.918560,14.949918,19.178149,9.799819,0.000000,34.128066,0.000000,0.000000,14.536682,33.841774,0.000000,180.000000,0.000000,4.000000,2.000000,0.000000,0.000000,0.000000,1.000000,0.000000,2.000000,4.000000,-5.440000,22.051154,8.059733,0.432929,0.240661,0.794169,0.832626,0.342366,0.638674,0.458714,0.767802,0.426383,0.725397,0.201716,0.679657,0.497575,1.262197,0.803454,0.490367,0.363413,1.188119,0.190889,0.136370,0.422472,0.841403,0.727797,0.563031,0.684753,0.700239,0.760817,0.478274,0.354338,0.428810,0.136044,-0.120121,0.498968,0.254991,0.423382,0.603794,-0.550091,-0.154719,0.478172,-0.079508,0.299394,0.366612,0.700606,0.108346,0.783752,0.174229,0.000029,1.054135,0.000000,3.120472,29.306965,20.438140,4.232953,2.827084,5.513866,289.500978,0.009629,6680.418636,1.505117,12.635791,7.501562,0.152128,86.475092,50.979207,2.083377,159.968287,81.732988,213.103159,5.635774,2.749460,15.175040,173232732077007.375000,4.077511,0.554885,3.276998,0.074879,0.015375,2.776000,199.124680,32.309216,1,1,1,0,0,0,0,0,0,0,1,0,0,0,1,0,0,1,0,0,0,0,1,0,1,0,0,1,0,0,0,0,1,1,0,0,1,0,0,1,0,1,0,0,0,0,0,1,0,0,0,0,0,0,1,1,0,0,1,0,0,0,0,0,506.382622,3.432503
504.498000,484.338000,504.132136,38.000000,4.000000,6.000000,4.000000,2.000000,6.000000,0.066667,1.000000,6.000000,104.220000,5.402540,139.260800,216.854211,9.843390,19.178149,9.799819,0.000000,29.021539,0.000000,0.000000,14.536682,28.735246,0.000000,186.000000,0.000000,4.000000,2.000000,0.000000,0.000000,0.000000,1.000000,0.000000,2.000000,4.000000,-5.240000,23.176130,8.414571,0.874414,0.813803,0.119357,0.693210,0.791459,0.393288,0.685828,0.634088,0.781728,0.999058,0.345578,0.375034,0.465073,0.558681,0.499325,0.851426,0.653731,0.632250,0.511708,0.302209,0.458596,0.544319,0.510839,0.350553,0.897063,0.079780,1.053731,0.516909,0.147572,0.799153,0.373063,0.181674,-0.318632,0.718062,-0.279061,-0.134125,0.359686,0.558193,-0.147786,-0.167013,0.339367,0.333621,0.660633,0.115298,0.879188,0.169744,0.000026,1.008828,0.000000,3.918244,28.833165,22.607381,3.861972,3.341319,5.308100,332.178951,0.007010,6163.150438,1.489826,13.949513,8.100720,0.200305,71.307720,43.119900,2.061085,136.940628,67.865834,213.231527,9.087997,2.718952,16.714137,206229158000028.312500,4.400184,0.559268,3.561250,0.082772,0.022349,3.137068,171.342148,39.232278,1,1,1,0,0,0,0,0,0,0,1,0,0,0,1,0,0,1,0,0,0,0,1,0,1,0,0,1,0,0,0,0,1,1,0,0,1,0,0,1,0,1,0,0,0,0,0,1,0,0,0,0,0,0,1,1,0,0,1,0,0,0,0,0,534.994164,3.297478
510.889000,495.769000,510.061864,37.000000,4.000000,6.000000,4.000000,2.000000,6.000000,0.000000,1.000000,6.000000,104.220000,5.439100,134.796800,214.427593,9.843390,19.178149,9.799819,0.000000,29.021539,0.000000,0.000000,14.536682,28.735246,0.000000,180.000000,0.000000,4.000000,2.000000,0.000000,0.000000,0.000000,1.000000,0.000000,2.000000,4.000000,-4.950000,22.509965,8.320436,0.769753,0.861267,0.834219,0.984015,0.514009,0.410196,0.595563,0.562252,0.526849,0.837416,0.556076,0.597313,0.675352,0.541530,0.251254,0.780115,0.368605,0.766973,0.461527,0.846091,0.579185,0.423200,0.762506,0.549847,0.348195,0.413902,0.397104,0.025373,0.114846,0.318775,-0.324747,0.626500,0.222391,0.322454,-0.026573,0.006889,0.560083,0.630667,0.024064,-0.093790,0.411285,0.357714,0.588715,0.112635,0.795417,0.136694,0.000036,0.944353,0.000000,3.082022,30.365394,22.172612,3.573973,2.563230,4.072207,347.088187,0.009350,5260.466401,1.587411,10.304136,9.128095,0.206713,60.933315,37.511354,2.056454,118.801611,71.953137,147.230091,11.117880,3.046031,19.170083,178053393526800.812500,4.950796,0.474877,3.482117,0.094624,0.013887,3.330983,179.025107,37.486920,1,1,1,0,0,0,0,0,0,0,1,0,0,0,1,0,0,1,0,0,0,0,1,0,1,0,0,1,0,0,0,0,1,1,0,0,1,0,0,1,0,1,0,0,0,0,0,1,0,0,0,0,0,0,1,1,0,0,1,0,0,0,0,0,512.557765,3.718155
496.425000,482.313000,496.087078,37.000000,4.000000,6.000000,4.000000,2.000000,6.000000,0.000000,0.000000,5.000000,83.990000,5.358300,128.038000,207.661164,4.736863,19.178149,18.580650,0.000000,32.695842,0.000000,0.000000,14.536682,23.628719,0.000000,180.000000,0.000000,4.000000,2.000000,0.000000,0.000000,0.000000,1.000000,0.000000,2.000000,4.000000,-5.180000,22.294507,8.197695,0.710957,1.034645,0.316649,0.290611,0.676643,0.745615,0.300456,0.694989,1.231453,0.536134,0.679260,1.077052,0.847942,0.375768,0.115021,1.049167,0.726937,0.401928,0.755600,0.048648,0.653317,0.287557,0.243536,0.611731,0.509225,0.980223,0.283020,0.506287,0.463865,-0.070588,0.344147,0.448545,0.081530,0.229134,0.065373,0.229362,0.055975,-0.010831,0.511826,0.156306,0.342757,0.352446,0.657243,0.116224,0.913981,0.190555,0.000032,0.854213,0.000000,3.380721,24.398802,19.228581,3.938759,2.839152,5.235493,311.470824,0.007953,6634.010430,1.662382,14.142398,7.608084,0.266798,75.917356,50.496817,1.822453,168.990305,103.578063,173.138570,8.836476,2.683085,22.807497,168181135792381.093750,3.121725,0.528989,3.763221,0.072230,0.019249,3.295521,150.592735,29.337157,1,1,1,0,0,0,0,0,0,0,1,0,0,0,1,0,0,1,0,0,0,0,1,0,1,0,0,1,0,0,0,0,1,1,0,0,1,0,0,1,0,1,0,0,0,0,0,1,0,0,0,0,0,0,1,1,0,0,1,0,0,0,0,0,538.451237,3.208860
492.443000,476.315000,492.095751,37.000000,4.000000,6.000000,4.000000,2.000000,6.000000,0.000000,2.000000,7.000000,124.450000,4.491300,131.451600,208.918560,14.949918,19.178149,9.799819,0.000000,34.128066,0.000000,0.000000,14.536682,33.841774,0.000000,180.000000,0.000000,4.000000,2.000000,0.000000,0.000000,0.000000,1.000000,0.000000,2.000000,4.000000,-5.440000,22.051154,8.059733,0.371491,0.727485,1.130988,0.103906,0.847558,0.423530,0.358507,0.465639,0.226043,0.959541,0.242403,0.274092,0.834126,0.498051,0.243435,0.833124,0.436090,0.570602,0.778952,0.389803,0.546715,0.519371,0.314659,0.405624,0.716551,0.635610,0.308376,0.122399,-0.274423,0.332492,0.122437,0.264764,0.329554,0.455455,0.122221,0.359088,0.094011,0.414460,-0.588583,0.286360,0.346866,0.362317,0.653134,0.121874,0.714345,0.176089,0.000037,1.234103,0.000000,3.675879,28.024189,22.250308,3.990063,2.657802,3.856300,306.055410,0.005046,5901.670914,1.567776,12.822925,9.177195,0.160215,55.536414,39.983748,2.256231,118.263430,80.369993,205.484153,11.228179,3.122886,13.623508,133430794600747.062500,5.558166,0.525935,3.630717,0.088236,0.017941,3.520199,181.409660,30.357394,1,1,1,0,0,0,0,0,0,0,1,0,0,0,1,0,0,1,0,0,0,0,1,0,1,0,0,1,0,0,0,0,1,1,0,0,1,0,0,1,0,1,0,0,0,0,0,1,0,0,0,0,0,0,1,1,0,0,1,0,0,0,0,0,476.936257,3.270921
496.425000,482.313000,496.087078,37.000000,4.000000,6.000000,4.000000,2.000000,6.000000,0.000000,0.000000,5.000000,83.990000,5.358300,128.038000,207.661164,4.736863,19.178149,18.580650,0.000000,32.695842,0.000000,0.000000,14.536682,23.628719,0.000000,180.000000,0.000000,4.000000,2.000000,0.000000,0.000000,0.000000,1.000000,0.000000,2.000000,4.000000,-5.180000,22.294507,8.197695,0.441787,0.613637,0.645900,1.008293,0.657131,1.154012,0.742117,0.955284,0.710939,0.625169,0.262234,0.080972,0.712625,0.577994,0.811242,0.688337,0.519270,0.285449,0.743968,0.391104,0.961501,0.379581,0.165967,0.283020,0.781974,0.281200,1.119650,0.538111,0.446308,0.261549,0.177977,0.401275,-0.033769,0.260746,0.071943,0.515346,0.185936,0.137983,-0.012500,0.009958,0.369549,0.348272,0.630451,0.142495,0.800276,0.179740,0.000032,0.982287,0.000000,3.555579,27.261817,23.216822,3.749782,2.507134,4.796743,334.529345,0.009743,5526.619460,1.547098,10.351311,8.162594,0.206060,55.818638,38.641495,2.376687,118.987211,67.791179,185.958244,12.484035,5.035014,18.538594,210020099425300.093750,5.742526,0.522217,3.461514,0.077594,0.020316,2.963442,186.937301,24.591990,1,1,1,0,0,0,0,0,0,0,1,0,0,0,1,0,0,1,0,0,0,0,1,0,1,0,0,1,0,0,0,0,1,1,0,0,1,0,0,1,0,1,0,0,0,0,0,1,0,0,0,0,0,0,1,1,0,0,1,0,0,0,0,0,498.898993,3.134205
492.443000,476.315000,492.095751,37.000000,4.000000,6.000000,4.000000,2.000000,6.000000,0.000000,2.000000,7.000000,124.450000,4.491300,131.451600,208.918560,14.949918,19.178149,9.799819,0.000000,34.128066,0.000000,0.000000,14.536682,33.841774,0.000000,180.000000,0.000000,4.000000,2.000000,0.000000,0.000000,0.000000,1.000000,0.000000,2.000000,4.000000,-5.440000,22.051154,8.059733,0.711786,0.789042,-0.087587,0.797017,0.847578,0.889669,0.705936,0.062234,0.340542,0.195980,0.342546,0.682410,0.281939,0.848053,0.235257,0.228401,0.484447,0.925481,0.649545,0.882045,0.111535,0.730372,0.413600,0.527210,0.195838,0.925322,1.106723,0.670757,0.388452,0.449333,0.517274,0.312064,0.280970,-0.104119,0.183432,-0.154073,-0.339741,0.252880,0.211018,-0.193750,0.317145,0.266216,0.682855,0.092178,0.890606,0.185039,0.000029,1.091121,0.000000,3.160108,26.830815,21.065158,3.703792,2.505080,5.468213,324.649616,0.004781,5854.871468,1.542263,11.689504,7.704663,0.213310,94.623160,32.197917,2.101478,127.825567,89.722094,257.177895,10.351384,2.206030,17.115348,171643992751932.718750,4.540451,0.601856,3.335435,0.083534,0.021693,2.673682,149.535695,44.673896,1,1,1,0,0,0,0,0,0,0,1,0,0,0,1,0,0,1,0,0,0,0,1,0,1,0,0,1,0,0,0,0,1,1,0,0,1,0,0,1,0,1,0,0,0,0,0,1,0,0,0,0,0,0,1,1,0,0,1,0,0,0,0,0,538.481692,3.407154
506.489000,487.337000,506.127800,38.000000,4.000000,6.000000,4.000000,2.000000,6.000000,0.066667,0.000000,5.000000,83.990000,5.836040,137.554000,216.225512,4.736863,19.178149,14.190235,0.000000,28.305427,0.000000,0.000000,14.536682,23.628719,0.000000,186.000000,0.000000,4.000000,2.000000,0.000000,0.000000,0.000000,1.000000,0.000000,2.000000,4.000000,-5.110000,23.298271,8.483630,0.817763,0.684215,0.220883,0.331745,1.193358,0.804578,0.170468,0.232341,1.055585,1.014811,0.964885,0.180110,0.378644,0.110367,0.350555,0.815005,0.688980,1.022336,0.531558,0.344922,0.088295,0.405089,0.151199,0.434251,-0.302274,0.536484,0.137437,0.152605,0.669647,0.175743,0.468603,0.437116,0.102336,0.332869,0.173777,-0.068853,0.061390,-0.135153,0.529091,-0.184762,0.374953,0.344482,0.625047,0.066876,0.751033,0.141642,0.000027,1.126348,0.000000,3.228128,27.423031,22.882339,3.942707,2.928892,4.747437,330.370213,0.007942,5551.697004,1.354438,12.927806,8.771129,0.199600,80.193490,38.073829,1.693729,107.762663,65.664689,247.629542,12.185877,4.010735,21.109432,211864277152478.593750,4.008734,0.480313,3.529202,0.086550,0.022120,3.012933,189.311137,40.291940,1,1,1,0,0,0,0,0,0,0,1,0,0,0,1,0,0,1,0,0,0,0,1,0,1,0,0,1,0,0,0,0,1,1,0,0,1,0,0,1,0,1,0,0,0,0,0,1,0,0,0,0,0,0,1,1,0,0,1,0,0,0,0,0,531.833166,3.646319
526.888000,511.768000,526.056778,38.000000,4.000000,6.000000,4.000000,2.000000,6.000000,0.000000,2.000000,7.000000,124.450000,5.144700,136.461600,219.221827,14.949918,19.178149,9.799819,0.000000,34.128066,0.000000,0.000000,14.536682,33.841774,0.000000,186.000000,0.000000,4.000000,2.000000,0.000000,0.000000,0.000000,1.000000,0.000000,2.000000,4.000000,-5.150000,23.260684,8.462359,1.387468,1.019662,0.297568,0.577707,0.875875,0.766414,0.455147,0.483619,1.000224,0.260943,0.459884,0.356184,0.628588,0.683894,0.463781,0.874538,0.450779,0.480183,0.758038,0.264460,0.082010,0.766314,0.156124,-0.076508,0.222333,0.459444,0.457916,0.490571,0.426111,0.518670,0.341346,-0.371125,0.212966,0.123858,0.067447,0.193873,0.356521,-0.297090,0.915079,0.135834,0.331307,0.391063,0.668693,0.108930,0.876079,0.196258,0.000038,0.969788,0.000000,3.039928,30.110292,24.142346,3.756058,2.114672,4.415788,324.108391,0.010320,5180.080206,1.520537,11.945112,7.587929,0.237403,100.874877,37.324114,2.145486,127.382945,72.698396,185.064634,10.310467,3.730656,16.585125,202688274934133.062500,4.305860,0.575531,3.429555,0.089518,0.019724,3.078830,163.005679,28.905928,1,1,1,0,0,0,0,0,0,0,1,0,0,0,1,0,0,1,0,0,0,0,1,0,1,0,0,1,0,0,0,0,1,1,0,0,1,0,0,1,0,1,0,0,0,0,0,1,0,0,0,0,0,0,1,1,0,0,1,0,0,0,0,0,529.907646,3.539912
496.425000,482.313000,496.087078,37.000000,4.000000,6.000000,4.000000,2.000000,6.000000,0.000000,0.000000,5.000000,83.990000,5.358300,128.038000,207.661164,4.736863,19.178149,18.580650,0.000000,32.695842,0.000000,0.000000,14.536682,23.628719,0.000000,180.000000,0.000000,4.000000,2.000000,0.000000,0.000000,0.000000,1.000000,0.000000,2.000000,4.000000,-5.180000,22.294507,8.197695,0.436976,0.539221,0.530601,0.837767,0.857410,0.894002,0.736758,0.913394,0.567070,0.244965,0.406312,0.298908,0.609729,0.357520,0.356261,0.407823,0.942794,0.737422,0.693744,0.914168,0.466956,0.546119,0.592529,0.812753,0.154248,0.606873,0.971568,0.144707,0.620833,0.726050,-0.295124,-0.187289,0.159689,0.150074,-0.249705,0.340520,0.437712,0.236740,0.132727,0.130049,0.334394,0.376986,0.665606,0.123241,0.767443,0.155374,0.000036,1.099648,0.000000,4.064417,26.774384,21.700250,3.960676,2.447991,4.651794,305.107312,0.007159,5164.299473,1.396487,13.184641,7.569541,0.209858,98.806675,38.350310,2.625650,116.064562,74.626605,227.982912,8.995199,3.755458,17.779455,216831727383782.500000,5.467532,0.467638,3.558843,0.086775,0.024995,2.681485,189.764125,30.541588,1,1,1,0,0,0,0,0,0,0,1,0,0,0,1,0,0,1,0,0,0,0,1,0,1,0,0,1,0,0,0,0,1,1,0,0,1,0,0,1,0,1,0,0,0,0,0,1,0,0,0,0,0,0,1,1,0,0,1,0,0,0,0,0,487.462844,3.275881
520.516000,499.348000,520.143450,39.000000,4.000000,6.000000,4.000000,2.000000,6.000000,0.096774,0.000000,5.000000,83.990000,6.144460,142.291000,222.590455,4.736863,19.178149,14.190235,0.000000,28.305427,0.000000,0.000000,14.536682,23.628719,0.000000,192.000000,0.000000,4.000000,2.000000,0.000000,0.000000,0.000000,1.000000,0.000000,2.000000,4.000000,-5.110000,24.239487,8.732366,0.774573,0.964041,0.512340,1.100144,0.766388,0.998650,0.522071,0.885992,1.052717,1.002780,0.385712,0.132773,0.919394,0.079371,0.453406,0.593646,0.520450,1.093303,0.467003,0.936946,0.703500,1.069840,0.093060,0.374104,0.894225,0.639876,0.293986,-0.349750,0.531988,0.763750,0.553981,0.346467,0.582802,-0.048193,0.807538,-0.151604,0.544068,0.487753,0.239507,0.073307,0.266739,0.421890,0.733261,0.159676,0.814973,0.209301,0.000035,1.020390,0.000000,3.706611,28.085372,20.890728,4.177972,1.731140,4.519912,312.345331,0.009444,5093.424420,1.351342,13.988074,7.221476,0.222232,84.531036,48.005863,1.922936,127.240461,69.461507,224.738037,10.603686,3.611890,20.003843,201851142573972.093750,4.846353,0.544409,3.255371,0.082874,0.018862,3.598479,170.690701,34.881405,1,1,1,0,0,0,0,0,0,0,1,0,0,0,1,0,0,1,0,0,0,0,1,0,1,0,0,1,0,0,0,0,1,1,0,0,1,0,0,1,0,1,0,0,0,0,0,1,0,0,0,0,0,0,1,1,0,0,1,0,0,0,0,0,480.640100,2.782531
508.917000,491.781000,508.082599,37.000000,4.000000,6.000000,4.000000,2.000000,6.000000,0.034483,0.000000,5.000000,83.990000,6.041920,137.869000,215.998301,4.736863,19.178149,9.799819,0.000000,23.915012,0.000000,0.000000,14.536682,23.628719,0.000000,180.000000,0.000000,4.000000,2.000000,0.000000,0.000000,0.000000,1.000000,0.000000,2.000000,4.000000,-4.750000,22.697457,8.427697,0.707676,0.715361,0.747676,0.631646,1.379198,0.781616,0.429159,0.759116,0.839585,0.183294,0.213262,0.980812,0.536151,0.262146,0.384887,0.749718,0.728828,0.820717,-0.428762,0.624962,0.648745,0.573332,0.986426,0.357696,0.988827,0.233100,0.493228,1.162348,0.745834,0.473653,0.018871,0.417123,-0.005717,-0.181059,0.088836,-0.056887,0.040890,0.860924,0.830731,0.023747,0.454863,0.271270,0.545137,0.092684,0.782769,0.175705,0.000034,1.032560,0.000000,3.508141,30.221770,24.708758,3.862567,2.752609,4.844290,325.545664,0.007057,5283.589039,1.163301,9.857933,8.497917,0.165917,74.588275,35.814148,2.217199,124.232608,75.599403,235.652423,11.441892,3.201917,15.296276,196123805377575.468750,4.689667,0.598179,3.692715,0.081065,0.020130,2.954861,198.331098,32.546731,1,1,1,0,0,0,0,0,0,0,1,0,0,0,1,0,0,1,0,0,0,0,1,0,1,0,0,1,0,0,0,0,1,1,0,0,1,0,0,1,0,1,0,0,0,0,0,1,0,0,0,0,0,0,1,1,0,0,1,0,0,0,0,0,519.608787,3.958188
490.471000,472.327000,490.116486,37.000000,4.000000,6.000000,4.000000,2.000000,6.000000,0.034483,1.000000,6.000000,104.220000,5.094120,134.523800,210.489269,9.843390,19.178149,9.799819,0.000000,29.021539,0.000000,0.000000,14.536682,28.735246,0.000000,180.000000,0.000000,4.000000,2.000000,0.000000,0.000000,0.000000,1.000000,0.000000,2.000000,4.000000,-5.240000,22.238329,8.165783,0.715634,0.714222,0.902134,0.211592,0.767271,0.859744,0.263454,1.012144,0.404570,0.401718,0.466307,0.437042,0.413647,1.045940,0.310405,0.455310,0.153085,0.718434,0.352547,0.047429,0.228589,0.876934,0.653330,-0.444557,0.443216,0.270611,1.213648,0.393593,0.627757,0.681455,0.427940,0.126468,0.623409,-0.109946,0.158134,-0.489582,0.332565,0.371008,0.720433,0.278430,0.342390,0.324051,0.657610,0.110495,0.868766,0.174946,0.000035,1.103563,0.000000,2.408728,28.063950,19.264604,3.594959,2.140792,4.972552,273.615063,0.007014,5429.302331,1.481955,11.277468,8.386706,0.234932,90.493268,39.761188,1.280843,120.857133,104.513097,213.712647,13.508928,3.069905,16.948562,184684619655005.187500,4.544967,0.516713,3.848780,0.084012,0.028796,3.088455,167.363703,38.574888,1,1,1,0,0,0,0,0,0,0,1,0,0,0,1,0,0,1,0,0,0,0,1,0,1,0,0,1,0,0,0,0,1,1,0,0,1,0,0,1,0,1,0,0,0,0,0,1,0,0,0,0,0,0,1,1,0,0,1,0,0,0,0,0,521.337886,3.395279
524.479000,506.335000,524.118378,39.000000,4.000000,6.000000,4.000000,2.000000,6.000000,0.066667,0.000000,5.000000,83.990000,5.975140,137.512000,220.391048,4.736863,19.178149,18.580650,0.000000,32.695842,0.000000,0.000000,14.536682,23.628719,0.000000,192.000000,0.000000,4.000000,2.000000,0.000000,0.000000,0.000000,1.000000,0.000000,2.000000,4.000000,-5.180000,24.173509,8.695227,0.462441,0.420621,0.884895,0.607224,0.728959,1.027993,0.256517,0.637446,0.836458,0.910667,0.721788,0.156611,0.037588,0.802580,0.856541,0.425008,0.909711,0.539299,0.726367,0.043497,0.307580,1.104880,0.466981,0.718026,0.802989,0.327563,0.608996,0.881530,0.127865,0.478887,-0.167226,0.400111,0.174258,-0.097218,-0.238413,-0.046003,0.258746,-0.028168,0.046351,0.277149,0.230187,0.322274,0.769813,0.103614,0.773132,0.176778,0.000027,0.938739,0.000000,3.095550,30.813799,21.496214,4.101014,2.702864,3.519107,318.811753,0.009317,5131.969893,1.481955,12.098686,8.120082,0.267733,90.666695,40.128737,1.645556,167.221797,79.449271,181.827019,9.821703,4.306542,11.203868,162637476785867.906250,4.791858,0.576050,3.840125,0.071700,0.024434,3.408387,208.590460,40.746798,1,1,1,0,0,0,0,0,0,0,1,0,0,0,1,0,0,1,0,0,0,0,1,0,1,0,0,1,0,0,0,0,1,1,0,0,1,0,0,1,0,1,0,0,0,0,0,1,0,0,0,0,0,0,1,1,0,0,1,0,0,0,0,0,504.629687,3.364858
488.499000,468.339000,488.137222,37.000000,4.000000,6.000000,4.000000,2.000000,6.000000,0.066667,0.000000,5.000000,83.990000,5.696940,137.596000,212.059977,4.736863,19.178149,9.799819,0.000000,23.915012,0.000000,0.000000,14.536682,23.628719,0.000000,180.000000,0.000000,4.000000,2.000000,0.000000,0.000000,0.000000,1.000000,0.000000,2.000000,4.000000,-5.040000,22.425635,8.272329,0.797443,0.352524,0.923109,0.572860,0.284463,0.506814,0.314275,0.475395,0.046469,0.038522,0.571863,0.806485,0.776022,0.528559,0.770577,1.144885,0.389331,0.462372,0.590779,0.426768,0.132210,0.727351,0.130173,0.684762,0.477295,0.482230,0.480741,0.611166,0.792975,1.117282,0.787326,0.697351,0.249518,0.487318,0.461817,-0.024110,0.405018,0.182229,-0.301539,-0.356924,0.342777,0.294655,0.657223,0.106498,0.852097,0.170409,0.000030,1.077299,0.000000,3.576896,25.068865,22.849210,3.341265,3.115945,4.699210,344.863371,0.011134,5250.153128,1.411870,11.233649,7.248376,0.226534,80.211727,29.411330,2.034417,137.072182,72.109554,121.191948,6.081468,3.337312,23.031192,162552116911964.687500,4.107870,0.612566,3.784533,0.080683,0.019697,3.171655,180.055543,28.550068,1,1,1,0,0,0,0,0,0,0,1,0,0,0,1,0,0,1,0,0,0,0,1,0,1,0,0,1,0,0,0,0,1,1,0,0,1,0,0,1,0,1,0,0,0,0,0,1,0,0,0,0,0,0,1,1,0,0,1,0,0,0,0,0,534.656736,3.224591
492.443000,476.315000,492.095751,37.000000,4.000000,6.000000,4.000000,2.000000,6.000000,0.000000,2.000000,7.000000,124.450000,4.491300,131.451600,208.918560,14.949918,19.178149,9.799819,0.000000,34.128066,0.000000,0.000000,14.536682,33.841774,0.000000,180.000000,0.000000,4.000000,2.000000,0.000000,0.000000,0.000000,1.000000,0.000000,2.000000,4.000000,-5.440000,22.051154,8.059733,0.030995,0.707557,0.880136,0.633186,0.633353,0.332739,0.858685,1.055846,0.344610,0.417259,0.371585,0.116270,0.295678,0.439533,0.593039,0.538321,0.475887,0.651801,0.296581,0.505270,0.616937,0.217550,0.504357,1.054913,0.556820,0.191781,0.639408,0.276544,0.438211,0.295259,0.585679,0.084588,-0.011743,0.528509,0.612035,-0.183585,-0.146049,-0.009596,0.162242,0.150668,0.334783,0.365797,0.665217,0.116361,1.005726,0.171180,0.000036,0.877374,0.000000,3.410744,29.872269,20.743517,4.423413,2.711142,4.703948,260.286776,0.008359,5074.670828,1.614613,11.956008,9.941949,0.168679,76.856615,33.142947,2.095951,135.552090,85.182602,203.476734,10.802020,2.478335,18.626971,159585800275732.687500,4.434509,0.507488,3.356393,0.077931,0.018909,2.953972,180.820522,36.617174,1,1,1,0,0,0,0,0,0,0,1,0,0,0,1,0,0,1,0,0,0,0,1,0,1,0,0,1,0,0,0,0,1,1,0,0,1,0,0,1,0,1,0,0,0,0,0,1,0,0,0,0,0,0,1,1,0,0,1,0,0,0,0,0,554.542916,3.462919
494.434000,479.314000,494.091414,37.000000,4.000000,6.000000,4.000000,2.000000,6.000000,0.000000,1.000000,6.000000,104.220000,4.924800,129.744800,208.289862,9.843390,19.178149,14.190235,0.000000,33.411954,0.000000,0.000000,14.536682,28.735246,0.000000,180.000000,0.000000,4.000000,2.000000,0.000000,0.000000,0.000000,1.000000,0.000000,2.000000,4.000000,-5.310000,22.172803,8.128608,0.340750,0.800129,0.924490,0.616340,0.344187,0.441928,0.302785,0.623873,0.464781,0.586616,1.198669,0.436727,0.721771,0.903472,0.683679,0.198791,0.718726,0.336836,0.886362,0.401397,0.501123,0.701520,0.193887,0.322528,0.097991,0.610533,0.687968,0.238297,0.358014,0.945845,0.915029,0.261477,0.344828,0.073662,0.024312,0.520339,0.338535,0.178567,-0.156413,0.231418,0.400495,0.304871,0.599505,0.134451,0.802131,0.167683,0.000032,0.946945,0.000000,3.562040,34.021219,22.922102,3.360432,2.554039,5.663217,306.581598,0.010963,5685.216777,1.391948,10.764392,6.258563,0.234875,89.433924,42.624747,2.112814,112.200036,84.502566,206.158990,12.820438,4.158867,17.466878,163158781240546.031250,4.577716,0.587185,3.467767,0.063051,0.019155,2.599683,143.161769,30.381455,1,1,1,0,0,0,0,0,0,0,1,0,0,0,1,0,0,1,0,0,0,0,1,0,1,0,0,1,0,0,0,0,1,1,0,0,1,0,0,1,0,1,0,0,0,0,0,1,0,0,0,0,0,0,1,1,0,0,1,0,0,0,0,0,508.380371,3.621006
510.452000,494.324000,510.102728,38.000000,4.000000,6.000000,4.000000,2.000000,6.000000,0.034483,0.000000,5.000000,83.990000,5.666720,132.775000,214.026106,4.736863,19.178149,18.580650,0.000000,32.695842,0.000000,0.000000,14.536682,23.628719,0.000000,186.000000,0.000000,4.000000,2.000000,0.000000,0.000000,0.000000,1.000000,0.000000,2.000000,4.000000,-5.180000,23.232496,8.446419,0.742537,-0.107825,0.585128,0.395456,0.829731,0.481715,0.220246,0.661059,0.835622,0.840780,0.722705,0.171731,0.523189,0.667099,0.433511,0.755382,0.679311,0.705309,0.492073,0.989034,0.550984,0.511677,0.255175,0.423920,0.153435,0.600057,0.407342,0.253042,0.512671,0.642934,0.562127,0.325114,0.384392,0.374003,-0.049293,0.101621,0.444283,0.462669,0.906279,0.103773,0.350911,0.320928,0.649089,0.130777,0.790715,0.206750,0.000032,1.172034,0.000000,3.406755,31.043446,22.328166,2.893688,2.361482,4.727672,305.038040,0.007124,5502.836403,1.499515,13.922277,7.911589,0.223526,104.875863,59.524255,2.463613,147.159522,83.766181,227.786057,12.897094,3.556792,16.960367,186065164206325.906250,5.225109,0.572279,3.421183,0.072373,0.021960,3.300706,189.370846,26.960097,1,1,1,0,0,0,0,0,0,0,1,0,0,0,1,0,0,1,0,0,0,0,1,0,1,0,0,1,0,0,0,0,1,1,0,0,1,0,0,1,0,1,0,0,0,0,0,1,0,0,0,0,0,0,1,1,0,0,1,0,0,0,0,0,498.461030,3.486392
514.415000,501.311000,514.077656,38.000000,4.000000,6.000000,4.000000,2.000000,6.000000,0.000000,0.000000,5.000000,83.990000,5.497400,127.996000,211.826699,4.736863,19.178149,22.971065,0.000000,37.086257,0.000000,0.000000,14.536682,23.628719,0.000000,186.000000,0.000000,4.000000,2.000000,0.000000,0.000000,0.000000,1.000000,0.000000,2.000000,4.000000,-5.250000,23.166736,8.409267,0.653163,0.652167,1.222585,0.884406,0.700218,0.531816,0.534402,0.900196,0.235334,0.352034,0.376037,0.971263,0.126008,0.575999,0.346292,0.458602,1.020514,-0.237016,0.657142,0.010123,0.158758,0.289041,0.238855,-0.072607,0.433969,0.696290,0.638755,0.683716,0.522580,0.264666,0.262609,0.178424,0.503308,0.015134,0.279203,0.585522,-0.119360,-0.016352,0.054130,0.074266,0.387988,0.358964,0.612012,0.108390,0.752052,0.161003,0.000028,1.099105,0.000000,3.551139,28.381443,23.046887,4.062823,2.721930,5.463243,339.840334,0.009366,5987.609647,1.400302,11.646372,8.206643,0.265566,92.205212,52.012511,2.031770,146.705500,72.783410,253.189612,12.416022,4.217932,13.637977,208517670600149.468750,5.193878,0.576510,3.716624,0.075969,0.018778,3.425193,144.678863,37.200385,1,1,1,0,0,0,0,0,0,0,1,0,0,0,1,0,0,1,0,0,0,0,1,0,1,0,0,1,0,0,0,0,1,1,0,0,1,0,0,1,0,1,0,0,0,0,0,1,0,0,0,0,0,0,1,1,0,0,1,0,0,0,0,0,498.441175,3.661027
502.526000,480.350000,502.152872,38.000000,4.000000,6.000000,4.000000,2.000000,6.000000,0.096774,0.000000,5.000000,83.990000,6.005360,142.333000,218.424919,4.736863,19.178149,9.799819,0.000000,23.915012,0.000000,0.000000,14.536682,23.628719,0.000000,186.000000,0.000000,4.000000,2.000000,0.000000,0.000000,0.000000,1.000000,0.000000,2.000000,4.000000,-5.040000,23.364061,8.520899,0.630984,0.414653,0.309667,0.826238,0.815635,0.189608,1.136397,0.907261,0.488403,0.901542,0.109210,0.454386,0.638985,0.188049,0.890086,0.822921,0.622943,0.322977,0.300256,0.186333,0.404599,0.524613,0.912750,0.594341,0.602207,0.507471,0.858140,0.471692,-0.193696,0.588921,0.551480,0.423420,-0.051607,0.026915,0.080020,0.426087,0.470391,0.294492,0.251993,-0.013513,0.369914,0.332473,0.630086,0.093625,0.844793,0.186413,0.000035,1.063921,0.000000,3.356383,30.472765,24.290642,3.430763,3.119538,4.979768,309.260283,0.006172,5999.745855,1.559363,14.710059,6.706485,0.203634,86.548298,52.930476,1.749492,155.774947,62.015477,163.580291,7.787811,4.290459,17.112560,202539615030180.093750,4.325891,0.444379,3.716712,0.070377,0.022865,2.511714,225.375444,29.978937,1,1,1,0,0,0,0,0,0,0,1,0,0,0,1,0,0,1,0,0,0,0,1,0,1,0,0,1,0,0,0,0,1,1,0,0,1,0,0,1,0,1,0,0,0,0,0,1,0,0,0,0,0,0,1,1,0,0,1,0,0,0,0,0,536.389732,3.786991
522.469000,504.325000,522.106316,39.000000,4.000000,6.000000,4.000000,2.000000,6.000000,0.034483,3.000000,8.000000,144.680000,4.505320,137.853400,220.077736,20.056445,19.178149,9.799819,0.000000,39.234594,0.000000,0.000000,14.536682,38.948301,0.000000,192.000000,0.000000,4.000000,2.000000,0.000000,0.000000,0.000000,1.000000,0.000000,2.000000,4.000000,-5.640000,23.740282,8.452592,0.776320,0.856042,0.778725,0.495351,0.282343,0.548959,0.036881,0.547386,0.512741,0.628932,0.621797,0.689671,0.302621,0.791513,0.901783,0.697642,0.947002,0.864696,0.544084,0.061209,0.239944,0.205545,0.799737,0.754285,0.458814,0.027118,0.501623,0.397025,0.609057,0.556477,0.361547,-0.165325,0.346426,0.015532,0.239154,0.106097,0.450752,0.498219,0.045701,0.323258,0.377744,0.358808,0.622256,0.091158,0.817556,0.165840,0.000033,1.104975,0.000000,3.630961,25.230094,21.241228,3.215866,2.174946,4.385190,328.446530,0.008721,6486.094247,1.595952,11.503641,7.908339,0.245997,64.502039,26.648839,2.197887,113.505988,90.711966,262.402321,11.351500,3.411780,16.662523,174149391722270.000000,3.888899,0.503325,3.527444,0.092158,0.021677,3.210762,150.107445,51.822799,1,1,1,0,0,0,0,0,0,0,1,0,0,0,1,0,0,1,0,0,0,0,1,0,1,0,0,1,0,0,0,0,1,1,0,0,1,0,0,1,0,1,0,0,0,0,0,1,0,0,0,0,0,0,1,1,0,0,1,0,0,0,0,0,523.651199,3.602966
506.489000,487.337000,506.127800,38.000000,4.000000,6.000000,4.000000,2.000000,6.000000,0.066667,0.000000,5.000000,83.990000,5.836040,137.554000,216.225512,4.736863,19.178149,14.190235,0.000000,28.305427,0.000000,0.000000,14.536682,23.628719,0.000000,186.000000,0.000000,4.000000,2.000000,0.000000,0.000000,0.000000,1.000000,0.000000,2.000000,4.000000,-5.110000,23.298271,8.483630,0.810012,0.319654,0.503944,0.244480,0.494744,0.373073,0.812014,0.530744,1.020084,0.711222,0.437060,0.425569,0.474773,1.016796,0.404829,0.366174,0.106856,0.670609,0.714549,0.617446,0.277877,0.690030,0.536727,0.689077,0.320417,0.515342,0.767247,-0.411741,0.603722,0.015409,0.244288,-0.200484,0.129904,0.240148,0.002435,0.045861,0.652969,0.192304,0.187197,0.369451,0.431240,0.414107,0.568760,0.078406,0.945190,0.177844,0.000033,1.038109,0.000000,4.277281,26.240817,22.089652,4.237067,2.319253,5.610225,327.291249,0.007427,6042.942049,1.451961,13.564958,6.928709,0.229530,65.466875,39.137728,2.291866,144.599732,92.755575,182.726973,13.431755,2.188622,15.118855,128048002540230.312500,5.147872,0.513480,3.368297,0.067046,0.020621,2.713359,166.655727,39.225190,1,1,1,0,0,0,0,0,0,0,1,0,0,0,1,0,0,1,0,0,0,0,1,0,1,0,0,1,0,0,0,0,1,1,0,0,1,0,0,1,0,1,0,0,0,0,0,1,0,0,0,0,0,0,1,1,0,0,1,0,0,0,0,0,573.273329,3.659198
530.870000,517.766000,530.048106,38.000000,4.000000,6.000000,4.000000,2.000000,6.000000,0.000000,0.000000,5.000000,83.990000,6.011700,133.048000,217.964430,4.736863,19.178149,18.580650,0.000000,32.695842,0.000000,0.000000,14.536682,23.628719,0.000000,186.000000,0.000000,4.000000,2.000000,0.000000,0.000000,0.000000,1.000000,0.000000,2.000000,4.000000,-4.890000,23.505089,8.600959,0.825930,0.508283,0.181568,0.273975,0.805756,0.792857,0.331007,0.474697,0.730546,0.779239,-0.123942,0.019399,0.275915,0.526208,0.474453,-0.103582,0.694374,0.291388,0.501862,1.102229,0.592667,-0.229600,0.883785,-0.013585,0.173533,0.382321,0.463989,0.414252,0.104918,0.213956,0.324588,0.407154,0.505626,0.758813,0.237728,0.591899,0.066565,0.171705,0.528950,0.099741,0.299910,0.350035,0.700090,0.087515,0.786932,0.171199,0.000037,1.034546,0.000000,3.262429,28.342203,23.887532,3.932641,2.369958,4.546747,327.380901,0.009270,5687.817939,1.570703,12.193923,7.796569,0.226575,87.699187,42.485715,1.776383,110.831171,94.697247,238.965974,14.085640,3.699233,15.314325,203847253846367.593750,4.844553,0.560551,3.551020,0.081598,0.023421,2.978800,162.107840,36.057533,1,1,1,0,0,0,0,0,0,0,1,0,0,0,1,0,0,1,0,0,0,0,1,0,1,0,0,1,0,0,0,0,1,1,0,0,1,0,0,1,0,1,0,0,0,0,0,1,0,0,0,0,0,0,1,1,0,0,1,0,0,0,0,0,517.079729,3.581651
502.526000,480.350000,502.152872,38.000000,4.000000,6.000000,4.000000,2.000000,6.000000,0.096774,0.000000,5.000000,83.990000,6.005360,142.333000,218.424919,4.736863,19.178149,9.799819,0.000000,23.915012,0.000000,0.000000,14.536682,23.628719,0.000000,186.000000,0.000000,4.000000,2.000000,0.000000,0.000000,0.000000,1.000000,0.000000,2.000000,4.000000,-5.040000,23.364061,8.520899,0.231787,0.897557,0.919296,0.495992,0.995792,1.137030,0.505387,0.627700,0.395286,0.596372,0.364557,0.898118,0.278224,0.181647,0.546409,0.639814,-0.241185,0.559855,1.228373,0.655726,0.041498,0.660548,0.279774,-0.115262,-0.166810,0.467824,0.622698,0.494541,0.348522,0.552612,-0.063901,0.428883,0.003559,0.083807,0.751126,-0.096640,0.446592,-0.459966,0.056466,0.507951,0.388872,0.347475,0.611128,0.115761,0.774122,0.170567,0.000035,1.059880,0.000000,3.493054,25.349921,21.372870,3.638384,3.206622,4.622740,315.519256,0.005999,5791.262533,1.500374,13.577247,7.865898,0.246160,75.006833,41.870901,2.208441,91.256981,67.503249,169.781978,12.384443,1.790991,14.177481,172955366291278.906250,5.217456,0.550196,3.323506,0.083332,0.024468,2.717072,181.368647,36.068645,1,1,1,0,0,0,0,0,0,0,1,0,0,0,1,0,0,1,0,0,0,0,1,0,1,0,0,1,0,0,0,0,1,1,0,0,1,0,0,1,0,1,0,0,0,0,0,1,0,0,0,0,0,0,1,1,0,0,1,0,0,0,0,0,501.349848,3.154340
529.335000,515.223000,528.027977,37.000000,4.000000,6.000000,4.000000,2.000000,6.000000,0.000000,0.000000,5.000000,83.990000,6.386900,138.142000,219.936625,4.736863,19.178149,9.799819,0.000000,23.915012,0.000000,0.000000,14.536682,23.628719,0.000000,180.000000,0.000000,4.000000,2.000000,0.000000,0.000000,0.000000,1.000000,0.000000,2.000000,4.000000,-4.460000,22.969545,8.584091,1.124880,0.705772,0.058194,0.726794,0.612956,0.009867,0.487452,0.502247,0.709112,0.433711,0.452500,0.394398,0.592354,0.832581,-0.071130,1.072545,-0.103806,0.569023,0.373344,0.644976,0.040089,-0.038303,0.252984,0.894372,0.474243,0.421996,0.809536,0.386668,0.559615,0.364076,0.290536,0.283563,0.150985,0.132980,0.594091,0.299062,0.401385,0.135774,0.451960,0.347437,0.294939,0.430142,0.705061,0.130970,0.793633,0.208920,0.000032,1.181197,0.000000,3.619125,33.594009,20.280994,3.203898,2.523460,4.912210,305.293347,0.009331,6948.458328,1.507146,11.636795,7.704961,0.234349,87.770661,47.994572,1.782469,117.444062,69.940054,214.356247,12.646443,3.447489,19.763974,164184467325933.812500,4.686234,0.535126,3.600525,0.087908,0.017471,2.968268,201.502713,37.413080,1,1,1,0,0,0,0,0,0,0,1,0,0,0,1,0,0,1,0,0,0,0,1,0,1,0,0,1,0,0,0,0,1,1,0,0,1,0,0,1,0,1,0,0,0,0,0,1,0,0,0,0,0,0,1,1,0,0,1,0,0,0,0,0,494.796526,3.497024
508.917000,491.781000,508.082599,37.000000,4.000000,6.000000,4.000000,2.000000,6.000000,0.034483,0.000000,5.000000,83.990000,6.041920,137.869000,215.998301,4.736863,19.178149,9.799819,0.000000,23.915012,0.000000,0.000000,14.536682,23.628719,0.000000,180.000000,0.000000,4.000000,2.000000,0.000000,0.000000,0.000000,1.000000,0.000000,2.000000,4.000000,-4.750000,22.697457,8.427697,0.986484,0.242567,0.493552,0.540819,0.573159,0.570229,0.828694,1.041073,0.629289,1.096393,0.638352,0.933857,0.668777,0.852270,0.404987,0.585069,0.556377,0.398114,0.770697,0.395580,0.553314,0.775744,0.467130,0.889536,0.892662,0.780699,0.304311,0.238421,0.533046,0.706829,0.177041,0.198707,0.132166,0.099856,-0.050624,0.353186,-0.022599,-0.161600,-0.031702,0.293305,0.466329,0.320000,0.533671,0.115917,0.802354,0.188459,0.000040,1.031248,0.000000,3.547891,28.860179,22.733802,3.759802,2.643582,4.283523,337.984985,0.005750,6281.016617,1.604564,13.439587,8.596917,0.243651,86.353067,39.530826,2.386890,127.760804,79.795378,194.151855,10.334360,2.504483,17.759838,177431305397636.406250,5.605274,0.501609,3.506031,0.100978,0.021865,3.357026,202.591920,32.772571,1,1,1,0,0,0,0,0,0,0,1,0,0,0,1,0,0,1,0,0,0,0,1,0,1,0,0,1,0,0,0,0,1,1,0,0,1,0,0,1,0,1,0,0,0,0,0,1,0,0,0,0,0,0,1,1,0,0,1,0,0,0,0,0,513.927082,3.614205
512.880000,498.768000,512.057527,37.000000,4.000000,6.000000,4.000000,2.000000,6.000000,0.000000,0.000000,5.000000,83.990000,5.872600,133.090000,213.798894,4.736863,19.178149,14.190235,0.000000,28.305427,0.000000,0.000000,14.536682,23.628719,0.000000,180.000000,0.000000,4.000000,2.000000,0.000000,0.000000,0.000000,1.000000,0.000000,2.000000,4.000000,-4.820000,22.631821,8.390100,0.980119,0.434836,0.863511,0.825023,0.948912,0.680286,0.393004,0.685038,0.133357,0.520279,0.465248,0.123920,1.063710,0.606802,0.815208,0.721137,0.957281,0.242780,0.706589,1.022973,0.244934,0.751286,0.244015,0.180726,0.622814,0.423732,0.198566,0.514554,1.022510,0.632707,0.569551,0.654535,0.188286,-0.251019,1.010360,0.383790,-0.206992,0.267917,0.666116,-0.069540,0.366427,0.367838,0.633573,0.098744,0.849037,0.139317,0.000031,0.996317,0.000000,3.119479,29.688003,23.024538,3.232811,3.012702,4.450385,308.145382,0.005549,6106.040942,1.389536,15.167565,8.301909,0.227865,79.820034,40.481707,2.027893,115.152914,78.274705,239.968673,14.891162,3.187270,18.961183,186228944133984.250000,5.152566,0.568903,3.290186,0.083762,0.019845,3.692159,172.426587,24.625510,1,1,1,0,0,0,0,0,0,0,1,0,0,0,1,0,0,1,0,0,0,0,1,0,1,0,0,1,0,0,0,0,1,1,0,0,1,0,0,1,0,1,0,0,0,0,0,1,0,0,0,0,0,0,1,1,0,0,1,0,0,0,0,0,524.700008,3.721214
563.780000,550.676000,561.989005,38.000000,4.000000,6.000000,4.000000,2.000000,6.000000,0.000000,0.000000,5.000000,83.990000,7.040300,143.152000,230.239892,4.736863,19.178149,9.799819,0.000000,23.915012,0.000000,0.000000,14.536682,23.628719,0.000000,186.000000,0.000000,4.000000,2.000000,0.000000,0.000000,0.000000,1.000000,0.000000,2.000000,4.000000,-4.170000,24.182934,8.988941,1.036842,0.328468,0.564542,0.686300,0.395593,1.032221,0.900850,0.236678,0.242751,1.047984,0.365115,0.944273,0.595764,0.313020,0.447085,-0.134312,0.449428,0.760202,0.754476,0.062120,-0.129726,0.554983,0.416923,0.354169,0.227628,0.548980,0.600221,0.264461,0.974350,0.582472,0.276745,0.262113,0.092976,0.496755,-0.044347,0.785450,0.306214,-0.217441,-0.616373,-0.501482,0.430272,0.330284,0.569728,0.082732,0.704542,0.179967,0.000028,1.059000,0.000000,2.990206,27.964643,21.779764,3.859319,2.783528,4.770625,337.182317,0.004203,6442.345538,1.371666,9.222446,9.202813,0.179385,80.440124,40.597263,1.855145,132.192118,79.718889,213.113724,11.055859,3.908774,11.851374,191908613137617.937500,4.618026,0.630270,3.429989,0.068602,0.021094,2.696635,168.080044,42.057780,1,1,1,0,0,0,0,0,0,0,1,0,0,0,1,0,0,1,0,0,0,0,1,0,1,0,0,1,0,0,0,0,1,1,0,0,1,0,0,1,0,1,0,0,0,0,0,1,0,0,0,0,0,0,1,1,0,0,1,0,0,0,0,0,506.526250,3.808857
516.553000,492.361000,516.168522,39.000000,4.000000,6.000000,4.000000,2.000000,6.000000,0.125000,0.000000,5.000000,83.990000,6.313780,147.070000,224.789861,4.736863,19.178149,9.799819,0.000000,23.915012,0.000000,0.000000,14.536682,23.628719,0.000000,192.000000,0.000000,4.000000,2.000000,0.000000,0.000000,0.000000,1.000000,0.000000,2.000000,4.000000,-5.040000,24.305479,8.769562,0.104521,0.394032,0.564958,0.291725,0.312303,0.117579,0.055255,0.905920,0.229166,0.562589,0.030560,0.915789,0.333347,0.693396,0.718451,1.500000,0.553628,1.060475,0.359621,0.464321,0.613672,0.715146,0.293417,0.058581,0.753188,0.686307,0.365017,0.610256,0.976772,0.380786,0.294388,0.438858,-0.396082,0.211084,0.309114,0.207249,0.592658,-0.055585,0.400302,0.166170,0.395981,0.295147,0.604019,0.081860,0.770130,0.172275,0.000025,1.022637,0.000000,3.398972,27.961752,23.819531,3.834866,2.812870,5.642847,301.090677,0.005913,5687.802555,1.420167,12.845598,8.447096,0.221800,87.668024,43.553741,2.211948,107.727770,88.441060,216.204109,9.389936,4.780075,17.718224,180801916763602.750000,5.424891,0.695593,3.185315,0.088567,0.019011,2.971179,196.723095,29.537795,1,1,1,0,0,0,0,0,0,0,1,0,0,0,1,0,0,1,0,0,0,0,1,0,1,0,0,1,0,0,0,0,1,1,0,0,1,0,0,1,0,1,0,0,0,0,0,1,0,0,0,0,0,0,1,1,0,0,1,0,0,0,0,0,521.732691,3.567803
522.944000,503.792000,522.098249,38.000000,4.000000,6.000000,4.000000,2.000000,6.000000,0.066667,0.000000,5.000000,83.990000,6.350340,142.606000,222.363243,4.736863,19.178149,9.799819,0.000000,23.915012,0.000000,0.000000,14.536682,23.628719,0.000000,186.000000,0.000000,4.000000,2.000000,0.000000,0.000000,0.000000,1.000000,0.000000,2.000000,4.000000,-4.750000,23.636774,8.675922,0.391630,0.234101,0.984926,0.260664,0.825543,0.968594,0.639616,0.793758,0.802400,0.745906,0.489036,0.787228,0.251224,0.114897,0.650098,0.742324,0.402150,0.495274,0.493529,0.881317,0.376639,0.858912,0.753101,0.301006,0.037866,0.552277,0.632501,0.520924,-0.093524,0.726984,-0.088701,0.662732,-0.133058,0.375663,0.504413,0.215954,0.074648,0.243151,0.376714,0.490387,0.435670,0.362185,0.564330,0.135640,0.900388,0.175835,0.000031,0.961148,0.000000,3.459133,27.532907,22.161862,4.384752,2.537976,4.571376,308.079132,0.012295,6131.383098,1.411487,13.087717,7.695890,0.202950,95.675772,41.675464,1.970985,121.126665,73.936614,186.678593,10.188807,2.788160,18.728082,142824973757121.562500,4.396598,0.531110,3.546711,0.083021,0.021786,2.804120,147.510407,36.418032,1,1,1,0,0,0,0,0,0,0,1,0,0,0,1,0,0,1,0,0,0,0,1,0,1,0,0,1,0,0,0,0,1,1,0,0,1,0,0,1,0,1,0,0,0,0,0,1,0,0,0,0,0,0,1,1,0,0,1,0,0,0,0,0,533.867935,3.271792
504.498000,484.338000,504.132136,38.000000,4.000000,6.000000,4.000000,2.000000,6.000000,0.066667,1.000000,6.000000,104.220000,5.402540,139.260800,216.854211,9.843390,19.178149,9.799819,0.000000,29.021539,0.000000,0.000000,14.536682,28.735246,0.000000,186.000000,0.000000,4.000000,2.000000,0.000000,0.000000,0.000000,1.000000,0.000000,2.000000,4.000000,-5.240000,23.176130,8.414571,0.982372,0.702853,0.890352,0.467570,0.013806,0.102612,0.831449,0.436674,0.578404,0.310003,0.652700,0.091990,1.056658,0.671676,0.134509,0.636955,0.528401,0.325891,0.479706,0.698687,0.362484,0.010165,0.370765,0.890539,0.252836,0.884824,0.414224,0.056623,0.658145,0.673504,0.459780,-0.169265,0.867810,0.123958,0.726757,0.267106,0.312259,0.144936,0.110240,-0.073839,0.411113,0.410429,0.588887,0.102100,0.912045,0.155937,0.000029,1.041177,0.000000,3.216600,26.755067,22.237162,3.612180,2.457847,4.721097,336.454232,0.005573,5916.222564,1.415788,11.358705,8.185542,0.235786,85.867476,37.839567,1.935609,150.087514,73.152891,189.071330,9.801064,3.382416,19.148825,170345185340185.187500,3.735102,0.525634,3.736986,0.092637,0.018455,3.119267,215.405409,38.610919,1,1,1,0,0,0,0,0,0,0,1,0,0,0,1,0,0,1,0,0,0,0,1,0,1,0,0,1,0,0,0,0,1,1,0,0,1,0,0,1,0,1,0,0,0,0,0,1,0,0,0,0,0,0,1,1,0,0,1,0,0,0,0,0,545.086060,3.390106
488.499000,468.339000,488.137222,37.000000,4.000000,6.000000,4.000000,2.000000,6.000000,0.066667,0.000000,5.000000,83.990000,5.696940,137.596000,212.059977,4.736863,19.178149,9.799819,0.000000,23.915012,0.000000,0.000000,14.536682,23.628719,0.000000,180.000000,0.000000,4.000000,2.000000,0.000000,0.000000,0.000000,1.000000,0.000000,2.000000,4.000000,-5.040000,22.425635,8.272329,0.976569,0.798499,0.773434,0.631065,0.558573,0.825063,0.379632,0.601662,0.973273,0.818775,0.578926,0.660256,0.483335,0.105807,0.636229,1.242924,0.386793,0.590137,0.782386,0.686644,0.388368,0.757808,0.209908,0.527989,0.457912,1.033243,0.794475,0.039762,0.716050,-0.046525,0.247858,0.550901,0.016102,0.270005,0.437676,0.131719,0.028144,0.107379,0.066992,-0.426172,0.459524,0.337141,0.540476,0.103651,0.887433,0.190050,0.000025,0.931641,0.000000,4.066281,29.684180,22.823067,3.319931,2.479123,4.233060,340.784612,0.010159,5528.337472,1.501407,14.608902,7.856596,0.215169,71.567084,27.552429,1.869463,123.193125,69.780090,225.975909,12.363861,3.188278,19.555251,176431782920597.093750,4.212167,0.599079,3.487415,0.092511,0.025346,3.519168,198.990940,40.446128,1,1,1,0,0,0,0,0,0,0,1,0,0,0,1,0,0,1,0,0,0,0,1,0,1,0,0,1,0,0,0,0,1,1,0,0,1,0,0,1,0,1,0,0,0,0,0,1,0,0,0,0,0,0,1,1,0,0,1,0,0,0,0,0,555.920172,3.679341
512.424000,498.312000,512.081993,38.000000,4.000000,6.000000,4.000000,2.000000,6.000000,0.000000,1.000000,6.000000,104.220000,5.063900,129.702800,212.455397,9.843390,19.178149,14.190235,4.390415,37.802369,0.000000,0.000000,14.536682,28.735246,0.000000,186.000000,0.000000,4.000000,2.000000,0.000000,0.000000,0.000000,1.000000,0.000000,2.000000,4.000000,-5.380000,23.044649,8.340427,0.416132,1.078977,0.544562,0.846927,0.974767,0.366251,0.524641,0.913103,0.435588,0.363593,0.605421,0.863199,0.447941,0.921760,0.195318,-0.185395,1.057129,0.402534,0.510814,0.937245,0.402889,0.251959,0.593498,0.364667,0.266082,0.869032,0.804940,0.219919,0.073643,0.406278,-0.061171,0.929691,0.548539,0.577664,0.540081,0.316815,0.265453,0.778913,0.005321,0.388024,0.402230,0.438302,0.597770,0.111179,0.789040,0.158424,0.000027,0.989932,0.000000,3.231794,28.188302,23.887552,3.258735,2.320232,5.051515,270.566732,0.008312,5917.803010,1.560025,10.750840,9.216160,0.227035,88.975888,45.086296,2.161857,139.567971,76.365589,207.251978,11.964695,4.421087,18.088431,204831273159710.250000,5.109254,0.488544,3.459593,0.078453,0.025580,2.942968,148.248189,42.146199,1,1,1,0,0,0,0,0,0,0,1,0,0,0,1,0,0,1,0,0,0,0,1,0,1,0,0,1,0,0,0,0,1,1,0,0,1,0,0,1,0,1,0,0,0,0,0,1,0,0,0,0,0,0,1,1,0,0,1,0,0,0,0,0,513.438348,3.606106
488.499000,468.339000,488.137222,37.000000,4.000000,6.000000,4.000000,2.000000,6.000000,0.066667,0.000000,5.000000,83.990000,5.696940,137.596000,212.059977,4.736863,19.178149,9.799819,0.000000,23.915012,0.000000,0.000000,14.536682,23.628719,0.000000,180.000000,0.000000,4.000000,2.000000,0.000000,0.000000,0.000000,1.000000,0.000000,2.000000,4.000000,-5.040000,22.425635,8.272329,0.839551,0.702918,0.530951,0.157702,0.435109,0.565184,0.194434,0.590875,0.620247,0.351832,0.614911,0.788989,0.512764,0.442357,0.802830,0.374576,0.311364,0.505246,0.577014,0.875589,0.750194,0.336907,0.902307,0.062928,0.609793,0.802604,0.764062,0.538794,0.734363,0.679242,-0.067494,0.268209,0.721227,0.084659,0.187017,0.843497,0.483308,0.327265,-0.049099,0.128507,0.353807,0.316158,0.646193,0.090645,0.920017,0.241564,0.000034,1.087245,0.000000,3.452624,26.302805,22.333111,3.806371,3.095864,4.957564,289.126709,0.005994,4862.943641,1.385732,14.439731,7.352030,0.252946,88.816696,47.186049,1.884262,112.162650,77.620707,186.348124,11.431745,2.729393,16.365611,187264067890604.687500,4.949411,0.553219,3.445409,0.091212,0.025006,3.093849,184.835768,37.767830,1,1,1,0,0,0,0,0,0,0,1,0,0,0,1,0,0,1,0,0,0,0,1,0,1,0,0,1,0,0,0,0,1,1,0,0,1,0,0,1,0,1,0,0,0,0,0,1,0,0,0,0,0,0,1,1,0,0,1,0,0,0,0,0,548.892750,3.396495
557.389000,539.245000,556.059277,39.000000,4.000000,6.000000,4.000000,2.000000,6.000000,0.066667,0.000000,5.000000,83.990000,7.003740,147.616000,232.666510,4.736863,19.178149,9.799819,0.000000,23.915012,0.000000,0.000000,14.536682,23.628719,0.000000,192.000000,0.000000,4.000000,2.000000,0.000000,0.000000,0.000000,1.000000,0.000000,2.000000,4.000000,-4.460000,24.852788,9.079928,0.853038,0.731209,0.482916,0.528129,0.578825,0.815515,0.814732,0.508516,0.451034,0.767581,0.676478,0.394725,0.376859,0.356336,0.571636,0.292559,0.381191,0.243195,0.103200,0.550503,0.310100,0.765375,0.617749,1.096034,0.381280,0.924361,0.449281,-0.232349,0.145653,-0.141627,0.890592,0.218565,-0.170039,0.710038,0.100555,0.058746,0.434900,-0.115769,0.009598,0.438772,0.303763,0.472112,0.696237,0.131193,0.971090,0.215972,0.000035,1.264601,0.000000,3.924035,31.137826,22.928415,3.834686,2.340351,5.190344,341.040068,0.005135,5703.861868,1.387831,12.955561,8.123045,0.216178,58.788053,42.428426,2.042228,143.031860,89.564326,228.495653,13.510781,3.474270,22.064225,217224300732275.562500,3.742925,0.475826,3.748738,0.084430,0.016820,3.388277,199.360812,37.117778,1,1,1,0,0,0,0,0,0,0,1,0,0,0,1,0,0,1,0,0,0,0,1,0,1,0,0,1,0,0,0,0,1,1,0,0,1,0,0,1,0,1,0,0,0,0,0,1,0,0,0,0,0,0,1,1,0,0,1,0,0,0,0,0,535.628942,3.289389
512.880000,498.768000,512.057527,37.000000,4.000000,6.000000,4.000000,2.000000,6.000000,0.000000,0.000000,5.000000,83.990000,5.872600,133.090000,213.798894,4.736863,19.178149,14.190235,0.000000,28.305427,0.000000,0.000000,14.536682,23.628719,0.000000,180.000000,0.000000,4.000000,2.000000,0.000000,0.000000,0.000000,1.000000,0.000000,2.000000,4.000000,-4.820000,22.631821,8.390100,0.591066,0.718476,1.103824,0.930117,0.930964,0.275259,-0.047414,1.080115,0.470560,0.383616,1.110843,0.571072,0.583162,0.570718,0.841233,0.462452,0.630785,0.711582,0.658269,0.364405,0.122304,0.494679,0.821520,0.506649,0.291944,0.468609,0.195584,0.379135,0.086689,0.267322,0.657506,0.340124,-0.053898,-0.104915,0.759655,0.372440,0.934130,-0.373480,0.451459,0.005929,0.321708,0.356251,0.678292,0.083435,0.717302,0.182727,0.000025,1.014976,0.000000,3.353005,29.484084,21.567705,3.633446,2.283043,4.886023,320.319062,0.006389,5419.970659,1.615694,10.804875,8.769994,0.225094,119.470215,37.322013,1.755770,126.239339,69.885097,204.242989,14.110553,3.015861,17.286883,165599902622166.281250,4.136723,0.562527,3.600559,0.070160,0.022909,3.093296,165.072124,37.266997,1,1,1,0,0,0,0,0,0,0,1,0,0,0,1,0,0,1,0,0,0,0,1,0,1,0,0,1,0,0,0,0,1,1,0,0,1,0,0,1,0,1,0,0,0,0,0,1,0,0,0,0,0,0,1,1,0,0,1,0,0,0,0,0,502.216777,3.756278
543.362000,527.234000,542.043627,38.000000,4.000000,6.000000,4.000000,2.000000,6.000000,0.034483,0.000000,5.000000,83.990000,6.695320,142.879000,226.301567,4.736863,19.178149,9.799819,0.000000,23.915012,0.000000,0.000000,14.536682,23.628719,0.000000,186.000000,0.000000,4.000000,2.000000,0.000000,0.000000,0.000000,1.000000,0.000000,2.000000,4.000000,-4.460000,23.909733,8.831940,0.576180,0.520656,0.623301,0.655664,0.664361,0.442577,0.425321,1.205200,0.907488,0.542647,1.004588,0.327003,0.088806,0.685488,0.616144,-0.138574,0.753551,0.535801,0.207086,0.285187,0.294731,-0.595689,0.583456,0.400640,0.497326,0.255796,0.345213,0.778754,0.773708,0.003716,0.216235,-0.416198,0.061207,0.343247,0.418063,-0.164562,0.151394,0.524165,-0.115534,0.125985,0.318853,0.336098,0.681147,0.118555,0.844364,0.188257,0.000027,1.021379,0.000000,3.292653,28.509710,21.224839,3.086713,2.690474,5.563504,302.294015,0.009711,5547.560290,1.406357,12.650104,8.859665,0.231736,59.737750,38.610587,1.534588,99.467410,69.607732,205.809147,13.037245,2.013749,17.504575,192368297422949.343750,4.436536,0.612896,3.224832,0.082338,0.022448,2.240948,218.850986,41.543865,1,1,1,0,0,0,0,0,0,0,1,0,0,0,1,0,0,1,0,0,0,0,1,0,1,0,0,1,0,0,0,0,1,1,0,0,1,0,0,1,0,1,0,0,0,0,0,1,0,0,0,0,0,0,1,1,0,0,1,0,0,0,0,0,509.472625,3.329508
490.471000,472.327000,490.116486,37.000000,4.000000,6.000000,4.000000,2.000000,6.000000,0.034483,1.000000,6.000000,104.220000,5.094120,134.523800,210.489269,9.843390,19.178149,9.799819,0.000000,29.021539,0.000000,0.000000,14.536682,28.735246,0.000000,180.000000,0.000000,4.000000,2.000000,0.000000,0.000000,0.000000,1.000000,0.000000,2.000000,4.000000,-5.240000,22.238329,8.165783,0.829150,0.534656,1.001181,1.188609,0.767187,0.294862,0.558017,0.532606,1.040635,0.814137,1.033759,0.531877,0.250959,0.869016,0.879895,0.331221,0.518054,-0.084219,0.578594,0.055483,0.487613,1.039541,0.386110,0.480863,0.824482,0.268878,0.046413,1.086042,0.141047,0.576790,-0.092357,-0.056589,0.284265,0.195171,-0.072499,0.516724,0.455024,0.281849,0.176785,0.249119,0.268207,0.327596,0.731793,0.152497,0.859228,0.178557,0.000026,1.054142,0.000000,3.330602,25.865636,23.573137,3.546413,2.578868,5.697116,340.263250,0.009270,5011.530677,1.480367,14.570413,7.260803,0.201892,98.457441,51.182553,1.868182,118.455935,71.346045,262.237790,13.443386,4.054416,23.114676,187882060073471.250000,4.993736,0.491195,3.365591,0.085455,0.026073,2.857091,185.017432,37.600535,1,1,1,0,0,0,0,0,0,0,1,0,0,0,1,0,0,1,0,0,0,0,1,0,1,0,0,1,0,0,0,0,1,1,0,0,1,0,0,1,0,1,0,0,0,0,0,1,0,0,0,0,0,0,1,1,0,0,1,0,0,0,0,0,492.978923,2.739437
492.462000,475.326000,492.112150,37.000000,4.000000,6.000000,4.000000,2.000000,6.000000,0.034483,0.000000,5.000000,83.990000,5.527620,132.817000,209.860570,4.736863,19.178149,14.190235,0.000000,28.305427,0.000000,0.000000,14.536682,23.628719,0.000000,180.000000,0.000000,4.000000,2.000000,0.000000,0.000000,0.000000,1.000000,0.000000,2.000000,4.000000,-5.110000,22.360063,8.234982,0.994905,0.308542,0.108108,0.930892,0.849434,-0.288255,0.908971,0.138778,0.911086,0.506068,0.497119,0.112283,0.113850,0.576910,1.342227,0.685565,0.169963,0.569159,-0.029847,0.875533,0.349671,0.875063,0.394027,0.841016,0.728381,0.736395,-0.116571,0.651199,0.529692,0.698809,0.129411,0.124893,0.327817,0.100565,0.469822,-0.215694,0.221464,0.227582,-0.441634,0.176715,0.420770,0.297660,0.579230,0.115793,0.836112,0.139393,0.000029,1.041478,0.000000,3.802416,29.038804,22.649330,3.379080,1.929865,5.303006,336.167556,0.005958,5267.948338,1.474266,9.994694,8.019532,0.197258,78.693575,33.271108,2.267022,140.943989,57.907647,223.429254,12.473948,4.174368,18.842392,182780196297933.281250,4.237293,0.559619,3.436571,0.080781,0.023078,2.882093,189.729571,41.846659,1,1,1,0,0,0,0,0,0,0,1,0,0,0,1,0,0,1,0,0,0,0,1,0,1,0,0,1,0,0,0,0,1,1,0,0,1,0,0,1,0,1,0,0,0,0,0,1,0,0,0,0,0,0,1,1,0,0,1,0,0,0,0,0,522.116786,3.460822
526.888000,511.768000,526.056778,38.000000,4.000000,6.000000,4.000000,2.000000,6.000000,0.000000,2.000000,7.000000,124.450000,5.144700,136.461600,219.221827,14.949918,19.178149,9.799819,0.000000,34.128066,0.000000,0.000000,14.536682,33.841774,0.000000,186.000000,0.000000,4.000000,2.000000,0.000000,0.000000,0.000000,1.000000,0.000000,2.000000,4.000000,-5.150000,23.260684,8.462359,0.802196,0.726092,0.376352,0.379008,0.661567,0.779434,0.703438,0.721028,0.802891,0.656426,0.553323,0.429339,0.914222,0.408776,0.835656,0.524244,0.273312,1.044787,0.540963,0.375548,0.593721,1.128860,0.924611,0.271636,0.700546,0.116697,0.556590,0.435397,0.665521,0.094963,0.676979,-0.090297,0.128492,0.491159,-0.161764,0.025605,0.149883,0.048711,0.455315,0.194843,0.270586,0.285531,0.729414,0.103304,0.997535,0.173669,0.000034,1.080210,0.000000,3.557324,28.754183,21.740062,3.604244,2.732349,5.579404,343.905369,0.010262,5737.517465,1.425187,11.848371,6.935684,0.204057,74.239145,40.433268,2.003310,109.085150,98.281853,258.646829,11.240262,2.801194,18.246765,163549212412780.687500,4.159246,0.482823,3.416612,0.077406,0.022286,3.173922,176.836916,40.661604,1,1,1,0,0,0,0,0,0,0,1,0,0,0,1,0,0,1,0,0,0,0,1,0,1,0,0,1,0,0,0,0,1,1,0,0,1,0,0,1,0,1,0,0,0,0,0,1,0,0,0,0,0,0,1,1,0,0,1,0,0,0,0,0,561.475479,3.363369
