MolWt,HeavyAtomMolWt,ExactMolWt,NumHeavyAtoms,NumRotatableBonds,NumRings,NumAromaticRings,NumAliphaticRings,RingCount,FractionCSP3,NumHDonors,NumHAcceptors,TPSA,MolLogP,MolMR,LabuteASA,PEOE_VSA1,PEOE_VSA2,PEOE_VSA3,PEOE_VSA4,SMR_VSA1,SMR_VSA2,SMR_VSA3,SlogP_VSA1,SlogP_VSA2,SlogP_VSA3,NumValenceElectrons,NumRadicalElectrons,fr_C_O,fr_NH0,fr_NH1,fr_ArN,fr_Ar_COO,fr_ether,fr_ketone,fr_imide,fr_amide,HallKierAlpha,Kappa1,Kappa2,polyBERT_dim_01,polyBERT_dim_02,polyBERT_dim_03,polyBERT_dim_04,polyBERT_dim_05,polyBERT_dim_06,polyBERT_dim_07,polyBERT_dim_08,polyBERT_dim_09,polyBERT_dim_10,polyBERT_dim_11,polyBERT_dim_12,polyBERT_dim_13,polyBERT_dim_14,polyBERT_dim_15,polyBERT_dim_16,polyBERT_dim_17,polyBERT_dim_18,polyBERT_dim_19,polyBERT_dim_20,polyBERT_dim_21,polyBERT_dim_22,polyBERT_dim_23,polyBERT_dim_24,polyBERT_dim_25,polyBERT_dim_26,polyBERT_dim_27,polyBERT_dim_28,polyBERT_dim_29,polyBERT_dim_30,polyBERT_dim_31,polyBERT_dim_32,polyBERT_dim_33,polyBERT_dim_34,polyBERT_dim_35,polyBERT_dim_36,polyBERT_dim_37,polyBERT_dim_38,polyBERT_dim_39,polyBERT_dim_40,DegreeOfCrystallinity,CrystallinePhaseContent,AmorphousPhaseContent,FreeVolumeFraction,ChainRigidityIndex,SegmentalMobility,ThermalExpansionCoeff,HeatCapacity_Cp,ThermalDiffusivity,GlassyModulus,DielectricPolarizability,ElectronicPolarizability,IonicPolarizability,OrientationalPolarizability,DipoleMomentRepeat,CurieWeissConstant,CrosslinkingDensity,EntanglementMolWt,ContourLengthPerUnit,PersistenceLength,CharacteristicRatio,ChainFlexibilityParam,Mw_kDa,Mn_kDa,PolyDisersityIndex,ZAverageMolWt,ViscosityAverageMolWt,NumberAverageDPn,LamellaeThickness_nm,SpheruliteRadius_um,CrystalThickness_nm,TieChainsPerArea,InterfacialThickness_nm,MicrostructureOrder,PermittivityRealPart,PermittivityImaginaryPart,TanDeltaDielectric,YoungModulus_GPa,TensileStrength_MPa,ElongationBreak_pct,morgan_fp_00,morgan_fp_01,morgan_fp_02,morgan_fp_03,morgan_fp_04,morgan_fp_05,morgan_fp_06,morgan_fp_07,morgan_fp_08,morgan_fp_09,morgan_fp_10,morgan_fp_11,morgan_fp_12,morgan_fp_13,morgan_fp_14,morgan_fp_15,morgan_fp_16,morgan_fp_17,morgan_fp_18,morgan_fp_19,morgan_fp_20,morgan_fp_21,morgan_fp_22,morgan_fp_23,morgan_fp_24,morgan_fp_25,morgan_fp_26,morgan_fp_27,morgan_fp_28,morgan_fp_29,morgan_fp_30,morgan_fp_31,morgan_fp_32,morgan_fp_33,morgan_fp_34,morgan_fp_35,morgan_fp_36,morgan_fp_37,morgan_fp_38,morgan_fp_39,morgan_fp_40,morgan_fp_41,morgan_fp_42,morgan_fp_43,morgan_fp_44,morgan_fp_45,morgan_fp_46,morgan_fp_47,morgan_fp_48,morgan_fp_49,morgan_fp_50,morgan_fp_51,morgan_fp_52,morgan_fp_53,morgan_fp_54,morgan_fp_55,morgan_fp_56,morgan_fp_57,morgan_fp_58,morgan_fp_59,morgan_fp_60,morgan_fp_61,morgan_fp_62,morgan_fp_63,Tg_degC,Dk_1GHz
943.020000,900.684000,942.282883,72.000000,18.000000,10.000000,10.000000,0.000000,10.000000,0.000000,0.000000,9.000000,106.590000,16.133400,275.161500,415.205915,28.421178,14.383612,0.000000,0.000000,42.804789,0.000000,0.000000,28.421178,17.349735,0.000000,348.000000,0.000000,3.000000,0.000000,0.000000,0.000000,0.000000,6.000000,3.000000,0.000000,0.000000,-9.990000,45.774621,21.533744,1.109552,0.429517,0.972631,0.958688,1.247323,1.077020,0.835554,0.373314,1.381237,0.700928,0.392527,0.423560,0.642433,0.273365,0.044471,-0.089923,0.103506,-0.458251,0.407475,0.288513,0.327437,0.043273,0.161251,0.351440,0.599918,-0.006863,1.083952,0.608345,0.687712,-0.099046,0.061392,-0.121588,0.237608,0.406938,1.033178,0.281352,0.178026,-0.060914,-0.330855,0.804820,0.420506,0.566390,0.579494,0.082218,0.903612,0.103424,0.000040,1.228237,0.000000,3.532858,25.946996,16.873550,3.289914,2.316826,3.328161,185.036295,0.003966,7894.237326,1.736141,10.735056,11.470471,0.146240,81.508400,56.370307,2.218812,153.122586,69.954150,197.135614,14.256033,9.449556,20.882478,196630112399650.531250,4.649727,0.694963,3.035175,0.050238,0.002915,3.838268,205.398722,32.986052,1,1,1,0,0,1,0,0,0,1,1,0,0,0,1,0,0,1,0,0,0,0,1,0,0,0,0,0,0,0,0,0,0,1,0,0,1,0,0,1,0,1,0,0,0,0,0,1,0,0,0,0,0,0,0,1,0,0,0,0,0,1,0,0,617.633731,3.435804
957.047000,912.695000,956.298533,73.000000,18.000000,10.000000,10.000000,0.000000,10.000000,0.015625,0.000000,9.000000,106.590000,16.441820,279.898500,421.570857,28.421178,14.383612,0.000000,0.000000,42.804789,0.000000,0.000000,28.421178,17.349735,0.000000,354.000000,0.000000,3.000000,0.000000,0.000000,0.000000,0.000000,6.000000,3.000000,0.000000,0.000000,-9.990000,46.724786,21.752291,0.894621,0.795530,0.498533,0.712615,0.593877,0.660740,1.477919,0.978867,0.155049,1.101437,0.257300,0.558389,0.411287,0.706506,0.056086,0.069130,0.006553,0.640549,0.240219,0.282729,0.622273,0.703905,0.557150,0.494672,0.572770,1.055235,0.239686,0.834333,0.763856,0.092679,0.030546,-0.073706,0.262743,-0.131021,0.268404,0.233798,0.038302,0.299098,0.161475,0.711091,0.446315,0.371588,0.553685,0.104589,0.858323,0.143947,0.000051,1.448693,0.000000,3.624646,23.001403,19.487332,2.574707,2.566236,3.582667,162.820540,0.002537,7478.347658,1.829967,9.085392,9.617881,0.133019,92.058709,56.058771,1.705686,95.478824,61.697931,201.891424,15.009289,8.722705,20.412436,243456593230470.531250,6.046124,0.635862,3.489254,0.052258,0.002817,4.049215,212.316272,31.070369,1,1,1,0,0,1,0,0,0,1,1,0,0,0,1,0,0,1,0,0,0,0,1,0,0,0,0,0,0,0,0,0,0,1,0,0,1,0,0,1,0,1,0,0,0,0,0,1,0,0,0,0,0,0,0,1,0,0,0,0,0,1,0,0,600.571233,3.032467
957.047000,912.695000,956.298533,73.000000,18.000000,10.000000,10.000000,0.000000,10.000000,0.015625,0.000000,9.000000,106.590000,16.441820,279.898500,421.570857,28.421178,14.383612,0.000000,0.000000,42.804789,0.000000,0.000000,28.421178,17.349735,0.000000,354.000000,0.000000,3.000000,0.000000,0.000000,0.000000,0.000000,6.000000,3.000000,0.000000,0.000000,-9.990000,46.724786,21.752291,0.776745,1.020290,0.903764,0.704700,0.125936,0.574640,1.171329,0.652028,0.400933,0.737490,0.235262,0.311597,0.708134,0.356252,0.446878,0.075876,0.097109,0.241157,0.093215,0.142060,0.714437,0.175384,0.497013,0.471297,0.096711,0.197061,0.685842,1.136265,0.708449,0.465019,0.308757,0.212387,0.403322,-0.090793,0.258094,-0.618068,0.221991,0.176676,0.591431,-0.115903,0.323085,0.375658,0.676915,0.056682,0.776683,0.146703,0.000049,1.404547,0.000000,3.425644,25.241576,18.841689,3.118633,2.568836,4.426901,190.653284,0.004415,7926.141767,1.673350,9.210662,8.385460,0.142829,99.603524,49.182247,2.269074,154.267811,94.555623,219.511185,14.450392,10.319770,26.542123,193159877979880.937500,5.812631,0.716934,3.153321,0.037200,0.003362,3.581951,198.429169,30.305255,1,1,1,0,0,1,0,0,0,1,1,0,0,0,1,0,0,1,0,0,0,0,1,0,0,0,0,0,0,0,0,0,0,1,0,0,1,0,0,1,0,1,0,0,0,0,0,1,0,0,0,0,0,0,0,1,0,0,0,0,0,1,0,0,602.274519,3.422290
961.010000,919.682000,960.273461,73.000000,18.000000,10.000000,10.000000,0.000000,10.000000,0.000000,0.000000,9.000000,106.590000,16.272500,275.119500,419.371450,28.421178,14.383612,4.390415,0.000000,47.195204,0.000000,0.000000,28.421178,17.349735,0.000000,354.000000,0.000000,3.000000,0.000000,0.000000,0.000000,0.000000,6.000000,3.000000,0.000000,0.000000,-10.060000,46.658232,21.707398,0.995638,0.509965,0.773787,0.626066,0.471185,0.356079,0.843977,0.592255,0.408692,0.540923,0.064600,0.154562,0.202519,-0.030686,-0.164902,0.430326,0.019272,0.293130,-0.066453,0.647006,0.577910,0.695094,0.881933,0.536849,0.772351,0.675630,0.084253,0.754788,0.842036,0.860485,-0.144767,0.174003,0.549166,0.802933,0.268418,-0.267250,-0.010171,-0.089112,-0.159229,0.084641,0.456612,0.455225,0.543388,0.077978,0.916394,0.104346,0.000042,1.292601,0.000000,3.310978,27.599601,19.568093,2.971543,2.451225,3.840999,180.417150,0.004396,7261.428490,1.773171,10.080038,10.827145,0.130900,114.954451,47.869722,1.940214,162.263618,69.927029,261.235929,15.936184,8.757745,25.207151,216495229660275.187500,5.808938,0.679406,3.131726,0.060010,0.002588,3.250397,184.026984,31.017220,1,1,1,0,0,1,0,0,0,1,1,0,0,0,1,0,0,1,0,0,0,0,1,0,0,0,0,0,0,0,0,0,0,1,0,0,1,0,0,1,0,1,0,0,0,0,0,1,0,0,0,0,0,0,0,1,0,0,0,0,0,1,0,0,636.645843,3.732405
971.074000,924.706000,970.314183,74.000000,18.000000,10.000000,10.000000,0.000000,10.000000,0.030769,0.000000,9.000000,106.590000,16.750240,284.635500,427.935799,28.421178,14.383612,0.000000,0.000000,42.804789,0.000000,0.000000,28.421178,17.349735,0.000000,360.000000,0.000000,3.000000,0.000000,0.000000,0.000000,0.000000,6.000000,3.000000,0.000000,0.000000,-9.990000,47.676250,21.972103,0.502674,0.462819,0.645318,0.961900,0.662605,0.587219,0.636406,0.771101,0.970283,0.573294,0.306448,-0.112914,-0.395761,0.289088,0.209958,0.422325,0.419863,0.195770,0.824522,0.507543,0.327534,0.730245,0.932241,0.751311,0.739028,0.403551,0.168537,0.868428,1.195783,0.481704,-0.346169,-0.030202,-0.603011,-0.522461,0.128349,0.448058,0.187067,0.238959,-0.349456,0.238340,0.405635,0.442467,0.594365,0.066518,0.871096,0.162623,0.000049,1.281638,0.000000,4.006118,22.393901,22.948467,3.246171,2.732440,3.422961,191.581008,0.004517,7921.353175,1.642508,11.456824,11.778768,0.170179,106.744619,37.969052,2.155952,155.724802,93.829795,150.263518,18.969472,8.927940,14.831829,233379764525513.812500,6.452362,0.757443,3.147946,0.073101,0.002593,3.977189,186.620598,32.180069,1,1,1,0,0,1,0,0,0,1,1,0,0,0,1,0,0,1,0,0,0,0,1,0,0,0,0,0,0,0,0,0,0,1,0,0,1,0,0,1,0,1,0,0,0,0,0,1,0,0,0,0,0,0,0,1,0,0,0,0,0,1,0,0,621.018355,3.291663
991.492000,948.148000,990.259561,74.000000,18.000000,10.000000,10.000000,0.000000,10.000000,0.015625,0.000000,9.000000,106.590000,17.095220,284.908500,431.874123,28.421178,14.383612,0.000000,0.000000,42.804789,0.000000,0.000000,28.421178,17.349735,0.000000,360.000000,0.000000,3.000000,0.000000,0.000000,0.000000,0.000000,6.000000,3.000000,0.000000,0.000000,-9.700000,47.952411,22.157617,0.354244,0.995148,0.950644,0.665596,0.879925,1.015070,0.928964,0.509689,0.006521,1.139848,0.428656,0.325771,0.549799,0.379087,0.192842,0.114215,0.292724,0.540386,0.349259,0.039949,0.314888,0.426841,0.931881,0.918124,0.741456,0.762962,0.546283,0.938955,0.918814,0.878598,0.146891,-0.046060,-0.385890,0.159327,0.152993,0.472823,0.046237,0.445344,0.334500,0.165960,0.476731,0.329323,0.523269,0.060808,0.918596,0.162582,0.000038,1.133090,0.000000,3.783173,28.568376,20.291138,2.995865,2.823080,4.557453,183.398208,0.004211,9383.832073,1.721419,9.998827,11.264249,0.148421,118.366152,34.802156,2.190893,172.484269,96.199402,108.401984,14.856084,8.357540,26.220661,226224586751283.375000,5.006353,0.881801,3.151488,0.047894,0.003148,3.561529,252.597171,30.372098,1,1,1,0,0,1,0,0,0,1,1,0,0,0,1,0,0,1,0,0,0,0,1,0,0,0,0,0,0,0,0,0,0,1,0,0,1,0,0,1,0,1,0,0,0,0,0,1,0,0,0,0,0,0,0,1,0,0,0,0,0,1,0,0,648.945067,3.958044
959.019000,916.683000,958.277798,73.000000,18.000000,10.000000,10.000000,0.000000,10.000000,0.000000,1.000000,10.000000,126.820000,15.839000,276.826300,420.000149,33.527705,14.383612,0.000000,0.000000,47.911317,0.000000,0.000000,28.421178,22.456262,0.000000,354.000000,0.000000,3.000000,0.000000,0.000000,0.000000,0.000000,6.000000,3.000000,0.000000,0.000000,-10.190000,46.534647,21.624100,0.792672,0.387228,0.900267,0.344876,0.891342,0.650529,0.642227,0.790929,0.528964,0.212274,0.321862,0.309724,0.075844,0.287319,0.340938,0.623410,0.073680,0.114412,-0.086980,0.012160,0.075792,0.328598,0.908012,0.689648,0.852241,0.076736,0.640705,0.194412,0.967690,0.465864,-0.097587,-0.091800,0.158830,-0.119515,0.070930,0.232919,0.183290,-0.182569,0.196913,0.083095,0.460332,0.424312,0.539668,0.133269,0.814500,0.103167,0.000053,1.354925,0.000000,3.843174,23.532105,19.115743,2.522251,2.283465,4.087360,179.447539,0.001567,8186.375246,1.562068,11.778798,9.761227,0.152712,94.314318,54.611346,2.314482,179.915234,79.028902,273.003633,14.639815,7.983358,19.114573,186688611765722.031250,5.487370,0.619339,3.609142,0.055401,0.001978,3.808770,130.090529,29.708725,1,1,1,0,0,1,0,0,0,1,1,0,0,0,1,0,0,1,0,0,0,0,1,0,0,0,0,0,0,0,0,0,0,1,0,0,1,0,0,1,0,1,0,0,0,0,0,1,0,0,0,0,0,0,0,1,0,0,0,0,0,1,0,0,563.373845,2.958225
957.047000,912.695000,956.298533,73.000000,18.000000,10.000000,10.000000,0.000000,10.000000,0.015625,0.000000,9.000000,106.590000,16.441820,279.898500,421.570857,28.421178,14.383612,0.000000,0.000000,42.804789,0.000000,0.000000,28.421178,17.349735,0.000000,354.000000,0.000000,3.000000,0.000000,0.000000,0.000000,0.000000,6.000000,3.000000,0.000000,0.000000,-9.990000,46.724786,21.752291,0.403647,0.370394,1.085355,0.938114,0.932450,0.564852,0.353006,0.723182,0.281297,1.028754,0.286352,0.020851,0.453832,0.162419,0.381757,0.093557,0.341877,0.601422,0.263112,0.126887,0.580722,0.669038,0.696262,1.050512,0.199918,0.691100,0.396716,0.816051,0.666532,0.477470,0.149144,-0.623686,0.052375,-0.137637,0.161120,0.532890,0.312853,-0.286893,0.328551,-0.014867,0.451895,0.436074,0.548105,0.069502,0.906803,0.183932,0.000050,1.345432,0.000000,3.548742,22.026394,18.176163,2.753976,2.182203,3.278435,155.531634,0.001543,7412.695475,1.498945,11.402101,10.542874,0.148528,121.222879,40.691626,2.106312,167.272843,88.249329,265.850435,14.551278,10.245970,17.851630,200855199352834.625000,5.986095,0.682978,3.130414,0.060477,0.002699,3.602782,188.136765,27.258716,1,1,1,0,0,1,0,0,0,1,1,0,0,0,1,0,0,1,0,0,0,0,1,0,0,0,0,0,0,0,0,0,0,1,0,0,1,0,0,1,0,1,0,0,0,0,0,1,0,0,0,0,0,0,0,1,0,0,0,0,0,1,0,0,626.449944,3.425862
959.019000,916.683000,958.277798,73.000000,18.000000,10.000000,10.000000,0.000000,10.000000,0.000000,1.000000,10.000000,126.820000,15.839000,276.826300,420.000149,33.527705,14.383612,0.000000,0.000000,47.911317,0.000000,0.000000,28.421178,22.456262,0.000000,354.000000,0.000000,3.000000,0.000000,0.000000,0.000000,0.000000,6.000000,3.000000,0.000000,0.000000,-10.190000,46.534647,21.624100,0.549123,0.725660,0.835073,0.957778,0.455483,0.633808,0.864393,0.628449,0.714249,0.662933,0.183997,-0.158069,0.089330,0.082011,0.234849,0.298193,0.304613,0.361448,0.307164,0.203555,0.955624,0.485734,0.706717,0.481981,1.195783,0.638900,0.483335,0.551084,0.600598,0.422169,0.034151,0.261887,0.298351,0.367321,0.248674,0.119920,0.070135,0.371117,0.264453,-0.264853,0.491816,0.582995,0.508184,0.070895,0.874866,0.127558,0.000044,1.309647,0.000000,4.117504,27.422734,19.405343,2.882967,2.593941,3.037600,162.309250,0.002741,9314.309385,1.698111,10.362358,11.893016,0.205822,111.153453,34.663774,1.962507,150.207875,103.920801,236.982077,17.421797,9.461714,20.894104,166884436477737.437500,6.291079,0.720950,3.219402,0.050881,0.002148,3.806769,195.090838,36.508947,1,1,1,0,0,1,0,0,0,1,1,0,0,0,1,0,0,1,0,0,0,0,1,0,0,0,0,0,0,0,0,0,0,1,0,0,1,0,0,1,0,1,0,0,0,0,0,1,0,0,0,0,0,0,0,1,0,0,0,0,0,1,0,0,634.543741,3.783704
975.018000,932.682000,974.272712,74.000000,18.000000,10.000000,10.000000,0.000000,10.000000,0.000000,2.000000,11.000000,147.050000,15.544600,278.491100,424.794382,38.634233,14.383612,0.000000,0.000000,53.017844,0.000000,0.000000,28.421178,27.562790,0.000000,360.000000,0.000000,3.000000,0.000000,0.000000,0.000000,0.000000,6.000000,3.000000,0.000000,0.000000,-10.390000,47.295512,21.716994,0.649745,0.872399,0.596201,0.699581,0.511985,0.707554,0.593529,1.163903,0.990694,1.003490,0.021740,0.324980,0.574177,0.623836,-0.143506,0.433115,1.070551,0.228688,-0.373009,-0.310855,1.131004,0.781408,0.989791,-0.297353,0.906973,0.735525,0.267379,1.007966,0.010128,0.029243,-0.031154,-0.176541,0.341486,-0.357257,0.480752,0.026221,0.300673,0.008987,-0.185927,0.473179,0.495827,0.550635,0.504173,0.096168,0.849212,0.139554,0.000043,1.325513,0.000000,3.482083,26.909123,21.977874,3.150150,2.387088,3.144968,177.018089,0.002616,8459.157413,1.537979,10.031552,9.109721,0.154176,111.777661,49.457942,1.880569,99.011126,80.673879,208.164279,16.830415,10.597701,23.662266,220316834528364.781250,5.795365,0.576053,3.950987,0.067035,0.003471,4.092080,195.744408,33.307794,1,1,1,0,0,1,0,0,0,1,1,0,0,0,1,0,0,1,0,0,0,0,1,0,0,0,0,0,0,0,0,0,0,1,0,0,1,0,0,1,0,1,0,0,0,0,0,1,0,0,0,0,0,0,0,1,0,0,0,0,0,1,0,0,598.598945,3.591838
961.010000,919.682000,960.273461,73.000000,18.000000,10.000000,10.000000,0.000000,10.000000,0.000000,0.000000,9.000000,106.590000,16.272500,275.119500,419.371450,28.421178,14.383612,4.390415,0.000000,47.195204,0.000000,0.000000,28.421178,17.349735,0.000000,354.000000,0.000000,3.000000,0.000000,0.000000,0.000000,0.000000,6.000000,3.000000,0.000000,0.000000,-10.060000,46.658232,21.707398,0.920839,0.163028,0.913198,0.392937,0.630826,1.120382,0.375306,0.543027,0.634316,1.500000,0.653729,0.963736,-0.449427,0.424726,0.404155,-0.126383,0.308841,0.362911,0.242120,0.427420,0.627174,0.255895,0.435858,0.248615,0.465139,0.573775,0.536019,0.319908,0.785575,0.661064,-0.427645,-0.337157,-0.077547,-0.069820,-0.221444,-0.106049,0.573897,0.020025,-0.340585,0.260231,0.324696,0.385363,0.675304,0.079080,0.872331,0.091291,0.000052,1.333324,0.000000,3.609343,24.161805,19.754707,2.921972,2.782108,3.433840,200.488241,0.002792,8484.301047,1.647967,7.484170,8.638962,0.153648,95.817609,50.683130,2.148324,144.621076,81.561496,225.009237,14.903909,7.592037,27.687365,251246992362247.812500,6.240116,0.665149,3.402922,0.062753,0.002722,3.701132,237.418405,27.100858,1,1,1,0,0,1,0,0,0,1,1,0,0,0,1,0,0,1,0,0,0,0,1,0,0,0,0,0,0,0,0,0,0,1,0,0,1,0,0,1,0,1,0,0,0,0,0,1,0,0,0,0,0,0,0,1,0,0,0,0,0,1,0,0,603.756429,3.272478
975.018000,932.682000,974.272712,74.000000,18.000000,10.000000,10.000000,0.000000,10.000000,0.000000,2.000000,11.000000,147.050000,15.544600,278.491100,424.794382,38.634233,14.383612,0.000000,0.000000,53.017844,0.000000,0.000000,28.421178,27.562790,0.000000,360.000000,0.000000,3.000000,0.000000,0.000000,0.000000,0.000000,6.000000,3.000000,0.000000,0.000000,-10.390000,47.295512,21.716994,0.501442,1.151585,0.520621,0.836609,0.277837,0.279962,0.795837,-0.001232,0.612021,0.456364,0.172488,0.435033,0.501765,0.603185,0.408713,0.339286,-0.076584,0.881174,0.552403,0.052268,0.637270,0.185271,0.884074,0.482437,0.586802,0.401480,0.681774,1.006421,1.177449,0.825724,-0.056221,0.870743,-0.221591,0.400048,0.099797,0.231868,0.141134,0.682042,0.515449,0.659440,0.464533,0.417412,0.535467,0.075483,0.898903,0.110071,0.000045,1.318953,0.000000,4.147492,23.042118,18.759482,2.975970,2.219009,3.294750,185.556606,0.003376,8279.682285,1.508687,10.096638,9.915996,0.175632,82.758189,43.194567,2.168207,112.811064,83.986314,188.222478,13.433992,8.624980,23.044420,247851850156761.968750,5.228808,0.681926,3.444266,0.048390,0.002803,4.193178,220.806481,28.275376,1,1,1,0,0,1,0,0,0,1,1,0,0,0,1,0,0,1,0,0,0,0,1,0,0,0,0,0,0,0,0,0,0,1,0,0,1,0,0,1,0,1,0,0,0,0,0,1,0,0,0,0,0,0,0,1,0,0,0,0,0,1,0,0,627.615232,3.446976
957.047000,912.695000,956.298533,73.000000,18.000000,10.000000,10.000000,0.000000,10.000000,0.015625,0.000000,9.000000,106.590000,16.441820,279.898500,421.570857,28.421178,14.383612,0.000000,0.000000,42.804789,0.000000,0.000000,28.421178,17.349735,0.000000,354.000000,0.000000,3.000000,0.000000,0.000000,0.000000,0.000000,6.000000,3.000000,0.000000,0.000000,-9.990000,46.724786,21.752291,0.785606,0.877648,0.719194,0.741733,1.188355,1.188119,0.710589,0.619180,0.556728,0.094029,0.270757,0.346364,0.517325,0.180885,0.135559,0.163727,0.235698,0.382087,-0.129172,0.343866,0.947060,0.916562,0.429821,0.371655,0.118859,0.160798,1.305523,0.240838,0.526734,0.664846,0.729760,0.127782,0.039548,0.156027,-0.127335,0.004546,-0.140340,0.004967,0.136686,-0.090284,0.517196,0.400545,0.482804,0.069035,0.889929,0.126802,0.000043,1.414109,0.000000,4.261168,25.434662,20.245730,2.815292,3.005460,4.380615,147.712676,0.004120,8377.587102,1.562027,9.528612,10.827384,0.169811,104.682839,46.806798,2.167532,163.117150,95.165648,233.006187,16.000139,7.590171,17.311974,225394110139373.312500,5.993243,0.681094,3.185900,0.059629,0.003164,4.510783,202.874232,31.607600,1,1,1,0,0,1,0,0,0,1,1,0,0,0,1,0,0,1,0,0,0,0,1,0,0,0,0,0,0,0,0,0,0,1,0,0,1,0,0,1,0,1,0,0,0,0,0,1,0,0,0,0,0,0,0,1,0,0,0,0,0,1,0,0,635.677489,3.698745
985.101000,936.717000,984.329833,75.000000,18.000000,10.000000,10.000000,0.000000,10.000000,0.045455,0.000000,9.000000,106.590000,17.058660,289.372500,434.300741,28.421178,14.383612,0.000000,0.000000,42.804789,0.000000,0.000000,28.421178,17.349735,0.000000,366.000000,0.000000,3.000000,0.000000,0.000000,0.000000,0.000000,6.000000,3.000000,0.000000,0.000000,-9.990000,48.628963,22.193105,0.305285,1.096169,0.994589,0.436934,0.720954,1.215667,0.918047,0.481025,0.800572,0.640151,0.125893,0.412765,-0.179187,0.495904,0.285617,0.652803,-0.141751,0.587860,0.033763,0.071373,0.705411,0.241800,0.240213,0.680667,0.794846,0.723603,0.592796,0.589373,0.590217,0.422522,0.196886,-0.057726,0.305561,0.764517,-0.450054,0.543029,0.056480,0.260427,0.706016,-0.077536,0.274283,0.423583,0.725717,0.102823,0.817458,0.146203,0.000059,1.226201,0.000000,3.519518,26.509190,17.299057,3.038644,2.419298,3.348871,153.806384,0.003716,7164.997696,1.640244,10.941488,10.720562,0.186769,83.410354,42.628548,2.066434,125.090032,84.761144,247.690427,18.591311,7.542855,21.593563,204754590780160.343750,5.838854,0.571741,3.319517,0.060644,0.003013,3.859526,192.129916,28.457312,1,1,1,0,0,1,0,0,0,1,1,0,0,0,1,0,0,1,0,0,0,0,1,0,0,0,0,0,0,0,0,0,0,1,0,0,1,0,0,1,0,1,0,0,0,0,0,1,0,0,0,0,0,0,0,1,0,0,0,0,0,1,0,0,579.998564,2.970676
957.047000,912.695000,956.298533,73.000000,18.000000,10.000000,10.000000,0.000000,10.000000,0.015625,0.000000,9.000000,106.590000,16.441820,279.898500,421.570857,28.421178,14.383612,0.000000,0.000000,42.804789,0.000000,0.000000,28.421178,17.349735,0.000000,354.000000,0.000000,3.000000,0.000000,0.000000,0.000000,0.000000,6.000000,3.000000,0.000000,0.000000,-9.990000,46.724786,21.752291,0.802135,0.928086,0.827549,1.000067,0.518500,0.431381,0.555165,0.747304,0.495752,0.773694,0.458842,0.514903,0.390233,0.348388,0.233035,-0.034069,0.096315,0.467541,0.524703,0.437804,0.453335,0.730021,0.778197,0.236220,0.535931,0.581742,1.244286,0.704890,0.682752,0.605191,0.232116,0.288340,-0.226972,0.259330,-0.568559,0.381943,0.076692,0.246101,-0.476248,0.294040,0.416933,0.346126,0.583067,0.105317,0.858647,0.153576,0.000052,1.243635,0.000000,4.259727,23.363329,19.514381,2.913681,1.908985,3.384997,162.474904,0.003855,7952.789524,1.751435,9.086169,9.680310,0.142421,85.899519,45.068727,1.617660,133.774913,77.766598,167.351416,13.433802,7.896606,29.091113,184008671067636.593750,5.910053,0.740910,3.778992,0.049948,0.002856,3.339072,176.447255,28.761421,1,1,1,0,0,1,0,0,0,1,1,0,0,0,1,0,0,1,0,0,0,0,1,0,0,0,0,0,0,0,0,0,0,1,0,0,1,0,0,1,0,1,0,0,0,0,0,1,0,0,0,0,0,0,0,1,0,0,0,0,0,1,0,0,599.545203,3.117809
961.010000,919.682000,960.273461,73.000000,18.000000,10.000000,10.000000,0.000000,10.000000,0.000000,0.000000,9.000000,106.590000,16.272500,275.119500,419.371450,28.421178,14.383612,4.390415,0.000000,47.195204,0.000000,0.000000,28.421178,17.349735,0.000000,354.000000,0.000000,3.000000,0.000000,0.000000,0.000000,0.000000,6.000000,3.000000,0.000000,0.000000,-10.060000,46.658232,21.707398,0.967589,0.263719,0.954708,0.395234,0.628701,0.731903,0.783938,0.737129,0.853228,0.876867,0.444561,0.205840,0.522236,0.184006,0.309632,0.118342,-0.121998,0.453720,0.175716,0.132152,0.404570,0.985576,0.424919,0.817273,0.753959,0.505336,0.961286,0.633662,0.890407,1.155658,0.277696,-0.374362,-0.226075,0.321973,0.082572,-0.457944,0.448735,-0.050962,0.325613,0.319470,0.444444,0.351264,0.555556,0.084840,1.007054,0.168301,0.000034,1.397340,0.000000,4.402898,27.740323,22.872820,3.190888,2.146423,3.302823,181.029428,0.004149,8688.381904,1.654897,7.452467,10.237015,0.182740,65.529765,54.931337,1.941226,144.346394,82.048235,263.100938,14.515475,8.526156,24.691635,188538232704044.562500,5.857696,0.712210,3.194437,0.061874,0.002385,3.222691,227.269981,29.964751,1,1,1,0,0,1,0,0,0,1,1,0,0,0,1,0,0,1,0,0,0,0,1,0,0,0,0,0,0,0,0,0,0,1,0,0,1,0,0,1,0,1,0,0,0,0,0,1,0,0,0,0,0,0,0,1,0,0,0,0,0,1,0,0,658.288475,3.559559
971.074000,924.706000,970.314183,74.000000,18.000000,10.000000,10.000000,0.000000,10.000000,0.030769,0.000000,9.000000,106.590000,16.750240,284.635500,427.935799,28.421178,14.383612,0.000000,0.000000,42.804789,0.000000,0.000000,28.421178,17.349735,0.000000,360.000000,0.000000,3.000000,0.000000,0.000000,0.000000,0.000000,6.000000,3.000000,0.000000,0.000000,-9.990000,47.676250,21.972103,0.492864,0.986313,0.889644,0.746463,0.400359,0.884093,0.480155,0.483079,1.001673,0.377039,0.779210,-0.297098,-0.298499,0.435087,-0.150732,0.450212,0.300587,0.213343,0.489083,0.291722,0.189919,0.953479,1.086359,1.040744,0.580736,0.485141,0.648616,0.701275,0.105579,0.745409,0.032927,0.092669,0.825797,-0.090921,0.181408,0.337414,-0.210747,0.322201,-0.041368,0.099579,0.452775,0.356019,0.547225,0.077492,0.852221,0.129847,0.000052,1.408380,0.000000,4.005946,25.213498,20.273488,2.741409,2.283563,3.257908,186.372876,0.002276,8761.681517,1.714749,7.967732,10.294478,0.172067,103.535875,43.550081,2.042444,152.287384,79.411631,181.287038,16.399053,8.402909,22.462416,234705851216282.156250,6.691936,0.610240,3.567873,0.053153,0.003528,3.368622,192.424359,25.033998,1,1,1,0,0,1,0,0,0,1,1,0,0,0,1,0,0,1,0,0,0,0,1,0,0,0,0,0,0,0,0,0,0,1,0,0,1,0,0,1,0,1,0,0,0,0,0,1,0,0,0,0,0,0,0,1,0,0,0,0,0,1,0,0,614.849984,3.484278
979.000000,938.680000,978.264039,74.000000,18.000000,10.000000,10.000000,0.000000,10.000000,0.000000,0.000000,9.000000,106.590000,16.411600,275.077500,423.536986,28.421178,14.383612,8.780830,0.000000,51.585619,0.000000,0.000000,28.421178,17.349735,0.000000,360.000000,0.000000,3.000000,0.000000,0.000000,0.000000,0.000000,6.000000,3.000000,0.000000,0.000000,-10.130000,47.542969,21.882713,0.768894,0.737311,0.476193,0.926444,0.913474,0.475731,0.668135,0.943588,1.307425,0.792319,-0.001969,0.262118,-0.035498,0.659951,0.621814,0.498834,0.131221,0.385487,-0.054569,0.547420,0.985809,0.657757,0.897099,1.030451,0.326702,0.209083,0.596539,0.477584,0.679243,0.389739,-0.109929,0.421158,0.531804,-0.002556,-0.002289,0.134814,0.336259,0.137087,0.170723,0.527080,0.336296,0.403672,0.663704,0.074438,0.921972,0.179929,0.000041,1.334040,0.000000,3.567514,26.172317,19.086083,2.796623,2.134188,2.965913,197.606927,0.004218,8169.412123,1.800847,10.245936,10.808844,0.147103,119.505337,46.359114,1.704577,129.415484,83.395992,194.931793,18.211089,7.158446,23.476470,178707608183826.406250,4.711445,0.685436,2.888254,0.049140,0.002971,3.623648,215.540420,26.312853,1,1,1,0,0,1,0,0,0,1,1,0,0,0,1,0,0,1,0,0,0,0,1,0,0,0,0,0,0,0,0,0,0,1,0,0,1,0,0,1,0,1,0,0,0,0,0,1,0,0,0,0,0,0,0,1,0,0,0,0,0,1,0,0,627.896946,3.354245
991.017000,948.681000,990.267627,75.000000,18.000000,10.000000,10.000000,0.000000,10.000000,0.000000,3.000000,12.000000,167.280000,15.250200,280.155900,429.588616,43.740760,14.383612,0.000000,0.000000,58.124371,0.000000,0.000000,28.421178,32.669317,0.000000,366.000000,0.000000,3.000000,0.000000,0.000000,0.000000,0.000000,6.000000,3.000000,0.000000,0.000000,-10.590000,48.057188,21.812288,1.117297,0.204239,-0.153194,0.383974,0.758687,0.395830,0.988820,0.695131,1.066151,0.611140,0.502690,0.574996,-0.187097,0.244793,0.246264,0.692486,0.420745,0.267421,0.969481,0.353549,1.215434,0.490333,0.395931,0.741468,0.668590,0.143927,0.910230,0.391880,0.864364,0.829351,0.067843,-0.008911,-0.065852,0.383607,0.096181,0.688621,0.334412,0.192772,0.734670,0.022278,0.427609,0.355269,0.572391,0.071725,0.802437,0.121492,0.000053,1.440707,0.000000,3.875575,20.925963,20.163665,2.974923,2.393172,3.630480,182.352914,0.002291,8265.306146,1.504128,9.139770,7.853634,0.147523,97.580458,40.335092,1.877320,184.959602,90.076296,167.625144,16.423438,8.221503,25.737922,240093407968908.281250,5.881448,0.648275,3.531253,0.045221,0.003530,3.884635,178.310902,34.887981,1,1,1,0,0,1,0,0,0,1,1,0,0,0,1,0,0,1,0,0,0,0,1,0,0,0,0,0,0,0,0,0,0,1,0,0,1,0,0,1,0,1,0,0,0,0,0,1,0,0,0,0,0,0,0,1,0,0,0,0,0,1,0,0,593.726896,3.154946
961.010000,919.682000,960.273461,73.000000,18.000000,10.000000,10.000000,0.000000,10.000000,0.000000,0.000000,9.000000,106.590000,16.272500,275.119500,419.371450,28.421178,14.383612,4.390415,0.000000,47.195204,0.000000,0.000000,28.421178,17.349735,0.000000,354.000000,0.000000,3.000000,0.000000,0.000000,0.000000,0.000000,6.000000,3.000000,0.000000,0.000000,-10.060000,46.658232,21.707398,1.021620,0.903752,0.860180,0.268071,1.024882,0.980497,0.149837,0.992315,1.005814,0.844892,0.308205,0.771349,0.167431,0.735149,1.041412,-0.320890,-0.200650,0.385253,-0.340750,-0.032257,-0.054817,0.306528,0.599896,0.655932,1.007600,0.530890,0.551959,0.729108,0.720901,0.046053,0.565734,0.150766,-0.038386,-0.110703,-0.140920,0.381092,0.185647,0.117853,0.213661,0.014739,0.424165,0.509178,0.575835,0.130290,0.964284,0.127248,0.000042,1.245584,0.000000,4.338077,25.914427,21.329933,2.749211,2.832885,4.264337,174.869587,0.003259,7490.652452,1.474613,8.970672,11.290481,0.173328,95.573046,48.883901,1.502424,158.519795,78.269360,221.759041,16.392560,9.579587,19.773393,199359658833707.718750,5.825012,0.554220,3.379761,0.067796,0.003627,4.119134,211.214584,42.475216,1,1,1,0,0,1,0,0,0,1,1,0,0,0,1,0,0,1,0,0,0,0,1,0,0,0,0,0,0,0,0,0,0,1,0,0,1,0,0,1,0,1,0,0,0,0,0,1,0,0,0,0,0,0,0,1,0,0,0,0,0,1,0,0,611.237148,3.108078
975.018000,932.682000,974.272712,74.000000,18.000000,10.000000,10.000000,0.000000,10.000000,0.000000,2.000000,11.000000,147.050000,15.544600,278.491100,424.794382,38.634233,14.383612,0.000000,0.000000,53.017844,0.000000,0.000000,28.421178,27.562790,0.000000,360.000000,0.000000,3.000000,0.000000,0.000000,0.000000,0.000000,6.000000,3.000000,0.000000,0.000000,-10.390000,47.295512,21.716994,0.443466,0.522420,0.533578,0.426969,0.873017,1.010420,1.040546,1.040313,0.681478,0.160635,0.204927,0.305943,0.526562,0.368257,-0.126292,0.754070,0.378944,-0.144038,0.590945,0.038624,1.400169,0.648677,0.336120,0.836099,0.407109,0.407404,0.528936,0.816642,0.577655,0.394639,-0.165062,0.623626,0.468818,0.527146,0.387559,0.169830,0.194935,0.265595,0.246266,-0.413271,0.399647,0.460299,0.600353,0.072317,0.763503,0.129253,0.000039,1.203417,0.000000,3.694888,27.778140,18.906989,3.315464,2.142573,3.682916,165.005653,0.003662,8070.947319,1.520188,9.662438,8.607326,0.138408,95.007677,45.138417,2.095852,185.971076,80.933101,229.691257,17.406598,4.929586,23.091838,204157385118547.375000,5.491567,0.714254,3.423373,0.068557,0.003366,4.050656,204.764845,28.762180,1,1,1,0,0,1,0,0,0,1,1,0,0,0,1,0,0,1,0,0,0,0,1,0,0,0,0,0,0,0,0,0,0,1,0,0,1,0,0,1,0,1,0,0,0,0,0,1,0,0,0,0,0,0,0,1,0,0,0,0,0,1,0,0,584.938138,3.679216
961.010000,919.682000,960.273461,73.000000,18.000000,10.000000,10.000000,0.000000,10.000000,0.000000,0.000000,9.000000,106.590000,16.272500,275.119500,419.371450,28.421178,14.383612,4.390415,0.000000,47.195204,0.000000,0.000000,28.421178,17.349735,0.000000,354.000000,0.000000,3.000000,0.000000,0.000000,0.000000,0.000000,6.000000,3.000000,0.000000,0.000000,-10.060000,46.658232,21.707398,0.306616,0.412510,1.184198,0.591519,0.018472,0.519639,1.192760,0.321912,1.136691,0.577565,0.168199,0.677678,0.839882,0.219952,0.637121,0.480129,0.206967,0.237801,0.569459,0.358436,0.618394,0.766551,0.632219,0.579446,0.741072,0.538702,0.158152,0.714226,0.877727,0.643896,0.454913,-0.305414,0.482880,-0.028188,0.415701,-0.200479,-0.012182,0.197847,-0.256115,0.122956,0.477638,0.432614,0.522362,0.084079,0.820605,0.108813,0.000051,1.390949,0.000000,4.212716,26.154807,19.135777,2.733140,2.148763,3.224791,181.420934,0.002869,7887.301809,1.311072,9.486476,9.252798,0.165285,77.779481,56.433594,2.069669,133.024325,82.591353,219.817292,12.947406,8.844616,27.358438,187347638952447.031250,5.316447,0.769783,3.628492,0.064394,0.003056,3.885324,193.749586,26.085313,1,1,1,0,0,1,0,0,0,1,1,0,0,0,1,0,0,1,0,0,0,0,1,0,0,0,0,0,0,0,0,0,0,1,0,0,1,0,0,1,0,1,0,0,0,0,0,1,0,0,0,0,0,0,0,1,0,0,0,0,0,1,0,0,598.956053,3.567738
979.000000,938.680000,978.264039,74.000000,18.000000,10.000000,10.000000,0.000000,10.000000,0.000000,0.000000,9.000000,106.590000,16.411600,275.077500,423.536986,28.421178,14.383612,8.780830,0.000000,51.585619,0.000000,0.000000,28.421178,17.349735,0.000000,360.000000,0.000000,3.000000,0.000000,0.000000,0.000000,0.000000,6.000000,3.000000,0.000000,0.000000,-10.130000,47.542969,21.882713,0.360712,0.882605,1.340803,0.433018,0.705139,0.580856,0.994028,0.275521,0.642675,1.016034,-0.213223,0.486432,0.357102,0.165924,0.680576,0.140153,0.302233,-0.283631,-0.063106,0.522961,0.479162,0.726702,0.468099,-0.026176,0.663163,0.803392,0.511545,0.969432,0.351387,0.796178,-0.127705,-0.184899,0.296700,-0.130717,1.047460,-0.012583,0.156366,-0.427060,0.106063,0.433680,0.414377,0.390184,0.585623,0.109410,0.876120,0.143097,0.000043,1.431430,0.000000,3.061892,23.759055,19.518464,2.548353,2.631774,3.672284,164.698498,0.005076,8262.458595,1.654480,9.979852,10.062489,0.170871,97.003153,54.452753,1.810031,145.352530,85.822101,287.737165,13.754907,8.252816,19.878596,177787310832297.625000,5.313455,0.693237,3.475924,0.077498,0.003632,4.220484,182.287304,34.793296,1,1,1,0,0,1,0,0,0,1,1,0,0,0,1,0,0,1,0,0,0,0,1,0,0,0,0,0,0,0,0,0,0,1,0,0,1,0,0,1,0,1,0,0,0,0,0,1,0,0,0,0,0,0,0,1,0,0,0,0,0,1,0,0,599.290161,3.023844
975.018000,932.682000,974.272712,74.000000,18.000000,10.000000,10.000000,0.000000,10.000000,0.000000,2.000000,11.000000,147.050000,15.544600,278.491100,424.794382,38.634233,14.383612,0.000000,0.000000,53.017844,0.000000,0.000000,28.421178,27.562790,0.000000,360.000000,0.000000,3.000000,0.000000,0.000000,0.000000,0.000000,6.000000,3.000000,0.000000,0.000000,-10.390000,47.295512,21.716994,0.677456,1.134423,0.963006,0.670945,0.487699,0.601262,0.783676,0.875877,0.579961,1.273804,-0.070565,0.087775,0.136942,0.641051,0.446380,0.481223,0.979228,0.392233,0.382817,0.371115,1.064131,0.828392,0.554500,0.464192,0.854687,0.667443,0.687773,0.870377,0.485185,0.583917,0.100519,-0.180763,0.342374,0.164210,0.632801,0.442901,-0.095707,0.561406,-0.018287,0.250997,0.485229,0.492072,0.514771,0.032329,0.797450,0.140126,0.000051,1.446616,0.000000,3.720619,27.897628,21.726382,3.144532,2.537747,3.553542,167.640487,0.004947,8371.988362,1.600015,10.316549,10.305151,0.141650,67.027982,61.517659,2.234204,152.841027,93.664909,187.796970,15.422042,8.584070,22.771899,254235406449107.062500,4.315002,0.708989,3.294790,0.089032,0.003458,4.083029,231.515501,25.916566,1,1,1,0,0,1,0,0,0,1,1,0,0,0,1,0,0,1,0,0,0,0,1,0,0,0,0,0,0,0,0,0,0,1,0,0,1,0,0,1,0,1,0,0,0,0,0,1,0,0,0,0,0,0,0,1,0,0,0,0,0,1,0,0,638.490352,4.148060
959.019000,916.683000,958.277798,73.000000,18.000000,10.000000,10.000000,0.000000,10.000000,0.000000,1.000000,10.000000,126.820000,15.839000,276.826300,420.000149,33.527705,14.383612,0.000000,0.000000,47.911317,0.000000,0.000000,28.421178,22.456262,0.000000,354.000000,0.000000,3.000000,0.000000,0.000000,0.000000,0.000000,6.000000,3.000000,0.000000,0.000000,-10.190000,46.534647,21.624100,0.538795,0.972082,0.655486,0.274832,0.110601,1.043161,0.750720,0.434342,0.935218,0.416661,-0.165612,0.243424,-0.402974,0.291053,0.432307,0.086442,0.602062,-0.235406,0.368182,-0.362530,0.917456,0.873142,0.754973,0.946641,0.913413,0.884414,0.468800,0.615646,0.421804,0.601244,-0.077625,0.113771,-0.192461,0.100776,0.619738,0.609891,0.605878,0.445751,0.198600,0.357197,0.457414,0.434915,0.542586,0.109153,0.889331,0.113216,0.000043,1.147385,0.000000,4.080773,26.347237,20.489862,3.150636,2.866348,3.401569,175.117414,0.004953,8946.525374,1.314687,8.969763,12.532012,0.131836,89.186313,43.295827,1.870954,148.163450,101.433381,190.775819,12.025734,8.126976,17.858589,238201164693798.625000,5.245854,0.636575,3.406512,0.067437,0.003351,4.005365,204.515233,33.989829,1,1,1,0,0,1,0,0,0,1,1,0,0,0,1,0,0,1,0,0,0,0,1,0,0,0,0,0,0,0,0,0,0,1,0,0,1,0,0,1,0,1,0,0,0,0,0,1,0,0,0,0,0,0,0,1,0,0,0,0,0,1,0,0,611.560114,3.254867
959.019000,916.683000,958.277798,73.000000,18.000000,10.000000,10.000000,0.000000,10.000000,0.000000,1.000000,10.000000,126.820000,15.839000,276.826300,420.000149,33.527705,14.383612,0.000000,0.000000,47.911317,0.000000,0.000000,28.421178,22.456262,0.000000,354.000000,0.000000,3.000000,0.000000,0.000000,0.000000,0.000000,6.000000,3.000000,0.000000,0.000000,-10.190000,46.534647,21.624100,0.586832,0.645668,0.973862,0.314288,0.788689,0.857435,0.678868,0.031628,0.318647,0.530998,-0.135802,0.411947,0.248244,0.671639,0.144001,0.386546,0.326000,0.587750,0.656804,-0.037238,0.648148,0.692751,1.202504,1.048027,0.522186,1.019714,-0.048786,0.700243,0.671554,0.224811,-0.083475,-0.126216,0.307347,0.256493,-0.234259,0.125905,0.342316,-0.095795,0.654804,0.352064,0.420470,0.440445,0.579530,0.060308,0.881037,0.177424,0.000052,1.445691,0.000000,3.538912,26.530735,18.261719,3.055368,2.135192,3.292671,198.439259,0.003842,8562.895551,1.598438,9.923744,11.292579,0.161389,87.776589,43.728332,1.954425,119.462128,92.591372,229.599519,14.664028,7.454143,27.601097,224742864373680.750000,6.571207,0.794545,3.279739,0.055215,0.003712,4.096654,212.072937,35.549203,1,1,1,0,0,1,0,0,0,1,1,0,0,0,1,0,0,1,0,0,0,0,1,0,0,0,0,0,0,0,0,0,0,1,0,0,1,0,0,1,0,1,0,0,0,0,0,1,0,0,0,0,0,0,0,1,0,0,0,0,0,1,0,0,634.034079,3.651310
979.000000,938.680000,978.264039,74.000000,18.000000,10.000000,10.000000,0.000000,10.000000,0.000000,0.000000,9.000000,106.590000,16.411600,275.077500,423.536986,28.421178,14.383612,8.780830,0.000000,51.585619,0.000000,0.000000,28.421178,17.349735,0.000000,360.000000,0.000000,3.000000,0.000000,0.000000,0.000000,0.000000,6.000000,3.000000,0.000000,0.000000,-10.130000,47.542969,21.882713,0.901209,0.524119,0.210121,0.760618,0.427902,1.029367,0.685548,0.459362,1.024101,0.192216,0.398739,0.448869,0.143107,-0.382672,0.015235,0.095470,0.562600,0.039741,0.217431,0.366498,0.462283,0.425610,0.749291,0.628747,0.358767,0.966919,0.559988,0.697245,0.232216,0.338382,0.182869,0.217012,0.234651,0.080104,0.252673,0.191769,0.156004,0.299871,0.288765,0.232469,0.388884,0.491262,0.611116,0.107418,0.897511,0.126199,0.000050,1.267350,0.000000,3.625804,27.026373,19.933812,3.450932,2.413507,4.009516,162.107999,0.004383,7041.015646,1.660214,9.005875,10.625111,0.143470,94.366975,52.954934,1.939490,174.429224,86.568626,178.670085,15.392549,8.004881,18.726870,183955402926138.031250,4.418573,0.721020,3.306253,0.076412,0.002164,4.293662,188.983262,26.897952,1,1,1,0,0,1,0,0,0,1,1,0,0,0,1,0,0,1,0,0,0,0,1,0,0,0,0,0,0,0,0,0,0,1,0,0,1,0,0,1,0,1,0,0,0,0,0,1,0,0,0,0,0,0,0,1,0,0,0,0,0,1,0,0,600.213108,3.271868
977.465000,936.137000,976.243911,73.000000,18.000000,10.000000,10.000000,0.000000,10.000000,0.000000,0.000000,9.000000,106.590000,16.786800,280.171500,425.509181,28.421178,14.383612,0.000000,0.000000,42.804789,0.000000,0.000000,28.421178,17.349735,0.000000,354.000000,0.000000,3.000000,0.000000,0.000000,0.000000,0.000000,6.000000,3.000000,0.000000,0.000000,-9.700000,47.000579,21.938572,0.344449,0.887996,0.251421,0.803453,1.216586,0.528127,0.749626,0.769296,0.601091,0.486217,0.533436,0.168083,0.454936,0.629083,0.075151,0.238031,-0.094962,-0.052917,0.474388,0.415005,0.252230,0.697621,0.513980,0.336787,0.405518,0.386409,1.106243,0.500343,0.742101,0.266699,0.245898,0.102177,0.454597,0.336828,0.232138,0.240822,0.286958,0.011249,0.373631,0.510725,0.362869,0.343650,0.637131,0.102165,0.811047,0.097940,0.000044,1.185236,0.000000,3.661275,25.503703,21.238380,2.990556,2.158641,3.243773,172.105314,0.004426,8025.862026,1.663071,8.513987,10.624389,0.186268,107.214729,48.195141,1.969067,121.289914,82.878625,204.127590,13.844662,9.528664,22.906411,244546723270010.062500,6.454060,0.781416,3.473333,0.076849,0.002465,3.788846,201.879102,22.548754,1,1,1,0,0,1,0,0,0,1,1,0,0,0,1,0,0,1,0,0,0,0,1,0,0,0,0,0,0,0,0,0,0,1,0,0,1,0,0,1,0,1,0,0,0,0,0,1,0,0,0,0,0,0,0,1,0,0,0,0,0,1,0,0,581.460842,3.138971
991.017000,948.681000,990.267627,75.000000,18.000000,10.000000,10.000000,0.000000,10.000000,0.000000,3.000000,12.000000,167.280000,15.250200,280.155900,429.588616,43.740760,14.383612,0.000000,0.000000,58.124371,0.000000,0.000000,28.421178,32.669317,0.000000,366.000000,0.000000,3.000000,0.000000,0.000000,0.000000,0.000000,6.000000,3.000000,0.000000,0.000000,-10.590000,48.057188,21.812288,0.633686,0.503957,0.245794,0.321165,1.012029,1.181114,0.431945,0.923893,0.499128,1.100054,0.227021,0.092216,0.491829,0.605075,0.576725,0.423705,0.179434,0.325910,0.328395,0.487186,0.198548,0.469280,0.405666,0.565104,0.943213,0.678416,0.629470,0.365507,0.331550,0.960714,-0.209893,0.173686,-0.274278,-0.067905,0.125300,0.026379,0.143991,0.376038,-0.145255,0.120611,0.397124,0.445028,0.602876,0.079713,0.896569,0.140989,0.000051,1.321055,0.000000,3.700325,27.051301,19.084115,2.949793,2.261502,4.024114,183.813800,0.004482,8371.958870,1.728830,11.586640,11.650624,0.165790,90.683463,43.157923,2.065234,118.332151,94.332712,194.624107,15.285663,7.589658,22.667346,257224168310412.187500,6.363264,0.721161,3.279311,0.061671,0.002616,3.611815,203.937534,27.838763,1,1,1,0,0,1,0,0,0,1,1,0,0,0,1,0,0,1,0,0,0,0,1,0,0,0,0,0,0,0,0,0,0,1,0,0,1,0,0,1,0,1,0,0,0,0,0,1,0,0,0,0,0,0,0,1,0,0,0,0,0,1,0,0,620.825570,3.433791
975.018000,932.682000,974.272712,74.000000,18.000000,10.000000,10.000000,0.000000,10.000000,0.000000,2.000000,11.000000,147.050000,15.544600,278.491100,424.794382,38.634233,14.383612,0.000000,0.000000,53.017844,0.000000,0.000000,28.421178,27.562790,0.000000,360.000000,0.000000,3.000000,0.000000,0.000000,0.000000,0.000000,6.000000,3.000000,0.000000,0.000000,-10.390000,47.295512,21.716994,0.333596,0.727909,0.771423,0.674601,0.902187,1.005371,0.524242,0.710262,0.291826,0.847717,0.243671,0.208592,0.088314,0.492449,0.777263,-0.152680,-0.026637,0.195368,0.328614,-0.562075,0.445214,0.556304,0.558502,-0.026567,0.181576,1.046510,1.145061,0.504650,0.382888,0.870292,0.177778,0.246680,0.061336,-0.182695,-0.028371,0.323100,0.192248,0.046627,0.062847,-0.397967,0.556475,0.455564,0.443525,0.113001,0.832232,0.103261,0.000053,1.419559,0.000000,3.665308,21.962012,21.512052,2.982669,2.456403,3.117245,161.638357,0.005324,8687.784065,1.562880,9.614333,10.728199,0.162009,73.131484,55.833345,1.516200,148.253544,112.962542,245.102936,17.255449,9.079203,22.954269,242459785789028.250000,7.443564,0.757293,3.418862,0.062340,0.002672,3.919355,212.174494,34.998799,1,1,1,0,0,1,0,0,0,1,1,0,0,0,1,0,0,1,0,0,0,0,1,0,0,0,0,0,0,0,0,0,0,1,0,0,1,0,0,1,0,1,0,0,0,0,0,1,0,0,0,0,0,0,0,1,0,0,0,0,0,1,0,0,598.900343,3.257543
959.019000,916.683000,958.277798,73.000000,18.000000,10.000000,10.000000,0.000000,10.000000,0.000000,1.000000,10.000000,126.820000,15.839000,276.826300,420.000149,33.527705,14.383612,0.000000,0.000000,47.911317,0.000000,0.000000,28.421178,22.456262,0.000000,354.000000,0.000000,3.000000,0.000000,0.000000,0.000000,0.000000,6.000000,3.000000,0.000000,0.000000,-10.190000,46.534647,21.624100,0.928600,0.485736,0.781127,0.982221,1.176353,0.687339,0.924322,0.565385,1.094347,0.184395,0.126264,-0.025326,0.122438,-0.158714,0.252829,0.212774,0.119469,0.842153,0.737876,0.493990,0.650673,0.615737,0.560202,0.378631,0.948647,0.364541,1.207075,0.246267,0.275667,0.387836,0.053351,0.473288,-0.232530,-0.342982,-0.040036,-0.089917,-0.340287,0.065943,0.428435,0.307889,0.442379,0.396932,0.557621,0.109280,0.904369,0.141558,0.000046,1.421128,0.000000,4.310299,27.842257,20.296135,3.169866,2.792413,3.782928,188.702104,0.003961,8470.841070,1.525312,9.824124,11.277528,0.156838,70.831443,50.801410,1.955221,115.980557,90.429853,167.296936,14.519701,7.660574,18.899825,253240412469948.937500,5.160056,0.736674,3.224821,0.052912,0.002376,3.597433,136.028333,27.543170,1,1,1,0,0,1,0,0,0,1,1,0,0,0,1,0,0,1,0,0,0,0,1,0,0,0,0,0,0,0,0,0,0,1,0,0,1,0,0,1,0,1,0,0,0,0,0,1,0,0,0,0,0,0,0,1,0,0,0,0,0,1,0,0,612.324805,3.424445
975.018000,932.682000,974.272712,74.000000,18.000000,10.000000,10.000000,0.000000,10.000000,0.000000,2.000000,11.000000,147.050000,15.544600,278.491100,424.794382,38.634233,14.383612,0.000000,0.000000,53.017844,0.000000,0.000000,28.421178,27.562790,0.000000,360.000000,0.000000,3.000000,0.000000,0.000000,0.000000,0.000000,6.000000,3.000000,0.000000,0.000000,-10.390000,47.295512,21.716994,0.951116,0.339552,0.676502,0.691793,0.875275,1.392439,0.942856,0.902296,0.447438,0.603197,0.050300,0.255924,0.437437,0.450666,0.426665,0.055190,0.266231,0.116138,0.470471,-0.047082,0.581075,0.900196,0.251567,0.949983,0.336510,0.880680,0.358708,0.529667,1.177539,0.780234,0.409394,0.028897,0.405221,0.501222,0.224087,0.418805,0.116616,0.918001,-0.023246,0.083560,0.486028,0.382528,0.513972,0.122769,0.824110,0.174419,0.000046,1.363910,0.000000,4.117547,22.703613,20.065318,2.913983,2.514507,3.533214,197.846018,0.003279,8180.346788,1.383646,10.208141,11.289563,0.213771,93.722904,40.178299,1.902631,151.639241,85.899885,216.574371,14.443229,6.984609,25.425167,170675416694183.125000,5.787470,0.761791,3.484022,0.052456,0.002648,4.280860,224.676625,31.550022,1,1,1,0,0,1,0,0,0,1,1,0,0,0,1,0,0,1,0,0,0,0,1,0,0,0,0,0,0,0,0,0,0,1,0,0,1,0,0,1,0,1,0,0,0,0,0,1,0,0,0,0,0,0,0,1,0,0,0,0,0,1,0,0,580.328079,3.055740
979.000000,938.680000,978.264039,74.000000,18.000000,10.000000,10.000000,0.000000,10.000000,0.000000,0.000000,9.000000,106.590000,16.411600,275.077500,423.536986,28.421178,14.383612,8.780830,0.000000,51.585619,0.000000,0.000000,28.421178,17.349735,0.000000,360.000000,0.000000,3.000000,0.000000,0.000000,0.000000,0.000000,6.000000,3.000000,0.000000,0.000000,-10.130000,47.542969,21.882713,0.031507,0.954016,0.800184,0.784245,0.726630,1.061286,0.521186,0.750973,0.705725,0.563723,0.670824,0.181330,0.453146,-0.314313,0.595872,0.334913,0.439687,0.468438,0.195475,-0.104845,0.438063,0.779118,0.353253,0.651104,0.408984,0.347156,0.238902,0.714634,0.589075,0.508331,0.283970,0.449802,0.208927,0.350734,-0.018033,-0.053520,0.047340,0.474213,-0.298679,0.079350,0.280966,0.426372,0.719034,0.059211,0.936494,0.180136,0.000052,1.303686,0.000000,3.118682,26.383189,21.461817,3.592043,2.239295,2.931638,182.531859,0.006463,7895.916089,1.717608,11.929914,10.830773,0.149644,102.453011,47.216739,1.698552,166.393610,68.236360,312.259027,16.559908,9.970851,22.275641,210115996481892.906250,6.060879,0.630707,3.027528,0.061451,0.003370,3.213694,258.773643,33.370087,1,1,1,0,0,1,0,0,0,1,1,0,0,0,1,0,0,1,0,0,0,0,1,0,0,0,0,0,0,0,0,0,0,1,0,0,1,0,0,1,0,1,0,0,0,0,0,1,0,0,0,0,0,0,0,1,0,0,0,0,0,1,0,0,639.340622,3.463964
979.000000,938.680000,978.264039,74.000000,18.000000,10.000000,10.000000,0.000000,10.000000,0.000000,0.000000,9.000000,106.590000,16.411600,275.077500,423.536986,28.421178,14.383612,8.780830,0.000000,51.585619,0.000000,0.000000,28.421178,17.349735,0.000000,360.000000,0.000000,3.000000,0.000000,0.000000,0.000000,0.000000,6.000000,3.000000,0.000000,0.000000,-10.130000,47.542969,21.882713,0.688946,1.011835,0.702014,0.706027,0.546584,1.065142,0.490740,0.583886,0.644951,0.889574,0.082532,0.101150,0.560371,0.406591,-0.072435,0.244558,0.268933,0.475316,0.388844,0.974857,0.533447,1.080616,0.151027,0.624673,0.698036,1.048398,0.816940,0.397858,0.745552,0.227786,-0.060976,-0.080686,0.269137,0.079537,0.012169,0.176021,0.320572,0.293418,-0.092052,0.289553,0.393522,0.472448,0.606478,0.073183,0.958079,0.147555,0.000046,1.393274,0.000000,3.881762,26.217189,21.855111,2.110161,2.783724,4.427848,149.437952,0.004636,8919.044203,1.500212,8.151846,7.979591,0.141264,104.193363,46.922874,2.247248,103.892764,94.529116,249.698091,17.692637,8.023549,21.203982,202297252548110.062500,5.390780,0.652292,3.135640,0.048182,0.003037,4.252093,188.577132,27.441365,1,1,1,0,0,1,0,0,0,1,1,0,0,0,1,0,0,1,0,0,0,0,1,0,0,0,0,0,0,0,0,0,0,1,0,0,1,0,0,1,0,1,0,0,0,0,0,1,0,0,0,0,0,0,0,1,0,0,0,0,0,1,0,0,645.450437,3.487493
991.017000,948.681000,990.267627,75.000000,18.000000,10.000000,10.000000,0.000000,10.000000,0.000000,3.000000,12.000000,167.280000,15.250200,280.155900,429.588616,43.740760,14.383612,0.000000,0.000000,58.124371,0.000000,0.000000,28.421178,32.669317,0.000000,366.000000,0.000000,3.000000,0.000000,0.000000,0.000000,0.000000,6.000000,3.000000,0.000000,0.000000,-10.590000,48.057188,21.812288,0.691381,0.757243,0.621848,0.835762,0.042215,1.101730,0.943632,0.467552,1.074023,1.269259,0.465748,0.377429,0.429726,0.132281,0.060422,0.459952,0.576118,0.297996,0.005252,0.458126,0.419506,0.318924,0.400336,0.457153,0.067816,-0.033511,-0.073838,0.454698,0.789883,1.068673,-0.255120,-0.198301,0.272110,-0.170312,0.466488,-0.047003,0.102454,0.012244,-0.471633,-0.045677,0.485606,0.480484,0.514394,0.106180,0.854953,0.124339,0.000045,1.406837,0.000000,3.673902,27.614834,20.408888,2.558208,2.057675,3.667801,179.016207,0.003699,8040.679946,1.623718,9.166379,11.403394,0.162559,92.137655,47.894987,2.146040,143.462965,88.017369,289.536837,15.927937,8.900822,16.274602,210739652219384.906250,5.205705,0.643493,3.214770,0.064999,0.003329,3.899426,218.540887,34.704586,1,1,1,0,0,1,0,0,0,1,1,0,0,0,1,0,0,1,0,0,0,0,1,0,0,0,0,0,0,0,0,0,0,1,0,0,1,0,0,1,0,1,0,0,0,0,0,1,0,0,0,0,0,0,0,1,0,0,0,0,0,1,0,0,601.706211,3.543065
993.464000,952.136000,992.238825,74.000000,18.000000,10.000000,10.000000,0.000000,10.000000,0.000000,1.000000,10.000000,126.820000,16.492400,281.836300,430.303415,33.527705,14.383612,0.000000,0.000000,47.911317,0.000000,0.000000,28.421178,22.456262,0.000000,360.000000,0.000000,3.000000,0.000000,0.000000,0.000000,0.000000,6.000000,3.000000,0.000000,0.000000,-9.900000,47.761944,22.029626,0.968733,0.424549,0.674020,0.930607,0.799432,0.349340,0.773237,0.449664,0.303840,1.002834,0.323087,0.545258,-0.085820,0.811136,-0.021070,0.312609,0.723368,0.283426,0.574337,0.246469,1.005711,0.820756,0.013384,0.666559,1.370627,0.369633,0.579594,0.528409,0.946539,0.861688,0.378950,0.503899,-0.270884,0.718852,-0.114430,-0.023188,0.238809,-0.187583,-0.226636,-0.274809,0.448704,0.388467,0.551296,0.064285,0.892349,0.150275,0.000045,1.355134,0.000000,3.583927,25.694873,18.115417,2.798984,2.453298,3.313881,165.130068,0.004881,8866.034768,1.497533,10.261038,9.188875,0.196718,78.484152,61.959407,2.343625,143.578209,90.985943,219.222734,19.547634,8.024436,20.647525,197380623850526.656250,5.302142,0.634613,3.453005,0.044237,0.004030,3.686596,241.456322,24.989351,1,1,1,0,0,1,0,0,0,1,1,0,0,0,1,0,0,1,0,0,0,0,1,0,0,0,0,0,0,0,0,0,0,1,0,0,1,0,0,1,0,1,0,0,0,0,0,1,0,0,0,0,0,0,0,1,0,0,0,0,0,1,0,0,637.736466,3.552091
975.018000,932.682000,974.272712,74.000000,18.000000,10.000000,10.000000,0.000000,10.000000,0.000000,2.000000,11.000000,147.050000,15.544600,278.491100,424.794382,38.634233,14.383612,0.000000,0.000000,53.017844,0.000000,0.000000,28.421178,27.562790,0.000000,360.000000,0.000000,3.000000,0.000000,0.000000,0.000000,0.000000,6.000000,3.000000,0.000000,0.000000,-10.390000,47.295512,21.716994,0.714966,0.416371,0.947227,0.870939,0.746148,0.176074,0.666877,0.385668,0.455164,0.480496,0.037043,0.222065,0.335066,0.372238,-0.025443,0.604515,0.230191,0.016094,0.858139,0.751722,0.901581,0.348681,1.289844,0.843626,0.585126,0.421308,0.553419,0.470737,0.415168,0.715032,-0.169124,-0.172398,0.618516,-0.062202,0.431753,-0.230194,0.492834,0.160368,0.199302,0.107756,0.366267,0.450925,0.633733,0.066228,0.927350,0.135194,0.000040,1.153661,0.000000,3.961977,23.923333,22.243445,2.518008,2.665125,4.350307,172.187035,0.005209,6546.571762,1.538163,11.326165,10.307000,0.132478,99.985507,66.341838,2.316394,171.480394,78.657657,252.770181,17.773991,10.420043,16.214253,220237354635735.437500,4.892820,0.659346,3.373736,0.061287,0.002986,3.942736,229.370943,31.154113,1,1,1,0,0,1,0,0,0,1,1,0,0,0,1,0,0,1,0,0,0,0,1,0,0,0,0,0,0,0,0,0,0,1,0,0,1,0,0,1,0,1,0,0,0,0,0,1,0,0,0,0,0,0,0,1,0,0,0,0,0,1,0,0,626.091007,3.383116
973.046000,928.694000,972.293448,74.000000,18.000000,10.000000,10.000000,0.000000,10.000000,0.015625,1.000000,10.000000,126.820000,16.147420,281.563300,426.365091,33.527705,14.383612,0.000000,0.000000,47.911317,0.000000,0.000000,28.421178,22.456262,0.000000,360.000000,0.000000,3.000000,0.000000,0.000000,0.000000,0.000000,6.000000,3.000000,0.000000,0.000000,-10.190000,47.485856,21.844436,0.513583,0.791492,0.259586,0.431193,0.942876,1.306366,1.016171,0.936414,0.972343,0.575960,0.279659,0.218885,0.412124,0.346582,0.454429,0.253911,-0.060356,0.450143,0.062762,-0.016960,0.087343,0.216105,1.001399,0.864830,1.500000,0.051417,0.932604,0.650479,0.949924,0.521531,0.490205,0.220091,0.185028,-0.541405,-0.034433,-0.458266,0.567430,-0.210175,0.079920,0.060101,0.434217,0.385745,0.565783,0.079873,0.905979,0.157889,0.000049,1.297302,0.000000,3.526301,30.353822,19.263979,2.490436,2.731268,4.301942,173.833800,0.005389,8152.617793,1.707205,10.919026,10.328373,0.168209,105.198288,36.788272,1.994194,142.947675,110.704130,196.517243,13.089298,8.778399,23.557296,189322007646490.343750,5.453365,0.760062,3.112611,0.059735,0.003826,3.631403,183.214944,27.167224,1,1,1,0,0,1,0,0,0,1,1,0,0,0,1,0,0,1,0,0,0,0,1,0,0,0,0,0,0,0,0,0,0,1,0,0,1,0,0,1,0,1,0,0,0,0,0,1,0,0,0,0,0,0,0,1,0,0,0,0,0,1,0,0,624.630693,3.741784
957.047000,912.695000,956.298533,73.000000,18.000000,10.000000,10.000000,0.000000,10.000000,0.015625,0.000000,9.000000,106.590000,16.441820,279.898500,421.570857,28.421178,14.383612,0.000000,0.000000,42.804789,0.000000,0.000000,28.421178,17.349735,0.000000,354.000000,0.000000,3.000000,0.000000,0.000000,0.000000,0.000000,6.000000,3.000000,0.000000,0.000000,-9.990000,46.724786,21.752291,0.244405,0.760030,0.289553,0.537900,1.038222,0.575172,0.374112,0.633875,0.354378,1.101813,0.565175,0.263315,0.242621,0.240385,0.519218,0.122814,0.223646,0.508681,0.375702,0.262685,0.363011,0.751362,0.301167,0.462924,0.995755,0.361768,1.014266,0.584185,0.439105,0.093810,0.209817,-0.136002,0.133585,-0.121393,0.055457,-0.129280,0.654683,-0.104581,-0.069959,0.151262,0.494967,0.424295,0.505033,0.099900,0.831329,0.144077,0.000047,1.250845,0.000000,3.566631,23.108419,20.168560,2.736769,2.614171,3.170377,173.532907,0.004566,9884.362417,1.880074,10.530666,11.465211,0.156242,112.440451,44.174589,2.507547,174.044953,105.957163,155.398636,14.197588,7.799083,27.787558,240854019720891.843750,6.113481,0.705470,3.526727,0.078921,0.003070,4.084503,217.339983,24.555572,1,1,1,0,0,1,0,0,0,1,1,0,0,0,1,0,0,1,0,0,0,0,1,0,0,0,0,0,0,0,0,0,0,1,0,0,1,0,0,1,0,1,0,0,0,0,0,1,0,0,0,0,0,0,0,1,0,0,0,0,0,1,0,0,598.657119,3.315396
961.010000,919.682000,960.273461,73.000000,18.000000,10.000000,10.000000,0.000000,10.000000,0.000000,0.000000,9.000000,106.590000,16.272500,275.119500,419.371450,28.421178,14.383612,4.390415,0.000000,47.195204,0.000000,0.000000,28.421178,17.349735,0.000000,354.000000,0.000000,3.000000,0.000000,0.000000,0.000000,0.000000,6.000000,3.000000,0.000000,0.000000,-10.060000,46.658232,21.707398,0.598635,0.218251,0.814497,0.521346,0.817182,0.517570,0.733494,0.655449,0.335154,1.050346,0.551976,0.257248,0.546730,0.158930,0.128511,0.366788,0.125540,0.191120,0.252260,0.396761,0.125022,0.475588,1.107900,0.046207,0.201050,0.852740,0.454393,0.054691,0.712627,0.886870,0.068710,0.194199,0.338619,-0.030859,-0.557740,-0.160096,0.227949,0.320348,0.314211,0.150622,0.378113,0.459637,0.621887,0.116614,0.905113,0.130604,0.000040,1.355420,0.000000,3.154487,25.552005,21.663690,3.356927,2.633162,3.453869,192.942323,0.005500,8067.473212,1.539307,11.707491,11.527626,0.176657,117.234175,44.546209,2.205483,144.099158,95.923545,198.270633,19.062862,9.893694,21.320471,199449876508252.812500,5.416111,0.697352,3.210294,0.069698,0.002993,4.159132,235.865256,31.582085,1,1,1,0,0,1,0,0,0,1,1,0,0,0,1,0,0,1,0,0,0,0,1,0,0,0,0,0,0,0,0,0,0,1,0,0,1,0,0,1,0,1,0,0,0,0,0,1,0,0,0,0,0,0,0,1,0,0,0,0,0,1,0,0,597.908630,3.030410
991.017000,948.681000,990.267627,75.000000,18.000000,10.000000,10.000000,0.000000,10.000000,0.000000,3.000000,12.000000,167.280000,15.250200,280.155900,429.588616,43.740760,14.383612,0.000000,0.000000,58.124371,0.000000,0.000000,28.421178,32.669317,0.000000,366.000000,0.000000,3.000000,0.000000,0.000000,0.000000,0.000000,6.000000,3.000000,0.000000,0.000000,-10.590000,48.057188,21.812288,0.597935,0.891561,1.001958,0.500542,1.307508,0.813618,0.475930,0.361151,0.368736,0.660358,-0.122568,0.810059,0.114200,0.368822,0.021737,-0.123324,0.123023,-0.113999,0.240986,0.512861,0.338987,0.407723,0.519831,0.449733,0.250703,0.481124,0.190876,0.582120,0.844308,0.249740,0.394314,0.776775,0.148562,0.430862,0.426154,0.502707,-0.148121,0.261421,0.225868,-0.201155,0.447898,0.427319,0.552102,0.105634,0.940430,0.131858,0.000038,1.108267,0.000000,3.634936,23.916611,20.546276,2.866431,2.145348,4.145749,178.470210,0.004096,7893.304323,1.692707,9.888639,11.455438,0.127977,91.033132,55.104398,1.849540,138.715757,91.275141,177.599349,8.627969,8.008187,18.978475,258977349663188.406250,4.845288,0.674756,3.255703,0.045000,0.003520,3.788358,213.865957,31.209351,1,1,1,0,0,1,0,0,0,1,1,0,0,0,1,0,0,1,0,0,0,0,1,0,0,0,0,0,0,0,0,0,0,1,0,0,1,0,0,1,0,1,0,0,0,0,0,1,0,0,0,0,0,0,0,1,0,0,0,0,0,1,0,0,617.567092,3.250323
1005.044000,960.692000,1004.283277,76.000000,18.000000,10.000000,10.000000,0.000000,10.000000,0.015625,3.000000,12.000000,167.280000,15.558620,284.892900,435.953558,43.740760,14.383612,0.000000,0.000000,58.124371,0.000000,0.000000,28.421178,32.669317,0.000000,372.000000,0.000000,3.000000,0.000000,0.000000,0.000000,0.000000,6.000000,3.000000,0.000000,0.000000,-10.590000,49.010388,22.035866,0.501876,0.523833,0.490991,0.976567,0.244786,0.740029,0.834391,0.137476,0.611127,0.470134,0.148022,0.355341,0.422778,0.605336,0.275852,-0.198903,0.621371,0.406199,0.587065,0.172111,0.757088,0.583375,0.580811,0.605618,0.571496,0.994011,0.582467,0.648887,0.575552,0.518021,0.235272,0.215428,-0.497699,-0.332092,0.086992,0.234088,-0.154488,-0.150002,0.148266,0.314839,0.536257,0.432850,0.463743,0.094886,0.922682,0.149816,0.000040,1.196446,0.000000,4.151138,25.953415,18.784133,3.086434,2.046778,2.654585,164.178060,0.003811,7782.754734,1.809500,9.685810,9.304712,0.184523,51.480337,60.110126,2.239607,121.660690,88.573244,195.583813,15.215191,10.657674,23.831154,202650713669704.312500,4.376135,0.540962,3.413423,0.070398,0.003390,4.453162,188.445752,28.381949,1,1,1,0,0,1,0,0,0,1,1,0,0,0,1,0,0,1,0,0,0,0,1,0,0,0,0,0,0,0,0,0,0,1,0,0,1,0,0,1,0,1,0,0,0,0,0,1,0,0,0,0,0,0,0,1,0,0,0,0,0,1,0,0,619.765178,3.579718
991.017000,948.681000,990.267627,75.000000,18.000000,10.000000,10.000000,0.000000,10.000000,0.000000,3.000000,12.000000,167.280000,15.250200,280.155900,429.588616,43.740760,14.383612,0.000000,0.000000,58.124371,0.000000,0.000000,28.421178,32.669317,0.000000,366.000000,0.000000,3.000000,0.000000,0.000000,0.000000,0.000000,6.000000,3.000000,0.000000,0.000000,-10.590000,48.057188,21.812288,0.398793,0.512496,0.804957,0.574547,0.705458,1.077356,0.273247,0.686560,0.864083,1.089686,1.007143,0.117821,0.491737,0.004821,1.240611,0.263756,0.194753,0.257113,0.268588,0.020203,0.541843,0.190340,0.433596,0.428809,0.171929,0.463234,0.170653,0.112414,0.338758,0.809242,0.016770,0.374665,0.266242,-0.053676,0.203560,-0.072970,0.351572,0.285503,-0.136804,0.198017,0.539225,0.425771,0.460775,0.081583,0.881028,0.095547,0.000055,1.433923,0.000000,3.873186,27.964105,19.842700,3.059848,3.208958,3.301705,184.497604,0.004293,7900.871054,1.567279,8.960420,11.705821,0.111625,91.340969,43.178011,1.940093,118.322245,61.998966,186.658424,16.099219,9.231916,22.208295,185004465387506.750000,5.067740,0.546028,3.313859,0.080368,0.003230,4.679560,181.914332,29.595867,1,1,1,0,0,1,0,0,0,1,1,0,0,0,1,0,0,1,0,0,0,0,1,0,0,0,0,0,0,0,0,0,0,1,0,0,1,0,0,1,0,1,0,0,0,0,0,1,0,0,0,0,0,0,0,1,0,0,0,0,0,1,0,0,629.960122,3.891123
993.464000,952.136000,992.238825,74.000000,18.000000,10.000000,10.000000,0.000000,10.000000,0.000000,1.000000,10.000000,126.820000,16.492400,281.836300,430.303415,33.527705,14.383612,0.000000,0.000000,47.911317,0.000000,0.000000,28.421178,22.456262,0.000000,360.000000,0.000000,3.000000,0.000000,0.000000,0.000000,0.000000,6.000000,3.000000,0.000000,0.000000,-9.900000,47.761944,22.029626,0.719376,0.440410,0.345358,0.320473,0.882801,0.557244,0.770689,0.795051,0.722476,1.098296,0.310417,0.161728,-0.033768,0.182134,0.615283,0.473199,0.966085,0.437087,0.622892,-0.051877,0.906764,0.509009,0.679568,0.340008,0.447826,0.434147,0.437903,0.621806,0.478215,0.320329,0.029865,-0.164182,-0.107855,0.517330,0.445565,0.454990,-0.028425,0.770302,0.519021,0.167675,0.368598,0.410835,0.631402,0.091872,0.848767,0.170953,0.000042,1.250913,0.000000,2.703159,23.466953,19.874871,2.649204,1.968926,3.105752,186.596154,0.004128,8525.499810,1.671792,11.262884,9.154098,0.173835,104.801819,54.589750,1.640257,147.901807,94.734785,234.665553,13.475485,9.062769,19.706683,247622157177889.812500,8.240721,0.703704,3.369395,0.075263,0.003509,3.856276,222.368295,35.216172,1,1,1,0,0,1,0,0,0,1,1,0,0,0,1,0,0,1,0,0,0,0,1,0,0,0,0,0,0,0,0,0,0,1,0,0,1,0,0,1,0,1,0,0,0,0,0,1,0,0,0,0,0,0,0,1,0,0,0,0,0,1,0,0,596.879174,3.198611
973.046000,928.694000,972.293448,74.000000,18.000000,10.000000,10.000000,0.000000,10.000000,0.015625,1.000000,10.000000,126.820000,16.147420,281.563300,426.365091,33.527705,14.383612,0.000000,0.000000,47.911317,0.000000,0.000000,28.421178,22.456262,0.000000,360.000000,0.000000,3.000000,0.000000,0.000000,0.000000,0.000000,6.000000,3.000000,0.000000,0.000000,-10.190000,47.485856,21.844436,0.300877,1.043476,0.521157,1.126622,0.574466,0.874740,0.603042,0.571373,0.838008,0.717391,0.252637,0.403877,0.138287,0.616293,0.379926,0.298291,0.457923,0.442815,-0.215022,0.309146,0.698117,0.570339,0.606283,0.419599,0.998728,0.890366,0.251786,0.558501,0.577836,0.136617,-0.306133,0.198386,-0.424970,0.630501,0.315232,0.185389,0.693353,0.213252,0.355748,-0.451201,0.303460,0.490307,0.696540,0.092839,0.808616,0.158115,0.000041,1.326845,0.000000,3.869099,30.112519,19.461543,3.148650,2.111475,3.370299,188.797352,0.002759,8489.971055,1.903185,9.077129,10.380569,0.198944,100.761376,40.406763,1.976193,135.929210,102.186653,208.379972,15.619437,6.446742,27.145816,182755861907600.968750,7.100708,0.706351,3.328890,0.058380,0.002884,4.434756,219.752965,28.883040,1,1,1,0,0,1,0,0,0,1,1,0,0,0,1,0,0,1,0,0,0,0,1,0,0,0,0,0,0,0,0,0,0,1,0,0,1,0,0,1,0,1,0,0,0,0,0,1,0,0,0,0,0,0,0,1,0,0,0,0,0,1,0,0,575.409137,3.425827
977.465000,936.137000,976.243911,73.000000,18.000000,10.000000,10.000000,0.000000,10.000000,0.000000,0.000000,9.000000,106.590000,16.786800,280.171500,425.509181,28.421178,14.383612,0.000000,0.000000,42.804789,0.000000,0.000000,28.421178,17.349735,0.000000,354.000000,0.000000,3.000000,0.000000,0.000000,0.000000,0.000000,6.000000,3.000000,0.000000,0.000000,-9.700000,47.000579,21.938572,0.576404,0.764282,0.491929,0.754114,0.621505,0.260561,0.618834,0.326947,0.565258,1.000769,0.291076,-0.062898,0.152822,0.598196,0.635596,0.527376,0.508270,0.222001,0.044534,-0.280344,0.341731,0.506739,0.412307,0.394329,1.125112,0.737477,0.133658,0.514175,0.839255,0.610898,-0.055114,0.174437,0.800980,-0.355630,0.019437,0.045540,0.020957,0.657254,0.625033,-0.272310,0.443167,0.392598,0.556833,0.089601,0.840437,0.122891,0.000043,1.356701,0.000000,3.976327,28.133896,20.075485,3.335181,2.291917,3.261450,197.513465,0.003570,7809.547151,1.753759,9.062003,12.267349,0.160592,101.309323,37.853260,1.597866,146.542425,88.862714,202.606000,12.565975,9.735225,23.770336,166264245135817.062500,5.942443,0.517540,3.142572,0.065122,0.003142,3.361427,220.082471,32.407454,1,1,1,0,0,1,0,0,0,1,1,0,0,0,1,0,0,1,0,0,0,0,1,0,0,0,0,0,0,0,0,0,0,1,0,0,1,0,0,1,0,1,0,0,0,0,0,1,0,0,0,0,0,0,0,1,0,0,0,0,0,1,0,0,609.233478,3.547409
996.990000,957.678000,996.254617,75.000000,18.000000,10.000000,10.000000,0.000000,10.000000,0.000000,0.000000,9.000000,106.590000,16.550700,275.035500,427.702521,28.421178,14.383612,13.171245,0.000000,55.976034,0.000000,0.000000,28.421178,17.349735,0.000000,366.000000,0.000000,3.000000,0.000000,0.000000,0.000000,0.000000,6.000000,3.000000,0.000000,0.000000,-10.200000,48.428792,22.059591,0.613805,1.021424,0.257314,0.859205,0.846681,0.497425,0.368501,0.865493,0.652221,0.633231,0.520801,0.224948,0.299747,0.599044,0.379072,0.301329,0.608045,0.622607,0.240695,0.502037,0.187291,-0.111675,0.369622,-0.171712,0.556978,0.418405,0.577074,0.135547,0.658442,0.575507,0.210113,-0.113286,0.300685,-0.045846,-0.006513,0.652181,0.341543,0.014703,-0.073049,0.421687,0.486470,0.380931,0.513530,0.093379,0.883543,0.123976,0.000049,1.275695,0.000000,3.362730,26.578852,16.859326,2.723740,2.112125,3.775482,181.538530,0.003021,8602.477872,1.670396,11.478569,10.345635,0.160260,87.324036,46.203365,1.863667,170.312079,103.500626,190.720966,12.218521,8.617969,24.127888,225005501164083.093750,7.401300,0.673551,3.250705,0.072437,0.002726,3.227127,216.134734,26.239164,1,1,1,0,0,1,0,0,0,1,1,0,0,0,1,0,0,1,0,0,0,0,1,0,0,0,0,0,0,0,0,0,0,1,0,0,1,0,0,1,0,1,0,0,0,0,0,1,0,0,0,0,0,0,0,1,0,0,0,0,0,1,0,0,612.937972,3.575754
975.018000,932.682000,974.272712,74.000000,18.000000,10.000000,10.000000,0.000000,10.000000,0.000000,2.000000,11.000000,147.050000,15.544600,278.491100,424.794382,38.634233,14.383612,0.000000,0.000000,53.017844,0.000000,0.000000,28.421178,27.562790,0.000000,360.000000,0.000000,3.000000,0.000000,0.000000,0.000000,0.000000,6.000000,3.000000,0.000000,0.000000,-10.390000,47.295512,21.716994,0.402666,0.923224,0.823554,0.911093,0.684655,0.486026,0.865825,0.893549,0.588704,0.369920,0.311606,0.568258,0.807701,-0.244245,0.182314,0.532320,0.214211,0.886637,0.225624,0.247631,0.565694,1.248142,0.585463,0.657426,0.344054,0.661427,0.877793,0.621268,0.766423,0.297783,0.018845,0.060139,-0.153757,0.084966,-0.168311,0.610410,0.566594,-0.217076,0.462879,0.235150,0.466171,0.375136,0.533829,0.052294,0.876481,0.148296,0.000053,1.311288,0.000000,3.873094,22.772787,22.575200,3.035076,2.776896,3.227893,180.689426,0.005322,7898.732287,1.615038,11.941743,11.096953,0.149008,74.149501,45.147743,2.055943,143.136600,76.974721,209.961160,14.209030,5.773148,20.314487,215861938482674.343750,4.659645,0.699647,3.080289,0.064854,0.003134,3.426564,194.535381,29.857908,1,1,1,0,0,1,0,0,0,1,1,0,0,0,1,0,0,1,0,0,0,0,1,0,0,0,0,0,0,0,0,0,0,1,0,0,1,0,0,1,0,1,0,0,0,0,0,1,0,0,0,0,0,0,0,1,0,0,0,0,0,1,0,0,642.754711,3.549976
1011.910000,971.590000,1010.204938,74.000000,18.000000,10.000000,10.000000,0.000000,10.000000,0.000000,0.000000,9.000000,106.590000,17.440200,285.181500,435.812447,28.421178,14.383612,0.000000,0.000000,42.804789,0.000000,0.000000,28.421178,17.349735,0.000000,360.000000,0.000000,3.000000,0.000000,0.000000,0.000000,0.000000,6.000000,3.000000,0.000000,0.000000,-9.410000,48.228675,22.343600,0.512314,0.257376,0.280378,0.718779,1.130821,0.515961,0.447695,0.248838,0.192825,0.880579,0.072673,0.454885,-0.029525,0.405851,0.244470,0.436142,0.496098,0.107917,0.763485,-0.255329,0.003565,0.326014,0.393404,0.717522,0.262726,0.901118,0.480744,0.609056,0.048129,0.570972,0.301285,0.061060,0.286784,0.264292,0.070773,-0.470414,0.181723,0.225641,-0.016411,0.144357,0.526092,0.489227,0.473908,0.101792,0.768995,0.148269,0.000045,1.402142,0.000000,4.145297,27.108471,19.709076,3.044438,2.921611,3.535366,183.866685,0.005359,8801.214440,1.724239,10.398538,10.481441,0.149691,87.348972,47.359221,1.630984,159.371626,97.430917,269.590004,17.242086,8.704030,18.351126,227129772246819.343750,5.727278,0.707791,3.303857,0.051330,0.003871,4.266159,220.680536,34.094629,1,1,1,0,0,1,0,0,0,1,1,0,0,0,1,0,0,1,0,0,0,0,1,0,0,0,0,0,0,0,0,0,0,1,0,0,1,0,0,1,0,1,0,0,0,0,0,1,0,0,0,0,0,0,0,1,0,0,0,0,0,1,0,0,585.290544,3.616088
985.101000,936.717000,984.329833,75.000000,18.000000,10.000000,10.000000,0.000000,10.000000,0.045455,0.000000,9.000000,106.590000,17.058660,289.372500,434.300741,28.421178,14.383612,0.000000,0.000000,42.804789,0.000000,0.000000,28.421178,17.349735,0.000000,366.000000,0.000000,3.000000,0.000000,0.000000,0.000000,0.000000,6.000000,3.000000,0.000000,0.000000,-9.990000,48.628963,22.193105,0.466137,0.244673,0.456439,0.976728,0.774084,0.624146,0.078166,0.391473,1.232852,0.476447,0.231805,0.367437,0.211641,0.090289,0.432180,0.185445,0.296852,0.557551,0.355628,-0.153462,1.083664,0.890076,1.004847,0.827117,0.132172,0.573689,0.992132,0.533279,0.429531,0.453938,0.184686,-0.138825,0.391375,0.366812,0.224415,0.169761,0.096908,-0.068341,-0.143062,0.104314,0.465729,0.378552,0.534271,0.083003,0.895355,0.159047,0.000050,1.419116,0.000000,3.042460,23.585965,19.121524,2.848546,2.806969,4.150795,182.569315,0.003709,7247.958173,1.665785,12.400267,8.806802,0.197273,92.688412,47.484930,2.112414,134.357916,91.928065,259.172701,17.735663,9.907253,19.730891,234825872522724.593750,4.563775,0.630940,3.655707,0.041324,0.002582,3.689175,194.037611,23.273973,1,1,1,0,0,1,0,0,0,1,1,0,0,0,1,0,0,1,0,0,0,0,1,0,0,0,0,0,0,0,0,0,0,1,0,0,1,0,0,1,0,1,0,0,0,0,0,1,0,0,0,0,0,0,0,1,0,0,0,0,0,1,0,0,626.194894,3.315025
975.018000,932.682000,974.272712,74.000000,18.000000,10.000000,10.000000,0.000000,10.000000,0.000000,2.000000,11.000000,147.050000,15.544600,278.491100,424.794382,38.634233,14.383612,0.000000,0.000000,53.017844,0.000000,0.000000,28.421178,27.562790,0.000000,360.000000,0.000000,3.000000,0.000000,0.000000,0.000000,0.000000,6.000000,3.000000,0.000000,0.000000,-10.390000,47.295512,21.716994,0.251577,0.608219,0.668537,1.104537,0.724872,0.323352,0.966659,0.832529,1.471544,0.881992,0.647389,0.391982,0.791153,0.336631,0.461851,0.384970,0.292001,0.210393,0.159503,0.081510,0.316975,0.532320,1.037505,1.223877,0.299973,0.397853,0.435961,0.763635,0.795453,0.040909,0.323060,0.450060,0.102455,0.446469,0.001758,-0.393053,0.566065,0.395804,0.471512,0.343372,0.463199,0.426948,0.536801,0.120349,0.877394,0.129827,0.000043,1.463939,0.000000,3.855983,23.509450,19.091602,3.042128,2.581075,2.941773,189.835896,0.003015,7361.778824,1.513025,10.167567,10.235116,0.141594,98.322955,53.649915,1.911352,128.967176,91.804088,218.408407,13.703621,8.270778,18.045818,173292417685958.187500,5.124044,0.707681,3.235519,0.059971,0.002535,3.916978,230.140088,27.940453,1,1,1,0,0,1,0,0,0,1,1,0,0,0,1,0,0,1,0,0,0,0,1,0,0,0,0,0,0,0,0,0,0,1,0,0,1,0,0,1,0,1,0,0,0,0,0,1,0,0,0,0,0,0,0,1,0,0,0,0,0,1,0,0,586.829873,3.038459
979.000000,938.680000,978.264039,74.000000,18.000000,10.000000,10.000000,0.000000,10.000000,0.000000,0.000000,9.000000,106.590000,16.411600,275.077500,423.536986,28.421178,14.383612,8.780830,0.000000,51.585619,0.000000,0.000000,28.421178,17.349735,0.000000,360.000000,0.000000,3.000000,0.000000,0.000000,0.000000,0.000000,6.000000,3.000000,0.000000,0.000000,-10.130000,47.542969,21.882713,0.793429,0.689491,0.634826,0.911450,0.613816,0.392524,0.868892,0.084243,0.615249,0.912145,0.625108,0.591208,0.505464,0.204199,0.336525,0.610338,-0.094033,0.331769,-0.287850,0.517676,0.110806,1.320585,0.658436,0.541081,0.830056,0.514894,0.438814,0.479007,0.656078,0.429762,0.243724,-0.054496,0.323125,0.515220,0.590777,-0.313320,0.225722,0.419998,0.352696,0.044854,0.473286,0.414178,0.526714,0.067391,0.815561,0.129346,0.000048,1.449301,0.000000,3.542072,24.067524,17.890634,2.770490,2.568950,3.795806,179.883444,0.004088,6763.773254,1.823922,9.631085,9.811579,0.203905,92.206255,52.308086,2.303999,116.258168,95.917454,273.950957,16.164289,7.575120,21.161473,216128083464200.375000,5.407279,0.690272,3.114052,0.062401,0.002991,4.428221,212.610608,32.134140,1,1,1,0,0,1,0,0,0,1,1,0,0,0,1,0,0,1,0,0,0,0,1,0,0,0,0,0,0,0,0,0,0,1,0,0,1,0,0,1,0,1,0,0,0,0,0,1,0,0,0,0,0,0,0,1,0,0,0,0,0,1,0,0,611.250465,3.529030
975.018000,932.682000,974.272712,74.000000,18.000000,10.000000,10.000000,0.000000,10.000000,0.000000,2.000000,11.000000,147.050000,15.544600,278.491100,424.794382,38.634233,14.383612,0.000000,0.000000,53.017844,0.000000,0.000000,28.421178,27.562790,0.000000,360.000000,0.000000,3.000000,0.000000,0.000000,0.000000,0.000000,6.000000,3.000000,0.000000,0.000000,-10.390000,47.295512,21.716994,0.707453,0.555405,0.786975,0.519389,0.643997,0.434068,0.585850,0.177588,0.543233,0.981529,0.411558,-0.462746,0.255581,0.537207,0.444450,0.342116,-0.114639,0.046102,0.740372,0.035796,0.660929,0.681816,1.097906,0.412726,0.649139,0.488142,0.105521,0.676307,0.329858,0.399001,-0.303049,-0.550553,0.406965,0.195180,0.063044,0.067983,0.221340,0.178666,0.313682,0.143042,0.501965,0.433120,0.498035,0.064551,0.872903,0.144591,0.000049,1.247360,0.000000,3.954620,25.786165,19.672573,3.076022,2.506015,3.320150,179.122503,0.003118,7910.281291,1.737863,9.385282,10.337795,0.128508,79.404467,52.398773,1.743749,134.187858,65.279970,224.728582,15.836731,7.968129,17.252040,197017003683968.906250,5.329044,0.602998,3.141224,0.062720,0.002843,4.379472,175.095116,32.579570,1,1,1,0,0,1,0,0,0,1,1,0,0,0,1,0,0,1,0,0,0,0,1,0,0,0,0,0,0,0,0,0,0,1,0,0,1,0,0,1,0,1,0,0,0,0,0,1,0,0,0,0,0,0,0,1,0,0,0,0,0,1,0,0,628.733243,3.783057
987.073000,940.705000,986.309098,75.000000,18.000000,10.000000,10.000000,0.000000,10.000000,0.030769,1.000000,10.000000,126.820000,16.455840,286.300300,432.730033,33.527705,14.383612,0.000000,0.000000,47.911317,0.000000,0.000000,28.421178,22.456262,0.000000,366.000000,0.000000,3.000000,0.000000,0.000000,0.000000,0.000000,6.000000,3.000000,0.000000,0.000000,-10.190000,48.438323,22.065943,0.505404,0.975400,0.520298,0.081148,0.673803,0.680071,0.763584,0.689627,0.981935,0.880744,0.004668,-0.196166,0.028482,0.478459,0.619463,0.219308,0.226317,0.165068,0.510179,0.276160,0.712601,0.599087,0.338307,0.851083,0.619314,0.638190,0.669345,0.627358,0.475157,0.693588,0.060680,0.409036,-0.140469,0.340045,-0.192749,0.083102,0.187504,0.054472,0.322542,-0.001173,0.402359,0.467348,0.597641,0.132429,0.788528,0.179710,0.000045,1.083513,0.000000,3.053804,28.721862,19.875364,2.739695,2.693253,4.303879,170.603023,0.003513,8667.167756,1.481416,10.135972,12.336909,0.170489,108.279833,48.503113,1.593246,158.210757,93.747081,210.368556,16.482080,9.148177,20.382669,218891376077814.343750,4.921080,0.676483,3.237800,0.062320,0.002505,3.577914,189.426524,31.664717,1,1,1,0,0,1,0,0,0,1,1,0,0,0,1,0,0,1,0,0,0,0,1,0,0,0,0,0,0,0,0,0,0,1,0,0,1,0,0,1,0,1,0,0,0,0,0,1,0,0,0,0,0,0,0,1,0,0,0,0,0,1,0,0,561.531480,3.176258
1014.980000,976.676000,1014.245196,76.000000,18.000000,10.000000,10.000000,0.000000,10.000000,0.000000,0.000000,9.000000,106.590000,16.689800,274.993500,431.868057,28.421178,14.383612,17.561660,0.000000,60.366449,0.000000,0.000000,28.421178,17.349735,0.000000,372.000000,0.000000,3.000000,0.000000,0.000000,0.000000,0.000000,6.000000,3.000000,0.000000,0.000000,-10.270000,49.315664,22.237946,0.404159,0.716681,1.066172,1.233879,0.460794,1.265580,0.418729,0.776829,0.678855,1.258455,-0.056238,0.009764,0.725024,0.626634,0.480302,0.409146,-0.029745,0.309066,0.323590,0.194968,0.663055,0.209345,0.649043,0.565624,0.873578,0.233872,0.805414,0.466264,0.685430,0.419061,0.576768,0.307060,0.422821,0.324855,-0.027821,0.341565,0.089375,0.436900,0.424982,-0.411768,0.409985,0.431346,0.590015,0.039998,0.893308,0.146520,0.000041,1.479448,0.000000,4.049451,26.104897,23.025559,2.817233,2.624235,3.687118,189.396261,0.003459,9313.121509,1.649952,10.709376,9.459098,0.156924,91.504318,50.162277,1.907377,123.741294,63.604500,218.024717,14.448830,9.026407,15.383675,166835755166554.437500,6.884452,0.896973,3.040858,0.044121,0.002594,4.172501,179.508573,23.275988,1,1,1,0,0,1,0,0,0,1,1,0,0,0,1,0,0,1,0,0,0,0,1,0,0,0,0,0,0,0,0,0,0,1,0,0,1,0,0,1,0,1,0,0,0,0,0,1,0,0,0,0,0,0,0,1,0,0,0,0,0,1,0,0,655.255263,3.825796
996.990000,957.678000,996.254617,75.000000,18.000000,10.000000,10.000000,0.000000,10.000000,0.000000,0.000000,9.000000,106.590000,16.550700,275.035500,427.702521,28.421178,14.383612,13.171245,0.000000,55.976034,0.000000,0.000000,28.421178,17.349735,0.000000,366.000000,0.000000,3.000000,0.000000,0.000000,0.000000,0.000000,6.000000,3.000000,0.000000,0.000000,-10.200000,48.428792,22.059591,0.654261,0.344309,0.929668,0.869195,0.879212,0.835511,1.184008,0.364912,1.135910,0.969378,0.022741,-0.045404,0.500766,-0.189695,0.069115,0.394181,-0.484304,0.517027,0.585114,0.692508,0.517053,0.215773,0.180811,0.602378,0.758807,0.360320,0.765006,0.361100,0.265088,0.667652,0.492740,0.435388,0.355961,0.201203,-0.134584,0.008382,-0.118866,0.264763,0.351167,-0.036998,0.439640,0.452461,0.560360,0.077433,0.947429,0.137403,0.000046,1.240798,0.000000,4.405044,22.955499,18.972714,2.528060,2.347967,3.827513,188.896713,0.003151,7391.664804,1.732155,11.064128,11.186906,0.181388,75.042172,42.764580,2.125571,146.037704,78.589806,193.584804,20.060551,7.842525,24.672612,206738098753837.000000,5.525981,0.752357,3.315324,0.067112,0.002858,3.503867,186.496070,28.739624,1,1,1,0,0,1,0,0,0,1,1,0,0,0,1,0,0,1,0,0,0,0,1,0,0,0,0,0,0,0,0,0,0,1,0,0,1,0,0,1,0,1,0,0,0,0,0,1,0,0,0,0,0,0,0,1,0,0,0,0,0,1,0,0,644.812676,3.326034
971.074000,924.706000,970.314183,74.000000,18.000000,10.000000,10.000000,0.000000,10.000000,0.030769,0.000000,9.000000,106.590000,16.750240,284.635500,427.935799,28.421178,14.383612,0.000000,0.000000,42.804789,0.000000,0.000000,28.421178,17.349735,0.000000,360.000000,0.000000,3.000000,0.000000,0.000000,0.000000,0.000000,6.000000,3.000000,0.000000,0.000000,-9.990000,47.676250,21.972103,1.020219,0.477761,0.938904,0.592941,0.871890,0.802770,0.138932,0.576436,0.402597,0.379077,0.707762,0.388515,0.166452,0.410321,0.635958,0.881262,0.051923,0.264650,0.189676,0.214477,0.613223,0.867016,0.074477,0.687894,0.683484,0.450720,0.907477,0.374097,0.563741,0.311133,0.277242,-0.056191,0.358587,-0.279200,0.391780,-0.244019,0.070185,0.334484,0.239836,-0.153469,0.561225,0.480340,0.438775,0.089298,0.892100,0.185073,0.000044,1.151569,0.000000,3.771682,25.203789,19.105229,2.616441,2.477387,3.809386,175.039071,0.003781,7537.487110,1.523701,8.175844,11.693832,0.176706,74.664683,61.191100,1.821888,140.692296,75.853386,252.701664,14.239214,11.328924,22.636631,222337636452842.343750,5.128810,0.706017,3.026248,0.061208,0.003094,4.573759,188.259074,33.000615,1,1,1,0,0,1,0,0,0,1,1,0,0,0,1,0,0,1,0,0,0,0,1,0,0,0,0,0,0,0,0,0,0,1,0,0,1,0,0,1,0,1,0,0,0,0,0,1,0,0,0,0,0,0,0,1,0,0,0,0,0,1,0,0,631.939568,3.683487
991.017000,948.681000,990.267627,75.000000,18.000000,10.000000,10.000000,0.000000,10.000000,0.000000,3.000000,12.000000,167.280000,15.250200,280.155900,429.588616,43.740760,14.383612,0.000000,0.000000,58.124371,0.000000,0.000000,28.421178,32.669317,0.000000,366.000000,0.000000,3.000000,0.000000,0.000000,0.000000,0.000000,6.000000,3.000000,0.000000,0.000000,-10.590000,48.057188,21.812288,0.719489,1.334332,0.859774,0.711762,0.771758,0.654916,1.009913,0.181701,0.311315,0.460423,-0.234799,0.278306,0.412772,0.515957,0.470426,-0.272424,0.435768,0.616936,0.549333,0.244728,1.170091,1.116376,0.838825,0.247608,0.604482,0.373733,0.846727,0.830795,1.256834,0.140456,0.562012,0.320528,-0.045671,0.368492,0.708854,0.221527,0.563326,0.296816,0.334562,-0.362826,0.419920,0.453013,0.580080,0.057005,0.844977,0.128007,0.000045,1.367734,0.000000,3.814064,22.111449,22.682855,3.014870,2.314629,3.465515,159.742811,0.003719,8857.681027,1.637920,11.095201,10.067796,0.179916,90.664226,48.620343,1.992956,131.901757,88.767065,222.459912,17.800221,6.233244,20.429010,226834883959643.937500,6.671140,0.643454,3.252371,0.063511,0.003503,3.382344,181.041047,30.867264,1,1,1,0,0,1,0,0,0,1,1,0,0,0,1,0,0,1,0,0,0,0,1,0,0,0,0,0,0,0,0,0,0,1,0,0,1,0,0,1,0,1,0,0,0,0,0,1,0,0,0,0,0,0,0,1,0,0,0,0,0,1,0,0,615.649044,3.347006
979.000000,938.680000,978.264039,74.000000,18.000000,10.000000,10.000000,0.000000,10.000000,0.000000,0.000000,9.000000,106.590000,16.411600,275.077500,423.536986,28.421178,14.383612,8.780830,0.000000,51.585619,0.000000,0.000000,28.421178,17.349735,0.000000,360.000000,0.000000,3.000000,0.000000,0.000000,0.000000,0.000000,6.000000,3.000000,0.000000,0.000000,-10.130000,47.542969,21.882713,1.031694,0.127456,1.240426,0.529304,0.668441,0.868060,0.552707,0.851914,0.859953,1.013895,0.019107,0.454338,0.516100,0.168689,0.321845,0.502475,0.701123,0.076595,0.389551,0.340986,0.497211,0.918778,0.420817,0.399149,0.259699,0.620726,0.485971,0.541687,0.417173,0.380031,0.258001,0.309387,0.209626,-0.056957,-0.053067,0.138584,0.148623,0.219110,0.393265,0.129383,0.537490,0.531007,0.462510,0.100373,0.859401,0.163758,0.000042,1.504148,0.000000,3.886347,24.117415,20.182246,3.194191,2.610936,4.000651,173.029948,0.005980,7975.420467,1.677003,7.205314,11.449897,0.161817,101.391089,47.608530,1.947895,177.654095,83.617827,242.401732,14.492653,9.584601,26.911041,208403685899880.093750,5.573521,0.628263,3.184370,0.060778,0.002735,3.330007,192.275847,32.153764,1,1,1,0,0,1,0,0,0,1,1,0,0,0,1,0,0,1,0,0,0,0,1,0,0,0,0,0,0,0,0,0,0,1,0,0,1,0,0,1,0,1,0,0,0,0,0,1,0,0,0,0,0,0,0,1,0,0,0,0,0,1,0,0,613.234947,3.434744
959.019000,916.683000,958.277798,73.000000,18.000000,10.000000,10.000000,0.000000,10.000000,0.000000,1.000000,10.000000,126.820000,15.839000,276.826300,420.000149,33.527705,14.383612,0.000000,0.000000,47.911317,0.000000,0.000000,28.421178,22.456262,0.000000,354.000000,0.000000,3.000000,0.000000,0.000000,0.000000,0.000000,6.000000,3.000000,0.000000,0.000000,-10.190000,46.534647,21.624100,0.958072,0.207051,0.587396,1.199479,0.366798,0.594209,0.705635,0.698186,0.791553,0.503705,0.202683,0.032277,0.084769,0.267486,0.443651,0.401780,0.041267,0.425468,-0.027167,0.088474,0.602494,1.015729,0.119798,0.304947,1.126640,0.826149,1.217907,0.605663,0.173049,0.776165,0.355895,0.191497,-0.096345,0.053939,0.561709,0.421600,0.134421,0.275608,0.301468,0.203760,0.359670,0.472430,0.640330,0.074412,0.859400,0.145441,0.000049,1.497548,0.000000,4.309942,22.380804,17.022436,3.356522,2.428975,3.276625,172.258882,0.004154,8656.451723,1.404966,10.740399,11.955551,0.166434,101.091474,40.765158,1.707284,161.340729,79.678428,173.912445,16.807113,7.809022,23.039640,232241701093682.218750,5.657180,0.710597,3.139482,0.060847,0.003512,3.886712,190.551299,31.674347,1,1,1,0,0,1,0,0,0,1,1,0,0,0,1,0,0,1,0,0,0,0,1,0,0,0,0,0,0,0,0,0,0,1,0,0,1,0,0,1,0,1,0,0,0,0,0,1,0,0,0,0,0,0,0,1,0,0,0,0,0,1,0,0,610.027860,3.123030
991.017000,948.681000,990.267627,75.000000,18.000000,10.000000,10.000000,0.000000,10.000000,0.000000,3.000000,12.000000,167.280000,15.250200,280.155900,429.588616,43.740760,14.383612,0.000000,0.000000,58.124371,0.000000,0.000000,28.421178,32.669317,0.000000,366.000000,0.000000,3.000000,0.000000,0.000000,0.000000,0.000000,6.000000,3.000000,0.000000,0.000000,-10.590000,48.057188,21.812288,0.094595,0.723671,0.333708,0.544613,0.643949,0.928823,0.246523,0.419113,0.582327,0.277869,0.695302,0.559436,0.630338,0.309439,0.308044,0.321999,0.101796,0.407452,0.256562,0.020530,0.078358,0.392891,0.614394,0.843238,0.469412,0.928512,0.597550,0.369326,-0.044158,0.260441,0.312911,-0.180668,-0.169070,0.485402,0.184615,-0.102456,-0.173358,-0.026845,0.317103,0.023198,0.416773,0.428791,0.583227,0.060147,0.842098,0.141412,0.000051,1.374984,0.000000,3.844744,26.723061,20.293048,2.670089,2.028276,3.619384,193.618729,0.003981,8852.547055,1.541083,7.556458,10.008202,0.139933,100.843948,39.057495,1.926049,160.532211,87.338567,177.977483,18.314268,9.909223,21.672842,193209872313246.281250,6.004585,0.675001,3.384595,0.062026,0.003343,4.224268,151.387276,34.415680,1,1,1,0,0,1,0,0,0,1,1,0,0,0,1,0,0,1,0,0,0,0,1,0,0,0,0,0,0,0,0,0,0,1,0,0,1,0,0,1,0,1,0,0,0,0,0,1,0,0,0,0,0,0,0,1,0,0,0,0,0,1,0,0,613.329185,3.702465
999.128000,948.728000,998.345483,76.000000,18.000000,10.000000,10.000000,0.000000,10.000000,0.059701,0.000000,9.000000,106.590000,17.367080,294.109500,440.665683,28.421178,14.383612,0.000000,0.000000,42.804789,0.000000,0.000000,28.421178,17.349735,0.000000,372.000000,0.000000,3.000000,0.000000,0.000000,0.000000,0.000000,6.000000,3.000000,0.000000,0.000000,-9.990000,49.582878,22.415227,0.601660,0.504471,0.620804,0.379615,0.729408,1.000223,0.778595,0.849916,0.925408,0.844042,-0.058105,0.190693,0.381546,0.240058,0.050764,-0.090013,0.825817,0.523239,0.527781,0.137895,0.378374,0.513299,0.569147,0.878242,0.527001,-0.223838,0.805754,1.373070,0.642273,1.486183,0.366181,0.239938,0.323592,0.331598,-0.055026,0.429857,0.540076,0.791099,0.178262,0.378282,0.301822,0.419330,0.698178,0.081624,0.919144,0.117470,0.000038,1.192043,0.000000,3.485208,27.172774,21.522844,2.978847,2.911929,3.071612,180.034515,0.005258,7286.304250,1.572647,8.720376,9.961359,0.139231,92.418731,57.794006,1.697137,168.692504,70.680433,283.194496,18.030051,10.573133,19.042485,209133291613145.562500,5.134271,0.711520,3.119477,0.059146,0.002386,3.873310,216.086921,29.467328,1,1,1,0,0,1,0,0,0,1,1,0,0,0,1,0,0,1,0,0,0,0,1,0,0,0,0,0,0,0,0,0,0,1,0,0,1,0,0,1,0,1,0,0,0,0,0,1,0,0,0,0,0,0,0,1,0,0,0,0,0,1,0,0,621.706100,3.328057
959.019000,916.683000,958.277798,73.000000,18.000000,10.000000,10.000000,0.000000,10.000000,0.000000,1.000000,10.000000,126.820000,15.839000,276.826300,420.000149,33.527705,14.383612,0.000000,0.000000,47.911317,0.000000,0.000000,28.421178,22.456262,0.000000,354.000000,0.000000,3.000000,0.000000,0.000000,0.000000,0.000000,6.000000,3.000000,0.000000,0.000000,-10.190000,46.534647,21.624100,0.257443,0.171558,0.479733,0.557665,0.895146,0.561713,0.533281,0.752783,0.650198,0.373733,-0.176664,-0.249325,0.587545,0.187044,0.233851,0.235090,0.462325,0.110428,0.148124,-0.090273,0.352952,0.814518,0.733635,0.997430,0.447574,0.839363,0.928653,0.749450,0.306043,0.460369,0.152067,-0.426607,0.322366,0.239548,-0.295119,-0.008275,0.729089,0.040838,-0.272623,0.359639,0.484823,0.361147,0.515177,0.095255,0.853458,0.177993,0.000050,1.087816,0.000000,3.848847,25.591141,17.061724,2.972455,2.462997,3.112844,166.649081,0.004227,8423.801635,1.384028,7.366045,12.349323,0.169659,85.311213,34.751143,1.825461,132.681630,86.524307,164.724519,13.275625,9.556255,17.551084,190981548431685.937500,5.384090,0.742676,3.356169,0.055979,0.002142,3.861394,236.959794,32.764014,1,1,1,0,0,1,0,0,0,1,1,0,0,0,1,0,0,1,0,0,0,0,1,0,0,0,0,0,0,0,0,0,0,1,0,0,1,0,0,1,0,1,0,0,0,0,0,1,0,0,0,0,0,0,0,1,0,0,0,0,0,1,0,0,610.970719,3.479426
975.037000,931.693000,974.289111,74.000000,18.000000,10.000000,10.000000,0.000000,10.000000,0.015625,0.000000,9.000000,106.590000,16.580920,279.856500,425.736393,28.421178,14.383612,4.390415,0.000000,47.195204,0.000000,0.000000,28.421178,17.349735,0.000000,360.000000,0.000000,3.000000,0.000000,0.000000,0.000000,0.000000,6.000000,3.000000,0.000000,0.000000,-10.060000,47.609606,21.927394,0.267931,0.668748,0.267903,0.982809,1.246050,0.605902,0.458742,0.690532,0.919984,1.082696,0.398482,0.804056,0.492991,0.459720,0.363556,0.606154,-0.023578,0.085354,0.374915,0.760147,0.425542,0.246564,0.689457,0.375981,0.737377,0.473753,0.281978,1.051983,0.269267,0.757556,0.376955,0.199666,0.267144,-0.512242,0.361474,-0.326262,0.246566,0.137920,0.293914,-0.047129,0.448197,0.418065,0.551803,0.097826,0.852650,0.140148,0.000053,1.166017,0.000000,3.860501,25.768592,16.945637,2.905398,2.830244,3.494296,176.501485,0.002976,7599.595617,1.672633,8.066060,10.324768,0.194151,102.578834,40.182866,1.992259,145.608284,87.300184,164.022671,18.014873,6.913329,26.888376,204181098797564.062500,5.668878,0.678932,3.501967,0.065128,0.002412,3.909465,201.259417,31.597160,1,1,1,0,0,1,0,0,0,1,1,0,0,0,1,0,0,1,0,0,0,0,1,0,0,0,0,0,0,0,0,0,0,1,0,0,1,0,0,1,0,1,0,0,0,0,0,1,0,0,0,0,0,0,0,1,0,0,0,0,0,1,0,0,601.684908,3.421197
999.128000,948.728000,998.345483,76.000000,18.000000,10.000000,10.000000,0.000000,10.000000,0.059701,0.000000,9.000000,106.590000,17.367080,294.109500,440.665683,28.421178,14.383612,0.000000,0.000000,42.804789,0.000000,0.000000,28.421178,17.349735,0.000000,372.000000,0.000000,3.000000,0.000000,0.000000,0.000000,0.000000,6.000000,3.000000,0.000000,0.000000,-9.990000,49.582878,22.415227,0.792465,0.616333,0.730649,0.634165,0.709313,0.051595,0.979881,0.686287,0.070063,0.482223,0.434199,0.637221,0.155590,0.374625,0.407225,-0.416186,0.199374,0.092738,0.603292,0.497106,0.358578,0.364586,0.591369,0.370396,0.647330,0.566225,0.944419,0.968156,0.471745,0.877072,0.459134,-0.199380,0.008101,0.829249,0.279465,0.334571,0.172045,-0.212453,0.439330,0.562643,0.403146,0.354212,0.596854,0.112857,0.910980,0.162594,0.000043,1.420446,0.000000,3.212500,24.584885,19.265886,2.928438,1.875629,3.971291,174.246015,0.005850,8765.475505,1.745638,8.854920,11.347621,0.166117,91.038007,38.829851,2.216861,121.347399,91.912204,283.592623,18.603721,7.262525,21.007895,220084700773462.093750,5.344261,0.647567,3.452319,0.063992,0.002708,3.890572,169.419871,26.714023,1,1,1,0,0,1,0,0,0,1,1,0,0,0,1,0,0,1,0,0,0,0,1,0,0,0,0,0,0,0,0,0,0,1,0,0,1,0,0,1,0,1,0,0,0,0,0,1,0,0,0,0,0,0,0,1,0,0,0,0,0,1,0,0,612.069139,3.067202
996.990000,957.678000,996.254617,75.000000,18.000000,10.000000,10.000000,0.000000,10.000000,0.000000,0.000000,9.000000,106.590000,16.550700,275.035500,427.702521,28.421178,14.383612,13.171245,0.000000,55.976034,0.000000,0.000000,28.421178,17.349735,0.000000,366.000000,0.000000,3.000000,0.000000,0.000000,0.000000,0.000000,6.000000,3.000000,0.000000,0.000000,-10.200000,48.428792,22.059591,0.661195,0.831428,0.183974,0.743803,0.877648,0.949979,0.694490,0.627615,0.806745,0.357605,0.154423,0.433178,0.230606,0.366478,0.035221,0.263103,0.531909,0.309109,0.275362,0.594502,0.414767,0.514115,1.103915,0.525105,0.890762,0.474343,0.878673,0.345623,0.588497,1.200346,0.414489,0.100760,0.201644,0.385881,0.134282,-0.104142,0.086782,-0.271460,0.587637,0.474072,0.536516,0.399983,0.463484,0.086961,0.833669,0.134947,0.000048,1.277095,0.000000,3.928593,26.366381,22.429152,2.923977,2.366815,2.860644,207.211301,0.004308,7328.174814,1.562251,10.262225,10.638160,0.183629,88.898008,41.241151,1.874703,151.535033,71.612251,240.080715,12.357312,9.244038,26.303356,238447036702455.875000,6.665429,0.748316,3.341425,0.054667,0.002661,3.340377,173.502286,25.882965,1,1,1,0,0,1,0,0,0,1,1,0,0,0,1,0,0,1,0,0,0,0,1,0,0,0,0,0,0,0,0,0,0,1,0,0,1,0,0,1,0,1,0,0,0,0,0,1,0,0,0,0,0,0,0,1,0,0,0,0,0,1,0,0,616.030513,3.698392
979.000000,938.680000,978.264039,74.000000,18.000000,10.000000,10.000000,0.000000,10.000000,0.000000,0.000000,9.000000,106.590000,16.411600,275.077500,423.536986,28.421178,14.383612,8.780830,0.000000,51.585619,0.000000,0.000000,28.421178,17.349735,0.000000,360.000000,0.000000,3.000000,0.000000,0.000000,0.000000,0.000000,6.000000,3.000000,0.000000,0.000000,-10.130000,47.542969,21.882713,0.873718,0.651917,0.476251,0.448977,0.708934,0.970384,1.156646,0.528530,0.873626,1.190003,0.102966,0.046604,0.131415,0.271025,-0.091616,0.524277,-0.056044,0.498847,0.704170,-0.110770,0.554853,0.627205,0.312351,0.595658,0.592497,0.893803,0.410430,0.909091,0.421478,0.588934,0.557966,0.598125,0.021799,-0.176084,0.170476,0.308922,0.117518,0.130889,0.012084,0.370859,0.439608,0.484993,0.560392,0.062766,0.903060,0.149344,0.000045,1.224735,0.000000,3.852765,28.006037,19.577334,3.779780,2.270657,3.032078,190.527718,0.006094,8050.844763,1.623900,8.700115,12.509449,0.161209,82.326712,43.463229,1.656852,169.432567,83.897212,208.065001,16.349048,5.496943,25.755878,195204652509068.687500,5.919099,0.696912,3.168675,0.061113,0.002372,3.260666,210.099410,22.896037,1,1,1,0,0,1,0,0,0,1,1,0,0,0,1,0,0,1,0,0,0,0,1,0,0,0,0,0,0,0,0,0,0,1,0,0,1,0,0,1,0,1,0,0,0,0,0,1,0,0,0,0,0,0,0,1,0,0,0,0,0,1,0,0,637.995924,3.844720
979.000000,938.680000,978.264039,74.000000,18.000000,10.000000,10.000000,0.000000,10.000000,0.000000,0.000000,9.000000,106.590000,16.411600,275.077500,423.536986,28.421178,14.383612,4.390415,4.390415,51.585619,0.000000,0.000000,28.421178,17.349735,0.000000,360.000000,0.000000,3.000000,0.000000,0.000000,0.000000,0.000000,6.000000,3.000000,0.000000,0.000000,-10.130000,47.542969,21.882713,0.793017,0.648642,0.901389,0.657509,1.254725,0.808152,0.435429,0.539447,0.650626,0.566301,-0.059201,0.196068,0.575518,0.469952,0.628802,0.428669,0.514150,0.456559,0.154883,0.306975,1.160406,0.739946,1.066215,0.609263,0.688949,0.931238,0.669849,0.426977,0.659186,0.582425,0.118300,0.108569,0.061550,-0.010077,0.038166,0.481397,0.197118,0.197308,0.115241,0.183231,0.458472,0.398338,0.541528,0.079493,0.790542,0.158058,0.000044,1.299903,0.000000,3.463869,22.922148,19.120972,3.131304,2.378787,3.348524,160.822310,0.003352,8477.333691,1.608899,8.597111,10.829203,0.151844,96.238867,53.553504,1.995924,134.966680,94.412567,279.712824,17.000966,6.896888,13.094434,217680133514337.218750,5.162673,0.718233,3.332258,0.051939,0.003543,4.147549,177.085051,37.011888,1,1,1,0,0,1,0,0,0,1,1,0,0,0,1,0,0,1,0,0,0,0,1,0,0,0,0,0,0,0,0,0,0,1,0,0,1,0,0,1,0,1,0,0,0,0,0,1,0,0,0,0,0,0,0,1,0,0,0,0,0,1,0,0,603.183133,3.379003
971.074000,924.706000,970.314183,74.000000,18.000000,10.000000,10.000000,0.000000,10.000000,0.030769,0.000000,9.000000,106.590000,16.750240,284.635500,427.935799,28.421178,14.383612,0.000000,0.000000,42.804789,0.000000,0.000000,28.421178,17.349735,0.000000,360.000000,0.000000,3.000000,0.000000,0.000000,0.000000,0.000000,6.000000,3.000000,0.000000,0.000000,-9.990000,47.676250,21.972103,0.970419,0.693157,0.740978,0.861965,0.216197,0.467898,0.741511,0.556152,0.781481,0.474048,0.445382,0.070077,0.254349,-0.106837,-0.320975,0.504720,0.341325,0.241552,0.009997,0.437272,0.817856,1.055082,0.099957,0.189342,0.605516,0.454967,0.991410,0.888469,1.094205,0.616882,0.138568,0.322043,0.238210,0.445251,-0.012777,-0.059105,0.451000,0.285483,0.268264,-0.459896,0.434745,0.341517,0.565255,0.093068,0.854899,0.108936,0.000046,1.250574,0.000000,3.521305,24.389564,16.431782,3.191009,2.736850,3.685952,151.194347,0.003462,7959.785416,1.673472,7.565751,11.599938,0.146315,97.788762,39.364304,2.095210,188.538553,99.446536,200.712831,11.902110,9.712616,18.072727,256625370554193.156250,4.055272,0.729028,3.521870,0.064841,0.002626,4.687790,208.251963,32.190927,1,1,1,0,0,1,0,0,0,1,1,0,0,0,1,0,0,1,0,0,0,0,1,0,0,0,0,0,0,0,0,0,0,1,0,0,1,0,0,1,0,1,0,0,0,0,0,1,0,0,0,0,0,0,0,1,0,0,0,0,0,1,0,0,600.070041,3.280167
971.074000,924.706000,970.314183,74.000000,18.000000,10.000000,10.000000,0.000000,10.000000,0.030769,0.000000,9.000000,106.590000,16.750240,284.635500,427.935799,28.421178,14.383612,0.000000,0.000000,42.804789,0.000000,0.000000,28.421178,17.349735,0.000000,360.000000,0.000000,3.000000,0.000000,0.000000,0.000000,0.000000,6.000000,3.000000,0.000000,0.000000,-9.990000,47.676250,21.972103,0.574067,0.710764,0.900421,0.595493,1.007160,0.760349,0.346996,0.596012,0.723639,0.505295,0.118359,0.551211,0.701716,0.377201,-0.321314,0.170859,0.133307,0.254168,0.590085,0.151367,0.452664,0.877998,-0.059737,0.506891,0.452224,0.320163,0.605452,0.509318,0.390243,0.654546,0.206092,-0.314191,0.351306,0.221232,-0.015157,0.061078,-0.081937,-0.113564,0.325488,0.150869,0.470010,0.494208,0.529990,0.070411,0.905081,0.171476,0.000045,1.140606,0.000000,3.522645,25.422357,22.494506,2.933243,2.291915,3.582334,188.984990,0.004909,10012.906957,1.687607,9.788590,10.159449,0.163573,87.519806,48.205138,1.953177,133.792695,96.001416,187.177122,15.319610,10.022260,26.669471,158866764808908.531250,6.037203,0.483314,2.857167,0.056798,0.003305,4.456743,231.856437,30.778715,1,1,1,0,0,1,0,0,0,1,1,0,0,0,1,0,0,1,0,0,0,0,1,0,0,0,0,0,0,0,0,0,0,1,0,0,1,0,0,1,0,1,0,0,0,0,0,1,0,0,0,0,0,0,0,1,0,0,0,0,0,1,0,0,635.251132,3.585166
979.000000,938.680000,978.264039,74.000000,18.000000,10.000000,10.000000,0.000000,10.000000,0.000000,0.000000,9.000000,106.590000,16.411600,275.077500,423.536986,28.421178,14.383612,8.780830,0.000000,51.585619,0.000000,0.000000,28.421178,17.349735,0.000000,360.000000,0.000000,3.000000,0.000000,0.000000,0.000000,0.000000,6.000000,3.000000,0.000000,0.000000,-10.130000,47.542969,21.882713,0.406297,0.554964,0.740333,1.231065,1.101888,1.111997,0.791925,0.797550,0.459883,0.528228,0.063319,0.605359,0.313510,0.376607,0.270056,0.996024,0.094225,0.823249,0.628494,-0.313157,0.823741,0.894086,0.457861,-0.078307,1.352569,0.599507,0.751819,0.550359,1.230684,0.705980,-0.114740,0.224899,0.052693,0.218731,0.053433,-0.092403,0.731947,0.319760,-0.151355,0.529099,0.441585,0.359475,0.558415,0.086500,0.914641,0.163506,0.000050,1.309088,0.000000,4.351571,23.531138,20.977187,2.791924,2.888735,3.908370,164.301003,0.005535,7597.868228,1.725279,10.331339,10.017260,0.178789,87.817671,51.891021,2.275005,147.372129,102.790271,241.375039,17.421938,9.490654,23.285392,234165645891324.093750,5.900849,0.684147,3.499745,0.062211,0.002649,3.881746,257.864370,28.035402,1,1,1,0,0,1,0,0,0,1,1,0,0,0,1,0,0,1,0,0,0,0,1,0,0,0,0,0,0,0,0,0,0,1,0,0,1,0,0,1,0,1,0,0,0,0,0,1,0,0,0,0,0,0,0,1,0,0,0,0,0,1,0,0,627.623190,3.349445
975.018000,932.682000,974.272712,74.000000,18.000000,10.000000,10.000000,0.000000,10.000000,0.000000,2.000000,11.000000,147.050000,15.544600,278.491100,424.794382,38.634233,14.383612,0.000000,0.000000,53.017844,0.000000,0.000000,28.421178,27.562790,0.000000,360.000000,0.000000,3.000000,0.000000,0.000000,0.000000,0.000000,6.000000,3.000000,0.000000,0.000000,-10.390000,47.295512,21.716994,0.969218,0.307290,0.760989,0.727562,0.575371,0.546176,1.008651,0.541441,0.489057,0.514382,0.004129,0.078472,-0.142350,0.010069,0.647970,0.367976,0.264656,-0.236328,0.320720,0.156742,0.884879,1.186600,0.484118,0.915922,0.450893,0.422843,0.735554,0.827604,0.603822,0.666305,-0.026005,-0.040826,0.585515,-0.109878,0.211003,0.464252,0.150207,0.375832,-0.403524,0.462000,0.335047,0.511810,0.664953,0.100184,0.843084,0.160161,0.000051,1.292588,0.000000,2.909362,29.181620,18.842193,2.752474,1.931549,3.596270,185.369848,0.001407,7596.721766,1.588963,10.219519,10.763019,0.120355,113.338872,57.599672,2.230019,137.249334,90.984911,216.525301,12.983906,7.450520,19.679572,198516939435983.875000,6.162596,0.660505,3.302669,0.053949,0.003640,3.629844,219.928920,30.239480,1,1,1,0,0,1,0,0,0,1,1,0,0,0,1,0,0,1,0,0,0,0,1,0,0,0,0,0,0,0,0,0,0,1,0,0,1,0,0,1,0,1,0,0,0,0,0,1,0,0,0,0,0,0,0,1,0,0,0,0,0,1,0,0,583.111013,3.297880
1011.910000,971.590000,1010.204938,74.000000,18.000000,10.000000,10.000000,0.000000,10.000000,0.000000,0.000000,9.000000,106.590000,17.440200,285.181500,435.812447,28.421178,14.383612,0.000000,0.000000,42.804789,0.000000,0.000000,28.421178,17.349735,0.000000,360.000000,0.000000,3.000000,0.000000,0.000000,0.000000,0.000000,6.000000,3.000000,0.000000,0.000000,-9.410000,48.228675,22.343600,0.939766,0.277765,0.616176,1.150942,0.429761,0.200234,0.604526,0.538743,0.539728,0.825815,0.445912,0.392054,1.090510,0.523133,0.045197,0.396099,0.433317,0.661937,0.520886,0.459481,0.779172,0.388496,0.178670,0.259942,0.040266,0.243201,0.433651,0.534630,1.165744,0.849927,0.319253,-0.367917,0.307915,0.211825,0.661670,0.569841,0.294892,0.100000,0.155645,0.203512,0.562149,0.383629,0.437851,0.086935,0.851586,0.130299,0.000048,1.415480,0.000000,3.939222,27.543314,18.164935,2.706342,2.526371,2.751829,187.188391,0.005050,8566.279176,1.569650,8.950128,12.139813,0.163607,89.176023,39.031796,1.966682,150.588292,105.269481,187.256361,18.431521,7.201745,25.748666,180785469577979.062500,7.995752,0.732297,3.576078,0.050836,0.003218,3.883200,224.746120,29.016624,1,1,1,0,0,1,0,0,0,1,1,0,0,0,1,0,0,1,0,0,0,0,1,0,0,0,0,0,0,0,0,0,0,1,0,0,1,0,0,1,0,1,0,0,0,0,0,1,0,0,0,0,0,0,0,1,0,0,0,0,0,1,0,0,612.825304,3.870836
971.074000,924.706000,970.314183,74.000000,18.000000,10.000000,10.000000,0.000000,10.000000,0.030769,0.000000,9.000000,106.590000,16.750240,284.635500,427.935799,28.421178,14.383612,0.000000,0.000000,42.804789,0.000000,0.000000,28.421178,17.349735,0.000000,360.000000,0.000000,3.000000,0.000000,0.000000,0.000000,0.000000,6.000000,3.000000,0.000000,0.000000,-9.990000,47.676250,21.972103,0.651909,0.738747,1.324451,0.779451,0.981794,0.286344,1.178933,0.774504,1.150667,0.828586,0.503876,0.906238,0.248833,0.453086,0.320202,0.099103,0.008006,0.349896,-0.188637,0.239853,0.953302,1.124189,0.635881,0.731768,0.742431,0.450521,0.469518,0.596752,0.644484,0.773653,0.314716,0.033462,0.424474,-0.085868,0.047329,0.135422,-0.251955,0.255175,0.386834,0.045897,0.305493,0.304399,0.694507,0.081696,0.844887,0.145902,0.000048,1.550443,0.000000,3.847500,26.715983,21.387487,3.403095,1.893521,3.309105,175.715717,0.004574,7412.676774,1.642618,8.915273,10.784814,0.221976,105.193928,43.253101,2.147230,151.412604,96.046811,227.764218,11.613970,6.844284,20.314046,204231672819726.343750,6.312158,0.729892,3.362886,0.081736,0.002795,4.031350,231.055804,30.361401,1,1,1,0,0,1,0,0,0,1,1,0,0,0,1,0,0,1,0,0,0,0,1,0,0,0,0,0,0,0,0,0,0,1,0,0,1,0,0,1,0,1,0,0,0,0,0,1,0,0,0,0,0,0,0,1,0,0,0,0,0,1,0,0,603.084948,3.155188
991.017000,948.681000,990.267627,75.000000,18.000000,10.000000,10.000000,0.000000,10.000000,0.000000,3.000000,12.000000,167.280000,15.250200,280.155900,429.588616,43.740760,14.383612,0.000000,0.000000,58.124371,0.000000,0.000000,28.421178,32.669317,0.000000,366.000000,0.000000,3.000000,0.000000,0.000000,0.000000,0.000000,6.000000,3.000000,0.000000,0.000000,-10.590000,48.057188,21.812288,0.666661,0.937388,0.308695,0.510778,0.635124,0.307232,0.905728,0.652613,0.526211,0.268027,0.667439,0.112055,0.434964,0.008409,0.253949,-0.096802,0.590496,-0.055005,0.114712,0.316300,0.352041,0.984097,0.967038,0.398479,0.384788,0.703145,0.698298,1.021519,0.337135,0.291940,0.119458,-0.127793,0.098065,0.610076,0.303523,0.274159,0.080424,0.522472,0.210672,-0.161921,0.431185,0.337864,0.568815,0.077021,0.881499,0.147415,0.000049,1.399472,0.000000,3.708811,26.828075,19.967969,2.963758,1.912650,4.021224,179.875535,0.002760,8089.495106,1.621317,8.833206,10.564448,0.141304,112.493517,44.070015,2.068488,129.002974,86.818317,176.232393,12.095138,9.394706,17.799673,261615934529001.906250,6.443524,0.618600,3.173421,0.061220,0.002820,4.157046,235.191753,33.350085,1,1,1,0,0,1,0,0,0,1,1,0,0,0,1,0,0,1,0,0,0,0,1,0,0,0,0,0,0,0,0,0,0,1,0,0,1,0,0,1,0,1,0,0,0,0,0,1,0,0,0,0,0,0,0,1,0,0,0,0,0,1,0,0,626.661269,3.584663
1011.910000,971.590000,1010.204938,74.000000,18.000000,10.000000,10.000000,0.000000,10.000000,0.000000,0.000000,9.000000,106.590000,17.440200,285.181500,435.812447,28.421178,14.383612,0.000000,0.000000,42.804789,0.000000,0.000000,28.421178,17.349735,0.000000,360.000000,0.000000,3.000000,0.000000,0.000000,0.000000,0.000000,6.000000,3.000000,0.000000,0.000000,-9.410000,48.228675,22.343600,0.737734,1.302776,0.733116,0.849388,0.489277,0.778241,0.828293,0.576576,0.590273,0.910933,0.247649,0.394339,0.296431,0.824862,-0.257797,0.065711,0.173406,0.490998,0.666502,0.477424,0.564174,1.109538,0.358545,0.542331,1.037709,0.847371,0.317783,0.758042,0.703158,-0.052994,0.418822,-0.375388,0.134818,0.574438,-0.246025,0.180994,0.565268,-0.291894,0.372971,0.159009,0.351012,0.366278,0.648988,0.089512,0.928407,0.109426,0.000047,1.281575,0.000000,3.848170,29.708763,18.335857,2.404998,2.465473,3.654334,172.351421,0.002731,7657.558744,1.557323,8.657041,9.230370,0.158878,89.702850,52.921030,2.259322,144.203933,79.230349,225.569336,17.499456,9.155694,22.809203,260690903355421.937500,6.284297,0.746374,3.181238,0.063724,0.003041,4.263077,202.773977,26.121395,1,1,1,0,0,1,0,0,0,1,1,0,0,0,1,0,0,1,0,0,0,0,1,0,0,0,0,0,0,0,0,0,0,1,0,0,1,0,0,1,0,1,0,0,0,0,0,1,0,0,0,0,0,0,0,1,0,0,0,0,0,1,0,0,620.432593,3.547234
991.017000,948.681000,990.267627,75.000000,18.000000,10.000000,10.000000,0.000000,10.000000,0.000000,3.000000,12.000000,167.280000,15.250200,280.155900,429.588616,43.740760,14.383612,0.000000,0.000000,58.124371,0.000000,0.000000,28.421178,32.669317,0.000000,366.000000,0.000000,3.000000,0.000000,0.000000,0.000000,0.000000,6.000000,3.000000,0.000000,0.000000,-10.590000,48.057188,21.812288,0.881310,0.886638,0.720117,0.332750,0.793358,0.517648,0.966831,0.907685,0.980511,0.107622,0.297163,-0.057930,0.356734,0.757492,0.107999,0.764188,0.072855,0.379434,0.475554,0.182951,0.334765,1.011214,0.519902,0.832377,1.051746,0.576735,0.546275,0.312848,0.674382,0.359624,0.174999,-0.198832,0.220910,0.398449,0.110338,-0.166619,-0.111560,-0.231510,0.241172,0.286622,0.485949,0.382602,0.514051,0.113712,0.986947,0.156677,0.000044,1.376554,0.000000,3.870898,23.753516,17.559069,3.252034,2.586858,3.845410,184.009139,0.004427,6581.792176,1.880789,10.538278,9.785434,0.128510,95.537655,41.554974,2.115597,158.516423,91.949493,222.322990,15.332416,7.178608,16.790538,166027299523797.500000,5.451175,0.852746,3.385241,0.057924,0.003373,4.379229,156.360363,32.540039,1,1,1,0,0,1,0,0,0,1,1,0,0,0,1,0,0,1,0,0,0,0,1,0,0,0,0,0,0,0,0,0,0,1,0,0,1,0,0,1,0,1,0,0,0,0,0,1,0,0,0,0,0,0,0,1,0,0,0,0,0,1,0,0,634.092437,3.171875
979.000000,938.680000,978.264039,74.000000,18.000000,10.000000,10.000000,0.000000,10.000000,0.000000,0.000000,9.000000,106.590000,16.411600,275.077500,423.536986,28.421178,14.383612,8.780830,0.000000,51.585619,0.000000,0.000000,28.421178,17.349735,0.000000,360.000000,0.000000,3.000000,0.000000,0.000000,0.000000,0.000000,6.000000,3.000000,0.000000,0.000000,-10.130000,47.542969,21.882713,0.504796,1.394127,0.788647,0.928432,0.801820,0.520730,0.641124,0.868118,0.867967,0.473754,0.045427,0.598375,0.455751,-0.124390,-0.172484,0.235398,0.132002,0.126941,0.289312,0.315335,0.576788,0.511919,0.365474,0.463761,0.532072,0.449051,0.747011,0.572036,0.742979,0.589027,0.323354,0.054720,0.158497,0.420396,0.168494,0.023730,0.193727,0.169053,-0.030608,0.348552,0.402155,0.283708,0.597845,0.068436,0.978088,0.184728,0.000053,1.513531,0.000000,3.637780,23.508988,19.709930,3.114587,2.099493,4.005485,179.354256,0.002974,6727.029505,1.597286,7.286888,9.795096,0.182412,110.036203,41.850005,2.016971,129.025537,91.778695,228.897475,15.420994,10.655288,18.572877,209473701027008.156250,4.878846,0.616655,3.455125,0.049872,0.003616,4.553633,213.124902,27.451713,1,1,1,0,0,1,0,0,0,1,1,0,0,0,1,0,0,1,0,0,0,0,1,0,0,0,0,0,0,0,0,0,0,1,0,0,1,0,0,1,0,1,0,0,0,0,0,1,0,0,0,0,0,0,0,1,0,0,0,0,0,1,0,0,647.962800,3.399239
975.018000,932.682000,974.272712,74.000000,18.000000,10.000000,10.000000,0.000000,10.000000,0.000000,2.000000,11.000000,147.050000,15.544600,278.491100,424.794382,38.634233,14.383612,0.000000,0.000000,53.017844,0.000000,0.000000,28.421178,27.562790,0.000000,360.000000,0.000000,3.000000,0.000000,0.000000,0.000000,0.000000,6.000000,3.000000,0.000000,0.000000,-10.390000,47.295512,21.716994,0.305706,0.813741,0.417718,0.243860,0.661382,0.984944,0.928255,0.433584,0.646531,0.348265,0.067938,0.350313,0.511100,0.603373,0.334829,0.714589,-0.393300,0.514117,0.608750,0.818167,0.938860,0.725845,0.945743,-0.035021,0.498950,0.717055,0.923023,1.047247,0.963812,0.633421,0.178965,-0.154403,0.598527,-0.220849,0.641566,-0.129027,0.093689,0.572667,0.847441,0.342073,0.316733,0.380613,0.683267,0.081716,0.967373,0.134642,0.000043,1.418395,0.000000,3.240721,24.921000,21.298356,2.903036,2.591305,4.670388,199.480225,0.003415,7486.735811,1.738589,10.928116,10.745291,0.138340,102.770107,58.498414,1.968197,147.233675,103.429332,229.354685,18.083624,8.124556,27.714098,176470767101877.000000,5.318098,0.596953,2.990951,0.058069,0.003775,3.546609,219.475014,28.230257,1,1,1,0,0,1,0,0,0,1,1,0,0,0,1,0,0,1,0,0,0,0,1,0,0,0,0,0,0,0,0,0,0,1,0,0,1,0,0,1,0,1,0,0,0,0,0,1,0,0,0,0,0,0,0,1,0,0,0,0,0,1,0,0,634.132934,3.165017
979.000000,938.680000,978.264039,74.000000,18.000000,10.000000,10.000000,0.000000,10.000000,0.000000,0.000000,9.000000,106.590000,16.411600,275.077500,423.536986,28.421178,14.383612,8.780830,0.000000,51.585619,0.000000,0.000000,28.421178,17.349735,0.000000,360.000000,0.000000,3.000000,0.000000,0.000000,0.000000,0.000000,6.000000,3.000000,0.000000,0.000000,-10.130000,47.542969,21.882713,0.411920,0.639272,0.807098,0.680194,1.103674,0.389226,0.694438,0.838856,0.785618,0.996737,0.102192,0.652331,0.868113,0.281058,0.679687,0.249921,0.034862,0.018302,0.332240,0.107139,0.593638,0.611861,0.997558,0.921159,0.619680,0.512402,1.082506,0.690789,0.549774,0.524710,0.085899,0.136336,0.117600,0.313106,0.556342,0.143157,0.383040,0.481629,0.260954,0.203396,0.382905,0.350065,0.617095,0.101270,0.919955,0.148309,0.000041,1.446671,0.000000,3.706045,23.626348,18.708704,2.745810,2.650416,3.841469,173.259383,0.004223,6922.355523,1.353444,9.310696,10.651040,0.152308,61.979053,60.250254,1.598711,118.766389,86.284049,276.784065,8.923936,8.274819,24.338514,205682943510372.687500,5.770105,0.669487,3.006356,0.069308,0.003113,3.693970,225.389309,26.941860,1,1,1,0,0,1,0,0,0,1,1,0,0,0,1,0,0,1,0,0,0,0,1,0,0,0,0,0,0,0,0,0,0,1,0,0,1,0,0,1,0,1,0,0,0,0,0,1,0,0,0,0,0,0,0,1,0,0,0,0,0,1,0,0,616.134293,3.065144
975.018000,932.682000,974.272712,74.000000,18.000000,10.000000,10.000000,0.000000,10.000000,0.000000,2.000000,11.000000,147.050000,15.544600,278.491100,424.794382,38.634233,14.383612,0.000000,0.000000,53.017844,0.000000,0.000000,28.421178,27.562790,0.000000,360.000000,0.000000,3.000000,0.000000,0.000000,0.000000,0.000000,6.000000,3.000000,0.000000,0.000000,-10.390000,47.295512,21.716994,0.951130,0.904688,0.514136,0.584275,0.501923,0.972629,0.841132,0.677657,0.695056,0.137176,0.434152,0.077017,0.040202,0.268498,0.219201,0.266578,0.095042,0.957528,0.337839,0.142783,1.193937,1.030131,0.042713,0.704099,0.411439,0.865280,0.451997,0.681414,1.097727,0.300159,0.340443,-0.020909,0.496604,-0.110272,0.495960,-0.018190,-0.278202,0.274050,-0.059404,0.298934,0.550760,0.378265,0.449240,0.090005,0.907827,0.101978,0.000041,1.273698,0.000000,3.171896,23.610311,19.703497,2.779877,2.812119,3.837091,197.046097,0.005028,8185.947304,1.601637,9.224672,10.834182,0.164993,103.243610,51.178756,1.843174,145.164490,54.855267,212.289773,11.213644,7.927923,21.795133,236513519585907.656250,4.666747,0.717539,3.132818,0.046051,0.002917,3.417720,205.363137,32.836931,1,1,1,0,0,1,0,0,0,1,1,0,0,0,1,0,0,1,0,0,0,0,1,0,0,0,0,0,0,0,0,0,0,1,0,0,1,0,0,1,0,1,0,0,0,0,0,1,0,0,0,0,0,0,0,1,0,0,0,0,0,1,0,0,631.064017,3.573224
971.074000,924.706000,970.314183,74.000000,18.000000,10.000000,10.000000,0.000000,10.000000,0.030769,0.000000,9.000000,106.590000,16.750240,284.635500,427.935799,28.421178,14.383612,0.000000,0.000000,42.804789,0.000000,0.000000,28.421178,17.349735,0.000000,360.000000,0.000000,3.000000,0.000000,0.000000,0.000000,0.000000,6.000000,3.000000,0.000000,0.000000,-9.990000,47.676250,21.972103,0.791916,0.885355,0.214135,0.764163,0.852413,0.898445,0.564372,0.795376,0.763492,1.257824,0.473406,0.195983,0.366291,-0.044714,0.337912,0.601104,-0.174449,0.535608,-0.046004,-0.148159,0.242604,0.484744,0.583687,0.630939,0.820927,0.636172,1.206221,0.812355,0.673011,0.326337,-0.188118,0.235194,0.448541,0.159267,-0.092913,0.149498,0.230675,0.579548,0.361166,0.680117,0.299019,0.388498,0.700981,0.118869,0.871637,0.098374,0.000047,1.319265,0.000000,3.542410,24.343941,22.748674,3.204850,2.617465,3.254329,190.177801,0.005011,8277.090816,1.701494,9.935483,9.810810,0.185431,70.093063,51.154873,1.993977,163.772986,95.964528,202.569855,15.989511,2.735568,18.685786,208078899958626.843750,6.748354,0.633137,2.921031,0.055567,0.002969,3.878859,180.926901,32.203733,1,1,1,0,0,1,0,0,0,1,1,0,0,0,1,0,0,1,0,0,0,0,1,0,0,0,0,0,0,0,0,0,0,1,0,0,1,0,0,1,0,1,0,0,0,0,0,1,0,0,0,0,0,0,0,1,0,0,0,0,0,1,0,0,581.761932,2.829073
961.010000,919.682000,960.273461,73.000000,18.000000,10.000000,10.000000,0.000000,10.000000,0.000000,0.000000,9.000000,106.590000,16.272500,275.119500,419.371450,28.421178,14.383612,4.390415,0.000000,47.195204,0.000000,0.000000,28.421178,17.349735,0.000000,354.000000,0.000000,3.000000,0.000000,0.000000,0.000000,0.000000,6.000000,3.000000,0.000000,0.000000,-10.060000,46.658232,21.707398,0.977619,0.720748,0.677398,0.628653,0.160934,0.898448,0.641126,0.915477,0.852077,0.726980,0.116914,0.563391,0.266446,0.373652,0.480005,0.731950,-0.436313,-0.213663,0.246859,0.323774,0.361932,0.837222,-0.364396,0.659575,0.176932,0.678551,0.284725,0.092145,0.852100,0.370090,0.419111,0.316691,-0.020374,-0.098629,-0.054102,-0.125542,0.369225,0.355052,0.055715,0.777783,0.386574,0.419932,0.613426,0.094946,0.915670,0.175900,0.000055,1.374851,0.000000,3.936692,27.271814,17.431428,3.071324,3.124397,3.697554,156.470673,0.005397,8225.877357,1.856640,10.268973,10.043429,0.165273,99.863731,42.241572,2.225150,140.177884,67.314975,258.066033,13.614105,9.121417,16.049627,186286009447105.031250,6.445784,0.680830,3.027397,0.081331,0.002996,3.813441,181.309740,32.864157,1,1,1,0,0,1,0,0,0,1,1,0,0,0,1,0,0,1,0,0,0,0,1,0,0,0,0,0,0,0,0,0,0,1,0,0,1,0,0,1,0,1,0,0,0,0,0,1,0,0,0,0,0,0,0,1,0,0,0,0,0,1,0,0,608.231100,3.355357
991.017000,948.681000,990.267627,75.000000,18.000000,10.000000,10.000000,0.000000,10.000000,0.000000,3.000000,12.000000,167.280000,15.250200,280.155900,429.588616,43.740760,14.383612,0.000000,0.000000,58.124371,0.000000,0.000000,28.421178,32.669317,0.000000,366.000000,0.000000,3.000000,0.000000,0.000000,0.000000,0.000000,6.000000,3.000000,0.000000,0.000000,-10.590000,48.057188,21.812288,0.785883,0.332113,0.496104,0.566582,0.713857,0.295519,0.793973,0.362543,0.649056,0.555973,0.494957,0.152745,0.333389,0.039618,0.387589,0.015606,0.830865,0.389652,0.096018,0.131251,0.995743,0.585604,0.229709,0.375936,0.394602,0.491878,0.758562,0.609439,0.837370,0.693245,0.321142,-0.534875,-0.077231,0.385230,0.105339,0.025922,-0.196145,-0.649885,0.051654,0.521525,0.324910,0.328079,0.675090,0.080489,0.893460,0.134184,0.000043,1.184031,0.000000,3.676914,25.063736,19.160850,2.439530,2.367640,3.488616,187.157497,0.003830,6903.560306,1.648184,9.351737,9.619720,0.166119,73.781831,52.233021,1.838843,154.801433,70.672790,212.971777,12.697057,8.099578,20.445041,235400229146866.312500,6.198127,0.643412,3.464875,0.042583,0.003067,3.956372,242.222771,36.769296,1,1,1,0,0,1,0,0,0,1,1,0,0,0,1,0,0,1,0,0,0,0,1,0,0,0,0,0,0,0,0,0,0,1,0,0,1,0,0,1,0,1,0,0,0,0,0,1,0,0,0,0,0,0,0,1,0,0,0,0,0,1,0,0,613.485857,3.191851
985.101000,936.717000,984.329833,75.000000,18.000000,10.000000,10.000000,0.000000,10.000000,0.045455,0.000000,9.000000,106.590000,17.058660,289.372500,434.300741,28.421178,14.383612,0.000000,0.000000,42.804789,0.000000,0.000000,28.421178,17.349735,0.000000,366.000000,0.000000,3.000000,0.000000,0.000000,0.000000,0.000000,6.000000,3.000000,0.000000,0.000000,-9.990000,48.628963,22.193105,1.256702,0.791979,0.896354,0.893974,0.733701,0.691274,0.729932,0.604842,0.882999,0.905049,0.469591,0.564486,0.308617,-0.274971,0.034874,0.254372,-0.112090,0.409996,0.364253,0.559493,0.705900,0.599216,0.510247,0.167134,0.378955,1.391061,0.453448,0.378750,0.827204,0.759907,0.280462,-0.181610,0.802831,0.269802,0.059609,0.312185,0.152323,-0.171211,0.039916,0.521080,0.511681,0.398116,0.488319,0.062832,0.894601,0.120788,0.000051,1.344264,0.000000,3.737252,28.681872,21.112003,2.751591,2.165517,3.805855,182.585569,0.003760,8045.793413,1.662137,10.639348,8.866352,0.152230,115.229390,47.597429,1.827935,123.496522,85.655700,158.531267,13.537709,10.823407,20.861220,194284958294239.125000,5.214643,0.626767,3.065019,0.048475,0.002201,3.906909,240.844320,28.924500,1,1,1,0,0,1,0,0,0,1,1,0,0,0,1,0,0,1,0,0,0,0,1,0,0,0,0,0,0,0,0,0,0,1,0,0,1,0,0,1,0,1,0,0,0,0,0,1,0,0,0,0,0,0,0,1,0,0,0,0,0,1,0,0,644.991781,3.972157
971.074000,924.706000,970.314183,74.000000,18.000000,10.000000,10.000000,0.000000,10.000000,0.030769,0.000000,9.000000,106.590000,16.750240,284.635500,427.935799,28.421178,14.383612,0.000000,0.000000,42.804789,0.000000,0.000000,28.421178,17.349735,0.000000,360.000000,0.000000,3.000000,0.000000,0.000000,0.000000,0.000000,6.000000,3.000000,0.000000,0.000000,-9.990000,47.676250,21.972103,0.761731,0.379553,0.558319,1.267061,0.758453,0.213023,0.466916,1.010609,1.250493,1.028348,-0.170720,0.551804,0.378941,0.782792,0.575440,-0.154050,0.517858,-0.079233,0.060992,0.959654,0.650670,0.672444,0.342579,0.283308,0.561862,0.559407,0.024171,0.292591,0.117218,0.683283,-0.575622,0.117859,-0.349250,0.207103,0.232150,0.146103,-0.007422,0.858389,-0.180855,-0.006778,0.473463,0.330234,0.526537,0.034476,0.914423,0.153549,0.000045,1.332598,0.000000,3.799570,24.260017,17.728609,2.856095,2.353434,3.339650,193.039279,0.004991,8268.044095,1.605357,8.975026,9.188384,0.193369,105.843344,44.908656,2.080189,113.078921,83.394311,204.387476,11.571287,9.370872,21.623843,213476873909907.968750,6.156845,0.733556,3.774499,0.044478,0.002878,3.588202,194.572435,30.270976,1,1,1,0,0,1,0,0,0,1,1,0,0,0,1,0,0,1,0,0,0,0,1,0,0,0,0,0,0,0,0,0,0,1,0,0,1,0,0,1,0,1,0,0,0,0,0,1,0,0,0,0,0,0,0,1,0,0,0,0,0,1,0,0,660.960251,3.775554
959.019000,916.683000,958.277798,73.000000,18.000000,10.000000,10.000000,0.000000,10.000000,0.000000,1.000000,10.000000,126.820000,15.839000,276.826300,420.000149,33.527705,14.383612,0.000000,0.000000,47.911317,0.000000,0.000000,28.421178,22.456262,0.000000,354.000000,0.000000,3.000000,0.000000,0.000000,0.000000,0.000000,6.000000,3.000000,0.000000,0.000000,-10.190000,46.534647,21.624100,0.606459,0.813148,0.495838,0.191782,0.464144,0.502515,0.486670,0.437353,0.690793,0.641477,0.347885,0.208168,0.436328,0.512165,0.195757,0.155926,-0.658884,0.051432,0.277079,0.400250,0.729398,0.898690,1.088414,0.540177,0.434948,0.755258,0.843312,0.206328,0.303174,1.286684,-0.215848,0.494930,0.047231,0.433606,-0.075885,-0.012375,0.372773,-0.262752,-0.159479,-0.494301,0.462524,0.377813,0.537476,0.062064,0.934970,0.138364,0.000039,1.399390,0.000000,3.699551,27.278389,19.602257,2.180989,2.190293,3.570175,151.877828,0.004684,7874.113383,1.469499,10.078299,9.729189,0.176944,79.066705,49.464456,1.721294,158.570055,97.576643,238.037845,11.903356,8.878475,22.983779,249878847488618.906250,5.631814,0.657302,2.993595,0.069734,0.003582,3.627172,161.452226,29.490475,1,1,1,0,0,1,0,0,0,1,1,0,0,0,1,0,0,1,0,0,0,0,1,0,0,0,0,0,0,0,0,0,0,1,0,0,1,0,0,1,0,1,0,0,0,0,0,1,0,0,0,0,0,0,0,1,0,0,0,0,0,1,0,0,642.411331,3.821524
991.017000,948.681000,990.267627,75.000000,18.000000,10.000000,10.000000,0.000000,10.000000,0.000000,3.000000,12.000000,167.280000,15.250200,280.155900,429.588616,43.740760,14.383612,0.000000,0.000000,58.124371,0.000000,0.000000,28.421178,32.669317,0.000000,366.000000,0.000000,3.000000,0.000000,0.000000,0.000000,0.000000,6.000000,3.000000,0.000000,0.000000,-10.590000,48.057188,21.812288,0.776220,0.753554,0.693140,0.985497,0.756902,1.209803,0.855118,0.993892,0.611350,0.648330,0.520953,0.329429,0.669263,0.139654,-0.119954,0.152893,-0.106511,0.686155,0.431774,0.831576,1.086842,0.611826,0.294756,0.437316,0.654106,0.245441,0.306159,0.863443,0.224017,0.529607,0.232031,0.099700,-0.107141,0.153140,0.183103,-0.198798,0.162513,-0.068336,0.298601,0.522713,0.417656,0.470136,0.582344,0.084272,0.840549,0.125897,0.000050,1.250695,0.000000,3.789967,24.336796,17.113005,2.841214,2.227252,3.300723,173.686122,0.003871,8194.601509,1.680867,9.332796,11.888201,0.130581,115.287891,43.328313,2.062956,147.025421,100.853799,230.686376,13.360400,10.070371,19.204769,202572110879305.218750,5.321430,0.657432,3.062470,0.049091,0.003428,2.924516,188.052671,34.601333,1,1,1,0,0,1,0,0,0,1,1,0,0,0,1,0,0,1,0,0,0,0,1,0,0,0,0,0,0,0,0,0,0,1,0,0,1,0,0,1,0,1,0,0,0,0,0,1,0,0,0,0,0,0,0,1,0,0,0,0,0,1,0,0,600.725345,3.346574
971.074000,924.706000,970.314183,74.000000,18.000000,10.000000,10.000000,0.000000,10.000000,0.030769,0.000000,9.000000,106.590000,16.750240,284.635500,427.935799,28.421178,14.383612,0.000000,0.000000,42.804789,0.000000,0.000000,28.421178,17.349735,0.000000,360.000000,0.000000,3.000000,0.000000,0.000000,0.000000,0.000000,6.000000,3.000000,0.000000,0.000000,-9.990000,47.676250,21.972103,0.904670,0.260433,0.520841,0.453894,0.912562,0.958952,0.595156,0.632301,0.795426,0.895752,0.133538,0.150195,0.517243,0.878743,0.502400,0.080074,0.406755,0.114775,0.592859,-0.089965,0.929006,0.749944,0.458162,0.504558,0.304072,0.062436,0.307362,0.835470,0.433862,0.863273,0.434629,-0.200050,-0.051675,0.161018,0.042921,0.136148,0.266578,0.219172,0.511146,-0.079450,0.455684,0.389602,0.544316,0.076500,0.970751,0.155511,0.000044,1.507726,0.000000,3.498967,24.685620,20.260271,2.813200,2.300644,3.885657,182.413320,0.004039,7821.515539,1.671720,7.838071,8.901133,0.201955,103.971035,49.710112,2.017149,119.487550,85.066345,211.721798,18.831154,8.177416,20.626321,200677830283046.375000,7.034277,0.803568,3.094825,0.068909,0.003444,3.142186,206.257244,28.181309,1,1,1,0,0,1,0,0,0,1,1,0,0,0,1,0,0,1,0,0,0,0,1,0,0,0,0,0,0,0,0,0,0,1,0,0,1,0,0,1,0,1,0,0,0,0,0,1,0,0,0,0,0,0,0,1,0,0,0,0,0,1,0,0,642.026468,3.441940
1007.016000,964.680000,1006.262541,76.000000,18.000000,10.000000,10.000000,0.000000,10.000000,0.000000,4.000000,13.000000,187.510000,14.955800,281.820700,434.382850,48.847287,14.383612,0.000000,0.000000,63.230899,0.000000,0.000000,28.421178,37.775844,0.000000,372.000000,0.000000,3.000000,0.000000,0.000000,0.000000,0.000000,6.000000,3.000000,0.000000,0.000000,-10.790000,48.819652,21.909853,0.593137,0.655231,1.071325,1.246259,0.659587,0.662368,0.772679,0.248631,0.883804,0.196378,0.129177,0.366216,0.830851,0.444435,0.551926,0.361777,0.921048,0.381959,0.005657,0.244470,0.539440,0.215490,0.278502,1.173490,0.275114,0.496090,0.799464,0.812448,0.720660,0.559279,0.481519,0.302122,-0.000756,-0.428549,-0.496402,0.395616,-0.071127,0.126585,-0.001623,0.312004,0.437564,0.481925,0.562436,0.082656,0.987662,0.141261,0.000049,1.415009,0.000000,4.291693,27.306554,20.486657,2.626742,2.085610,3.102858,175.229568,0.004031,8383.910982,1.686247,10.334447,10.959317,0.164509,85.038932,35.742050,2.176948,187.554674,98.723985,283.595565,17.227983,5.810622,24.370079,249544319946204.375000,5.913590,0.630777,3.354078,0.066285,0.002790,4.267332,225.275582,28.581842,1,1,1,0,0,1,0,0,0,1,1,0,0,0,1,0,0,1,0,0,0,0,1,0,0,0,0,0,0,0,0,0,0,1,0,0,1,0,0,1,0,1,0,0,0,0,0,1,0,0,0,0,0,0,0,1,0,0,0,0,0,1,0,0,639.727515,3.623117
975.018000,932.682000,974.272712,74.000000,18.000000,10.000000,10.000000,0.000000,10.000000,0.000000,2.000000,11.000000,147.050000,15.544600,278.491100,424.794382,38.634233,14.383612,0.000000,0.000000,53.017844,0.000000,0.000000,28.421178,27.562790,0.000000,360.000000,0.000000,3.000000,0.000000,0.000000,0.000000,0.000000,6.000000,3.000000,0.000000,0.000000,-10.390000,47.295512,21.716994,0.928691,0.752477,1.298384,1.077656,0.702505,0.592546,0.954146,0.774816,0.764115,1.446922,0.032536,0.703085,0.690826,-0.023327,-0.021873,0.529453,0.518916,0.304345,0.487405,0.684029,0.739333,0.052090,0.676729,0.437177,0.660539,0.601118,0.804070,0.552629,0.269743,1.250303,0.443592,0.357569,0.360179,-0.122641,0.259146,0.399911,0.376749,0.296023,-0.035488,0.217775,0.381945,0.415849,0.618055,0.076685,0.942774,0.159442,0.000046,1.340786,0.000000,3.524462,24.928113,19.229342,2.716433,2.974963,2.856841,148.247684,0.004004,8619.384654,1.552095,11.174274,9.256127,0.174936,81.447964,41.096520,1.997688,140.062277,74.048700,216.629328,11.399004,8.571466,17.532796,191619110953210.062500,5.124519,0.627543,3.634710,0.071337,0.003478,3.816187,232.612966,34.893073,1,1,1,0,0,1,0,0,0,1,1,0,0,0,1,0,0,1,0,0,0,0,1,0,0,0,0,0,0,0,0,0,0,1,0,0,1,0,0,1,0,1,0,0,0,0,0,1,0,0,0,0,0,0,0,1,0,0,0,0,0,1,0,0,640.566834,3.478049
975.018000,932.682000,974.272712,74.000000,18.000000,10.000000,10.000000,0.000000,10.000000,0.000000,2.000000,11.000000,147.050000,15.544600,278.491100,424.794382,38.634233,14.383612,0.000000,0.000000,53.017844,0.000000,0.000000,28.421178,27.562790,0.000000,360.000000,0.000000,3.000000,0.000000,0.000000,0.000000,0.000000,6.000000,3.000000,0.000000,0.000000,-10.390000,47.295512,21.716994,0.640194,0.931706,0.266989,0.432999,0.626039,0.203784,0.931595,0.293525,0.370651,1.433917,0.429590,0.208445,0.287178,0.548265,0.225072,0.358271,-0.228006,0.170677,-0.105775,-0.020275,0.203616,-0.198938,1.342796,0.634669,0.210829,-0.003866,0.277357,0.467057,0.801888,0.983223,-0.302170,0.471065,0.023099,0.192959,0.044990,0.416456,0.664054,0.276253,-0.170566,0.354424,0.498300,0.358474,0.501700,0.084114,0.921631,0.111401,0.000048,1.420312,0.000000,3.630109,21.523978,20.372667,2.882690,2.933526,3.515551,178.948355,0.004250,8057.470929,1.545912,10.669989,10.765687,0.135584,96.574040,49.716260,2.259835,144.198951,71.430865,199.476297,14.790617,10.319011,24.050770,215379143044361.562500,5.368189,0.686362,3.237526,0.070439,0.003766,3.743016,179.794164,31.718866,1,1,1,0,0,1,0,0,0,1,1,0,0,0,1,0,0,1,0,0,0,0,1,0,0,0,0,0,0,0,0,0,0,1,0,0,1,0,0,1,0,1,0,0,0,0,0,1,0,0,0,0,0,0,0,1,0,0,0,0,0,1,0,0,634.525408,3.219791
991.017000,948.681000,990.267627,75.000000,18.000000,10.000000,10.000000,0.000000,10.000000,0.000000,3.000000,12.000000,167.280000,15.250200,280.155900,429.588616,43.740760,14.383612,0.000000,0.000000,58.124371,0.000000,0.000000,28.421178,32.669317,0.000000,366.000000,0.000000,3.000000,0.000000,0.000000,0.000000,0.000000,6.000000,3.000000,0.000000,0.000000,-10.590000,48.057188,21.812288,0.306295,0.647702,0.958475,0.680820,1.500000,0.536224,0.785947,1.375482,0.623027,-0.186825,-0.108820,-0.047966,0.292253,0.493251,1.071558,1.081166,0.163329,-0.312596,0.116018,0.460296,0.618318,0.620547,0.332928,0.302431,0.452450,0.643168,1.220926,0.342727,0.557075,0.337797,-0.008040,0.351322,0.079424,0.261538,-0.122763,0.647950,0.565068,0.262480,0.173189,0.115673,0.404366,0.399052,0.595634,0.090583,0.928927,0.163618,0.000049,1.376848,0.000000,4.274449,26.557845,19.180972,2.349501,3.127796,4.448384,148.925279,0.004198,7872.928351,1.585786,8.790572,9.923939,0.135981,121.753936,47.705050,1.658215,154.152590,90.718691,213.433321,18.925923,7.457479,22.215882,212229059870971.250000,6.080990,0.614053,3.064614,0.047744,0.002632,3.809468,201.925938,28.523710,1,1,1,0,0,1,0,0,0,1,1,0,0,0,1,0,0,1,0,0,0,0,1,0,0,0,0,0,0,0,0,0,0,1,0,0,1,0,0,1,0,1,0,0,0,0,0,1,0,0,0,0,0,0,0,1,0,0,0,0,0,1,0,0,626.249904,3.369915
1007.016000,964.680000,1006.262541,76.000000,18.000000,10.000000,10.000000,0.000000,10.000000,0.000000,4.000000,13.000000,187.510000,14.955800,281.820700,434.382850,48.847287,14.383612,0.000000,0.000000,63.230899,0.000000,0.000000,28.421178,37.775844,0.000000,372.000000,0.000000,3.000000,0.000000,0.000000,0.000000,0.000000,6.000000,3.000000,0.000000,0.000000,-10.790000,48.819652,21.909853,0.348663,1.108042,0.182338,1.210001,0.664676,0.606774,0.905764,0.422732,0.426739,0.319371,-0.048538,0.755915,0.414524,0.074543,-0.053851,0.025361,0.494323,0.520098,0.308060,0.671127,0.954765,0.756737,0.730408,0.138526,0.161615,0.671983,0.483574,0.461991,0.313974,0.917484,0.700310,0.412228,-0.162962,0.202747,0.596689,0.143585,0.321463,-0.114557,0.398354,0.324273,0.336972,0.331433,0.663028,0.062642,0.878948,0.132039,0.000053,1.216312,0.000000,3.778093,24.907531,20.793709,2.636330,2.499487,3.550391,187.494762,0.003153,6610.003413,1.610263,9.084920,9.145509,0.176234,111.703030,52.125346,2.174246,135.042474,72.692295,198.824663,15.735000,9.975715,19.756578,200298050399613.437500,5.864347,0.733143,3.532100,0.057826,0.003235,4.028721,217.924906,24.605761,1,1,1,0,0,1,0,0,0,1,1,0,0,0,1,0,0,1,0,0,0,0,1,0,0,0,0,0,0,0,0,0,0,1,0,0,1,0,0,1,0,1,0,0,0,0,0,1,0,0,0,0,0,0,0,1,0,0,0,0,0,1,0,0,611.381884,3.369430
977.009000,935.681000,976.268376,74.000000,18.000000,10.000000,10.000000,0.000000,10.000000,0.000000,1.000000,10.000000,126.820000,15.978100,276.784300,424.165684,33.527705,14.383612,0.000000,4.390415,52.301732,0.000000,0.000000,28.421178,22.456262,0.000000,360.000000,0.000000,3.000000,0.000000,0.000000,0.000000,0.000000,6.000000,3.000000,0.000000,0.000000,-10.260000,47.419230,21.799806,0.376514,0.481571,0.149883,0.747260,0.471401,0.851594,0.511195,0.775299,0.680709,0.649150,0.371731,0.727115,0.389886,0.492062,0.163366,0.403768,0.321892,0.370301,0.633686,0.052940,0.624911,1.042889,-0.045418,1.089731,0.334713,0.997600,0.324691,0.670497,0.417391,0.032169,0.408374,0.258372,0.210523,0.067589,0.302225,-0.250773,-0.283026,0.300642,0.707398,0.443849,0.457624,0.357180,0.542376,0.095186,0.847850,0.150079,0.000047,1.337895,0.000000,3.197136,21.958173,18.040072,2.700765,2.616533,3.188774,203.990037,0.004177,8865.347214,1.503487,9.004137,12.485857,0.214431,91.562047,58.542386,1.996064,164.248607,107.134772,154.742554,19.744143,6.813694,28.301372,166399051148770.250000,5.800537,0.660344,3.309503,0.052389,0.002693,3.397883,198.291109,28.183363,1,1,1,0,0,1,0,0,0,1,1,0,0,0,1,0,0,1,0,0,0,0,1,0,0,0,0,0,0,0,0,0,0,1,0,0,1,0,0,1,0,1,0,0,0,0,0,1,0,0,0,0,0,0,0,1,0,0,0,0,0,1,0,0,605.338228,3.147264
1007.016000,964.680000,1006.262541,76.000000,18.000000,10.000000,10.000000,0.000000,10.000000,0.000000,4.000000,13.000000,187.510000,14.955800,281.820700,434.382850,48.847287,14.383612,0.000000,0.000000,63.230899,0.000000,0.000000,28.421178,37.775844,0.000000,372.000000,0.000000,3.000000,0.000000,0.000000,0.000000,0.000000,6.000000,3.000000,0.000000,0.000000,-10.790000,48.819652,21.909853,0.827305,0.470386,0.573901,0.854210,0.284881,0.392986,0.922453,0.028574,0.622897,0.582582,0.645770,0.118317,0.022116,0.044496,0.456552,0.508395,0.381261,0.641337,0.507945,0.393426,0.750971,1.337169,0.367751,0.700390,0.396260,0.704906,0.677516,0.362906,0.487191,0.787749,0.084726,0.758444,0.248992,0.220505,-0.186715,0.529105,0.239205,-0.207696,-0.214567,-0.266341,0.564150,0.335771,0.435850,0.072055,0.854814,0.100061,0.000051,1.154605,0.000000,3.304692,21.806525,19.088185,2.970271,3.008074,3.766894,182.161040,0.003041,8912.232265,1.642218,10.184987,10.682595,0.150386,108.061068,56.415025,2.310170,160.817860,94.713006,246.287765,17.040347,9.043166,23.201414,213865810048016.468750,6.108611,0.718770,3.231220,0.063549,0.003298,3.372986,230.941748,30.041968,1,1,1,0,0,1,0,0,0,1,1,0,0,0,1,0,0,1,0,0,0,0,1,0,0,0,0,0,0,0,0,0,0,1,0,0,1,0,0,1,0,1,0,0,0,0,0,1,0,0,0,0,0,0,0,1,0,0,0,0,0,1,0,0,628.601020,3.634267
977.009000,935.681000,976.268376,74.000000,18.000000,10.000000,10.000000,0.000000,10.000000,0.000000,1.000000,10.000000,126.820000,15.978100,276.784300,424.165684,33.527705,14.383612,4.390415,0.000000,52.301732,0.000000,0.000000,28.421178,22.456262,0.000000,360.000000,0.000000,3.000000,0.000000,0.000000,0.000000,0.000000,6.000000,3.000000,0.000000,0.000000,-10.260000,47.419230,21.799806,0.834170,0.094803,1.042349,0.087051,1.203708,0.587085,0.468242,0.576599,0.532120,0.487715,-0.004409,0.175685,0.108128,0.262411,0.225703,0.316281,0.094826,0.214284,0.380140,0.287838,0.466769,1.100701,0.999333,1.097814,0.898391,0.333559,0.342712,0.640041,0.522225,0.542828,-0.052835,-0.023132,0.078383,0.291547,-0.251401,0.107302,0.369641,0.449934,0.223182,0.827459,0.464325,0.275928,0.535675,0.131141,0.961407,0.129635,0.000043,1.269666,0.000000,3.851823,26.013243,20.793774,2.738882,2.752338,3.283344,165.863903,0.005989,8501.365978,1.641871,8.571899,10.871499,0.142745,88.721546,32.677131,1.786904,159.375410,75.363719,208.037902,11.850107,8.500166,17.424693,232427527557291.156250,5.208822,0.653431,3.622840,0.064348,0.002839,3.995867,240.800429,34.253042,1,1,1,0,0,1,0,0,0,1,1,0,0,0,1,0,0,1,0,0,0,0,1,0,0,0,0,0,0,0,0,0,0,1,0,0,1,0,0,1,0,1,0,0,0,0,0,1,0,0,0,0,0,0,0,1,0,0,0,0,0,1,0,0,621.650822,3.161960
996.990000,957.678000,996.254617,75.000000,18.000000,10.000000,10.000000,0.000000,10.000000,0.000000,0.000000,9.000000,106.590000,16.550700,275.035500,427.702521,28.421178,14.383612,13.171245,0.000000,55.976034,0.000000,0.000000,28.421178,17.349735,0.000000,366.000000,0.000000,3.000000,0.000000,0.000000,0.000000,0.000000,6.000000,3.000000,0.000000,0.000000,-10.200000,48.428792,22.059591,1.122122,0.878210,0.383100,1.179531,0.595785,0.915280,0.764140,0.728720,0.789614,0.703454,0.071333,0.148623,0.300090,-0.325311,0.522651,0.178114,0.659792,0.495204,-0.381278,0.404450,0.347223,0.721011,0.569478,0.650205,0.341846,0.009207,0.985813,0.816160,0.948620,0.741098,0.431191,0.407251,0.230510,-0.074926,-0.011245,0.009986,-0.156290,0.171217,0.162694,-0.083844,0.360158,0.453486,0.639842,0.085571,0.848814,0.153689,0.000045,1.273244,0.000000,3.380426,22.454539,18.902594,3.081689,2.920115,2.688524,172.627951,0.003407,7894.240825,1.546412,7.403468,9.080749,0.175023,111.197989,53.273438,1.737085,128.241248,78.437001,248.170166,13.394189,9.302322,28.188236,214074152478930.937500,5.601883,0.830977,3.274821,0.049780,0.002877,3.590028,235.400478,29.771685,1,1,1,0,0,1,0,0,0,1,1,0,0,0,1,0,0,1,0,0,0,0,1,0,0,0,0,0,0,0,0,0,0,1,0,0,1,0,0,1,0,1,0,0,0,0,0,1,0,0,0,0,0,0,0,1,0,0,0,0,0,1,0,0,596.055715,3.117125
991.017000,948.681000,990.267627,75.000000,18.000000,10.000000,10.000000,0.000000,10.000000,0.000000,3.000000,12.000000,167.280000,15.250200,280.155900,429.588616,43.740760,14.383612,0.000000,0.000000,58.124371,0.000000,0.000000,28.421178,32.669317,0.000000,366.000000,0.000000,3.000000,0.000000,0.000000,0.000000,0.000000,6.000000,3.000000,0.000000,0.000000,-10.590000,48.057188,21.812288,0.580910,0.705793,1.211503,1.140579,0.533955,0.685074,0.711685,0.573446,0.435239,0.669907,-0.326993,0.516435,0.076770,0.805234,0.436026,0.623303,0.118248,0.506440,1.026258,0.206323,0.303674,0.691145,0.607863,0.779161,1.249171,-0.000658,0.269160,0.627817,0.605740,0.417089,0.780502,0.365647,-0.455817,-0.206261,-0.098572,0.153019,0.204598,0.496106,0.560413,0.188350,0.419198,0.431832,0.580802,0.110414,0.882650,0.126730,0.000043,1.421892,0.000000,3.746601,26.459081,21.274586,3.068590,2.383594,3.265288,171.141794,0.004895,8705.775522,1.659633,9.627804,10.274582,0.186975,78.268770,55.505853,1.443928,134.272938,91.473247,221.482725,18.261865,9.179880,19.483198,210498431188616.781250,6.021635,0.797884,3.577046,0.061046,0.002732,3.972971,164.616040,31.039258,1,1,1,0,0,1,0,0,0,1,1,0,0,0,1,0,0,1,0,0,0,0,1,0,0,0,0,0,0,0,0,0,0,1,0,0,1,0,0,1,0,1,0,0,0,0,0,1,0,0,0,0,0,0,0,1,0,0,0,0,0,1,0,0,596.647272,3.295398
1007.016000,964.680000,1006.262541,76.000000,18.000000,10.000000,10.000000,0.000000,10.000000,0.000000,4.000000,13.000000,187.510000,14.955800,281.820700,434.382850,48.847287,14.383612,0.000000,0.000000,63.230899,0.000000,0.000000,28.421178,37.775844,0.000000,372.000000,0.000000,3.000000,0.000000,0.000000,0.000000,0.000000,6.000000,3.000000,0.000000,0.000000,-10.790000,48.819652,21.909853,0.399214,0.939058,0.800521,0.625340,0.814615,1.272771,0.782750,0.838169,0.807909,0.715612,-0.173636,0.121746,0.377285,0.010521,0.660306,0.047983,0.201696,0.706255,0.098479,-0.153132,0.781405,0.732915,0.814970,0.796070,0.512821,0.358692,1.066372,0.435960,1.226206,0.230610,0.370507,0.927243,-0.091995,-0.036082,0.261829,0.457441,0.570988,-0.040076,0.017621,0.141072,0.189614,0.315382,0.810386,0.059927,0.943720,0.136875,0.000052,1.522847,0.000000,3.389330,20.815130,22.498976,2.446117,2.832468,3.650549,179.628177,0.004698,6990.618571,1.582391,11.907323,10.395983,0.184111,87.101906,44.636485,2.247293,121.976564,98.634784,199.891800,15.578977,7.278010,15.250875,192519445203636.656250,6.480489,0.620524,3.191899,0.047003,0.003054,3.939695,189.075176,31.406396,1,1,1,0,0,1,0,0,0,1,1,0,0,0,1,0,0,1,0,0,0,0,1,0,0,0,0,0,0,0,0,0,0,1,0,0,1,0,0,1,0,1,0,0,0,0,0,1,0,0,0,0,0,0,0,1,0,0,0,0,0,1,0,0,635.607583,2.917434
