MolWt,HeavyAtomMolWt,ExactMolWt,NumHeavyAtoms,NumRotatableBonds,NumRings,NumAromaticRings,NumAliphaticRings,RingCount,FractionCSP3,NumHDonors,NumHAcceptors,TPSA,MolLogP,MolMR,LabuteASA,PEOE_VSA1,PEOE_VSA2,PEOE_VSA3,PEOE_VSA4,SMR_VSA1,SMR_VSA2,SMR_VSA3,SlogP_VSA1,SlogP_VSA2,SlogP_VSA3,NumValenceElectrons,NumRadicalElectrons,fr_C_O,fr_NH0,fr_NH1,fr_ArN,fr_Ar_COO,fr_ether,fr_ketone,fr_imide,fr_amide,HallKierAlpha,Kappa1,Kappa2,polyBERT_dim_01,polyBERT_dim_02,polyBERT_dim_03,polyBERT_dim_04,polyBERT_dim_05,polyBERT_dim_06,polyBERT_dim_07,polyBERT_dim_08,polyBERT_dim_09,polyBERT_dim_10,polyBERT_dim_11,polyBERT_dim_12,polyBERT_dim_13,polyBERT_dim_14,polyBERT_dim_15,polyBERT_dim_16,polyBERT_dim_17,polyBERT_dim_18,polyBERT_dim_19,polyBERT_dim_20,polyBERT_dim_21,polyBERT_dim_22,polyBERT_dim_23,polyBERT_dim_24,polyBERT_dim_25,polyBERT_dim_26,polyBERT_dim_27,polyBERT_dim_28,polyBERT_dim_29,polyBERT_dim_30,polyBERT_dim_31,polyBERT_dim_32,polyBERT_dim_33,polyBERT_dim_34,polyBERT_dim_35,polyBERT_dim_36,polyBERT_dim_37,polyBERT_dim_38,polyBERT_dim_39,polyBERT_dim_40,DegreeOfCrystallinity,CrystallinePhaseContent,AmorphousPhaseContent,FreeVolumeFraction,ChainRigidityIndex,SegmentalMobility,ThermalExpansionCoeff,HeatCapacity_Cp,ThermalDiffusivity,GlassyModulus,DielectricPolarizability,ElectronicPolarizability,IonicPolarizability,OrientationalPolarizability,DipoleMomentRepeat,CurieWeissConstant,CrosslinkingDensity,EntanglementMolWt,ContourLengthPerUnit,PersistenceLength,CharacteristicRatio,ChainFlexibilityParam,Mw_kDa,Mn_kDa,PolyDisersityIndex,ZAverageMolWt,ViscosityAverageMolWt,NumberAverageDPn,LamellaeThickness_nm,SpheruliteRadius_um,CrystalThickness_nm,TieChainsPerArea,InterfacialThickness_nm,MicrostructureOrder,PermittivityRealPart,PermittivityImaginaryPart,TanDeltaDielectric,YoungModulus_GPa,TensileStrength_MPa,ElongationBreak_pct,morgan_fp_00,morgan_fp_01,morgan_fp_02,morgan_fp_03,morgan_fp_04,morgan_fp_05,morgan_fp_06,morgan_fp_07,morgan_fp_08,morgan_fp_09,morgan_fp_10,morgan_fp_11,morgan_fp_12,morgan_fp_13,morgan_fp_14,morgan_fp_15,morgan_fp_16,morgan_fp_17,morgan_fp_18,morgan_fp_19,morgan_fp_20,morgan_fp_21,morgan_fp_22,morgan_fp_23,morgan_fp_24,morgan_fp_25,morgan_fp_26,morgan_fp_27,morgan_fp_28,morgan_fp_29,morgan_fp_30,morgan_fp_31,morgan_fp_32,morgan_fp_33,morgan_fp_34,morgan_fp_35,morgan_fp_36,morgan_fp_37,morgan_fp_38,morgan_fp_39,morgan_fp_40,morgan_fp_41,morgan_fp_42,morgan_fp_43,morgan_fp_44,morgan_fp_45,morgan_fp_46,morgan_fp_47,morgan_fp_48,morgan_fp_49,morgan_fp_50,morgan_fp_51,morgan_fp_52,morgan_fp_53,morgan_fp_54,morgan_fp_55,morgan_fp_56,morgan_fp_57,morgan_fp_58,morgan_fp_59,morgan_fp_60,morgan_fp_61,morgan_fp_62,morgan_fp_63,Tg_degC,Dk_1GHz
588.073000,588.073000,587.961677,35.000000,8.000000,0.000000,0.000000,0.000000,0.000000,1.000000,0.000000,0.000000,0.000000,7.828700,56.633000,172.361522,0.000000,0.000000,0.000000,105.369961,105.369961,0.000000,0.000000,0.000000,65.655360,0.000000,212.000000,0.000000,0.000000,0.000000,0.000000,0.000000,0.000000,0.000000,0.000000,0.000000,0.000000,-1.680000,33.320000,7.663423,-0.483251,-0.664938,-0.474545,-0.725876,-0.402801,-0.583414,-0.269365,-0.426245,-0.619929,-0.288748,-0.098431,-0.106783,-0.872131,-0.306939,-0.399103,-0.841949,-0.501408,-0.597172,-0.659311,-0.328427,0.013643,-0.001234,0.136896,0.246437,-0.223872,0.088208,0.332108,0.302840,0.184186,0.047186,0.466737,0.419395,0.596922,0.445855,0.423825,-0.055591,0.602520,0.323197,-0.194233,0.502219,0.526518,0.668228,0.473482,0.133165,0.688043,0.250894,0.000111,0.952376,0.000000,0.542696,13.890162,13.851242,0.372351,0.247671,0.038878,8.207483,0.000475,10886.724011,1.143635,0.923502,5.020831,0.461908,3406.956746,535.646157,7.567925,7075.713890,2121.192240,5805.275526,29.083033,31.469473,30.225785,270925739777819.062500,7.897561,0.670324,1.884842,0.000938,0.000182,0.516818,44.152386,272.109569,0,0,0,0,0,0,0,0,1,0,0,0,0,0,0,0,0,0,0,0,0,0,0,0,0,0,0,0,0,0,0,0,1,0,0,0,0,0,0,0,0,0,0,0,0,1,0,0,0,0,1,0,0,0,0,0,0,0,0,1,0,0,0,0,168.541409,1.500000
604.528000,604.528000,603.932127,35.000000,8.000000,0.000000,0.000000,0.000000,0.000000,1.000000,0.000000,0.000000,0.000000,8.098000,61.378000,178.499253,0.000000,0.000000,4.390415,96.589131,100.979546,0.000000,0.000000,0.000000,64.860772,0.000000,212.000000,0.000000,0.000000,0.000000,0.000000,0.000000,0.000000,0.000000,0.000000,0.000000,0.000000,-1.320000,33.680000,7.839933,-0.579234,-0.627254,-0.837327,-0.571872,-0.690605,-0.513217,-0.695956,-0.648466,-0.539020,-0.671084,-0.395649,-0.304666,-0.331336,-0.695753,-0.459814,-0.521457,-0.385230,-0.736296,-0.269147,-0.605429,0.158166,0.480664,0.228691,0.098364,-0.048763,0.262875,0.340283,0.152334,0.388962,-0.104033,0.431196,0.589655,0.655908,0.410644,0.491523,0.051524,0.813565,0.125522,0.271825,0.244302,0.519697,0.541731,0.480303,0.131129,0.690304,0.316908,0.000102,0.954850,0.000000,0.465596,13.196369,12.498299,0.640291,0.270760,0.003751,-1.033675,0.000472,13376.699014,1.255313,1.038922,6.369066,0.581996,2906.468952,470.365913,6.649961,8928.388464,2807.609362,4897.728009,22.729833,28.673505,35.584076,324686526092368.437500,6.982915,0.727331,2.011487,0.001131,0.000172,0.492966,32.817301,384.833349,0,0,0,0,0,0,0,0,1,0,0,0,0,0,0,0,0,0,0,0,0,0,0,0,0,0,0,0,0,0,0,0,1,0,0,0,0,0,0,0,0,0,0,0,0,1,0,0,0,0,1,0,0,0,0,0,0,0,0,1,0,0,0,0,168.062847,1.500000
584.110000,581.086000,583.986749,35.000000,8.000000,0.000000,0.000000,0.000000,0.000000,1.000000,0.000000,0.000000,0.000000,7.921600,61.199000,174.560929,0.000000,0.000000,4.390415,96.589131,100.979546,0.000000,0.000000,0.000000,65.401590,0.000000,212.000000,0.000000,0.000000,0.000000,0.000000,0.000000,0.000000,0.000000,0.000000,0.000000,0.000000,-1.610000,33.390000,7.697625,-0.674688,-0.444708,-0.617259,-0.584734,-0.539402,-0.689119,-0.770423,-0.438011,-0.570826,-0.535468,-0.437942,-0.564705,-0.217702,-0.586422,-0.880081,-0.439314,-0.328939,-0.693607,-0.212179,-0.564569,0.448078,0.356964,0.191202,0.173147,0.173895,0.303762,0.048296,-0.068382,0.063832,0.211008,0.222569,0.383800,0.435251,0.301092,0.304884,0.490877,0.259278,0.319635,0.402627,0.242683,0.650070,0.608912,0.349930,0.096926,0.687224,0.281380,0.000119,0.909446,0.000000,0.619772,12.033852,12.910925,0.627505,0.370113,0.000000,8.486789,0.000499,12350.594483,1.255109,1.034699,6.324463,0.543048,3019.311711,433.702090,6.963426,7994.143821,2607.661765,5277.372745,28.876430,28.862472,31.472024,276691809108090.531250,7.590679,0.842470,2.166850,0.001022,0.000180,0.646675,27.684426,368.707570,0,0,0,0,0,0,0,0,1,0,0,0,0,0,0,0,0,0,0,0,0,0,0,0,0,0,0,0,0,0,0,0,1,0,0,0,0,0,0,0,0,0,0,0,0,1,0,0,0,0,1,0,0,0,0,0,0,0,0,1,0,0,0,0,198.324867,1.941013
648.979000,648.979000,647.881611,35.000000,8.000000,0.000000,0.000000,0.000000,0.000000,1.000000,0.000000,0.000000,0.000000,8.254100,64.452000,182.063534,0.000000,0.000000,4.390415,96.589131,100.979546,0.000000,0.000000,0.000000,64.310858,0.000000,212.000000,0.000000,0.000000,0.000000,0.000000,0.000000,0.000000,0.000000,0.000000,0.000000,0.000000,-1.130000,33.870000,7.933705,-0.621437,-0.516667,-0.436623,-0.954500,-0.754829,-0.233251,-0.465954,-0.475279,-0.740893,-0.531145,-0.513649,-0.210953,-0.414374,-0.404667,-0.990406,-0.369148,-0.462179,-0.608673,-0.441371,-0.410586,0.395385,0.404490,0.065062,0.174052,0.160334,0.382653,0.297326,0.262416,0.144705,0.133342,0.282153,0.548010,0.348252,0.254446,0.349053,0.750922,0.919641,0.497136,0.167122,0.512883,0.585429,0.636372,0.414571,0.100342,0.757356,0.297270,0.000117,1.010331,0.000000,0.509072,14.354200,9.664338,0.527886,0.305401,0.018976,-0.063054,0.000385,14665.427591,1.236926,1.056723,5.633133,0.560052,4046.289553,602.722738,5.960651,6758.900254,3105.556624,4672.047885,33.258681,33.040383,30.997010,365140868383005.000000,7.633571,0.753135,2.054030,0.000921,0.000160,0.489626,32.266246,251.924174,0,0,0,0,0,0,0,0,1,0,0,0,0,0,0,0,0,0,0,0,0,0,0,0,0,0,0,0,0,0,0,0,1,0,0,0,0,0,0,0,0,0,0,0,0,1,0,0,0,0,1,0,0,0,0,0,0,0,0,1,0,0,0,0,204.222554,1.873092
584.110000,581.086000,583.986749,35.000000,9.000000,0.000000,0.000000,0.000000,0.000000,1.000000,0.000000,0.000000,0.000000,7.921600,61.199000,174.560929,0.000000,0.000000,0.000000,100.979546,100.979546,0.000000,0.000000,0.000000,65.401590,0.000000,212.000000,0.000000,0.000000,0.000000,0.000000,0.000000,0.000000,0.000000,0.000000,0.000000,0.000000,-1.610000,33.390000,7.697625,-0.186309,-0.548534,-0.475257,-0.567079,-0.690049,-0.673348,-0.547145,-0.736708,-0.558627,-0.432518,-0.785491,-0.551189,-0.389841,-0.340982,-0.238478,-0.367903,-0.356335,-0.357739,-0.689164,-0.687497,0.026981,-0.194601,0.566729,0.326248,-0.187953,0.126121,0.130861,0.216899,0.290168,0.072239,0.375908,0.460115,0.300313,0.544997,0.203248,0.499054,0.330718,0.324341,0.345395,0.416884,0.558031,0.689086,0.441969,0.079130,0.770171,0.215782,0.000117,1.135632,0.000000,0.654096,13.685914,13.369319,0.544438,0.354734,0.044934,-7.466957,0.000398,11623.366787,1.233293,1.148701,6.241101,0.518644,2097.337252,410.772896,5.853120,7167.971722,3394.247164,4248.627206,21.123979,35.822485,33.342709,320850798684353.250000,8.019676,0.673875,2.011719,0.001184,0.000181,0.557442,27.746193,352.703941,0,0,0,0,0,0,0,0,1,0,0,0,0,0,0,0,0,0,0,0,0,0,0,0,0,0,0,0,0,0,0,0,1,0,0,0,0,0,0,0,0,0,0,0,0,1,0,0,0,0,1,0,0,0,0,0,0,0,0,1,0,0,0,0,217.909425,1.972965
648.979000,648.979000,647.881611,35.000000,9.000000,0.000000,0.000000,0.000000,0.000000,1.000000,0.000000,0.000000,0.000000,8.254100,64.452000,182.063534,0.000000,0.000000,0.000000,100.979546,100.979546,0.000000,0.000000,0.000000,64.310858,0.000000,212.000000,0.000000,0.000000,0.000000,0.000000,0.000000,0.000000,0.000000,0.000000,0.000000,0.000000,-1.130000,33.870000,7.933705,-0.678717,-0.409497,-0.604093,-0.465587,-0.602161,-0.468163,-0.553389,-0.610541,-0.791309,-0.261796,-0.391196,-0.793514,-0.387428,-0.178028,-0.454097,-0.311212,-0.316827,-0.444026,-0.447219,-0.749259,0.402173,0.065487,0.008749,0.487932,0.361873,0.246693,-0.003530,0.163651,0.236008,0.403337,0.459533,0.312269,0.454308,0.378720,0.375922,0.464219,0.468929,0.550929,0.151000,0.389632,0.635733,0.574271,0.364267,0.199403,0.644401,0.194581,0.000119,1.132083,0.000000,0.525096,12.829177,12.361588,0.479959,0.374160,0.000000,-2.904902,0.000654,11743.922256,1.318170,1.368010,5.314484,0.473984,3535.134553,512.643604,6.382604,6975.763191,3164.677766,5880.982906,18.397597,31.347741,36.511211,339854090235111.750000,8.336923,0.841420,2.101890,0.000937,0.000249,0.548015,34.252290,294.204825,0,0,0,0,0,0,0,0,1,0,0,0,0,0,0,0,0,0,0,0,0,0,0,0,0,0,0,0,0,0,0,0,1,0,0,0,0,0,0,0,0,0,0,0,0,1,0,0,0,0,1,0,0,0,0,0,0,0,0,1,0,0,0,0,118.136998,1.500000
709.885000,709.885000,707.801545,35.000000,8.000000,0.000000,0.000000,0.000000,0.000000,1.000000,0.000000,0.000000,0.000000,8.679500,72.271000,191.765546,0.000000,0.000000,8.780830,87.808301,96.589131,0.000000,0.000000,0.000000,62.966357,0.000000,212.000000,0.000000,0.000000,0.000000,0.000000,0.000000,0.000000,0.000000,0.000000,0.000000,0.000000,-0.580000,34.420000,8.207509,-0.631302,-0.674100,-0.722762,-1.077760,-0.307286,-0.242472,-0.636308,-0.630392,-0.446888,-0.502589,-0.726838,-0.379099,-0.479326,-0.416487,-0.882749,-0.515584,-0.527404,-0.520797,-0.542305,-0.659527,0.557167,-0.138213,0.482423,-0.027309,0.264005,0.147168,-0.000596,-0.087913,0.241575,0.286551,0.370635,0.455983,0.695307,0.271377,0.138625,0.267427,0.513815,0.396695,0.436750,0.622520,0.627247,0.590267,0.372753,0.123429,0.718355,0.353429,0.000116,0.973769,0.000000,0.571541,13.359858,12.633680,0.489993,0.345449,0.000000,1.906710,0.000655,10558.259526,1.375702,0.935875,6.478141,0.471482,3091.153505,431.774542,6.521070,10620.854574,2893.312029,5369.683343,27.174811,35.952036,31.215667,308450074450276.125000,6.246782,0.729077,2.033459,0.001106,0.000228,0.697069,17.516027,325.288912,0,0,0,0,0,0,0,0,1,0,0,0,0,0,0,0,0,0,0,0,0,0,0,0,0,0,0,0,0,0,0,0,1,0,0,0,0,0,0,0,0,0,0,0,0,1,0,0,0,0,1,0,0,0,0,0,0,0,0,1,0,0,0,0,189.497900,1.653059
620.983000,620.983000,619.902576,35.000000,8.000000,0.000000,0.000000,0.000000,0.000000,1.000000,0.000000,0.000000,0.000000,8.367300,66.123000,184.636983,0.000000,0.000000,8.780830,87.808301,96.589131,0.000000,0.000000,0.000000,64.066184,0.000000,212.000000,0.000000,0.000000,0.000000,0.000000,0.000000,0.000000,0.000000,0.000000,0.000000,0.000000,-0.960000,34.040000,8.017962,-0.428579,-0.509564,-0.545151,-1.052130,-0.415670,-0.700316,-0.966485,-0.786758,-0.622285,-0.428305,-0.943792,-0.220489,-0.636314,-0.532910,-0.539405,-0.520272,-0.833061,-0.753061,-0.536521,-0.265050,0.148740,0.192631,0.393190,0.274742,0.263822,0.251916,0.049075,0.396425,-0.227507,0.092073,0.357606,0.435491,0.665202,0.247586,0.227337,0.361417,0.667707,0.310178,0.355092,0.372245,0.778302,0.684318,0.221698,0.124760,0.642458,0.260532,0.000123,1.012598,0.000000,0.477719,12.163370,11.839841,0.528393,0.290119,0.067364,-2.622199,0.000644,13804.364954,1.282401,1.096160,6.641875,0.561765,2695.028438,479.134974,6.535492,6559.420692,2364.648577,4749.791991,21.715040,38.007606,24.158891,359525442756933.437500,7.097663,0.728168,2.126341,0.001019,0.000221,0.708016,36.400451,346.404904,0,0,0,0,0,0,0,0,1,0,0,0,0,0,0,0,0,0,0,0,0,0,0,0,0,0,0,0,0,0,0,0,1,0,0,0,0,0,0,0,0,0,0,0,0,1,0,0,0,0,1,0,0,0,0,0,0,0,0,1,0,0,0,0,177.988248,1.992280
604.528000,604.528000,603.932127,35.000000,9.000000,0.000000,0.000000,0.000000,0.000000,1.000000,0.000000,0.000000,0.000000,8.098000,61.378000,178.499253,0.000000,0.000000,0.000000,100.979546,100.979546,0.000000,0.000000,0.000000,64.860772,0.000000,212.000000,0.000000,0.000000,0.000000,0.000000,0.000000,0.000000,0.000000,0.000000,0.000000,0.000000,-1.320000,33.680000,7.839933,-0.651630,-0.819132,-0.617223,-0.572431,-0.815498,-0.860965,-0.464170,-0.547645,-0.521623,-0.660066,-0.294744,-0.428904,-0.298656,-0.238695,-0.428368,-0.361762,-0.718318,-0.509326,-0.408378,-0.646028,0.259717,0.341047,0.501544,0.268475,0.163585,-0.019054,-0.065478,-0.247976,0.207661,0.328372,0.685425,0.458357,0.471435,0.476807,0.140480,0.095163,0.323529,0.173602,0.679450,0.324802,0.618248,0.580421,0.381752,0.104075,0.644268,0.244737,0.000133,1.034149,0.000000,0.587770,11.110210,11.177176,0.488229,0.248341,0.000000,1.039267,0.000683,14619.944234,1.178952,0.890845,6.820960,0.499522,3315.747026,547.605748,6.931143,8701.006201,2806.329833,3988.887937,21.922218,26.811864,31.007760,423243933400504.250000,8.085514,0.757640,1.971280,0.000893,0.000201,0.535572,30.163585,298.346290,0,0,0,0,0,0,0,0,1,0,0,0,0,0,0,0,0,0,0,0,0,0,0,0,0,0,0,0,0,0,0,0,1,0,0,0,0,0,0,0,0,0,0,0,0,1,0,0,0,0,1,0,0,0,0,0,0,0,0,1,0,0,0,0,177.679918,1.782068
580.147000,574.099000,580.011821,35.000000,8.000000,0.000000,0.000000,0.000000,0.000000,1.000000,0.000000,0.000000,0.000000,8.014500,65.765000,176.760335,0.000000,0.000000,8.780830,87.808301,96.589131,0.000000,0.000000,0.000000,65.147821,0.000000,212.000000,0.000000,0.000000,0.000000,0.000000,0.000000,0.000000,0.000000,0.000000,0.000000,0.000000,-1.540000,33.460000,7.731884,-0.503827,-0.832218,-0.689576,-0.773315,-0.242784,-0.730640,-0.905288,-0.814931,-0.629028,-0.686821,-0.517419,-0.681949,-0.652066,-0.419227,-0.618573,-0.479130,-0.325373,-0.464476,-0.367190,-0.520624,0.342691,0.667464,0.207420,-0.098440,0.280386,0.084571,0.157728,0.066695,0.325102,0.112445,0.429428,0.384966,0.249824,0.216686,0.347145,0.658121,0.198722,0.462916,0.450207,0.715677,0.641028,0.572253,0.358972,0.137049,0.686207,0.252414,0.000088,0.985618,0.000000,0.602167,12.638401,12.070078,0.606662,0.336740,0.003745,0.465275,0.000226,12666.518731,1.263219,1.327213,5.241613,0.398227,2677.271977,484.491332,6.316790,10148.696705,3036.059550,4925.815655,29.595077,36.726691,30.034553,373438647601152.562500,9.488513,0.733469,1.953906,0.001018,0.000196,0.567473,30.062951,318.214374,0,0,0,0,0,0,0,0,1,0,0,0,0,0,0,0,0,0,0,0,0,0,0,0,0,0,0,0,0,0,0,0,1,0,0,0,0,0,0,0,0,0,0,0,0,1,0,0,0,0,1,0,0,0,0,0,0,0,0,1,0,0,0,0,176.710141,1.600764
604.528000,604.528000,603.932127,35.000000,8.000000,0.000000,0.000000,0.000000,0.000000,1.000000,0.000000,0.000000,0.000000,8.098000,61.378000,178.499253,0.000000,0.000000,4.390415,96.589131,100.979546,0.000000,0.000000,0.000000,64.860772,0.000000,212.000000,0.000000,0.000000,0.000000,0.000000,0.000000,0.000000,0.000000,0.000000,0.000000,0.000000,-1.320000,33.680000,7.839933,-0.222504,-0.466917,-0.613324,-0.656537,-0.496733,-0.487463,-0.372981,-0.644269,-0.775548,-0.628738,-0.569210,-0.081370,-0.362208,-0.769488,-0.427135,-0.508335,-0.488986,-0.912445,-0.420407,-0.285696,0.209858,-0.081379,0.120079,0.348197,0.400893,0.125372,-0.039569,0.263146,0.557162,0.346286,0.408442,0.347076,0.218749,0.386464,0.029251,0.617951,0.421800,0.566692,0.197220,0.606799,0.617962,0.642695,0.382038,0.117824,0.740207,0.276298,0.000121,1.012957,0.000000,0.473881,14.153245,12.796893,0.668477,0.271624,0.000000,-5.321011,0.000245,10756.159384,1.230146,0.729472,6.032792,0.471550,3627.450741,500.701095,4.547611,8902.049294,3319.456946,6071.068697,23.070653,30.785255,28.497027,262884318128021.281250,6.339950,0.872722,2.007949,0.001199,0.000256,0.427037,29.167260,271.957945,0,0,0,0,0,0,0,0,1,0,0,0,0,0,0,0,0,0,0,0,0,0,0,0,0,0,0,0,0,0,0,0,1,0,0,0,0,0,0,0,0,0,0,0,0,1,0,0,0,0,1,0,0,0,0,0,0,0,0,1,0,0,0,0,202.514260,1.887986
586.082000,585.074000,585.966014,35.000000,9.000000,0.000000,0.000000,0.000000,0.000000,1.000000,1.000000,1.000000,20.230000,6.851500,57.743800,172.990220,5.106527,0.000000,0.000000,100.979546,106.086073,0.000000,0.000000,0.000000,70.694178,0.000000,212.000000,0.000000,0.000000,0.000000,0.000000,0.000000,0.000000,0.000000,0.000000,0.000000,0.000000,-1.650000,33.350000,7.678074,-0.660082,-0.609863,-0.571857,-0.483419,-0.530048,-0.704344,-0.719881,-0.394163,-0.452543,-0.659351,-0.503644,-0.540033,-0.583236,-0.615386,-0.576429,-0.201667,-0.354158,-0.660510,-0.704786,-0.447404,0.214480,0.160632,0.330902,0.168597,0.244158,0.255688,0.411719,0.450357,0.096987,0.359855,0.509990,0.532898,0.140175,0.333363,0.493610,0.464166,0.644377,0.254740,0.389631,0.713300,0.452850,0.619565,0.547150,0.098200,0.648005,0.291757,0.000105,1.112457,0.000000,0.496362,13.352624,12.649494,0.551835,0.284980,0.080283,2.001931,0.000445,13318.442429,1.305815,1.020008,6.607779,0.481446,3544.118614,579.582592,6.539398,7934.770435,2733.105969,5616.957658,28.502202,30.863272,26.225081,327571496969378.375000,7.616274,0.716477,2.087458,0.000681,0.000222,0.600469,30.709146,305.106791,0,0,0,0,0,0,0,0,1,0,0,0,0,0,0,0,0,0,0,0,0,0,0,0,0,0,0,0,0,0,0,0,1,0,0,0,0,0,0,0,0,0,0,0,0,1,0,0,0,0,1,0,0,0,0,0,0,0,0,1,0,0,0,0,161.838001,1.535742
648.979000,648.979000,647.881611,35.000000,8.000000,0.000000,0.000000,0.000000,0.000000,1.000000,0.000000,0.000000,0.000000,8.254100,64.452000,182.063534,0.000000,0.000000,4.390415,96.589131,100.979546,0.000000,0.000000,0.000000,64.310858,0.000000,212.000000,0.000000,0.000000,0.000000,0.000000,0.000000,0.000000,0.000000,0.000000,0.000000,0.000000,-1.130000,33.870000,7.933705,-0.692383,-0.475162,-0.570784,-0.661054,-0.818165,-0.494909,-0.289808,-0.133900,-0.796721,-0.265569,-0.549533,-0.711573,-0.250768,-0.130676,-0.270725,-0.198819,-0.631712,-0.453410,-0.277938,-0.417046,0.190045,-0.033633,-0.011123,0.315921,0.232450,0.230866,0.405747,0.172988,0.558647,0.148883,0.478132,0.580907,0.372673,0.275904,0.348171,0.281649,0.161534,0.360296,0.259536,0.362125,0.593996,0.731124,0.406004,0.112616,0.644437,0.245886,0.000110,1.067449,0.000000,0.496208,13.405436,12.268665,0.397079,0.305605,0.000000,-8.140240,0.000724,13135.202505,1.274323,1.461694,6.383500,0.573966,3518.726486,433.729525,7.651085,9184.086135,3346.283182,5325.571437,23.282228,32.031486,38.077586,316905614934128.000000,8.693329,0.699789,1.927967,0.001183,0.000198,0.505855,32.555322,288.783203,0,0,0,0,0,0,0,0,1,0,0,0,0,0,0,0,0,0,0,0,0,0,0,0,0,0,0,0,0,0,0,0,1,0,0,0,0,0,0,0,0,0,0,0,0,1,0,0,0,0,1,0,0,0,0,0,0,0,0,1,0,0,0,0,162.879332,1.818408
584.110000,581.086000,583.986749,35.000000,8.000000,0.000000,0.000000,0.000000,0.000000,1.000000,0.000000,0.000000,0.000000,7.921600,61.199000,174.560929,0.000000,0.000000,4.390415,96.589131,100.979546,0.000000,0.000000,0.000000,65.401590,0.000000,212.000000,0.000000,0.000000,0.000000,0.000000,0.000000,0.000000,0.000000,0.000000,0.000000,0.000000,-1.610000,33.390000,7.697625,-0.556247,-0.592262,-0.607944,-0.507784,-0.559597,-0.543988,-0.391122,-0.642556,-0.709734,-0.358969,-0.828556,-0.332932,-0.567573,-0.349993,-0.396633,-0.631735,-0.224875,-0.405320,-0.294661,-0.389334,0.075786,0.080239,0.542456,0.195345,0.347810,0.119507,0.335291,0.518206,0.296305,0.221163,0.346045,0.429083,0.411741,0.840375,0.136465,0.652965,0.356087,0.361713,0.872143,0.249920,0.568314,0.602218,0.431686,0.161786,0.560423,0.276827,0.000107,0.987663,0.000000,0.588822,12.075125,12.406785,0.380914,0.380610,0.069022,4.665556,0.000778,12262.794368,1.361027,0.939762,6.477223,0.609124,2598.256844,433.059336,7.314818,10258.297007,2788.586224,5165.434705,18.391332,27.783564,30.171586,398869819444356.000000,8.673135,0.609033,1.928319,0.000849,0.000195,0.586289,28.574390,316.614847,0,0,0,0,0,0,0,0,1,0,0,0,0,0,0,0,0,0,0,0,0,0,0,0,0,0,0,0,0,0,0,0,1,0,0,0,0,0,0,0,0,0,0,0,0,1,0,0,0,0,1,0,0,0,0,0,0,0,0,1,0,0,0,0,114.611152,1.500000
580.147000,574.099000,580.011821,35.000000,9.000000,0.000000,0.000000,0.000000,0.000000,1.000000,0.000000,0.000000,0.000000,8.014500,65.765000,176.760335,0.000000,0.000000,4.390415,92.198716,96.589131,0.000000,0.000000,0.000000,65.147821,0.000000,212.000000,0.000000,0.000000,0.000000,0.000000,0.000000,0.000000,0.000000,0.000000,0.000000,0.000000,-1.540000,33.460000,7.731884,-0.798031,-0.795031,-0.724178,-0.520830,-0.795124,-0.509053,-0.515316,-0.754386,-0.738547,-0.430775,-0.415626,-0.668374,-0.373280,-0.239623,-0.653329,-0.481788,-0.518675,-0.418442,-0.557810,-0.849880,0.245876,0.259214,0.087161,0.200936,0.272001,0.120526,0.217073,0.426283,0.564987,0.321205,0.434203,0.175047,0.259053,0.193389,0.665621,0.206323,0.327782,0.228794,0.403853,0.314409,0.456606,0.643743,0.543394,0.137900,0.714780,0.346476,0.000102,1.005007,0.000000,0.653760,13.153314,13.095753,0.491962,0.327753,0.000000,9.517618,0.000496,13336.193560,1.334960,1.210656,5.484365,0.478858,3447.319392,442.409911,7.762290,7924.437838,2375.580111,6271.724194,25.684394,19.501225,27.355735,381195177569972.250000,8.199969,0.633418,2.062176,0.000906,0.000201,0.458501,27.566262,344.637573,0,0,0,0,0,0,0,0,1,0,0,0,0,0,0,0,0,0,0,0,0,0,0,0,0,0,0,0,0,0,0,0,1,0,0,0,0,0,0,0,0,0,0,0,0,1,0,0,0,0,1,0,0,0,0,0,0,0,0,1,0,0,0,0,166.432735,1.500000
584.091000,582.075000,583.970350,35.000000,9.000000,0.000000,0.000000,0.000000,0.000000,1.000000,2.000000,2.000000,40.460000,5.874300,58.854600,173.618919,10.213055,0.000000,0.000000,96.589131,106.802186,0.000000,0.000000,0.000000,75.732996,0.000000,212.000000,0.000000,0.000000,0.000000,0.000000,0.000000,0.000000,0.000000,0.000000,0.000000,0.000000,-1.620000,33.380000,7.692735,-0.575841,-0.604575,-0.694575,-0.756380,-0.232779,-0.651668,-0.291537,-0.943841,-0.457326,-0.497384,-0.491005,-0.490033,-0.633646,-0.629382,-0.695911,-0.760171,-0.662944,-0.741844,-0.789406,-0.317892,0.103928,0.064900,0.222522,0.148190,0.246183,0.169745,0.355137,0.117936,0.316355,0.304925,0.673614,-0.230676,0.286887,0.125554,0.321541,0.525982,0.380003,0.482795,0.308689,0.528094,0.607300,0.654471,0.392700,0.122728,0.745764,0.255276,0.000106,1.186045,0.000000,0.526179,10.914191,13.480733,0.504060,0.268264,0.003752,-1.005349,0.000313,11651.778439,1.284281,0.863559,5.316661,0.516986,2853.488841,601.337384,5.492382,7366.073256,2596.249467,5101.403901,21.148561,39.181404,32.049222,331498713646264.250000,7.179224,0.761862,2.100962,0.001166,0.000191,0.524323,41.848169,265.422689,0,0,0,0,0,0,0,0,1,0,0,0,0,0,0,0,0,0,0,0,0,0,0,0,0,0,0,0,0,0,0,0,1,0,0,0,0,0,0,0,0,0,0,0,0,1,0,0,0,0,1,0,0,0,0,0,0,0,0,1,0,0,0,0,196.554756,1.507503
582.100000,579.076000,581.974687,35.000000,9.000000,0.000000,0.000000,0.000000,0.000000,1.000000,3.000000,3.000000,60.690000,4.897100,59.965400,174.247617,15.319582,0.000000,0.000000,92.198716,107.518298,0.000000,0.000000,0.000000,80.771815,0.000000,212.000000,0.000000,0.000000,0.000000,0.000000,0.000000,0.000000,0.000000,0.000000,0.000000,0.000000,-1.590000,33.410000,7.707407,-0.364984,-0.756502,-0.528894,-0.970069,-0.643717,-0.538736,-0.789651,-0.835999,-0.315933,-0.539745,-0.550035,-0.364039,-0.548060,-0.521318,-0.623539,-0.696660,0.184648,-0.419890,-0.826309,-0.546996,0.233904,-0.016389,-0.011803,0.460376,0.226695,-0.075471,0.064786,0.065920,-0.042507,0.276229,0.240121,0.586459,0.095654,0.322683,0.486873,0.428845,0.390798,0.451302,0.319575,0.265020,0.614883,0.650863,0.385117,0.157456,0.658863,0.210201,0.000114,0.967419,0.000000,0.600366,12.693823,14.788240,0.378807,0.270647,0.086202,5.093694,0.000495,10554.387607,1.328401,1.046420,6.653216,0.439695,2899.335799,487.765955,6.273256,7770.804376,2704.457885,5034.946792,19.740763,29.795360,32.689631,331493196733773.250000,9.128686,0.767539,2.102301,0.001162,0.000241,0.432255,26.492116,236.970191,0,0,0,0,0,0,0,0,1,0,0,0,0,0,0,0,0,0,0,0,0,0,0,0,0,0,0,0,0,0,0,0,1,0,0,0,0,0,0,0,0,0,0,0,0,1,0,0,0,0,1,0,0,0,0,0,0,0,0,1,0,0,0,0,148.857891,1.500000
580.147000,574.099000,580.011821,35.000000,8.000000,0.000000,0.000000,0.000000,0.000000,1.000000,0.000000,0.000000,0.000000,8.014500,65.765000,176.760335,0.000000,0.000000,8.780830,87.808301,96.589131,0.000000,0.000000,0.000000,65.147821,0.000000,212.000000,0.000000,0.000000,0.000000,0.000000,0.000000,0.000000,0.000000,0.000000,0.000000,0.000000,-1.540000,33.460000,7.731884,-0.520460,-0.454390,-0.563295,-0.610881,-0.246970,-0.738273,-0.638554,-0.827417,-0.562388,-0.712839,-0.871505,-0.172111,-0.487351,-0.321335,-0.611199,-0.505146,-0.764733,-0.543592,-0.367801,-0.448008,0.248737,0.004722,-0.026864,0.386210,0.141327,0.020873,0.392054,0.148743,0.198686,-0.007282,0.317796,0.288026,0.784807,-0.030130,0.293119,0.624469,0.298391,0.222472,0.065826,0.592261,0.475059,0.528496,0.524941,0.160324,0.665786,0.309030,0.000108,0.930499,0.000000,0.411326,10.548277,11.481623,0.418995,0.254007,0.000000,-4.019139,0.000447,12556.142257,1.123745,1.413377,6.011214,0.591585,3404.020854,445.953658,6.455230,9161.849485,2721.541399,5045.048640,21.227227,26.369688,30.160250,382517746950175.062500,7.626591,0.642630,2.154556,0.000809,0.000228,0.577219,41.825626,353.730939,0,0,0,0,0,0,0,0,1,0,0,0,0,0,0,0,0,0,0,0,0,0,0,0,0,0,0,0,0,0,0,0,1,0,0,0,0,0,0,0,0,0,0,0,0,1,0,0,0,0,1,0,0,0,0,0,0,0,0,1,0,0,0,0,130.357469,1.500000
709.885000,709.885000,707.801545,35.000000,8.000000,0.000000,0.000000,0.000000,0.000000,1.000000,0.000000,0.000000,0.000000,8.679500,72.271000,191.765546,0.000000,0.000000,0.000000,96.589131,96.589131,0.000000,0.000000,0.000000,62.966357,0.000000,212.000000,0.000000,0.000000,0.000000,0.000000,0.000000,0.000000,0.000000,0.000000,0.000000,0.000000,-0.580000,34.420000,8.207509,-0.549393,-0.315559,-0.557135,-0.583612,-0.700024,-0.488476,-0.498739,-0.621758,-0.385903,-0.501760,-0.678609,-0.433846,-0.542549,-0.618783,-0.793631,-0.525243,-0.821537,-0.706227,-0.894673,-0.276600,0.083349,0.364220,0.056179,0.244142,0.283047,0.299335,0.119421,-0.129757,0.044244,0.318332,0.477526,0.425668,0.237257,0.641038,0.237050,0.360745,0.498226,0.211156,0.253582,0.114659,0.620048,0.658308,0.379952,0.150014,0.769223,0.287756,0.000124,1.025087,0.000000,0.482859,11.123446,12.546419,0.488269,0.285125,0.000000,1.245280,0.000446,13972.393526,1.286989,0.566258,5.597638,0.547111,3370.754391,509.474081,6.002727,7448.253197,3199.473066,5082.682119,26.530843,14.841631,31.724985,360427820127676.000000,7.906179,0.814256,1.945208,0.001089,0.000175,0.695084,38.517656,338.426019,0,0,0,0,0,0,0,0,1,0,0,0,0,0,0,0,0,0,0,0,0,0,0,0,0,0,0,0,0,0,0,0,1,0,0,0,0,0,0,0,0,0,0,0,0,1,0,0,0,0,1,0,0,0,0,0,0,0,0,1,0,0,0,0,193.216175,1.500000
709.885000,709.885000,707.801545,35.000000,8.000000,0.000000,0.000000,0.000000,0.000000,1.000000,0.000000,0.000000,0.000000,8.679500,72.271000,191.765546,0.000000,0.000000,8.780830,87.808301,96.589131,0.000000,0.000000,0.000000,62.966357,0.000000,212.000000,0.000000,0.000000,0.000000,0.000000,0.000000,0.000000,0.000000,0.000000,0.000000,0.000000,-0.580000,34.420000,8.207509,-0.458501,-0.192391,-0.740773,-0.529754,-0.560399,-0.561138,-0.650819,-0.552661,-0.899930,-0.734832,-0.772670,-0.870410,-0.457201,-0.582273,-1.029199,-0.382534,-0.788717,-0.516080,-0.528199,-0.551079,0.443958,0.315807,0.255980,0.250461,0.323890,0.150299,0.462115,0.165282,0.001522,0.406000,0.298261,0.372654,0.281185,0.310313,0.401912,0.263170,0.217505,0.421831,0.564323,0.676166,0.700840,0.512410,0.299160,0.126248,0.634336,0.208449,0.000093,1.027669,0.000000,0.581127,11.353128,12.237018,0.515638,0.312085,0.000000,0.152397,0.000544,12581.231070,1.368929,1.215794,5.641976,0.546200,3178.160904,464.223969,7.763391,7550.243866,2555.993627,5422.894914,25.241152,29.130297,34.999458,317138438613781.500000,8.784426,0.818616,1.919335,0.001085,0.000208,0.597916,33.847001,277.467668,0,0,0,0,0,0,0,0,1,0,0,0,0,0,0,0,0,0,0,0,0,0,0,0,0,0,0,0,0,0,0,0,1,0,0,0,0,0,0,0,0,0,0,0,0,1,0,0,0,0,1,0,0,0,0,0,0,0,0,1,0,0,0,0,165.957431,1.772865
648.979000,648.979000,647.881611,35.000000,8.000000,0.000000,0.000000,0.000000,0.000000,1.000000,0.000000,0.000000,0.000000,8.254100,64.452000,182.063534,0.000000,0.000000,4.390415,96.589131,100.979546,0.000000,0.000000,0.000000,64.310858,0.000000,212.000000,0.000000,0.000000,0.000000,0.000000,0.000000,0.000000,0.000000,0.000000,0.000000,0.000000,-1.130000,33.870000,7.933705,-1.055167,-0.794387,-1.112519,-0.860801,-0.659856,-0.590267,-0.471171,-0.440563,-0.741537,-0.203087,-0.642032,-0.672216,-0.397824,-0.122831,-0.237930,-0.426071,-0.438855,-0.601821,-0.496173,-0.840403,0.503207,0.123719,0.446069,-0.064446,0.309296,0.286083,0.136059,0.027539,0.165052,0.121844,0.444167,0.353709,0.072324,0.400092,0.159774,0.619898,0.140935,0.449590,0.159665,0.418669,0.579253,0.647608,0.420747,0.122101,0.750035,0.342262,0.000115,1.085188,0.000000,0.467513,12.227186,11.609911,0.467462,0.271402,0.017023,-5.446977,0.000687,11241.536505,1.277408,0.951837,6.027012,0.487327,3565.610735,480.102051,6.696925,10188.257292,2983.768409,4021.263782,25.225825,29.304335,33.104976,320788224044956.437500,7.703648,0.742201,2.082713,0.000975,0.000171,0.445386,37.846035,336.454777,0,0,0,0,0,0,0,0,1,0,0,0,0,0,0,0,0,0,0,0,0,0,0,0,0,0,0,0,0,0,0,0,1,0,0,0,0,0,0,0,0,0,0,0,0,1,0,0,0,0,1,0,0,0,0,0,0,0,0,1,0,0,0,0,195.551680,1.605345
620.983000,620.983000,619.902576,35.000000,8.000000,0.000000,0.000000,0.000000,0.000000,1.000000,0.000000,0.000000,0.000000,8.367300,66.123000,184.636983,0.000000,0.000000,8.780830,87.808301,96.589131,0.000000,0.000000,0.000000,64.066184,0.000000,212.000000,0.000000,0.000000,0.000000,0.000000,0.000000,0.000000,0.000000,0.000000,0.000000,0.000000,-0.960000,34.040000,8.017962,-0.887699,-0.399296,-0.497127,-0.670017,-0.452927,-0.419661,-0.784835,-0.555029,-0.489534,-0.514677,-0.608524,-0.389617,-0.810382,-0.356094,-0.582104,-0.351901,-0.263831,-0.518239,-0.689623,-0.681318,0.166532,0.178128,0.006865,0.550715,0.012336,0.230846,0.060624,0.363724,0.042620,0.493886,0.062108,0.243740,0.450383,0.297889,0.618981,0.307572,0.355680,0.412678,0.725566,0.297457,0.490581,0.698268,0.509419,0.129521,0.596050,0.290585,0.000099,1.066528,0.000000,0.593771,14.030368,11.952740,0.467926,0.282838,0.008096,-4.059207,0.000036,11335.052676,1.200737,1.028972,4.744127,0.468797,3501.306147,441.693215,5.928183,10310.241489,3232.138140,5102.163448,25.603630,26.172478,33.809029,258343970631788.312500,8.244049,0.758886,1.863445,0.000629,0.000182,0.423030,32.003677,367.031858,0,0,0,0,0,0,0,0,1,0,0,0,0,0,0,0,0,0,0,0,0,0,0,0,0,0,0,0,0,0,0,0,1,0,0,0,0,0,0,0,0,0,0,0,0,1,0,0,0,0,1,0,0,0,0,0,0,0,0,1,0,0,0,0,138.566172,1.500000
709.885000,709.885000,707.801545,35.000000,8.000000,0.000000,0.000000,0.000000,0.000000,1.000000,0.000000,0.000000,0.000000,8.679500,72.271000,191.765546,0.000000,0.000000,8.780830,87.808301,96.589131,0.000000,0.000000,0.000000,62.966357,0.000000,212.000000,0.000000,0.000000,0.000000,0.000000,0.000000,0.000000,0.000000,0.000000,0.000000,0.000000,-0.580000,34.420000,8.207509,-0.527256,-0.794907,-0.683173,-0.817315,-0.907719,-0.539420,-0.909477,-0.481180,-0.803904,-0.645500,-0.382705,-0.163712,-0.600737,-0.458250,-0.608067,-0.512181,-0.442185,-0.815475,-0.671238,-0.464178,0.539735,0.206900,0.563512,0.092784,0.117086,0.295708,0.381984,0.110674,0.366257,0.277250,0.532626,0.758579,0.439626,0.267469,0.282915,0.682228,0.426430,0.425238,0.641893,0.022157,0.640026,0.570531,0.359974,0.168640,0.511849,0.287693,0.000125,0.975140,0.000000,0.673218,11.176828,11.869390,0.612842,0.262062,0.000000,-0.343246,0.000236,12991.554616,1.181466,0.954141,6.995651,0.572125,3008.518641,489.783617,7.676207,7821.710100,3176.858687,5688.960440,26.652827,35.562739,23.511493,315862840889573.937500,8.749559,0.817779,1.996327,0.000701,0.000209,0.468034,35.777298,356.216297,0,0,0,0,0,0,0,0,1,0,0,0,0,0,0,0,0,0,0,0,0,0,0,0,0,0,0,0,0,0,0,0,1,0,0,0,0,0,0,0,0,0,0,0,0,1,0,0,0,0,1,0,0,0,0,0,0,0,0,1,0,0,0,0,102.361360,1.500000
586.082000,585.074000,585.966014,35.000000,8.000000,0.000000,0.000000,0.000000,0.000000,1.000000,1.000000,1.000000,20.230000,6.851500,57.743800,172.990220,5.106527,0.000000,0.000000,100.979546,106.086073,0.000000,0.000000,0.000000,70.694178,0.000000,212.000000,0.000000,0.000000,0.000000,0.000000,0.000000,0.000000,0.000000,0.000000,0.000000,0.000000,-1.650000,33.350000,7.678074,-0.693772,-0.695980,-0.636868,-0.701878,-0.535950,-0.452557,-0.588807,-0.579524,-0.732893,-0.629696,-0.040940,-0.200469,-0.669542,-0.256131,-0.451436,-0.693340,-0.497154,-0.428290,-0.649756,-0.246964,-0.158052,0.106148,0.216076,0.379461,-0.130536,0.288439,0.170698,0.362747,-0.052837,0.489477,0.285534,0.471109,0.732092,0.424711,0.480510,0.171846,0.230929,0.407335,0.420448,0.498356,0.364038,0.556298,0.635962,0.163618,0.674076,0.314293,0.000129,1.042077,0.000000,0.453536,12.314328,13.824160,0.505556,0.254928,0.000000,-2.656035,0.000918,12055.069535,1.217639,0.833594,5.722091,0.574105,3183.079786,449.386557,7.807554,8823.981938,2012.133145,4851.323107,21.879502,37.348952,36.997189,317850759334621.000000,7.545815,0.820104,2.059336,0.000803,0.000149,0.558193,35.599806,308.799832,0,0,0,0,0,0,0,0,1,0,0,0,0,0,0,0,0,0,0,0,0,0,0,0,0,0,0,0,0,0,0,0,1,0,0,0,0,0,0,0,0,0,0,0,0,1,0,0,0,0,1,0,0,0,0,0,0,0,0,1,0,0,0,0,135.548951,1.500000
709.885000,709.885000,707.801545,35.000000,8.000000,0.000000,0.000000,0.000000,0.000000,1.000000,0.000000,0.000000,0.000000,8.679500,72.271000,191.765546,0.000000,0.000000,8.780830,87.808301,96.589131,0.000000,0.000000,0.000000,62.966357,0.000000,212.000000,0.000000,0.000000,0.000000,0.000000,0.000000,0.000000,0.000000,0.000000,0.000000,0.000000,-0.580000,34.420000,8.207509,-0.407489,-0.652713,-0.479347,-0.654520,-0.632459,-0.461378,-0.414484,-0.542708,-0.321709,-0.439110,-0.341411,-0.133044,-0.658966,-0.584847,-0.717193,-0.485395,-0.227144,-0.518839,-0.496831,-0.280647,0.236998,0.415603,-0.065977,0.323355,0.547145,0.634484,0.189968,0.378231,0.399155,0.300429,0.408422,0.650363,0.664086,0.408997,0.395239,0.616755,0.349256,0.205383,0.475339,-0.013599,0.564375,0.626887,0.435625,0.135125,0.675522,0.382681,0.000130,0.996585,0.000000,0.485954,13.385281,12.573451,0.412086,0.334977,0.043723,6.175026,0.000060,12193.989289,1.144358,1.549368,4.657968,0.499174,3238.848023,474.037642,4.478067,8479.208228,2557.836298,4750.262994,29.594617,29.525749,29.346523,353685879662683.187500,8.219890,0.813541,2.031529,0.001184,0.000180,0.542384,34.963094,358.866191,0,0,0,0,0,0,0,0,1,0,0,0,0,0,0,0,0,0,0,0,0,0,0,0,0,0,0,0,0,0,0,0,1,0,0,0,0,0,0,0,0,0,0,0,0,1,0,0,0,0,1,0,0,0,0,0,0,0,0,1,0,0,0,0,168.391042,1.522319
584.091000,582.075000,583.970350,35.000000,8.000000,0.000000,0.000000,0.000000,0.000000,1.000000,2.000000,2.000000,40.460000,5.874300,58.854600,173.618919,10.213055,0.000000,0.000000,96.589131,106.802186,0.000000,0.000000,0.000000,75.732996,0.000000,212.000000,0.000000,0.000000,0.000000,0.000000,0.000000,0.000000,0.000000,0.000000,0.000000,0.000000,-1.620000,33.380000,7.692735,-0.606865,-0.562455,-0.596575,-0.609847,-0.841624,-0.698412,-0.470113,-0.568606,-0.480464,-0.690327,-0.485945,-0.273313,-0.508056,-0.518787,-0.882522,-1.094795,-0.688871,-0.330405,-0.761526,-0.317863,-0.055813,0.443767,0.198652,0.420638,0.352151,0.472530,0.286482,0.105659,0.277677,0.152163,0.370088,0.600875,0.719301,0.590316,0.509102,0.240982,0.235637,0.293602,0.509644,0.264290,0.584890,0.694030,0.415110,0.131971,0.604720,0.247268,0.000104,1.029169,0.000000,0.523738,15.397503,13.716025,0.467022,0.421148,0.000000,-9.571396,0.000468,14055.788574,1.216118,0.808671,5.440919,0.525147,2972.341154,682.992127,5.948622,7362.146306,2895.975261,5928.151147,31.204680,30.109244,38.314210,398629891637299.687500,10.482996,0.934681,1.971877,0.001330,0.000147,0.403821,28.478049,253.125927,0,0,0,0,0,0,0,0,1,0,0,0,0,0,0,0,0,0,0,0,0,0,0,0,0,0,0,0,0,0,0,0,1,0,0,0,0,0,0,0,0,0,0,0,0,1,0,0,0,0,1,0,0,0,0,0,0,0,0,1,0,0,0,0,142.137454,1.764663
584.091000,582.075000,583.970350,35.000000,8.000000,0.000000,0.000000,0.000000,0.000000,1.000000,2.000000,2.000000,40.460000,5.874300,58.854600,173.618919,10.213055,0.000000,0.000000,96.589131,106.802186,0.000000,0.000000,0.000000,75.732996,0.000000,212.000000,0.000000,0.000000,0.000000,0.000000,0.000000,0.000000,0.000000,0.000000,0.000000,0.000000,-1.620000,33.380000,7.692735,-0.947600,-0.252163,-0.476569,-0.649777,-0.581474,-0.690169,-0.508818,-0.702013,-0.536371,-0.836433,-0.672167,-0.552635,-0.352487,-0.438982,-0.332443,-0.298754,-0.571364,-0.256373,-0.558553,-0.699676,0.213117,0.212802,0.053206,0.557432,0.010760,0.151233,0.198542,0.259596,-0.146546,-0.054291,0.667325,0.409816,0.322404,0.306822,0.528909,0.500931,0.117120,0.188282,0.702056,0.723013,0.567117,0.594576,0.432883,0.138790,0.693463,0.302705,0.000131,0.992084,0.000000,0.709762,14.826750,11.317735,0.364515,0.212290,0.031456,6.268684,0.000498,12776.480261,1.279315,0.954402,5.808955,0.571572,3085.551619,436.516123,6.592661,7516.639315,3137.540055,4640.722709,20.498800,27.083540,31.674160,315119533468936.875000,7.272569,0.762019,2.039597,0.000950,0.000220,0.646855,30.327108,300.002859,0,0,0,0,0,0,0,0,1,0,0,0,0,0,0,0,0,0,0,0,0,0,0,0,0,0,0,0,0,0,0,0,1,0,0,0,0,0,0,0,0,0,0,0,0,1,0,0,0,0,1,0,0,0,0,0,0,0,0,1,0,0,0,0,156.667754,1.506918
584.110000,581.086000,583.986749,35.000000,8.000000,0.000000,0.000000,0.000000,0.000000,1.000000,0.000000,0.000000,0.000000,7.921600,61.199000,174.560929,0.000000,0.000000,4.390415,96.589131,100.979546,0.000000,0.000000,0.000000,65.401590,0.000000,212.000000,0.000000,0.000000,0.000000,0.000000,0.000000,0.000000,0.000000,0.000000,0.000000,0.000000,-1.610000,33.390000,7.697625,-0.737272,-0.298076,-0.584483,-0.701412,-0.194741,-0.402356,-0.420023,-1.022705,-0.882021,-1.003292,-0.399838,-0.512998,-0.438763,-0.203037,-0.465172,-0.576996,-0.413641,-0.634256,-0.436781,-0.471486,0.005899,0.386283,0.210039,0.088383,0.126297,0.033185,0.446094,0.232804,-0.027313,0.444121,0.524104,0.314913,0.387196,0.320580,0.574160,0.562545,0.412057,0.342775,0.580315,0.579515,0.508637,0.690451,0.491363,0.153013,0.584166,0.289290,0.000109,0.955198,0.000000,0.547634,13.479332,11.540597,0.608372,0.257180,0.000000,6.213188,0.000158,10099.165893,1.317369,1.026454,5.938371,0.553536,3341.437061,514.667423,6.616695,6994.936561,3021.804901,5972.724710,23.571091,30.989121,33.096665,295653475188225.875000,8.388175,0.724527,2.087525,0.001234,0.000204,0.624558,27.101989,344.995582,0,0,0,0,0,0,0,0,1,0,0,0,0,0,0,0,0,0,0,0,0,0,0,0,0,0,0,0,0,0,0,0,1,0,0,0,0,0,0,0,0,0,0,0,0,1,0,0,0,0,1,0,0,0,0,0,0,0,0,1,0,0,0,0,120.037902,1.500000
620.983000,620.983000,619.902576,35.000000,8.000000,0.000000,0.000000,0.000000,0.000000,1.000000,0.000000,0.000000,0.000000,8.367300,66.123000,184.636983,0.000000,0.000000,0.000000,96.589131,96.589131,0.000000,0.000000,0.000000,64.066184,0.000000,212.000000,0.000000,0.000000,0.000000,0.000000,0.000000,0.000000,0.000000,0.000000,0.000000,0.000000,-0.960000,34.040000,8.017962,-0.548929,-0.514816,-0.521568,-0.540094,-0.736881,-0.697091,-0.694172,-0.136866,-0.555397,-0.434473,-0.688380,-0.407781,-0.427301,-0.456365,-0.252938,-0.555816,-0.503813,-0.352964,-0.582937,-0.393697,0.181347,0.211093,0.289057,0.046310,0.176849,0.332539,-0.325624,-0.001365,0.129742,0.257856,0.141722,0.826875,0.267207,0.387387,0.432071,0.391058,0.726330,0.357688,0.616100,0.170834,0.517714,0.597239,0.482286,0.144645,0.580594,0.262199,0.000116,1.023390,0.000000,0.463861,12.203743,12.012824,0.261957,0.326649,0.000000,5.446178,0.000207,10348.204969,1.245557,0.975174,5.486658,0.557418,3140.963643,503.673267,4.687536,8998.543381,3192.277221,5032.347825,27.309902,35.192593,34.397701,368356864116674.125000,7.160010,0.767007,2.013167,0.000944,0.000163,0.653761,39.287868,332.713712,0,0,0,0,0,0,0,0,1,0,0,0,0,0,0,0,0,0,0,0,0,0,0,0,0,0,0,0,0,0,0,0,1,0,0,0,0,0,0,0,0,0,0,0,0,1,0,0,0,0,1,0,0,0,0,0,0,0,0,1,0,0,0,0,128.884200,1.500000
584.110000,581.086000,583.986749,35.000000,8.000000,0.000000,0.000000,0.000000,0.000000,1.000000,0.000000,0.000000,0.000000,7.921600,61.199000,174.560929,0.000000,0.000000,4.390415,96.589131,100.979546,0.000000,0.000000,0.000000,65.401590,0.000000,212.000000,0.000000,0.000000,0.000000,0.000000,0.000000,0.000000,0.000000,0.000000,0.000000,0.000000,-1.610000,33.390000,7.697625,-1.085800,-0.676621,-0.640711,-0.537178,-0.806700,-0.810063,-0.578515,-0.876842,-0.865354,-0.505212,-0.348649,-0.825623,-0.517280,-0.345349,-0.302489,-0.301976,-0.334695,-0.816245,-0.437810,-0.630051,0.224219,0.114271,0.160780,0.217709,0.016025,0.385623,0.082316,-0.103685,0.333282,0.044697,0.466702,0.399071,0.372603,0.266078,0.280372,0.530280,0.692032,0.214513,0.702163,0.359830,0.595372,0.537018,0.404628,0.119011,0.674532,0.293655,0.000103,1.181756,0.000000,0.623233,12.438563,11.681995,0.532106,0.284716,0.000000,0.456354,0.000210,12219.736361,1.351729,1.499595,5.909188,0.497757,3990.652235,475.670966,6.453656,6450.660077,2546.263969,6391.911301,26.516386,29.525591,21.276770,340552787987287.937500,8.806726,0.725611,1.960257,0.001103,0.000184,0.625548,34.351975,278.955934,0,0,0,0,0,0,0,0,1,0,0,0,0,0,0,0,0,0,0,0,0,0,0,0,0,0,0,0,0,0,0,0,1,0,0,0,0,0,0,0,0,0,0,0,0,1,0,0,0,0,1,0,0,0,0,0,0,0,0,1,0,0,0,0,176.521256,1.702500
620.983000,620.983000,619.902576,35.000000,8.000000,0.000000,0.000000,0.000000,0.000000,1.000000,0.000000,0.000000,0.000000,8.367300,66.123000,184.636983,0.000000,0.000000,0.000000,96.589131,96.589131,0.000000,0.000000,0.000000,64.066184,0.000000,212.000000,0.000000,0.000000,0.000000,0.000000,0.000000,0.000000,0.000000,0.000000,0.000000,0.000000,-0.960000,34.040000,8.017962,-0.687567,-0.611529,-0.560468,-0.727061,-0.512124,-0.575017,-0.510702,-0.704833,-0.689195,-0.523822,-0.332573,-0.774352,-0.814520,-0.334201,-0.381831,-0.558753,-0.579101,-0.742712,-0.230869,-0.410413,0.192131,0.219383,0.168280,0.085275,0.293766,0.158470,0.475647,0.364869,0.071209,0.214035,0.109153,0.454210,0.303446,0.334721,0.445752,0.112123,0.547894,0.486435,0.473531,0.258179,0.591322,0.544850,0.408678,0.103292,0.670897,0.245176,0.000118,1.059415,0.000000,0.593534,13.473309,13.619275,0.585064,0.288165,0.005059,-3.515540,0.000444,11629.126911,1.273520,1.220545,4.820716,0.447619,3525.274222,581.608708,7.725819,10118.174868,3186.129165,4819.635959,21.546293,23.183584,30.465241,337701616235238.500000,6.936576,0.744056,1.896069,0.001108,0.000213,0.561419,43.535415,390.278632,0,0,0,0,0,0,0,0,1,0,0,0,0,0,0,0,0,0,0,0,0,0,0,0,0,0,0,0,0,0,0,0,1,0,0,0,0,0,0,0,0,0,0,0,0,1,0,0,0,0,1,0,0,0,0,0,0,0,0,1,0,0,0,0,185.281876,1.821557
620.983000,620.983000,619.902576,35.000000,9.000000,0.000000,0.000000,0.000000,0.000000,1.000000,0.000000,0.000000,0.000000,8.367300,66.123000,184.636983,0.000000,0.000000,4.390415,92.198716,96.589131,0.000000,0.000000,0.000000,64.066184,0.000000,212.000000,0.000000,0.000000,0.000000,0.000000,0.000000,0.000000,0.000000,0.000000,0.000000,0.000000,-0.960000,34.040000,8.017962,-0.754211,-0.542628,-0.441441,-0.910752,-0.272206,-0.652772,-0.604792,-0.582182,-0.669537,-0.989820,-0.568903,-0.214448,-0.397288,-0.547086,-0.680856,-0.359880,-0.427206,-0.513948,-0.575470,-0.244290,0.403827,0.080857,0.500788,0.561406,0.314202,-0.011275,0.012709,0.343442,-0.420269,0.248743,0.594007,0.281688,0.184466,0.466374,0.100931,0.170691,0.616205,0.703773,0.262184,0.717056,0.606093,0.595641,0.393907,0.155109,0.540656,0.276486,0.000113,1.031867,0.000000,0.634747,12.603983,11.802138,0.633542,0.299258,0.025077,2.726237,0.000576,14054.673535,1.366570,0.823072,5.467654,0.585943,4117.110845,358.655678,7.542535,8402.166505,2789.549174,5268.560509,23.577695,34.316881,35.733268,315808231900664.437500,6.278687,0.766124,2.060461,0.000877,0.000180,0.512218,28.328882,269.335211,0,0,0,0,0,0,0,0,1,0,0,0,0,0,0,0,0,0,0,0,0,0,0,0,0,0,0,0,0,0,0,0,1,0,0,0,0,0,0,0,0,0,0,0,0,1,0,0,0,0,1,0,0,0,0,0,0,0,0,1,0,0,0,0,122.206926,1.500000
580.147000,574.099000,580.011821,35.000000,8.000000,0.000000,0.000000,0.000000,0.000000,1.000000,0.000000,0.000000,0.000000,8.014500,65.765000,176.760335,0.000000,0.000000,8.780830,87.808301,96.589131,0.000000,0.000000,0.000000,65.147821,0.000000,212.000000,0.000000,0.000000,0.000000,0.000000,0.000000,0.000000,0.000000,0.000000,0.000000,0.000000,-1.540000,33.460000,7.731884,-0.699515,-0.473042,-0.436829,-0.892765,-0.513563,-0.766892,-0.759635,-0.731436,-0.783744,-0.483338,-0.524041,-0.541847,-0.673463,-0.464099,-0.500224,-0.402155,-0.718212,-0.483854,-0.815005,-0.538929,0.410933,0.063710,0.163266,0.013723,0.125455,0.291613,0.366842,-0.098022,0.472559,0.321343,0.488845,0.353577,0.267224,0.351039,0.580477,0.416863,0.152588,0.543257,0.701600,0.539341,0.562729,0.565284,0.437271,0.110548,0.666324,0.282269,0.000095,1.112144,0.000000,0.519695,13.551964,14.577159,0.631794,0.273941,0.000000,8.497118,0.000369,12488.900721,1.632946,1.200599,5.325207,0.597611,2902.396182,535.978628,7.891097,7457.593011,3162.679938,5510.106746,20.157752,40.342924,32.470540,349917912372591.312500,8.504679,0.919246,1.907476,0.000915,0.000236,0.577103,29.607269,236.962731,0,0,0,0,0,0,0,0,1,0,0,0,0,0,0,0,0,0,0,0,0,0,0,0,0,0,0,0,0,0,0,0,1,0,0,0,0,0,0,0,0,0,0,0,0,1,0,0,0,0,1,0,0,0,0,0,0,0,0,1,0,0,0,0,179.916007,1.722793
580.147000,574.099000,580.011821,35.000000,8.000000,0.000000,0.000000,0.000000,0.000000,1.000000,0.000000,0.000000,0.000000,8.014500,65.765000,176.760335,0.000000,0.000000,8.780830,87.808301,96.589131,0.000000,0.000000,0.000000,65.147821,0.000000,212.000000,0.000000,0.000000,0.000000,0.000000,0.000000,0.000000,0.000000,0.000000,0.000000,0.000000,-1.540000,33.460000,7.731884,-0.494518,-0.403892,-0.951009,-0.656473,-0.759690,-0.491879,-0.553870,-0.450001,-0.436921,-0.554025,-0.820296,-0.426472,-0.354592,-0.422950,-0.817142,-0.207242,-0.790761,-0.307291,-0.450044,-0.662540,0.543505,0.262500,-0.062595,-0.049884,0.231779,0.264537,0.267678,-0.467523,-0.088951,0.183747,0.335477,0.587530,0.110461,0.319218,0.417679,0.687722,0.524156,0.313360,0.258866,0.659872,0.630648,0.698183,0.369352,0.134062,0.719378,0.250748,0.000120,1.061277,0.000000,0.594871,12.954235,11.626103,0.585800,0.378778,0.000000,-2.716379,0.000695,13275.081376,1.133191,1.126049,4.937765,0.569756,3403.775950,500.820436,5.357684,8704.234518,3093.527203,5133.284700,28.336125,39.271300,32.288925,320879001625245.750000,7.732216,0.850376,1.861562,0.001234,0.000181,0.522477,31.212463,313.126106,0,0,0,0,0,0,0,0,1,0,0,0,0,0,0,0,0,0,0,0,0,0,0,0,0,0,0,0,0,0,0,0,1,0,0,0,0,0,0,0,0,0,0,0,0,1,0,0,0,0,1,0,0,0,0,0,0,0,0,1,0,0,0,0,180.713902,1.590244
580.147000,574.099000,580.011821,35.000000,8.000000,0.000000,0.000000,0.000000,0.000000,1.000000,0.000000,0.000000,0.000000,8.014500,65.765000,176.760335,0.000000,0.000000,8.780830,87.808301,96.589131,0.000000,0.000000,0.000000,65.147821,0.000000,212.000000,0.000000,0.000000,0.000000,0.000000,0.000000,0.000000,0.000000,0.000000,0.000000,0.000000,-1.540000,33.460000,7.731884,-0.651576,-0.788753,-0.382388,-0.488215,-0.592448,-0.558031,-0.368376,-0.651483,-0.531031,-0.701877,-0.924081,-0.565075,-0.569303,-0.502420,-0.411499,-0.453762,-0.078658,-0.604824,-0.635621,-0.360148,0.112538,0.207859,0.504011,0.159192,0.047003,0.323726,0.396032,0.281618,0.352201,0.067834,0.118458,0.257228,0.592600,0.525458,0.646919,0.409331,0.333141,0.607728,0.417450,0.243823,0.731689,0.620696,0.268311,0.104136,0.576533,0.317930,0.000110,0.989075,0.000000,0.694667,14.362835,11.270729,0.593359,0.304259,0.000000,9.964551,0.000530,12476.569716,1.265936,0.958283,6.276140,0.482070,2861.921578,461.118363,6.026261,7380.064348,2228.832662,5464.359616,26.097743,26.065373,25.856236,457226325986729.125000,5.677614,0.655065,2.049853,0.001066,0.000191,0.523088,36.443993,343.906898,0,0,0,0,0,0,0,0,1,0,0,0,0,0,0,0,0,0,0,0,0,0,0,0,0,0,0,0,0,0,0,0,1,0,0,0,0,0,0,0,0,0,0,0,0,1,0,0,0,0,1,0,0,0,0,0,0,0,0,1,0,0,0,0,162.705512,2.161312
709.885000,709.885000,707.801545,35.000000,9.000000,0.000000,0.000000,0.000000,0.000000,1.000000,0.000000,0.000000,0.000000,8.679500,72.271000,191.765546,0.000000,0.000000,4.390415,92.198716,96.589131,0.000000,0.000000,0.000000,62.966357,0.000000,212.000000,0.000000,0.000000,0.000000,0.000000,0.000000,0.000000,0.000000,0.000000,0.000000,0.000000,-0.580000,34.420000,8.207509,-0.722672,-0.386456,-0.683417,-0.554293,-0.533151,-0.602010,-0.646825,-0.881739,-0.546465,-0.696748,-0.458263,-0.509294,-0.632788,-0.474494,-0.481981,-0.178418,-0.665817,-0.472214,-0.534204,-0.787253,0.060571,0.146354,0.101190,0.240687,0.045518,0.423338,0.691408,0.268311,0.479335,0.163306,0.652564,0.547524,0.247917,0.755407,0.411779,0.132401,0.564326,0.677189,0.272492,0.223472,0.591610,0.614778,0.408390,0.132977,0.595768,0.295609,0.000098,0.955653,0.000000,0.452056,10.004760,11.228045,0.328990,0.184523,0.072764,-4.521544,0.000503,10981.153869,1.220657,0.859439,5.425403,0.536473,2639.470746,534.232116,7.325702,7240.183496,2677.371111,4829.212071,28.061945,28.907381,24.391577,338385721814054.312500,7.721637,0.533474,1.948381,0.000819,0.000176,0.429868,27.069712,303.470897,0,0,0,0,0,0,0,0,1,0,0,0,0,0,0,0,0,0,0,0,0,0,0,0,0,0,0,0,0,0,0,0,1,0,0,0,0,0,0,0,0,0,0,0,0,1,0,0,0,0,1,0,0,0,0,0,0,0,0,1,0,0,0,0,142.040327,1.500000
709.885000,709.885000,707.801545,35.000000,8.000000,0.000000,0.000000,0.000000,0.000000,1.000000,0.000000,0.000000,0.000000,8.679500,72.271000,191.765546,0.000000,0.000000,0.000000,96.589131,96.589131,0.000000,0.000000,0.000000,62.966357,0.000000,212.000000,0.000000,0.000000,0.000000,0.000000,0.000000,0.000000,0.000000,0.000000,0.000000,0.000000,-0.580000,34.420000,8.207509,-0.458214,-0.951772,-0.429641,-0.530708,-0.999548,-0.544699,-0.525050,-0.332516,-0.544565,-0.398695,-0.637559,-0.391898,-0.719426,-0.484135,-0.104299,-0.827162,-0.678397,-0.507991,-0.741443,-0.428922,0.272209,0.340610,0.070038,0.199697,0.197117,0.226864,-0.164441,0.048904,0.369696,-0.008807,0.097242,0.261801,0.169915,0.218736,0.302934,0.488175,0.356160,0.545535,0.377943,0.473123,0.489417,0.611661,0.510583,0.153337,0.610037,0.261447,0.000114,0.952401,0.000000,0.343448,12.919437,11.984823,0.397724,0.363543,0.000000,0.254805,0.000504,11795.235961,1.283389,1.084010,5.908220,0.532959,3338.910788,471.322910,7.175356,9166.956881,2517.106402,4937.842196,22.000209,33.612830,34.902350,375188862281813.875000,9.316934,0.772926,2.141580,0.000876,0.000149,0.588110,30.909436,347.702972,0,0,0,0,0,0,0,0,1,0,0,0,0,0,0,0,0,0,0,0,0,0,0,0,0,0,0,0,0,0,0,0,1,0,0,0,0,0,0,0,0,0,0,0,0,1,0,0,0,0,1,0,0,0,0,0,0,0,0,1,0,0,0,0,133.497467,1.500000
604.528000,604.528000,603.932127,35.000000,8.000000,0.000000,0.000000,0.000000,0.000000,1.000000,0.000000,0.000000,0.000000,8.098000,61.378000,178.499253,0.000000,0.000000,4.390415,96.589131,100.979546,0.000000,0.000000,0.000000,64.860772,0.000000,212.000000,0.000000,0.000000,0.000000,0.000000,0.000000,0.000000,0.000000,0.000000,0.000000,0.000000,-1.320000,33.680000,7.839933,-0.604989,-0.489798,-0.251155,-0.429069,-0.772908,-0.858602,-0.837130,-0.396004,-0.291452,-0.438182,-0.330734,-0.472832,-0.928701,-0.595555,-0.868972,-0.722802,-0.394400,-0.744924,-0.286155,-0.182973,0.281436,0.190041,0.152711,0.049877,0.163442,0.103182,0.105863,0.116591,0.274128,0.342289,0.051231,0.321195,0.281521,0.334439,0.145003,0.359822,0.491539,0.572667,0.648869,0.374888,0.611311,0.542886,0.388689,0.136114,0.652791,0.281809,0.000126,1.029385,0.000000,0.696471,11.786218,10.889398,0.453733,0.283027,0.000000,-1.328618,0.000293,12143.936053,1.146714,1.066982,4.727622,0.536049,2973.179015,514.376977,6.843583,9662.371037,2306.989805,5227.209307,23.238718,29.436162,32.332919,372311816261509.375000,7.954581,0.914286,2.099532,0.000986,0.000234,0.522531,32.901430,282.277391,0,0,0,0,0,0,0,0,1,0,0,0,0,0,0,0,0,0,0,0,0,0,0,0,0,0,0,0,0,0,0,0,1,0,0,0,0,0,0,0,0,0,0,0,0,1,0,0,0,0,1,0,0,0,0,0,0,0,0,1,0,0,0,0,157.597755,1.500000
580.147000,574.099000,580.011821,35.000000,8.000000,0.000000,0.000000,0.000000,0.000000,1.000000,0.000000,0.000000,0.000000,8.014500,65.765000,176.760335,0.000000,0.000000,8.780830,87.808301,96.589131,0.000000,0.000000,0.000000,65.147821,0.000000,212.000000,0.000000,0.000000,0.000000,0.000000,0.000000,0.000000,0.000000,0.000000,0.000000,0.000000,-1.540000,33.460000,7.731884,-0.628909,-0.626792,-0.460911,-0.769414,-0.477144,-0.246696,-0.701201,-0.522322,-0.873225,-0.485291,-0.617662,-0.365012,-0.690927,-0.604532,-0.517255,-0.474649,-0.381938,-0.668561,-0.526096,-0.425637,0.154311,0.571839,-0.062846,0.385542,0.145311,0.455021,0.191980,0.256741,0.063191,0.362674,0.194709,0.411774,0.016700,0.513201,0.362376,0.417387,0.030496,0.404426,0.528883,0.248087,0.676633,0.713616,0.323367,0.109111,0.647745,0.207496,0.000103,1.005036,0.000000,0.506222,11.385024,10.857730,0.539730,0.354661,0.000000,-5.678578,0.000596,12338.493580,1.198439,1.191634,6.228143,0.489167,2713.680305,465.507280,6.536170,9155.554568,2741.397540,4844.657087,22.163617,29.549057,25.515464,309384470604279.250000,7.842996,0.800968,2.026561,0.001009,0.000205,0.574457,32.315802,361.660406,0,0,0,0,0,0,0,0,1,0,0,0,0,0,0,0,0,0,0,0,0,0,0,0,0,0,0,0,0,0,0,0,1,0,0,0,0,0,0,0,0,0,0,0,0,1,0,0,0,0,1,0,0,0,0,0,0,0,0,1,0,0,0,0,185.498126,1.848295
620.983000,620.983000,619.902576,35.000000,8.000000,0.000000,0.000000,0.000000,0.000000,1.000000,0.000000,0.000000,0.000000,8.367300,66.123000,184.636983,0.000000,0.000000,8.780830,87.808301,96.589131,0.000000,0.000000,0.000000,64.066184,0.000000,212.000000,0.000000,0.000000,0.000000,0.000000,0.000000,0.000000,0.000000,0.000000,0.000000,0.000000,-0.960000,34.040000,8.017962,-0.563575,-0.621551,-0.700576,-0.446375,-0.563581,-0.743807,-0.658903,-0.474239,-0.432516,-0.481827,-0.568742,-0.442118,-0.578106,-0.472396,-0.621146,-0.323008,-0.575796,-0.286132,-0.456188,-0.361480,0.201691,0.369267,0.040240,0.363510,0.199827,0.288657,0.173717,0.072469,-0.043247,0.451990,0.767914,0.423472,0.551070,0.599290,0.756600,0.642826,0.175978,0.418324,0.287456,0.402100,0.687156,0.728782,0.312844,0.147942,0.559459,0.335650,0.000113,0.987294,0.000000,0.580237,13.809914,12.932081,0.569296,0.319320,0.000000,5.097816,0.000666,10715.454139,1.249788,1.050798,5.987421,0.481413,3421.417821,614.666223,5.420234,6422.839103,2499.390634,4979.908671,26.421261,34.112072,26.698608,343695069039355.875000,9.738958,0.736674,2.048642,0.001054,0.000142,0.620292,28.728525,300.885316,0,0,0,0,0,0,0,0,1,0,0,0,0,0,0,0,0,0,0,0,0,0,0,0,0,0,0,0,0,0,0,0,1,0,0,0,0,0,0,0,0,0,0,0,0,1,0,0,0,0,1,0,0,0,0,0,0,0,0,1,0,0,0,0,136.570497,1.684116
586.082000,585.074000,585.966014,35.000000,8.000000,0.000000,0.000000,0.000000,0.000000,1.000000,1.000000,1.000000,20.230000,6.851500,57.743800,172.990220,5.106527,0.000000,0.000000,100.979546,106.086073,0.000000,0.000000,0.000000,70.694178,0.000000,212.000000,0.000000,0.000000,0.000000,0.000000,0.000000,0.000000,0.000000,0.000000,0.000000,0.000000,-1.650000,33.350000,7.678074,-0.683996,-0.659770,-0.567667,-1.111769,-0.787839,-0.655305,-0.415656,-0.383604,-0.419871,-1.027499,0.135006,-0.635872,-0.433110,-0.572029,-0.170978,-0.434200,-0.612471,-0.342703,-0.615990,-0.482904,-0.038907,-0.098155,0.190891,0.458888,0.173940,0.097157,0.172822,0.577831,0.418382,0.218466,-0.067731,0.522368,0.551035,0.530718,0.243925,0.298548,0.341785,0.314324,0.401735,0.266162,0.535437,0.548516,0.464563,0.145164,0.722415,0.261137,0.000117,1.021945,0.000000,0.546822,10.423695,11.730309,0.423717,0.358146,0.000000,-0.268222,0.000618,12355.726909,1.254057,1.030348,5.769652,0.594749,2431.046824,452.130566,6.389948,11666.003739,2881.970370,5531.922401,25.126687,31.178795,31.216998,399545112626990.750000,7.757643,0.738370,1.864384,0.001287,0.000131,0.580379,36.063055,326.544840,0,0,0,0,0,0,0,0,1,0,0,0,0,0,0,0,0,0,0,0,0,0,0,0,0,0,0,0,0,0,0,0,1,0,0,0,0,0,0,0,0,0,0,0,0,1,0,0,0,0,1,0,0,0,0,0,0,0,0,1,0,0,0,0,177.644079,1.500000
770.791000,770.791000,767.721479,35.000000,8.000000,0.000000,0.000000,0.000000,0.000000,1.000000,0.000000,0.000000,0.000000,9.104900,80.090000,201.467558,0.000000,0.000000,0.000000,92.198716,92.198716,0.000000,0.000000,0.000000,61.621856,0.000000,212.000000,0.000000,0.000000,0.000000,0.000000,0.000000,0.000000,0.000000,0.000000,0.000000,0.000000,-0.030000,34.970000,8.484778,-0.039036,-0.771221,-0.717161,-0.107790,-0.824769,-0.669500,-0.275213,-0.700603,-0.295071,-0.461237,-0.411862,-0.250422,-0.623523,-0.593175,-0.492944,-0.613544,-0.190392,-0.437386,-0.830905,-0.594945,0.326324,0.030124,0.150522,0.144421,0.422297,0.526898,0.046499,0.032402,0.465159,-0.046337,0.654058,0.299024,0.576544,0.627269,0.381479,0.277152,0.283403,-0.057178,0.306579,0.394260,0.605386,0.545365,0.394614,0.129121,0.658802,0.288220,0.000097,1.065745,0.000000,0.422743,13.017010,12.440436,0.606889,0.306359,0.015789,6.743935,0.000653,10394.203815,1.218334,1.050681,5.445677,0.532499,3236.391253,554.071175,7.464958,9726.093469,3101.361223,6186.526341,27.108159,35.022828,33.216089,293764401950760.187500,8.015840,0.521712,1.898509,0.001148,0.000228,0.581331,32.939175,287.283276,0,0,0,0,0,0,0,0,1,0,0,0,0,0,0,0,0,0,0,0,0,0,0,0,0,0,0,0,0,0,0,0,1,0,0,0,0,0,0,0,0,0,0,0,0,1,0,0,0,0,1,0,0,0,0,0,0,0,0,1,0,0,0,0,166.358288,1.639075
580.147000,574.099000,580.011821,35.000000,8.000000,0.000000,0.000000,0.000000,0.000000,1.000000,0.000000,0.000000,0.000000,8.014500,65.765000,176.760335,0.000000,0.000000,8.780830,87.808301,96.589131,0.000000,0.000000,0.000000,65.147821,0.000000,212.000000,0.000000,0.000000,0.000000,0.000000,0.000000,0.000000,0.000000,0.000000,0.000000,0.000000,-1.540000,33.460000,7.731884,-0.636658,-0.647314,-0.700298,-0.170402,-0.720017,-0.809024,-0.957861,-0.651829,-0.442833,-0.434734,-0.748540,-0.637745,-0.629193,-0.906586,-0.661867,-0.543726,-0.290806,-0.757644,-0.767305,-0.709357,0.170164,0.360396,0.211597,0.357347,0.287160,0.062419,-0.082760,0.567928,0.302963,0.554304,0.356527,0.660263,0.447185,0.596553,0.525318,0.377994,0.143487,0.468624,0.131382,0.574530,0.590520,0.620663,0.409480,0.120603,0.687104,0.324147,0.000095,0.962884,0.000000,0.570436,12.292253,12.008476,0.644323,0.336564,0.000000,-4.842464,0.000420,12925.292769,1.309726,0.977916,6.062719,0.597601,3125.534395,426.248426,6.077748,10007.751208,2307.609531,4770.373850,24.438069,33.979942,33.640131,353284761802727.875000,9.007270,0.616370,2.023063,0.001214,0.000214,0.452156,23.371402,251.906577,0,0,0,0,0,0,0,0,1,0,0,0,0,0,0,0,0,0,0,0,0,0,0,0,0,0,0,0,0,0,0,0,1,0,0,0,0,0,0,0,0,0,0,0,0,1,0,0,0,0,1,0,0,0,0,0,0,0,0,1,0,0,0,0,168.550269,1.643430
586.082000,585.074000,585.966014,35.000000,8.000000,0.000000,0.000000,0.000000,0.000000,1.000000,1.000000,1.000000,20.230000,6.851500,57.743800,172.990220,5.106527,0.000000,0.000000,100.979546,106.086073,0.000000,0.000000,0.000000,70.694178,0.000000,212.000000,0.000000,0.000000,0.000000,0.000000,0.000000,0.000000,0.000000,0.000000,0.000000,0.000000,-1.650000,33.350000,7.678074,-0.800461,-0.526620,-0.794205,-0.922553,-0.490856,-0.694675,-0.970054,-0.775101,-0.643015,-0.615558,-0.337463,-0.595320,-0.681335,-0.425844,-0.849693,-0.567842,-0.290848,-0.434164,-0.537428,-0.533048,-0.137561,0.305509,0.260282,0.077480,0.297782,0.407400,0.474786,0.114749,-0.130662,0.213358,0.542679,0.370989,0.187097,0.626332,0.515336,0.082476,0.488416,0.393379,-0.042793,0.500424,0.250260,0.613327,0.749740,0.145858,0.553414,0.265629,0.000114,1.013076,0.000000,0.659519,13.465013,10.459607,0.475223,0.340792,0.000734,1.044718,0.000227,12871.986392,1.160271,1.083315,6.222385,0.547311,2625.915448,477.042411,6.153599,9417.250767,2818.390999,5658.647641,26.081796,31.365426,26.705354,376628554517273.125000,9.702839,0.759782,2.050386,0.001130,0.000143,0.599901,27.899597,248.092709,0,0,0,0,0,0,0,0,1,0,0,0,0,0,0,0,0,0,0,0,0,0,0,0,0,0,0,0,0,0,0,0,1,0,0,0,0,0,0,0,0,0,0,0,0,1,0,0,0,0,1,0,0,0,0,0,0,0,0,1,0,0,0,0,105.884479,1.500000
576.184000,567.112000,576.036893,35.000000,8.000000,0.000000,0.000000,0.000000,0.000000,1.000000,0.000000,0.000000,0.000000,8.107400,70.331000,178.959742,0.000000,0.000000,13.171245,79.027471,92.198716,0.000000,0.000000,0.000000,64.894051,0.000000,212.000000,0.000000,0.000000,0.000000,0.000000,0.000000,0.000000,0.000000,0.000000,0.000000,0.000000,-1.470000,33.530000,7.766202,-0.449434,-0.799930,-0.825027,-0.654266,-0.693621,-0.670876,-0.431321,-0.475646,-0.586084,-0.695778,-0.620357,-0.718639,-0.471211,-0.284688,-0.754810,-0.426378,-0.290082,-0.427784,-0.689328,-0.272826,-0.080993,0.001148,0.002438,0.033911,0.140929,0.021664,0.111775,0.598288,0.126555,0.204508,0.540913,0.099502,0.306274,0.282547,0.575640,0.389431,0.172657,0.480451,0.543090,0.407802,0.720417,0.589255,0.279583,0.125578,0.661404,0.251697,0.000097,1.039991,0.000000,0.549358,13.376031,12.865795,0.545679,0.304425,0.000000,6.209022,0.000288,13984.549254,1.168662,1.173568,5.023585,0.444603,3397.934691,438.945358,6.698606,7142.837400,3015.653992,4995.243636,24.277097,28.935514,35.596032,414151584372101.000000,9.403700,0.721545,1.850456,0.001053,0.000138,0.672101,30.820850,287.943926,0,0,0,0,0,0,0,0,1,0,0,0,0,0,0,0,0,0,0,0,0,0,0,0,0,0,0,0,0,0,0,0,1,0,0,0,0,0,0,0,0,0,0,0,0,1,0,0,0,0,1,0,0,0,0,0,0,0,0,1,0,0,0,0,178.045792,1.926382
580.147000,574.099000,580.011821,35.000000,8.000000,0.000000,0.000000,0.000000,0.000000,1.000000,0.000000,0.000000,0.000000,8.014500,65.765000,176.760335,0.000000,0.000000,8.780830,87.808301,96.589131,0.000000,0.000000,0.000000,65.147821,0.000000,212.000000,0.000000,0.000000,0.000000,0.000000,0.000000,0.000000,0.000000,0.000000,0.000000,0.000000,-1.540000,33.460000,7.731884,-0.439167,-0.519622,-0.630429,-0.712414,-0.368284,-0.394496,-0.545663,-0.354504,-0.677567,-0.812305,-0.680771,-0.668944,-0.086567,-0.218233,-0.523258,-0.212039,-0.352871,-0.537949,-0.451992,-0.265186,-0.191172,0.022119,0.048464,0.251696,0.587277,0.346990,0.073187,-0.107748,0.168430,0.013159,0.161677,0.373908,0.935716,0.422851,0.375937,0.333967,0.479741,0.711103,0.196307,0.451831,0.655183,0.701209,0.344817,0.110888,0.661766,0.276953,0.000103,1.037194,0.000000,0.643660,10.965726,13.944473,0.580153,0.377503,0.000000,5.768202,0.000534,10986.639116,1.293510,1.011065,5.584195,0.551225,3457.419263,565.820934,7.570665,9276.529333,2716.844411,4319.399582,23.627966,29.596632,34.175072,306011898359541.625000,8.358976,0.709169,1.999172,0.000980,0.000154,0.502444,31.406707,232.531079,0,0,0,0,0,0,0,0,1,0,0,0,0,0,0,0,0,0,0,0,0,0,0,0,0,0,0,0,0,0,0,0,1,0,0,0,0,0,0,0,0,0,0,0,0,1,0,0,0,0,1,0,0,0,0,0,0,0,0,1,0,0,0,0,181.477271,1.675641
620.983000,620.983000,619.902576,35.000000,8.000000,0.000000,0.000000,0.000000,0.000000,1.000000,0.000000,0.000000,0.000000,8.367300,66.123000,184.636983,0.000000,0.000000,0.000000,96.589131,96.589131,0.000000,0.000000,0.000000,64.066184,0.000000,212.000000,0.000000,0.000000,0.000000,0.000000,0.000000,0.000000,0.000000,0.000000,0.000000,0.000000,-0.960000,34.040000,8.017962,-0.657493,-0.611884,-0.280674,-0.759889,-0.631900,-1.164072,-0.688622,-0.633448,-0.491509,-0.560534,0.003676,-0.464209,-0.258506,-0.454965,-0.378518,-0.877284,-0.704798,-0.705432,-0.560074,-0.177089,0.518003,0.327222,0.049162,0.233472,-0.028107,0.056682,0.316811,0.235044,0.177192,-0.043295,0.215247,0.695924,0.353437,0.374109,0.338539,0.353959,0.241919,0.405013,0.418490,0.042733,0.677753,0.490293,0.322247,0.144653,0.530509,0.434711,0.000100,1.014411,0.000000,0.338219,13.141617,11.379799,0.455755,0.272329,0.000000,-0.503266,0.000545,11417.924016,1.310850,1.054048,5.750790,0.626751,3515.182520,518.566069,4.965182,9003.567389,2957.304118,5213.484606,23.403229,37.656857,31.437196,296362618274383.375000,8.596443,0.761991,1.888264,0.000666,0.000152,0.563148,27.715892,260.973952,0,0,0,0,0,0,0,0,1,0,0,0,0,0,0,0,0,0,0,0,0,0,0,0,0,0,0,0,0,0,0,0,1,0,0,0,0,0,0,0,0,0,0,0,0,1,0,0,0,0,1,0,0,0,0,0,0,0,0,1,0,0,0,0,132.544891,1.581821
584.091000,582.075000,583.970350,35.000000,8.000000,0.000000,0.000000,0.000000,0.000000,1.000000,2.000000,2.000000,40.460000,5.874300,58.854600,173.618919,10.213055,0.000000,0.000000,96.589131,106.802186,0.000000,0.000000,0.000000,75.732996,0.000000,212.000000,0.000000,0.000000,0.000000,0.000000,0.000000,0.000000,0.000000,0.000000,0.000000,0.000000,-1.620000,33.380000,7.692735,-0.586205,-0.553000,-0.680428,-0.983781,-0.659756,-0.440151,-0.440537,-0.698751,-0.590861,-0.513442,-0.726830,-0.667777,-0.598898,-0.311152,-0.256186,-0.639540,-0.443578,-0.412525,-0.176057,-0.480336,0.251895,0.272880,0.257404,-0.098283,0.555003,-0.184685,0.301848,0.199670,0.515102,0.525511,0.009779,0.516883,0.301890,0.433861,0.333565,0.274041,0.487542,0.574552,0.381783,0.413673,0.506427,0.644959,0.493573,0.145148,0.588061,0.280513,0.000133,1.048625,0.000000,0.491714,14.893677,12.994058,0.393008,0.380436,0.074774,3.544595,0.000531,12768.495688,1.258134,1.319573,5.128937,0.440382,3208.214484,537.161271,7.131764,9162.453690,3500.769572,5553.155181,33.403510,29.623503,37.789644,330393728247513.250000,7.963868,0.702878,1.972083,0.001109,0.000210,0.600507,27.798728,297.134933,0,0,0,0,0,0,0,0,1,0,0,0,0,0,0,0,0,0,0,0,0,0,0,0,0,0,0,0,0,0,0,0,1,0,0,0,0,0,0,0,0,0,0,0,0,1,0,0,0,0,1,0,0,0,0,0,0,0,0,1,0,0,0,0,127.481523,1.500000
620.983000,620.983000,619.902576,35.000000,8.000000,0.000000,0.000000,0.000000,0.000000,1.000000,0.000000,0.000000,0.000000,8.367300,66.123000,184.636983,0.000000,0.000000,8.780830,87.808301,96.589131,0.000000,0.000000,0.000000,64.066184,0.000000,212.000000,0.000000,0.000000,0.000000,0.000000,0.000000,0.000000,0.000000,0.000000,0.000000,0.000000,-0.960000,34.040000,8.017962,-0.755414,-1.025140,-0.636237,-0.150761,-0.503787,-0.690780,-0.639782,-0.911842,-0.165986,-0.589858,-0.657257,-0.494580,-0.699110,-0.744332,-0.750019,-0.275742,-0.803804,-0.432892,-0.878117,-0.443601,0.087290,0.248526,0.393238,0.346846,0.257799,-0.137777,0.261835,0.417023,0.271601,0.212205,0.392860,0.391358,0.306494,0.462236,0.525514,0.244417,0.190435,0.423783,0.338669,0.320108,0.585478,0.647137,0.414522,0.130068,0.694007,0.260750,0.000103,1.009082,0.000000,0.510642,13.205164,11.072821,0.488876,0.359218,0.000000,3.335227,0.000422,11030.191424,1.288317,1.352532,4.923478,0.437921,3551.324721,529.801547,6.043980,7201.256303,2924.825985,5074.491439,22.383546,28.865692,33.001423,355967892292368.437500,7.244287,0.801457,1.948925,0.000872,0.000197,0.517782,37.828188,259.995956,0,0,0,0,0,0,0,0,1,0,0,0,0,0,0,0,0,0,0,0,0,0,0,0,0,0,0,0,0,0,0,0,1,0,0,0,0,0,0,0,0,0,0,0,0,1,0,0,0,0,1,0,0,0,0,0,0,0,0,1,0,0,0,0,169.460805,1.559699
580.147000,574.099000,580.011821,35.000000,8.000000,0.000000,0.000000,0.000000,0.000000,1.000000,0.000000,0.000000,0.000000,8.014500,65.765000,176.760335,0.000000,0.000000,8.780830,87.808301,96.589131,0.000000,0.000000,0.000000,65.147821,0.000000,212.000000,0.000000,0.000000,0.000000,0.000000,0.000000,0.000000,0.000000,0.000000,0.000000,0.000000,-1.540000,33.460000,7.731884,-0.497321,-0.608881,-0.724831,-0.445111,-0.561118,-0.603432,-0.427293,-0.647031,-0.303727,-0.481530,-0.707735,-0.268477,-0.427311,-0.489707,-0.517408,-0.235317,-0.433917,-0.253043,-0.794564,-0.457799,0.229820,0.128765,0.327862,0.124400,0.396355,0.186472,0.496571,0.240641,0.302002,0.326727,0.419465,0.584295,0.684271,0.252767,0.486054,0.466813,0.216679,0.917175,0.568058,0.080581,0.582160,0.641810,0.417840,0.140756,0.596277,0.221373,0.000110,0.956575,0.000000,0.503040,12.143372,12.733515,0.494450,0.314475,0.000000,-9.989029,0.000322,12906.183117,1.375057,0.883846,5.399694,0.460534,3112.871465,543.498548,7.380913,10014.679764,2997.632576,5396.487482,26.458390,33.222453,28.498941,360843076986087.875000,8.814867,0.669963,1.976199,0.001285,0.000175,0.535431,37.624022,259.968538,0,0,0,0,0,0,0,0,1,0,0,0,0,0,0,0,0,0,0,0,0,0,0,0,0,0,0,0,0,0,0,0,1,0,0,0,0,0,0,0,0,0,0,0,0,1,0,0,0,0,1,0,0,0,0,0,0,0,0,1,0,0,0,0,138.146275,1.500000
709.885000,709.885000,707.801545,35.000000,8.000000,0.000000,0.000000,0.000000,0.000000,1.000000,0.000000,0.000000,0.000000,8.679500,72.271000,191.765546,0.000000,0.000000,0.000000,96.589131,96.589131,0.000000,0.000000,0.000000,62.966357,0.000000,212.000000,0.000000,0.000000,0.000000,0.000000,0.000000,0.000000,0.000000,0.000000,0.000000,0.000000,-0.580000,34.420000,8.207509,-0.381833,-0.644774,-0.662413,-0.456841,-0.764416,-0.494285,-0.480932,-0.624736,-0.613531,-0.918704,-0.353991,-0.336210,-0.575559,-0.332691,-0.508411,-0.467954,-0.452735,-0.555032,-0.342163,-0.445895,0.236377,0.165426,0.041431,0.213288,0.425836,0.107315,0.354642,-0.056779,0.084291,0.175154,0.326722,0.437741,0.503654,0.485640,0.339521,0.481399,0.419462,-0.037954,0.281563,0.322867,0.414800,0.620740,0.585200,0.115821,0.673122,0.300112,0.000099,1.006106,0.000000,0.551664,12.825874,11.110080,0.385325,0.335115,0.107467,-7.887095,0.000486,12618.897596,1.430103,1.292035,5.608225,0.546394,3445.549271,450.715873,5.876840,7283.428441,2817.600309,4239.468690,17.718719,30.761860,31.720583,381170054885666.687500,6.749122,0.898727,1.914062,0.001177,0.000191,0.571298,31.411295,252.190518,0,0,0,0,0,0,0,0,1,0,0,0,0,0,0,0,0,0,0,0,0,0,0,0,0,0,0,0,0,0,0,0,1,0,0,0,0,0,0,0,0,0,0,0,0,1,0,0,0,0,1,0,0,0,0,0,0,0,0,1,0,0,0,0,165.219303,1.500000
584.091000,582.075000,583.970350,35.000000,8.000000,0.000000,0.000000,0.000000,0.000000,1.000000,2.000000,2.000000,40.460000,5.874300,58.854600,173.618919,10.213055,0.000000,0.000000,96.589131,106.802186,0.000000,0.000000,0.000000,75.732996,0.000000,212.000000,0.000000,0.000000,0.000000,0.000000,0.000000,0.000000,0.000000,0.000000,0.000000,0.000000,-1.620000,33.380000,7.692735,-0.362263,-0.777938,-0.417479,-0.340538,-0.549190,-0.551443,-0.403248,-0.641955,-0.859544,-0.339101,-0.430814,-0.873047,-0.437368,-0.623727,-0.753526,-0.343738,-0.632283,-0.544017,-0.558696,-0.603145,-0.098464,-0.037745,0.179414,0.503798,0.013844,-0.086741,-0.018707,0.694491,-0.045124,0.475440,0.411357,0.403607,0.691705,0.517639,0.169488,0.463754,0.511485,0.274092,0.032350,0.669723,0.580595,0.555108,0.419405,0.147079,0.588121,0.244899,0.000105,0.977282,0.000000,0.611715,13.654766,10.885575,0.534834,0.321575,0.077881,-7.407671,0.000714,12898.802077,1.201442,0.894898,5.489513,0.621417,3128.041569,429.957273,6.000121,8838.470687,2724.796846,4946.445836,24.665964,22.506994,32.161622,382011563077642.437500,7.293082,0.882578,2.038694,0.001301,0.000228,0.570144,42.049770,340.260811,0,0,0,0,0,0,0,0,1,0,0,0,0,0,0,0,0,0,0,0,0,0,0,0,0,0,0,0,0,0,0,0,1,0,0,0,0,0,0,0,0,0,0,0,0,1,0,0,0,0,1,0,0,0,0,0,0,0,0,1,0,0,0,0,132.372212,1.541556
576.184000,567.112000,576.036893,35.000000,8.000000,0.000000,0.000000,0.000000,0.000000,1.000000,0.000000,0.000000,0.000000,8.312500,70.033000,178.959742,0.000000,0.000000,0.000000,92.198716,92.198716,0.000000,0.000000,0.000000,59.479061,0.000000,212.000000,0.000000,0.000000,0.000000,0.000000,0.000000,0.000000,0.000000,0.000000,0.000000,0.000000,-1.470000,33.530000,7.766202,-0.784898,-0.784123,-0.463639,-0.405195,-0.689689,-0.351905,-0.153553,-0.619302,-0.336220,-0.317876,-0.527288,-0.509586,-0.302279,-0.734350,-0.703749,-0.401379,-0.377000,-0.607204,-0.665570,-0.579767,0.288857,0.208448,0.199724,0.152517,0.349460,0.105917,0.630037,0.229377,0.241073,0.299591,0.408578,0.415611,0.397739,0.460671,0.217608,0.414337,0.571935,0.476050,0.513572,0.363513,0.661465,0.646841,0.338535,0.130525,0.673098,0.288138,0.000114,1.086214,0.000000,0.609395,13.322126,9.975683,0.676046,0.270559,0.034812,-3.101087,0.000224,12863.765761,1.172208,1.001947,5.632941,0.564444,3019.853530,350.916250,5.575368,8472.623061,2469.856339,4539.616567,32.368876,30.058385,27.729107,295544117632893.562500,7.080562,0.671871,1.968230,0.000639,0.000251,0.591430,33.007350,263.661973,0,0,0,0,0,0,0,0,1,0,0,0,0,0,0,0,0,0,0,0,0,0,0,0,0,0,0,0,0,0,0,0,1,0,0,0,0,0,0,0,0,0,0,0,0,1,0,0,0,0,1,0,0,0,0,0,0,0,0,1,0,0,0,0,180.710350,1.800416
584.091000,582.075000,583.970350,35.000000,8.000000,0.000000,0.000000,0.000000,0.000000,1.000000,2.000000,2.000000,40.460000,5.874300,58.854600,173.618919,10.213055,0.000000,0.000000,96.589131,106.802186,0.000000,0.000000,0.000000,75.732996,0.000000,212.000000,0.000000,0.000000,0.000000,0.000000,0.000000,0.000000,0.000000,0.000000,0.000000,0.000000,-1.620000,33.380000,7.692735,-0.561046,-0.643333,-0.839419,-1.096095,-0.931156,-0.634711,-0.796639,-0.408335,-0.417570,-0.577684,-0.511413,-0.527559,-0.360167,-0.363716,-0.656695,-0.278853,-0.312079,-0.742674,-0.322212,-0.456163,0.371095,-0.027173,0.303523,0.304810,0.434201,0.082225,0.287244,0.053357,0.516362,0.589479,0.296614,0.421561,0.268220,0.401043,0.637949,0.749283,0.715590,0.379790,-0.044491,0.096630,0.477426,0.581753,0.522574,0.144323,0.744502,0.297652,0.000118,0.950068,0.000000,0.513748,11.444463,12.762889,0.502312,0.303176,0.084387,5.908318,0.000926,12248.301286,1.208647,1.180437,6.398945,0.478981,3124.356825,509.429229,7.103522,8013.049295,2728.122372,4944.866509,25.659870,32.575817,42.075779,348037835335699.125000,6.479991,0.731407,1.955137,0.001257,0.000252,0.490975,27.311107,248.240500,0,0,0,0,0,0,0,0,1,0,0,0,0,0,0,0,0,0,0,0,0,0,0,0,0,0,0,0,0,0,0,0,1,0,0,0,0,0,0,0,0,0,0,0,0,1,0,0,0,0,1,0,0,0,0,0,0,0,0,1,0,0,0,0,167.553925,1.500000
572.221000,560.125000,572.061965,35.000000,8.000000,0.000000,0.000000,0.000000,0.000000,1.000000,0.000000,0.000000,0.000000,8.200300,74.897000,181.159149,0.000000,0.000000,17.561660,70.246641,87.808301,0.000000,0.000000,0.000000,64.640282,0.000000,212.000000,0.000000,0.000000,0.000000,0.000000,0.000000,0.000000,0.000000,0.000000,0.000000,0.000000,-1.400000,33.600000,7.800577,-0.611889,-0.679686,-0.288655,-0.367970,-0.745766,-0.714620,-0.742064,-0.791827,-0.642569,-0.053188,-0.399343,-0.194331,-0.658544,-0.555292,-0.285811,-0.212767,-0.707232,-0.818901,-0.557918,-0.393828,0.414190,0.029366,0.064271,-0.148713,0.264542,0.232466,0.204972,0.300722,0.444713,0.146954,0.524659,0.435154,0.211516,0.178041,0.369540,0.444646,0.298661,0.408622,0.347254,0.856905,0.576580,0.562907,0.423420,0.119998,0.678080,0.297746,0.000097,0.953252,0.000000,0.576692,12.152790,12.522126,0.413477,0.234984,0.000000,-4.912366,0.000208,12150.627909,1.359547,1.205736,6.794607,0.434875,3096.515096,546.180785,6.837164,8788.132228,2592.661578,4920.478437,17.993987,35.371064,30.454324,309651320580136.125000,9.635575,0.687726,1.845966,0.001158,0.000190,0.648695,23.535105,249.194755,0,0,0,0,0,0,0,0,1,0,0,0,0,0,0,0,0,0,0,0,0,0,0,0,0,0,0,0,0,0,0,0,1,0,0,0,0,0,0,0,0,0,0,0,0,1,0,0,0,0,1,0,0,0,0,0,0,0,0,1,0,0,0,0,171.167612,1.514674
576.184000,567.112000,576.036893,35.000000,8.000000,0.000000,0.000000,0.000000,0.000000,1.000000,0.000000,0.000000,0.000000,8.107400,70.331000,178.959742,0.000000,0.000000,13.171245,79.027471,92.198716,0.000000,0.000000,0.000000,64.894051,0.000000,212.000000,0.000000,0.000000,0.000000,0.000000,0.000000,0.000000,0.000000,0.000000,0.000000,0.000000,-1.470000,33.530000,7.766202,-0.360976,-0.649796,-0.725958,-0.717392,-0.661750,-0.868821,-0.871858,-0.867206,-0.893125,-0.642798,-0.517737,-0.846576,-0.624917,-0.775725,-0.626277,-0.304090,-0.542214,-0.786094,-0.227242,-0.485916,-0.008976,0.139136,0.112450,0.255129,0.105001,0.460284,0.419059,0.033709,0.140771,0.192849,0.659516,0.174436,0.182770,0.148454,0.504754,0.523842,0.344964,0.283822,0.746952,0.387019,0.616218,0.596701,0.383782,0.126312,0.688015,0.303817,0.000119,1.075207,0.000000,0.451270,13.003481,12.693338,0.581512,0.265100,0.045824,-1.938440,0.000432,9954.047294,1.315840,1.197695,5.411763,0.426920,3481.910089,523.144155,6.777385,10382.182867,2636.569545,4536.779587,36.066085,23.105739,33.069486,383641383348397.375000,7.012735,0.814612,2.118401,0.000892,0.000197,0.565142,26.685850,377.089211,0,0,0,0,0,0,0,0,1,0,0,0,0,0,0,0,0,0,0,0,0,0,0,0,0,0,0,0,0,0,0,0,1,0,0,0,0,0,0,0,0,0,0,0,0,1,0,0,0,0,1,0,0,0,0,0,0,0,0,1,0,0,0,0,171.270576,1.725410
580.147000,574.099000,580.011821,35.000000,8.000000,0.000000,0.000000,0.000000,0.000000,1.000000,0.000000,0.000000,0.000000,8.014500,65.765000,176.760335,0.000000,0.000000,8.780830,87.808301,96.589131,0.000000,0.000000,0.000000,65.147821,0.000000,212.000000,0.000000,0.000000,0.000000,0.000000,0.000000,0.000000,0.000000,0.000000,0.000000,0.000000,-1.540000,33.460000,7.731884,-0.766568,-0.423343,-0.749572,-0.530309,-0.422478,-0.604811,-0.338491,-0.943871,-0.695663,-0.652373,-0.406574,-0.424534,-0.859910,-0.460101,-0.638225,-0.494915,-0.271613,-0.626960,-0.425987,-0.099219,0.214629,0.027522,0.229232,0.080293,0.232528,0.224569,-0.124824,0.456540,0.301702,0.062822,0.712933,0.496237,0.393396,0.267148,0.147861,0.214584,0.321260,0.450198,0.633577,0.314355,0.690931,0.651930,0.309069,0.177251,0.613491,0.335507,0.000098,0.950548,0.000000,0.655553,12.567703,12.388573,0.654687,0.292231,0.000000,-0.651874,0.000462,11763.840660,1.233755,1.149773,6.121829,0.562248,3342.060989,459.193182,6.406636,7059.464958,2990.464779,4944.924376,24.754487,29.024397,31.782418,345244767334930.875000,7.090135,0.806534,1.871722,0.001011,0.000227,0.614029,30.015204,252.654608,0,0,0,0,0,0,0,0,1,0,0,0,0,0,0,0,0,0,0,0,0,0,0,0,0,0,0,0,0,0,0,0,1,0,0,0,0,0,0,0,0,0,0,0,0,1,0,0,0,0,1,0,0,0,0,0,0,0,0,1,0,0,0,0,139.074977,1.500000
584.091000,582.075000,583.970350,35.000000,8.000000,0.000000,0.000000,0.000000,0.000000,1.000000,2.000000,2.000000,40.460000,5.874300,58.854600,173.618919,10.213055,0.000000,0.000000,96.589131,106.802186,0.000000,0.000000,0.000000,75.732996,0.000000,212.000000,0.000000,0.000000,0.000000,0.000000,0.000000,0.000000,0.000000,0.000000,0.000000,0.000000,-1.620000,33.380000,7.692735,-0.377185,-0.467657,-0.611534,-0.515789,-0.545926,-0.762403,-0.663700,-0.371962,-0.618038,-0.487659,-0.279919,-0.321740,-0.624698,-0.210928,-0.593690,-0.443334,-0.481147,-0.598568,-0.473358,-0.682715,-0.267617,0.068612,0.092664,-0.109377,-0.214723,0.206451,0.205734,0.269385,-0.121817,-0.003061,0.493958,0.294045,0.292914,0.175562,0.213280,0.373092,0.626099,0.677562,0.365464,0.389507,0.440817,0.501048,0.559183,0.111199,0.557384,0.335996,0.000129,0.979100,0.000000,0.601508,12.595840,11.108358,0.653535,0.372170,0.000000,-4.065439,0.000806,12949.931746,1.418325,1.273822,5.291643,0.530562,3382.439989,485.582296,5.899119,8083.230337,2807.752919,5596.897478,25.964295,29.433818,24.101802,224447938617518.250000,8.267281,0.574626,1.855472,0.000981,0.000173,0.634462,32.367675,302.130233,0,0,0,0,0,0,0,0,1,0,0,0,0,0,0,0,0,0,0,0,0,0,0,0,0,0,0,0,0,0,0,0,1,0,0,0,0,0,0,0,0,0,0,0,0,1,0,0,0,0,1,0,0,0,0,0,0,0,0,1,0,0,0,0,142.771342,1.500000
584.091000,582.075000,583.970350,35.000000,8.000000,0.000000,0.000000,0.000000,0.000000,1.000000,2.000000,2.000000,40.460000,5.874300,58.854600,173.618919,10.213055,0.000000,0.000000,96.589131,106.802186,0.000000,0.000000,0.000000,75.732996,0.000000,212.000000,0.000000,0.000000,0.000000,0.000000,0.000000,0.000000,0.000000,0.000000,0.000000,0.000000,-1.620000,33.380000,7.692735,-0.605094,-0.643610,-0.479386,-0.811232,-0.859207,-0.637443,-0.755953,-0.943727,-0.385421,-0.834329,-0.489082,-0.776062,-0.647928,0.062201,-0.376709,-0.338068,-0.110817,-0.377161,-0.275198,-0.366751,0.428225,0.077534,0.291973,0.293914,0.195106,0.257730,0.268916,0.268715,-0.007394,-0.063473,0.271988,0.346959,0.468349,0.770375,0.304646,0.299024,0.330826,0.324539,0.039048,0.572301,0.687858,0.639235,0.312142,0.139330,0.572924,0.320819,0.000114,0.990377,0.000000,0.641679,14.153594,11.850554,0.368160,0.275165,0.000000,-6.825796,0.000589,10830.297479,1.385338,0.929381,6.198754,0.621618,3306.462237,599.514340,5.792173,9076.737069,2238.700688,4200.043139,19.312232,37.656295,32.604790,353975164080628.250000,6.048261,0.684877,1.949103,0.000820,0.000204,0.637727,27.290311,267.736749,0,0,0,0,0,0,0,0,1,0,0,0,0,0,0,0,0,0,0,0,0,0,0,0,0,0,0,0,0,0,0,0,1,0,0,0,0,0,0,0,0,0,0,0,0,1,0,0,0,0,1,0,0,0,0,0,0,0,0,1,0,0,0,0,141.520133,1.740283
580.147000,574.099000,580.011821,35.000000,8.000000,0.000000,0.000000,0.000000,0.000000,1.000000,0.000000,0.000000,0.000000,8.219600,65.467000,176.760335,0.000000,0.000000,0.000000,96.589131,96.589131,0.000000,0.000000,0.000000,59.732830,0.000000,212.000000,0.000000,0.000000,0.000000,0.000000,0.000000,0.000000,0.000000,0.000000,0.000000,0.000000,-1.540000,33.460000,7.731884,-0.872300,-0.187976,-0.284722,-0.723373,-0.414655,-0.378528,-0.630871,-0.665071,-0.925266,-0.710580,-0.053157,-0.652094,-0.708539,-0.358859,-0.758644,-0.694492,-0.509615,-0.818226,-0.292741,-0.932765,0.325438,0.118039,0.015199,-0.098141,0.380343,0.245951,0.121278,0.173662,0.137739,-0.076350,0.087203,0.339235,0.586790,0.543042,0.624189,0.802932,0.379902,0.052662,0.159002,0.470664,0.476779,0.672248,0.523221,0.131877,0.623698,0.273933,0.000099,1.047879,0.000000,0.555955,13.280335,13.266167,0.457905,0.363957,0.000000,-4.300644,0.000870,11754.695748,1.301675,1.093156,4.969542,0.612586,2981.030300,388.267886,7.479798,8729.927831,3013.599354,6040.976786,30.020135,27.652887,30.976994,337580310574883.375000,7.749526,0.719018,2.036655,0.001114,0.000183,0.460815,35.596199,300.261310,0,0,0,0,0,0,0,0,1,0,0,0,0,0,0,0,0,0,0,0,0,0,0,0,0,0,0,0,0,0,0,0,1,0,0,0,0,0,0,0,0,0,0,0,0,1,0,0,0,0,1,0,0,0,0,0,0,0,0,1,0,0,0,0,141.393910,1.500000
584.110000,581.086000,583.986749,35.000000,8.000000,0.000000,0.000000,0.000000,0.000000,1.000000,0.000000,0.000000,0.000000,7.921600,61.199000,174.560929,0.000000,0.000000,4.390415,96.589131,100.979546,0.000000,0.000000,0.000000,65.401590,0.000000,212.000000,0.000000,0.000000,0.000000,0.000000,0.000000,0.000000,0.000000,0.000000,0.000000,0.000000,-1.610000,33.390000,7.697625,-0.423464,-0.293715,-0.859713,-0.719605,-0.432444,-0.478309,-0.519767,-0.361103,-0.485337,-0.299333,-0.313305,-0.294899,-0.629762,-0.930028,-0.801809,-0.753614,-0.086570,-0.367753,-0.577514,-0.496861,0.216112,0.351218,-0.203373,0.107036,-0.103030,0.678534,0.243045,-0.087708,0.360434,0.181738,0.524986,0.588319,0.460728,0.561362,0.534850,0.292601,0.406619,0.518652,0.261712,0.306292,0.680823,0.746950,0.319177,0.104951,0.674336,0.242768,0.000096,0.913298,0.000000,0.653640,11.888896,11.792304,0.562691,0.316625,0.000000,-4.178333,0.000710,12358.301796,1.273826,0.987390,5.760062,0.479307,2882.883985,616.915450,4.758948,9250.412133,3198.339327,4859.549382,22.383455,30.912559,30.993446,393569021893885.875000,9.355841,0.850577,2.046470,0.000979,0.000247,0.546227,34.410441,349.671462,0,0,0,0,0,0,0,0,1,0,0,0,0,0,0,0,0,0,0,0,0,0,0,0,0,0,0,0,0,0,0,0,1,0,0,0,0,0,0,0,0,0,0,0,0,1,0,0,0,0,1,0,0,0,0,0,0,0,0,1,0,0,0,0,184.203545,1.924162
580.147000,574.099000,580.011821,35.000000,8.000000,0.000000,0.000000,0.000000,0.000000,1.000000,0.000000,0.000000,0.000000,8.219600,65.467000,176.760335,0.000000,0.000000,0.000000,96.589131,96.589131,0.000000,0.000000,0.000000,59.732830,0.000000,212.000000,0.000000,0.000000,0.000000,0.000000,0.000000,0.000000,0.000000,0.000000,0.000000,0.000000,-1.540000,33.460000,7.731884,-0.714239,-0.825823,-0.348902,-0.677166,-0.180112,-0.521413,-0.642681,-0.797457,-0.593530,-0.632143,-0.312208,-0.352947,-0.445245,-0.098525,-0.647098,-0.913986,-0.598997,-0.465105,-0.730538,-0.481113,0.076444,0.186713,0.137390,0.404030,0.314175,0.217294,0.213647,-0.012310,0.503274,0.209348,0.642904,0.518909,0.544791,0.564895,0.345999,0.450972,0.647514,0.347601,0.633799,0.447726,0.564285,0.692545,0.435715,0.132095,0.715306,0.285531,0.000103,0.881044,0.000000,0.609605,15.119009,10.561221,0.463091,0.327649,0.000000,6.496118,0.000587,11893.711739,1.166525,1.270353,4.488985,0.488948,3774.038759,411.250494,6.269932,8666.473804,3176.301671,4239.479930,23.272828,25.377518,23.988708,378436468427311.437500,8.171376,0.744756,2.081040,0.000633,0.000199,0.518173,39.214593,378.084367,0,0,0,0,0,0,0,0,1,0,0,0,0,0,0,0,0,0,0,0,0,0,0,0,0,0,0,0,0,0,0,0,1,0,0,0,0,0,0,0,0,0,0,0,0,1,0,0,0,0,1,0,0,0,0,0,0,0,0,1,0,0,0,0,182.870186,1.658206
637.438000,637.438000,635.873026,35.000000,8.000000,0.000000,0.000000,0.000000,0.000000,1.000000,0.000000,0.000000,0.000000,8.636600,70.868000,190.774714,0.000000,0.000000,0.000000,92.198716,92.198716,0.000000,0.000000,0.000000,63.271597,0.000000,212.000000,0.000000,0.000000,0.000000,0.000000,0.000000,0.000000,0.000000,0.000000,0.000000,0.000000,-0.600000,34.400000,8.197492,-0.555622,-0.775838,-0.562415,-0.414548,-0.896697,-0.601883,-0.679191,-1.003059,-0.633497,-0.558767,-0.420434,-0.471546,-0.704517,-0.714634,-0.394392,-0.695075,-0.328028,-0.602341,-0.552325,-0.347124,0.112904,0.412042,0.199113,0.202147,0.292865,-0.052789,0.421431,-0.101262,0.184798,0.222238,0.317254,0.181785,0.488998,0.663320,0.405999,0.393087,0.661096,0.373456,0.270480,0.679866,0.557913,0.646575,0.442087,0.087513,0.667511,0.268941,0.000117,1.118895,0.000000,0.455755,11.149856,12.103951,0.500793,0.257432,0.000000,-3.626253,0.000760,11278.060271,1.156068,1.086866,4.879653,0.566517,2974.033301,521.450881,6.818933,8483.872964,2812.837159,4679.973830,27.286236,31.060057,30.539249,277044394372941.218750,6.705655,0.846634,1.995750,0.001072,0.000208,0.539888,28.438816,359.036342,0,0,0,0,0,0,0,0,1,0,0,0,0,0,0,0,0,0,0,0,0,0,0,0,0,0,0,0,0,0,0,0,1,0,0,0,0,0,0,0,0,0,0,0,0,1,0,0,0,0,1,0,0,0,0,0,0,0,0,1,0,0,0,0,192.680068,1.649574
580.147000,574.099000,580.011821,35.000000,8.000000,0.000000,0.000000,0.000000,0.000000,1.000000,0.000000,0.000000,0.000000,8.219600,65.467000,176.760335,0.000000,0.000000,0.000000,96.589131,96.589131,0.000000,0.000000,0.000000,59.732830,0.000000,212.000000,0.000000,0.000000,0.000000,0.000000,0.000000,0.000000,0.000000,0.000000,0.000000,0.000000,-1.540000,33.460000,7.731884,-0.105253,-0.628815,-0.448269,-0.553613,-0.607740,-0.540572,-0.886647,-0.758681,-0.461596,-0.654723,-0.577640,-0.453960,-0.864899,-0.813630,-0.498607,-0.407673,-0.467638,-0.290603,-0.212767,-0.762796,0.244801,0.112583,0.372934,0.349494,0.447912,0.392804,-0.089317,-0.217924,-0.135836,0.238443,0.273931,0.527673,0.740749,0.597999,0.300004,0.401193,0.552285,0.297432,0.209056,0.335259,0.522644,0.479648,0.477356,0.138151,0.638772,0.298540,0.000117,0.997575,0.000000,0.509297,12.490826,12.026821,0.566604,0.288891,0.000000,1.613254,0.000595,11208.793254,1.184074,1.025838,5.850079,0.579451,2822.330480,489.304524,6.019770,7561.830169,3342.186992,4688.301315,27.028178,36.097253,38.265579,289707888831585.812500,7.691233,0.711355,1.953387,0.000654,0.000249,0.576268,32.818175,317.854137,0,0,0,0,0,0,0,0,1,0,0,0,0,0,0,0,0,0,0,0,0,0,0,0,0,0,0,0,0,0,0,0,1,0,0,0,0,0,0,0,0,0,0,0,0,1,0,0,0,0,1,0,0,0,0,0,0,0,0,1,0,0,0,0,151.254837,1.500000
588.073000,588.073000,587.961677,35.000000,8.000000,0.000000,0.000000,0.000000,0.000000,1.000000,0.000000,0.000000,0.000000,7.828700,56.633000,172.361522,0.000000,0.000000,0.000000,105.369961,105.369961,0.000000,0.000000,0.000000,65.655360,0.000000,212.000000,0.000000,0.000000,0.000000,0.000000,0.000000,0.000000,0.000000,0.000000,0.000000,0.000000,-1.680000,33.320000,7.663423,-0.811952,-0.435752,-0.596604,-0.719970,-0.444120,-0.406999,-0.434416,-0.162341,-0.654276,-0.543591,-0.099768,-0.578505,-0.416776,-0.535217,-0.343651,-0.580034,-0.290265,-0.414411,-0.233727,-0.410658,0.372617,0.150506,0.245268,-0.146236,-0.204925,0.173325,0.154070,0.247117,0.036767,0.129125,0.529061,0.559798,0.687538,0.384476,0.750855,0.146484,0.544590,0.266319,0.293025,0.646549,0.606171,0.543463,0.393829,0.118169,0.897079,0.324603,0.000102,1.108194,0.000000,0.571560,12.305879,12.339761,0.376496,0.316194,0.000000,3.641408,0.000595,13484.028642,1.229366,0.818437,5.208956,0.533004,3938.248135,432.495974,6.040834,8400.325551,2947.415270,4861.484843,21.071037,23.125708,36.383257,380949975831594.437500,6.968843,0.690032,2.187992,0.000958,0.000184,0.523426,35.114352,305.843498,0,0,0,0,0,0,0,0,1,0,0,0,0,0,0,0,0,0,0,0,0,0,0,0,0,0,0,0,0,0,0,0,1,0,0,0,0,0,0,0,0,0,0,0,0,1,0,0,0,0,1,0,0,0,0,0,0,0,0,1,0,0,0,0,238.149264,1.647696
588.073000,588.073000,587.961677,35.000000,8.000000,0.000000,0.000000,0.000000,0.000000,1.000000,0.000000,0.000000,0.000000,7.828700,56.633000,172.361522,0.000000,0.000000,0.000000,105.369961,105.369961,0.000000,0.000000,0.000000,65.655360,0.000000,212.000000,0.000000,0.000000,0.000000,0.000000,0.000000,0.000000,0.000000,0.000000,0.000000,0.000000,-1.680000,33.320000,7.663423,-0.690554,-0.447183,-0.441670,-0.299277,-0.750516,-0.086873,-0.689857,-0.605511,-0.746888,-0.374005,-0.689944,-0.551071,-0.509495,-0.624796,-0.248958,-0.302118,-0.614770,-0.498480,-0.599639,-0.498463,0.455690,0.134596,0.194237,0.346977,0.203079,0.291486,-0.151318,0.169615,0.523399,0.023147,0.412020,0.227697,0.094414,0.489141,0.606117,0.314409,0.381014,0.419284,0.616399,0.163024,0.598303,0.512374,0.401697,0.106659,0.686133,0.299669,0.000112,1.039733,0.000000,0.580929,12.646680,12.711311,0.587874,0.347214,0.000000,1.182944,0.000317,12942.833686,1.341789,1.307278,6.848506,0.475274,3594.066018,623.210107,4.463073,7821.653570,2983.652793,4980.484295,17.282763,32.943836,35.642657,351926029506793.312500,8.477351,0.747598,2.080094,0.001044,0.000188,0.629561,30.959470,321.143251,0,0,0,0,0,0,0,0,1,0,0,0,0,0,0,0,0,0,0,0,0,0,0,0,0,0,0,0,0,0,0,0,1,0,0,0,0,0,0,0,0,0,0,0,0,1,0,0,0,0,1,0,0,0,0,0,0,0,0,1,0,0,0,0,191.320879,1.709879
588.073000,588.073000,587.961677,35.000000,8.000000,0.000000,0.000000,0.000000,0.000000,1.000000,0.000000,0.000000,0.000000,7.828700,56.633000,172.361522,0.000000,0.000000,0.000000,105.369961,105.369961,0.000000,0.000000,0.000000,65.655360,0.000000,212.000000,0.000000,0.000000,0.000000,0.000000,0.000000,0.000000,0.000000,0.000000,0.000000,0.000000,-1.680000,33.320000,7.663423,-0.355203,-0.949130,-0.708414,-0.526481,-0.272514,-0.621533,-0.633972,-0.604783,-0.452603,-0.714380,-0.472142,-0.135627,-0.427749,-0.403270,-0.525144,-0.461837,-0.646822,-0.357311,-0.717185,-0.423069,0.043617,0.003231,0.207527,0.098662,0.046189,0.210410,-0.023909,0.090686,-0.211124,0.338247,0.232493,0.720850,0.575507,0.453205,0.384899,0.065964,0.465221,0.326077,0.394363,0.348087,0.617519,0.745285,0.382481,0.078142,0.662257,0.246926,0.000101,1.019498,0.000000,0.427049,14.431393,11.611300,0.541690,0.351749,0.000000,5.019882,0.000260,12473.225881,1.193158,1.070803,6.066536,0.548532,3071.550904,637.512534,5.529782,9662.689544,2719.161115,4849.199835,26.010070,32.943560,29.746080,333829292478309.562500,9.438391,0.584499,2.108379,0.000925,0.000144,0.598136,20.855172,265.067368,0,0,0,0,0,0,0,0,1,0,0,0,0,0,0,0,0,0,0,0,0,0,0,0,0,0,0,0,0,0,0,0,1,0,0,0,0,0,0,0,0,0,0,0,0,1,0,0,0,0,1,0,0,0,0,0,0,0,0,1,0,0,0,0,198.436897,2.145124
588.073000,588.073000,587.961677,35.000000,8.000000,0.000000,0.000000,0.000000,0.000000,1.000000,0.000000,0.000000,0.000000,7.828700,56.633000,172.361522,0.000000,0.000000,0.000000,105.369961,105.369961,0.000000,0.000000,0.000000,65.655360,0.000000,212.000000,0.000000,0.000000,0.000000,0.000000,0.000000,0.000000,0.000000,0.000000,0.000000,0.000000,-1.680000,33.320000,7.663423,-0.437073,-0.641484,-0.560210,-0.375892,-0.653319,-0.620502,-0.810645,-0.445890,-0.385486,-0.715483,-0.694954,-0.284677,-0.446260,-0.344352,-0.760906,-0.394997,-0.330896,-0.481067,-0.409273,-0.448893,0.005417,0.637441,0.416457,-0.040947,0.346669,0.081397,0.256355,0.234630,0.171690,0.008600,0.243078,0.439917,0.638947,0.566148,0.427094,0.139084,0.415670,0.358938,0.071702,0.446453,0.659219,0.457228,0.340781,0.130919,0.638117,0.321450,0.000122,1.008235,0.000000,0.494613,14.620644,10.417001,0.581228,0.347438,0.017664,-5.548802,0.000746,13637.527950,1.327261,1.160978,5.190582,0.626302,3482.319437,450.912569,6.980426,7816.647412,2893.882900,3870.517549,27.921688,36.119834,25.018078,267837941097547.906250,8.488031,0.714696,2.113025,0.000744,0.000204,0.595395,35.871525,297.717977,0,0,0,0,0,0,0,0,1,0,0,0,0,0,0,0,0,0,0,0,0,0,0,0,0,0,0,0,0,0,0,0,1,0,0,0,0,0,0,0,0,0,0,0,0,1,0,0,0,0,1,0,0,0,0,0,0,0,0,1,0,0,0,0,159.166312,1.724343
588.073000,588.073000,587.961677,35.000000,8.000000,0.000000,0.000000,0.000000,0.000000,1.000000,0.000000,0.000000,0.000000,7.828700,56.633000,172.361522,0.000000,0.000000,0.000000,105.369961,105.369961,0.000000,0.000000,0.000000,65.655360,0.000000,212.000000,0.000000,0.000000,0.000000,0.000000,0.000000,0.000000,0.000000,0.000000,0.000000,0.000000,-1.680000,33.320000,7.663423,-0.066326,-0.544225,-0.584536,-0.720161,-0.566020,-0.862767,-0.650833,-0.712969,-0.417707,-0.674414,-0.304747,-0.790375,-0.650493,-0.735453,-0.414436,-0.667355,-0.462995,-0.572232,-0.659554,-0.272738,-0.065554,0.442948,0.161498,0.487843,0.169901,0.261112,-0.069478,0.435243,0.142927,0.475148,0.536485,0.295094,0.481497,0.353540,0.388260,0.529823,0.350581,0.515314,0.588859,0.427546,0.671803,0.618537,0.328197,0.118654,0.583030,0.321995,0.000094,1.113511,0.000000,0.529573,12.321774,11.651477,0.560140,0.334412,0.114054,-6.157035,0.000432,11296.669153,1.044392,0.910076,5.446015,0.555890,3605.885555,572.920157,6.669901,8285.858345,2967.150064,5469.650431,25.989388,38.561018,28.285425,360177098225808.500000,8.293614,0.710912,1.805490,0.001013,0.000176,0.557281,27.398606,277.567042,0,0,0,0,0,0,0,0,1,0,0,0,0,0,0,0,0,0,0,0,0,0,0,0,0,0,0,0,0,0,0,0,1,0,0,0,0,0,0,0,0,0,0,0,0,1,0,0,0,0,1,0,0,0,0,0,0,0,0,1,0,0,0,0,152.778135,1.746750
588.073000,588.073000,587.961677,35.000000,8.000000,0.000000,0.000000,0.000000,0.000000,1.000000,0.000000,0.000000,0.000000,7.828700,56.633000,172.361522,0.000000,0.000000,0.000000,105.369961,105.369961,0.000000,0.000000,0.000000,65.655360,0.000000,212.000000,0.000000,0.000000,0.000000,0.000000,0.000000,0.000000,0.000000,0.000000,0.000000,0.000000,-1.680000,33.320000,7.663423,-0.773914,-0.730876,-0.947574,-0.699879,-0.764042,-0.711975,-0.326994,-0.402592,-0.514313,-0.105348,-0.395107,-0.250805,-0.799714,-0.282618,-0.441263,-0.573323,-0.376518,-0.759832,-0.418441,-0.606510,0.176847,0.296327,-0.053913,0.059683,0.236151,0.006572,0.244868,0.206555,-0.056648,0.196163,0.551311,0.412329,0.461349,0.606903,0.140366,0.219502,0.371667,0.679592,0.294299,0.856492,0.584220,0.441022,0.415780,0.089784,0.628150,0.226567,0.000105,0.998823,0.000000,0.514888,11.816669,11.828229,0.517434,0.374281,0.000000,3.352770,0.000208,13231.164890,1.269764,0.831133,5.045051,0.545823,2714.628205,524.020360,6.912982,9316.738866,2403.828079,5331.321873,23.029262,25.365271,27.326854,334539897303570.937500,7.176304,0.821436,2.038197,0.000654,0.000184,0.533953,35.314846,288.900711,0,0,0,0,0,0,0,0,1,0,0,0,0,0,0,0,0,0,0,0,0,0,0,0,0,0,0,0,0,0,0,0,1,0,0,0,0,0,0,0,0,0,0,0,0,1,0,0,0,0,1,0,0,0,0,0,0,0,0,1,0,0,0,0,180.115468,1.843383
588.073000,588.073000,587.961677,35.000000,8.000000,0.000000,0.000000,0.000000,0.000000,1.000000,0.000000,0.000000,0.000000,7.828700,56.633000,172.361522,0.000000,0.000000,0.000000,105.369961,105.369961,0.000000,0.000000,0.000000,65.655360,0.000000,212.000000,0.000000,0.000000,0.000000,0.000000,0.000000,0.000000,0.000000,0.000000,0.000000,0.000000,-1.680000,33.320000,7.663423,-0.218657,-0.196172,-0.701319,-0.572196,-0.669085,-0.659852,-0.393604,-0.492356,-0.355817,-0.431065,-0.653199,-0.030885,-0.582079,-0.393487,-0.302754,-0.723687,-0.456572,-0.567168,-0.406295,-0.561912,0.235439,0.081261,0.226487,-0.306438,0.051267,0.085398,0.161944,0.226324,-0.032615,0.021609,0.869212,0.810842,0.533700,0.212276,0.382271,0.338430,0.514545,0.541225,0.152931,0.429876,0.495077,0.580781,0.504923,0.122831,0.593555,0.254792,0.000105,1.088957,0.000000,0.504230,14.096536,12.099435,0.492651,0.282862,0.062441,1.627385,0.000387,13979.895520,1.315391,0.972772,6.034642,0.478538,2949.839888,429.428532,5.956198,7983.155545,2646.549261,4157.773213,23.655048,29.091278,32.040733,339469767938285.562500,10.064838,0.766664,1.941667,0.001165,0.000192,0.571373,28.731280,278.941276,0,0,0,0,0,0,0,0,1,0,0,0,0,0,0,0,0,0,0,0,0,0,0,0,0,0,0,0,0,0,0,0,1,0,0,0,0,0,0,0,0,0,0,0,0,1,0,0,0,0,1,0,0,0,0,0,0,0,0,1,0,0,0,0,137.155739,1.533518
588.073000,588.073000,587.961677,35.000000,8.000000,0.000000,0.000000,0.000000,0.000000,1.000000,0.000000,0.000000,0.000000,7.828700,56.633000,172.361522,0.000000,0.000000,0.000000,105.369961,105.369961,0.000000,0.000000,0.000000,65.655360,0.000000,212.000000,0.000000,0.000000,0.000000,0.000000,0.000000,0.000000,0.000000,0.000000,0.000000,0.000000,-1.680000,33.320000,7.663423,-0.681013,-0.488074,-0.621012,-0.661894,-0.137867,-0.767786,-0.469749,-0.680907,-0.436319,-0.576856,-0.213700,-0.390057,-0.674022,-0.178455,-0.410848,-0.549594,-0.645322,-0.593847,-0.490015,-0.336580,0.353259,0.101616,-0.012713,0.207844,-0.092590,0.372028,0.503603,0.137813,0.590226,0.180717,0.514030,0.311590,0.354872,0.540876,0.279196,0.370681,0.721908,0.785725,0.446587,0.430981,0.609038,0.640371,0.390962,0.179831,0.758637,0.275615,0.000116,0.955003,0.000000,0.628013,12.503224,13.418995,0.364464,0.300021,0.000000,1.226201,0.000375,11577.796712,1.298638,0.758938,6.434101,0.554979,2846.873930,485.156221,5.760141,10501.727855,3108.957485,4144.105217,29.591481,25.924576,43.351086,313026245473497.875000,8.118852,0.775562,2.023881,0.000989,0.000215,0.490178,27.744811,266.709064,0,0,0,0,0,0,0,0,1,0,0,0,0,0,0,0,0,0,0,0,0,0,0,0,0,0,0,0,0,0,0,0,1,0,0,0,0,0,0,0,0,0,0,0,0,1,0,0,0,0,1,0,0,0,0,0,0,0,0,1,0,0,0,0,165.919679,1.500000
588.073000,588.073000,587.961677,35.000000,8.000000,0.000000,0.000000,0.000000,0.000000,1.000000,0.000000,0.000000,0.000000,7.828700,56.633000,172.361522,0.000000,0.000000,0.000000,105.369961,105.369961,0.000000,0.000000,0.000000,65.655360,0.000000,212.000000,0.000000,0.000000,0.000000,0.000000,0.000000,0.000000,0.000000,0.000000,0.000000,0.000000,-1.680000,33.320000,7.663423,-0.724135,-0.686459,-0.532327,-0.929434,-0.889055,-0.481285,-0.344601,-0.729967,-0.746192,-0.657812,-0.320293,-0.564349,-0.651010,-0.461839,-0.396745,-0.334545,-0.647389,-0.351264,-0.447571,-0.227862,0.360601,0.075955,0.262299,0.009715,0.016221,0.197074,0.335374,0.191876,0.370615,0.066133,0.296697,0.259433,0.451025,0.415333,0.324812,0.410585,0.688924,0.442664,0.346037,0.589791,0.519386,0.510361,0.480614,0.099382,0.625843,0.290381,0.000110,0.997510,0.000000,0.512944,11.971278,10.777439,0.335194,0.243477,0.000000,8.185233,0.000737,13992.547107,1.257515,1.152945,5.430557,0.512473,2850.514440,522.053043,5.929880,9606.236114,2137.333907,3690.248995,26.894032,27.380264,35.024586,332084719984389.750000,7.533582,0.732735,2.106037,0.000925,0.000260,0.507358,28.738159,247.490505,0,0,0,0,0,0,0,0,1,0,0,0,0,0,0,0,0,0,0,0,0,0,0,0,0,0,0,0,0,0,0,0,1,0,0,0,0,0,0,0,0,0,0,0,0,1,0,0,0,0,1,0,0,0,0,0,0,0,0,1,0,0,0,0,164.429040,1.604565
588.073000,588.073000,587.961677,35.000000,8.000000,0.000000,0.000000,0.000000,0.000000,1.000000,0.000000,0.000000,0.000000,7.828700,56.633000,172.361522,0.000000,0.000000,0.000000,105.369961,105.369961,0.000000,0.000000,0.000000,65.655360,0.000000,212.000000,0.000000,0.000000,0.000000,0.000000,0.000000,0.000000,0.000000,0.000000,0.000000,0.000000,-1.680000,33.320000,7.663423,-0.836266,-0.570116,-0.677640,-0.608505,-0.573725,-1.024865,-0.457149,-0.557698,-0.850865,-0.860781,-0.551001,-0.627536,-0.209824,-0.429402,-0.658982,-0.686913,-0.650046,-0.681659,-0.167615,-0.550472,0.306470,0.246660,0.023339,0.140760,0.231322,0.019410,0.207965,-0.179503,0.279367,0.002817,0.391523,0.479371,0.940281,0.021431,0.409011,0.462253,0.258954,0.184890,0.178675,0.205829,0.512510,0.564005,0.487490,0.129461,0.717161,0.323840,0.000100,0.930948,0.000000,0.506051,11.603790,13.202589,0.674633,0.327434,0.065876,0.861186,0.000737,13430.466690,1.325212,1.036788,5.801245,0.577233,2584.752326,561.996655,6.235641,7444.757047,2643.964483,5326.701407,23.073793,35.714437,31.519724,357098149914819.562500,8.316156,0.666032,1.998700,0.001358,0.000198,0.477275,35.111638,271.443393,0,0,0,0,0,0,0,0,1,0,0,0,0,0,0,0,0,0,0,0,0,0,0,0,0,0,0,0,0,0,0,0,1,0,0,0,0,0,0,0,0,0,0,0,0,1,0,0,0,0,1,0,0,0,0,0,0,0,0,1,0,0,0,0,173.296466,1.500000
588.073000,588.073000,587.961677,35.000000,8.000000,0.000000,0.000000,0.000000,0.000000,1.000000,0.000000,0.000000,0.000000,7.828700,56.633000,172.361522,0.000000,0.000000,0.000000,105.369961,105.369961,0.000000,0.000000,0.000000,65.655360,0.000000,212.000000,0.000000,0.000000,0.000000,0.000000,0.000000,0.000000,0.000000,0.000000,0.000000,0.000000,-1.680000,33.320000,7.663423,-0.232905,-0.497876,-0.891144,-0.804342,-0.350265,-0.403240,-0.309950,-0.852264,-0.643513,-0.328724,-0.179844,-0.096578,-0.485149,-0.579943,-0.331267,-0.825765,-0.585225,-0.875451,-0.606383,-0.460272,0.074622,-0.121913,-0.010187,0.456449,0.325349,0.426063,0.450667,0.161514,0.124508,0.317403,0.346891,0.436661,0.278767,0.282730,0.173126,0.087350,0.418134,0.326308,0.144899,0.709815,0.574937,0.718039,0.425063,0.103073,0.511174,0.327204,0.000101,0.923030,0.000000,0.637854,13.576499,11.436608,0.634298,0.280678,0.048910,-1.103070,0.000355,10330.766424,1.423807,1.108163,6.056760,0.605548,3427.350738,552.477514,7.206143,9442.428047,3324.688349,4637.074191,29.977870,28.376733,29.661770,366845918676399.500000,6.842738,0.806826,2.041936,0.000896,0.000228,0.455106,32.834799,336.092883,0,0,0,0,0,0,0,0,1,0,0,0,0,0,0,0,0,0,0,0,0,0,0,0,0,0,0,0,0,0,0,0,1,0,0,0,0,0,0,0,0,0,0,0,0,1,0,0,0,0,1,0,0,0,0,0,0,0,0,1,0,0,0,0,135.635946,1.809220
588.073000,588.073000,587.961677,35.000000,8.000000,0.000000,0.000000,0.000000,0.000000,1.000000,0.000000,0.000000,0.000000,7.828700,56.633000,172.361522,0.000000,0.000000,0.000000,105.369961,105.369961,0.000000,0.000000,0.000000,65.655360,0.000000,212.000000,0.000000,0.000000,0.000000,0.000000,0.000000,0.000000,0.000000,0.000000,0.000000,0.000000,-1.680000,33.320000,7.663423,-0.396318,-0.729410,-0.372486,-0.809954,-0.678282,-0.672409,-0.357528,-0.558213,-0.859017,-0.562296,-0.422654,-0.502551,-0.511683,-0.475512,-0.550136,-0.511292,-0.322630,-0.654316,-0.637685,-0.451417,-0.023590,0.126776,0.095049,0.314033,0.107944,0.077218,0.263209,0.084307,0.357404,0.103431,0.365313,0.024538,0.360650,0.564608,0.087717,0.279266,0.362094,-0.113810,-0.079812,0.584645,0.509424,0.626305,0.490576,0.137003,0.696431,0.355366,0.000110,1.028765,0.000000,0.673152,10.995183,9.026349,0.503634,0.320266,0.000000,2.759909,0.000519,11756.270251,1.363545,0.866755,6.804314,0.402659,3246.649468,586.719514,5.655165,8563.554204,3067.413774,6229.225847,28.589059,25.831026,29.964915,334174627770871.812500,6.844610,0.647588,2.117784,0.000994,0.000221,0.616463,35.684997,345.952360,0,0,0,0,0,0,0,0,1,0,0,0,0,0,0,0,0,0,0,0,0,0,0,0,0,0,0,0,0,0,0,0,1,0,0,0,0,0,0,0,0,0,0,0,0,1,0,0,0,0,1,0,0,0,0,0,0,0,0,1,0,0,0,0,162.990099,1.500000
588.073000,588.073000,587.961677,35.000000,8.000000,0.000000,0.000000,0.000000,0.000000,1.000000,0.000000,0.000000,0.000000,7.828700,56.633000,172.361522,0.000000,0.000000,0.000000,105.369961,105.369961,0.000000,0.000000,0.000000,65.655360,0.000000,212.000000,0.000000,0.000000,0.000000,0.000000,0.000000,0.000000,0.000000,0.000000,0.000000,0.000000,-1.680000,33.320000,7.663423,-0.547786,-0.434640,-0.670806,-0.158841,-0.717105,-0.629525,-0.620624,-0.698999,-0.561543,-0.457393,-0.756551,-0.152786,-0.409974,0.019430,-0.274389,-0.511211,-0.488909,-0.468220,-0.684254,-0.419324,0.266600,0.200985,0.268915,0.620841,0.037122,0.151388,0.355044,0.344832,0.248317,0.390268,0.256117,0.372175,0.333477,0.329218,0.429071,0.466847,0.656969,0.565549,0.614131,0.567899,0.643462,0.628504,0.356538,0.116370,0.708983,0.340030,0.000113,1.016224,0.000000,0.492554,12.733456,13.332241,0.600339,0.295265,0.000000,0.466443,0.000468,11393.311349,1.110242,0.787909,5.808416,0.512207,2027.566873,471.824989,6.465705,8171.485341,2576.459405,6319.997713,16.238024,35.163554,22.345113,355251137565321.062500,8.542958,0.643068,1.925200,0.001050,0.000243,0.588551,27.840408,310.390990,0,0,0,0,0,0,0,0,1,0,0,0,0,0,0,0,0,0,0,0,0,0,0,0,0,0,0,0,0,0,0,0,1,0,0,0,0,0,0,0,0,0,0,0,0,1,0,0,0,0,1,0,0,0,0,0,0,0,0,1,0,0,0,0,192.958344,1.812975
588.073000,588.073000,587.961677,35.000000,8.000000,0.000000,0.000000,0.000000,0.000000,1.000000,0.000000,0.000000,0.000000,7.828700,56.633000,172.361522,0.000000,0.000000,0.000000,105.369961,105.369961,0.000000,0.000000,0.000000,65.655360,0.000000,212.000000,0.000000,0.000000,0.000000,0.000000,0.000000,0.000000,0.000000,0.000000,0.000000,0.000000,-1.680000,33.320000,7.663423,-0.666124,-0.912409,-0.442474,-0.820287,-0.876354,-0.515926,-0.366621,-0.625209,-0.646707,-0.515230,-0.094996,-0.503359,-0.530956,-0.743720,-0.062795,-0.591119,-0.462387,-0.567832,-0.305630,-0.407017,0.476891,0.250597,-0.140166,0.422425,-0.032618,-0.091057,0.397928,0.399440,0.238659,0.382614,0.644907,0.390072,0.456364,0.238995,0.354676,0.637845,0.521782,0.306488,0.133889,0.523047,0.591369,0.586675,0.408631,0.109588,0.626249,0.242240,0.000113,0.951352,0.000000,0.579371,13.124785,11.559538,0.517112,0.316727,0.003748,-0.436670,0.000377,13655.822917,1.298253,1.388839,5.050126,0.578969,3526.083836,506.209104,5.557753,7768.933121,2405.511138,4001.215127,20.828515,13.191014,22.830215,303828300694778.937500,8.445877,0.830173,2.110430,0.000921,0.000222,0.590497,29.674479,247.079067,0,0,0,0,0,0,0,0,1,0,0,0,0,0,0,0,0,0,0,0,0,0,0,0,0,0,0,0,0,0,0,0,1,0,0,0,0,0,0,0,0,0,0,0,0,1,0,0,0,0,1,0,0,0,0,0,0,0,0,1,0,0,0,0,162.104213,1.742315
588.073000,588.073000,587.961677,35.000000,8.000000,0.000000,0.000000,0.000000,0.000000,1.000000,0.000000,0.000000,0.000000,7.828700,56.633000,172.361522,0.000000,0.000000,0.000000,105.369961,105.369961,0.000000,0.000000,0.000000,65.655360,0.000000,212.000000,0.000000,0.000000,0.000000,0.000000,0.000000,0.000000,0.000000,0.000000,0.000000,0.000000,-1.680000,33.320000,7.663423,-0.476263,-0.755648,-0.497989,-0.644796,-0.615320,-0.271330,-0.534914,-0.764890,-0.813561,-0.517116,-0.311396,-0.597452,-0.448418,-0.338909,-0.805101,-0.644614,-0.450834,-0.595158,-0.748277,-0.315110,0.244299,0.047938,0.047324,-0.007012,0.259955,0.355107,0.217882,0.162882,0.130887,0.347920,0.474166,0.174868,0.409204,0.328330,0.164039,-0.065510,0.397074,0.151450,0.274369,0.475248,0.714534,0.543639,0.285466,0.120419,0.751965,0.287063,0.000108,1.016209,0.000000,0.655323,11.150669,11.639144,0.562935,0.317157,0.043488,5.735395,0.000544,12023.915750,1.266665,1.265409,5.444826,0.576268,3242.736739,535.807194,5.932669,8174.546730,2376.669866,5175.638269,30.696679,30.294970,41.128631,361802147472924.500000,8.647112,0.830549,2.129459,0.001337,0.000187,0.591794,32.356766,338.690496,0,0,0,0,0,0,0,0,1,0,0,0,0,0,0,0,0,0,0,0,0,0,0,0,0,0,0,0,0,0,0,0,1,0,0,0,0,0,0,0,0,0,0,0,0,1,0,0,0,0,1,0,0,0,0,0,0,0,0,1,0,0,0,0,203.550042,1.850210
588.073000,588.073000,587.961677,35.000000,8.000000,0.000000,0.000000,0.000000,0.000000,1.000000,0.000000,0.000000,0.000000,7.828700,56.633000,172.361522,0.000000,0.000000,0.000000,105.369961,105.369961,0.000000,0.000000,0.000000,65.655360,0.000000,212.000000,0.000000,0.000000,0.000000,0.000000,0.000000,0.000000,0.000000,0.000000,0.000000,0.000000,-1.680000,33.320000,7.663423,-0.749078,-0.473704,-0.581894,-0.578933,-0.389562,-0.648207,-0.664103,-0.983434,-0.405982,-0.366226,-0.201468,-0.223912,-0.669580,-0.289129,-0.653388,-0.942483,-0.338289,-0.193793,-0.358760,-0.693163,-0.035613,0.075091,0.132430,0.122483,0.412311,0.020215,0.008251,0.329708,0.173664,-0.022233,0.455754,0.462881,0.528164,0.682740,0.509925,0.424974,0.173843,0.456277,0.265898,0.461906,0.603333,0.622947,0.396667,0.109698,0.653068,0.253632,0.000125,0.973446,0.000000,0.536610,11.181695,12.403020,0.345774,0.209481,0.040311,7.438257,0.000213,11419.817543,1.152088,1.074628,5.492560,0.537435,3362.651851,468.465735,5.772350,8380.655496,2772.777887,4693.269403,24.805535,20.952822,38.079755,412640013241603.187500,6.997788,0.702390,1.978259,0.000902,0.000179,0.617227,38.939476,260.916105,0,0,0,0,0,0,0,0,1,0,0,0,0,0,0,0,0,0,0,0,0,0,0,0,0,0,0,0,0,0,0,0,1,0,0,0,0,0,0,0,0,0,0,0,0,1,0,0,0,0,1,0,0,0,0,0,0,0,0,1,0,0,0,0,170.010241,1.725110
588.073000,588.073000,587.961677,35.000000,8.000000,0.000000,0.000000,0.000000,0.000000,1.000000,0.000000,0.000000,0.000000,7.828700,56.633000,172.361522,0.000000,0.000000,0.000000,105.369961,105.369961,0.000000,0.000000,0.000000,65.655360,0.000000,212.000000,0.000000,0.000000,0.000000,0.000000,0.000000,0.000000,0.000000,0.000000,0.000000,0.000000,-1.680000,33.320000,7.663423,-0.376324,-0.473157,-0.614744,-0.507031,-0.734839,-0.720268,-0.354372,-0.632676,-0.236529,-0.406313,-0.264600,-0.739540,-0.864731,-0.171534,-0.639848,-0.637280,-0.585803,-0.481812,-0.785947,-0.429918,0.216057,0.469404,-0.130229,0.056442,0.257733,0.175737,0.270535,0.231317,-0.050373,0.022906,0.502343,0.357038,0.665916,0.251641,0.074221,-0.210982,0.422009,0.359967,0.163712,0.185434,0.687380,0.564371,0.312620,0.106734,0.667072,0.345433,0.000122,1.095877,0.000000,0.577088,14.787207,14.478281,0.593375,0.395880,0.004958,0.451336,0.000788,12052.235633,1.303864,0.890314,6.059809,0.518712,3386.177409,550.680034,6.671000,10626.774767,2100.368288,4985.727973,27.365305,29.601883,38.962816,368275418352909.250000,7.745444,0.680040,2.037650,0.001023,0.000199,0.551401,23.136148,268.520373,0,0,0,0,0,0,0,0,1,0,0,0,0,0,0,0,0,0,0,0,0,0,0,0,0,0,0,0,0,0,0,0,1,0,0,0,0,0,0,0,0,0,0,0,0,1,0,0,0,0,1,0,0,0,0,0,0,0,0,1,0,0,0,0,186.793610,2.106758
588.073000,588.073000,587.961677,35.000000,8.000000,0.000000,0.000000,0.000000,0.000000,1.000000,0.000000,0.000000,0.000000,7.828700,56.633000,172.361522,0.000000,0.000000,0.000000,105.369961,105.369961,0.000000,0.000000,0.000000,65.655360,0.000000,212.000000,0.000000,0.000000,0.000000,0.000000,0.000000,0.000000,0.000000,0.000000,0.000000,0.000000,-1.680000,33.320000,7.663423,-0.289743,-0.576176,-0.525648,-0.931666,-0.604856,-0.572024,-0.123651,-0.516614,-0.687959,-0.694215,-0.332791,-0.655204,-0.494403,-0.613190,-0.474816,-0.575589,-0.370279,-0.392384,-0.263338,-0.754559,0.403794,0.119323,0.497202,0.127674,0.502035,-0.038910,-0.006315,0.309127,0.353485,0.173646,0.860926,0.049445,0.522071,0.102454,0.291195,0.618731,0.400527,0.613992,0.718742,0.583062,0.656750,0.605099,0.343250,0.118700,0.744915,0.330188,0.000106,1.040200,0.000000,0.719535,13.537312,11.798125,0.275058,0.291851,0.060017,0.848087,0.000308,11216.076356,1.387237,1.463649,5.677434,0.539078,3416.067011,463.216707,5.472033,7617.869908,2941.777609,5545.332772,27.286122,20.776385,31.996112,358905473669150.875000,6.128694,0.781947,2.168429,0.000721,0.000166,0.614650,35.095410,257.271416,0,0,0,0,0,0,0,0,1,0,0,0,0,0,0,0,0,0,0,0,0,0,0,0,0,0,0,0,0,0,0,0,1,0,0,0,0,0,0,0,0,0,0,0,0,1,0,0,0,0,1,0,0,0,0,0,0,0,0,1,0,0,0,0,196.259782,1.792326
588.073000,588.073000,587.961677,35.000000,8.000000,0.000000,0.000000,0.000000,0.000000,1.000000,0.000000,0.000000,0.000000,7.828700,56.633000,172.361522,0.000000,0.000000,0.000000,105.369961,105.369961,0.000000,0.000000,0.000000,65.655360,0.000000,212.000000,0.000000,0.000000,0.000000,0.000000,0.000000,0.000000,0.000000,0.000000,0.000000,0.000000,-1.680000,33.320000,7.663423,-0.588623,-0.728683,-0.449205,-0.640621,-0.655578,-0.271001,-0.725327,-0.302696,-0.855194,-0.551163,-0.398312,-0.635766,-0.406077,-0.402668,-0.247899,-0.551891,-0.371474,-0.446332,-0.544947,-0.267072,0.289008,0.176591,0.218146,0.139412,-0.042295,0.161342,0.395885,0.300745,0.047547,0.327749,0.898810,0.343944,0.447861,0.256175,0.312584,0.392834,0.530438,0.241024,0.155784,0.492716,0.482114,0.636192,0.517886,0.140504,0.633024,0.319734,0.000120,1.035594,0.000000,0.513905,13.010621,12.359266,0.432700,0.299942,0.000000,5.409473,0.000600,11450.248877,1.291705,1.302136,5.990679,0.551312,2963.880721,508.120691,6.189684,8618.040584,2841.465960,5303.937477,30.689597,30.901686,32.705867,334623278441277.812500,8.563827,0.605772,2.091465,0.001319,0.000204,0.552473,31.215541,374.712468,0,0,0,0,0,0,0,0,1,0,0,0,0,0,0,0,0,0,0,0,0,0,0,0,0,0,0,0,0,0,0,0,1,0,0,0,0,0,0,0,0,0,0,0,0,1,0,0,0,0,1,0,0,0,0,0,0,0,0,1,0,0,0,0,142.933718,1.500000
588.073000,588.073000,587.961677,35.000000,8.000000,0.000000,0.000000,0.000000,0.000000,1.000000,0.000000,0.000000,0.000000,7.828700,56.633000,172.361522,0.000000,0.000000,0.000000,105.369961,105.369961,0.000000,0.000000,0.000000,65.655360,0.000000,212.000000,0.000000,0.000000,0.000000,0.000000,0.000000,0.000000,0.000000,0.000000,0.000000,0.000000,-1.680000,33.320000,7.663423,-0.618916,-0.855710,-0.488649,-0.675285,-0.767147,-0.498955,-0.663282,-0.538926,-0.559046,-0.492211,-0.178936,-0.341196,-0.513579,-0.537653,-0.828889,-0.595600,-0.539629,-0.393183,-0.024856,-0.926431,0.223146,0.134574,0.184379,0.343859,0.065791,0.012729,0.366985,0.252060,0.559163,0.218986,0.425346,0.431181,0.456348,0.437850,0.564795,0.389591,0.266813,0.253253,0.120098,0.721207,0.569225,0.542662,0.430775,0.137261,0.624836,0.253211,0.000105,0.981439,0.000000,0.477555,11.435972,11.470948,0.306764,0.422288,0.064388,8.355757,0.000447,13313.048224,1.429018,0.950857,5.747496,0.546105,2832.898907,500.682650,4.750234,8398.470512,2710.172920,6659.402263,26.611448,27.829073,28.962600,347274705337235.187500,7.918098,0.745969,1.904891,0.000700,0.000202,0.587776,32.762740,336.139471,0,0,0,0,0,0,0,0,1,0,0,0,0,0,0,0,0,0,0,0,0,0,0,0,0,0,0,0,0,0,0,0,1,0,0,0,0,0,0,0,0,0,0,0,0,1,0,0,0,0,1,0,0,0,0,0,0,0,0,1,0,0,0,0,150.578408,1.500000
588.073000,588.073000,587.961677,35.000000,8.000000,0.000000,0.000000,0.000000,0.000000,1.000000,0.000000,0.000000,0.000000,7.828700,56.633000,172.361522,0.000000,0.000000,0.000000,105.369961,105.369961,0.000000,0.000000,0.000000,65.655360,0.000000,212.000000,0.000000,0.000000,0.000000,0.000000,0.000000,0.000000,0.000000,0.000000,0.000000,0.000000,-1.680000,33.320000,7.663423,-0.442198,-0.442211,-0.770612,-0.669231,-0.581154,-0.663636,-0.835439,-0.332259,-0.288205,-0.281333,-0.382759,-0.416585,-0.755769,-0.358820,-0.236475,-0.455500,-0.402588,-0.634563,-0.254380,-0.314955,-0.193363,0.062773,0.292516,0.233911,-0.322664,0.284357,0.276045,-0.016165,0.451628,-0.111906,0.192052,0.237377,0.302056,0.587847,0.324632,0.543215,0.266731,0.359125,0.363684,0.621135,0.639929,0.704296,0.360071,0.108473,0.721284,0.284718,0.000113,0.972569,0.000000,0.576629,13.385300,10.922848,0.524918,0.273393,0.023041,3.265577,0.000346,11170.654965,1.256861,0.888685,5.988648,0.497308,3346.804279,508.853440,6.035364,6560.762372,3102.053908,5188.324962,12.997638,27.417717,32.271276,333058414231718.250000,7.337560,0.778334,1.924580,0.001140,0.000226,0.655084,28.561406,360.892213,0,0,0,0,0,0,0,0,1,0,0,0,0,0,0,0,0,0,0,0,0,0,0,0,0,0,0,0,0,0,0,0,1,0,0,0,0,0,0,0,0,0,0,0,0,1,0,0,0,0,1,0,0,0,0,0,0,0,0,1,0,0,0,0,206.332190,1.928379
588.073000,588.073000,587.961677,35.000000,8.000000,0.000000,0.000000,0.000000,0.000000,1.000000,0.000000,0.000000,0.000000,7.828700,56.633000,172.361522,0.000000,0.000000,0.000000,105.369961,105.369961,0.000000,0.000000,0.000000,65.655360,0.000000,212.000000,0.000000,0.000000,0.000000,0.000000,0.000000,0.000000,0.000000,0.000000,0.000000,0.000000,-1.680000,33.320000,7.663423,-0.576456,-0.529256,-0.311656,-0.357895,-0.792686,-0.726376,-0.583010,-0.396745,-0.480763,-0.362653,-0.811742,-0.401512,-0.714522,-0.446180,-0.169288,-0.414019,-0.379649,-0.497462,-0.316374,-0.546370,0.111509,-0.126157,0.038843,0.027126,0.176546,0.427619,0.579967,0.147265,0.382618,0.238389,0.583819,0.457100,0.322465,0.678229,0.425758,0.147689,0.478587,0.352859,0.144031,0.254270,0.625361,0.645498,0.374639,0.113524,0.618602,0.293494,0.000111,0.902440,0.000000,0.551443,12.273064,12.904285,0.451070,0.205038,0.000000,-8.472263,0.000263,11547.196497,1.305745,1.090042,5.661047,0.517287,3753.192233,389.034261,6.609474,7692.637743,3142.346300,4725.993997,26.789372,30.946291,32.908413,278515285981851.437500,7.245663,0.740335,1.966722,0.001021,0.000169,0.453579,27.642167,295.064662,0,0,0,0,0,0,0,0,1,0,0,0,0,0,0,0,0,0,0,0,0,0,0,0,0,0,0,0,0,0,0,0,1,0,0,0,0,0,0,0,0,0,0,0,0,1,0,0,0,0,1,0,0,0,0,0,0,0,0,1,0,0,0,0,163.548800,1.774850
588.073000,588.073000,587.961677,35.000000,8.000000,0.000000,0.000000,0.000000,0.000000,1.000000,0.000000,0.000000,0.000000,7.828700,56.633000,172.361522,0.000000,0.000000,0.000000,105.369961,105.369961,0.000000,0.000000,0.000000,65.655360,0.000000,212.000000,0.000000,0.000000,0.000000,0.000000,0.000000,0.000000,0.000000,0.000000,0.000000,0.000000,-1.680000,33.320000,7.663423,-0.319808,-0.632749,-0.809694,-0.500636,-0.382272,-0.531729,-0.358749,-0.627209,-0.598599,-0.391461,-0.523319,-0.468459,-0.278378,-0.315649,-0.671928,-0.523956,-0.298354,-0.393316,-0.684463,-0.200087,-0.029008,-0.075278,-0.105826,0.323483,-0.040150,0.006953,0.244188,0.067750,0.329527,0.091188,0.219917,0.161114,0.743287,0.335800,0.777520,0.092340,0.517334,0.589555,0.180041,0.749220,0.688758,0.710189,0.311242,0.131159,0.614712,0.199675,0.000100,1.023831,0.000000,0.593617,11.920379,12.539067,0.717698,0.387465,0.052074,-2.413016,0.000501,12778.405272,1.405443,0.894824,5.415153,0.465580,3688.189643,481.372690,7.068394,6588.899613,2757.460079,4789.042328,22.503990,28.212163,22.808486,335789404176712.937500,6.859050,0.713807,1.894929,0.000908,0.000232,0.580191,29.999815,383.743679,0,0,0,0,0,0,0,0,1,0,0,0,0,0,0,0,0,0,0,0,0,0,0,0,0,0,0,0,0,0,0,0,1,0,0,0,0,0,0,0,0,0,0,0,0,1,0,0,0,0,1,0,0,0,0,0,0,0,0,1,0,0,0,0,164.628528,1.684757
588.073000,588.073000,587.961677,35.000000,8.000000,0.000000,0.000000,0.000000,0.000000,1.000000,0.000000,0.000000,0.000000,7.828700,56.633000,172.361522,0.000000,0.000000,0.000000,105.369961,105.369961,0.000000,0.000000,0.000000,65.655360,0.000000,212.000000,0.000000,0.000000,0.000000,0.000000,0.000000,0.000000,0.000000,0.000000,0.000000,0.000000,-1.680000,33.320000,7.663423,-0.479146,-0.679240,-0.755847,-0.479622,-0.386412,-0.518113,-0.562672,-0.285349,-0.261858,-0.272468,-0.448209,-0.636094,-0.353625,-0.368881,-0.342340,-0.414146,-0.177807,-0.347058,-0.470952,-0.323103,0.248311,0.116954,0.562478,0.186591,0.023584,0.238905,0.281883,0.514519,0.309148,0.347608,0.130186,0.464918,0.668032,0.524906,0.612734,0.142501,0.371566,0.585146,0.306444,0.218395,0.584086,0.498929,0.415914,0.147098,0.603044,0.272503,0.000098,1.070125,0.000000,0.558779,15.609667,11.684302,0.484455,0.417441,0.000000,-6.190877,0.000441,13359.578642,1.314284,1.237827,5.244104,0.536448,3166.299815,463.764989,5.866217,8326.320061,2177.885358,4677.972353,24.416475,36.843072,30.634742,332966390466913.562500,8.105609,0.642898,1.992245,0.001248,0.000152,0.550001,20.564837,282.618547,0,0,0,0,0,0,0,0,1,0,0,0,0,0,0,0,0,0,0,0,0,0,0,0,0,0,0,0,0,0,0,0,1,0,0,0,0,0,0,0,0,0,0,0,0,1,0,0,0,0,1,0,0,0,0,0,0,0,0,1,0,0,0,0,135.737532,1.614427
588.073000,588.073000,587.961677,35.000000,8.000000,0.000000,0.000000,0.000000,0.000000,1.000000,0.000000,0.000000,0.000000,7.828700,56.633000,172.361522,0.000000,0.000000,0.000000,105.369961,105.369961,0.000000,0.000000,0.000000,65.655360,0.000000,212.000000,0.000000,0.000000,0.000000,0.000000,0.000000,0.000000,0.000000,0.000000,0.000000,0.000000,-1.680000,33.320000,7.663423,-0.564224,-0.633553,-0.356798,-0.695686,-0.397577,-0.724304,-0.293539,-0.680926,-0.840371,0.056935,-0.202000,-0.484977,-0.678925,-0.539143,-0.616404,-0.415003,-0.411734,-0.571475,-0.395524,-0.480838,-0.141836,0.427751,0.099816,0.390016,0.282784,0.107375,0.182296,0.227220,0.319999,0.081262,0.716343,0.431997,0.373188,0.740788,0.449818,0.305843,0.331278,0.305439,0.665957,0.514338,0.557881,0.575852,0.442119,0.133011,0.647409,0.323495,0.000121,0.887469,0.000000,0.530344,13.203699,11.114900,0.528585,0.381564,0.049358,-7.060388,0.000811,11749.242323,1.284292,1.102480,6.147665,0.558535,3128.574886,478.397900,7.061056,8245.749576,2783.966313,4858.646807,27.064155,35.288505,43.791407,360657217971356.562500,6.981113,0.788950,1.864718,0.000537,0.000265,0.626586,25.114072,337.812390,0,0,0,0,0,0,0,0,1,0,0,0,0,0,0,0,0,0,0,0,0,0,0,0,0,0,0,0,0,0,0,0,1,0,0,0,0,0,0,0,0,0,0,0,0,1,0,0,0,0,1,0,0,0,0,0,0,0,0,1,0,0,0,0,154.546897,1.612144
588.073000,588.073000,587.961677,35.000000,8.000000,0.000000,0.000000,0.000000,0.000000,1.000000,0.000000,0.000000,0.000000,7.828700,56.633000,172.361522,0.000000,0.000000,0.000000,105.369961,105.369961,0.000000,0.000000,0.000000,65.655360,0.000000,212.000000,0.000000,0.000000,0.000000,0.000000,0.000000,0.000000,0.000000,0.000000,0.000000,0.000000,-1.680000,33.320000,7.663423,-0.777776,-0.638343,-0.493656,-0.609441,-0.725331,-0.257415,0.078020,-0.320245,-0.506071,-0.479410,-0.311310,-0.568751,-0.353250,-0.378282,-0.492653,-0.572162,-0.601431,-0.475956,-0.738901,-0.240854,0.303794,-0.002624,0.232693,0.171202,0.384886,0.204658,0.065450,-0.155412,0.142377,0.221870,0.675219,0.099470,0.366851,0.213101,0.644956,0.259869,0.478893,0.509597,0.087725,0.554226,0.445737,0.687128,0.554263,0.121214,0.748951,0.287475,0.000113,1.018113,0.000000,0.406708,14.364898,13.478901,0.431708,0.238778,0.005382,2.775430,0.000585,12684.011101,1.283251,1.312128,4.659860,0.551741,3318.168946,590.883247,6.505843,8993.076031,2427.385137,6131.574518,23.388351,34.883044,27.618589,354829974533173.062500,8.157879,0.698225,1.825934,0.000990,0.000129,0.496346,38.229272,372.738792,0,0,0,0,0,0,0,0,1,0,0,0,0,0,0,0,0,0,0,0,0,0,0,0,0,0,0,0,0,0,0,0,1,0,0,0,0,0,0,0,0,0,0,0,0,1,0,0,0,0,1,0,0,0,0,0,0,0,0,1,0,0,0,0,186.008422,1.500000
588.073000,588.073000,587.961677,35.000000,8.000000,0.000000,0.000000,0.000000,0.000000,1.000000,0.000000,0.000000,0.000000,7.828700,56.633000,172.361522,0.000000,0.000000,0.000000,105.369961,105.369961,0.000000,0.000000,0.000000,65.655360,0.000000,212.000000,0.000000,0.000000,0.000000,0.000000,0.000000,0.000000,0.000000,0.000000,0.000000,0.000000,-1.680000,33.320000,7.663423,-0.561831,-0.567522,-0.444018,-0.573196,-0.614662,-0.607127,-0.410959,-0.594305,-0.293603,-0.723037,-0.349212,-0.472936,-0.584749,-0.630210,-0.483404,-0.279310,-0.304407,-0.758652,-0.699982,-0.417947,0.158456,0.367173,0.121818,0.243890,0.124194,0.311072,0.055621,0.248540,0.207687,-0.042264,0.585274,0.511698,0.846641,0.110967,0.592484,0.153632,0.514424,0.260189,0.375454,0.560331,0.569775,0.653263,0.430225,0.111703,0.616167,0.242762,0.000126,0.957555,0.000000,0.663364,14.264739,11.424874,0.392557,0.239065,0.000000,-1.954717,0.000305,12274.032662,1.279059,1.316197,5.229181,0.514563,2807.859522,437.979415,6.546626,9731.118875,2674.731321,4542.197015,21.367845,27.333447,34.685154,392767141346847.875000,6.744433,0.802757,2.062724,0.000855,0.000181,0.560716,32.843582,287.943724,0,0,0,0,0,0,0,0,1,0,0,0,0,0,0,0,0,0,0,0,0,0,0,0,0,0,0,0,0,0,0,0,1,0,0,0,0,0,0,0,0,0,0,0,0,1,0,0,0,0,1,0,0,0,0,0,0,0,0,1,0,0,0,0,165.605216,1.816954
588.073000,588.073000,587.961677,35.000000,8.000000,0.000000,0.000000,0.000000,0.000000,1.000000,0.000000,0.000000,0.000000,7.828700,56.633000,172.361522,0.000000,0.000000,0.000000,105.369961,105.369961,0.000000,0.000000,0.000000,65.655360,0.000000,212.000000,0.000000,0.000000,0.000000,0.000000,0.000000,0.000000,0.000000,0.000000,0.000000,0.000000,-1.680000,33.320000,7.663423,-0.457735,-0.589583,-0.626978,-0.848946,-0.468891,-0.667452,-0.337637,-0.682835,-0.663677,-0.362136,-0.513186,-0.487988,-0.355514,-0.085908,-0.542141,-0.646291,-0.603793,-0.888987,-0.580748,-0.784849,0.218556,0.264685,0.087827,0.321151,0.209694,0.337002,0.121178,0.192205,0.111466,0.329850,0.396757,0.540237,0.457124,0.628217,0.214536,0.294760,0.463252,0.390462,0.502372,0.352865,0.617856,0.728855,0.382144,0.119373,0.674990,0.320982,0.000120,1.018891,0.000000,0.695471,12.243157,10.544010,0.454210,0.238377,0.000000,-0.347734,0.000358,11917.617533,1.244329,1.316271,6.193625,0.616171,2772.992440,529.808271,7.144045,7145.172260,3223.508600,6134.897662,28.558201,34.352551,37.242486,408928035326147.062500,9.674290,0.713082,2.156543,0.001190,0.000216,0.440098,32.835674,316.296014,0,0,0,0,0,0,0,0,1,0,0,0,0,0,0,0,0,0,0,0,0,0,0,0,0,0,0,0,0,0,0,0,1,0,0,0,0,0,0,0,0,0,0,0,0,1,0,0,0,0,1,0,0,0,0,0,0,0,0,1,0,0,0,0,181.706734,1.726876
588.073000,588.073000,587.961677,35.000000,8.000000,0.000000,0.000000,0.000000,0.000000,1.000000,0.000000,0.000000,0.000000,7.828700,56.633000,172.361522,0.000000,0.000000,0.000000,105.369961,105.369961,0.000000,0.000000,0.000000,65.655360,0.000000,212.000000,0.000000,0.000000,0.000000,0.000000,0.000000,0.000000,0.000000,0.000000,0.000000,0.000000,-1.680000,33.320000,7.663423,-0.131829,-0.662319,-0.660170,-0.566357,-0.407021,-0.495167,-0.642673,-0.624841,-0.449012,-0.665843,-0.304985,-0.234843,-0.829429,-0.059666,-0.337424,-0.571970,-0.358203,-0.503066,-0.876393,-0.689840,-0.102908,0.127001,0.208038,0.569863,0.025071,-0.050567,-0.008919,0.175914,0.341399,-0.058646,0.443026,0.369105,0.607837,0.400776,0.509494,-0.036692,0.382743,0.582544,0.122207,0.440582,0.531264,0.649538,0.468736,0.174287,0.668003,0.267085,0.000096,0.946863,0.000000,0.587651,11.754137,12.151578,0.504409,0.259536,0.000000,-1.814497,0.000563,11555.281021,1.272939,1.082176,4.911771,0.496276,3267.881466,512.769609,7.430354,8048.076485,3668.629345,4649.634646,23.213530,32.052455,36.531975,371099654670244.250000,8.533859,0.673907,1.990232,0.000983,0.000173,0.530300,26.503518,255.284626,0,0,0,0,0,0,0,0,1,0,0,0,0,0,0,0,0,0,0,0,0,0,0,0,0,0,0,0,0,0,0,0,1,0,0,0,0,0,0,0,0,0,0,0,0,1,0,0,0,0,1,0,0,0,0,0,0,0,0,1,0,0,0,0,137.859352,1.500000
588.073000,588.073000,587.961677,35.000000,8.000000,0.000000,0.000000,0.000000,0.000000,1.000000,0.000000,0.000000,0.000000,7.828700,56.633000,172.361522,0.000000,0.000000,0.000000,105.369961,105.369961,0.000000,0.000000,0.000000,65.655360,0.000000,212.000000,0.000000,0.000000,0.000000,0.000000,0.000000,0.000000,0.000000,0.000000,0.000000,0.000000,-1.680000,33.320000,7.663423,-0.516484,-0.466691,-0.644205,-0.449020,-0.599397,-0.588840,-0.439173,-0.621579,-0.559678,-0.626468,-0.429691,-0.543173,-1.028457,-0.433807,-0.480445,-0.469998,-0.742126,-0.529146,-0.412989,-0.397203,-0.094349,0.435497,0.159520,0.055320,0.131058,0.337956,0.470444,0.275026,0.252487,0.149658,0.479712,0.175753,0.493742,0.283445,0.564429,0.581257,0.389942,0.330379,0.239213,0.297545,0.647298,0.623529,0.352702,0.163555,0.599286,0.200961,0.000123,1.114648,0.000000,0.499154,11.346537,12.688133,0.490417,0.285581,0.001370,4.129670,0.000447,11905.598836,1.198813,1.305071,5.027888,0.470772,4593.286211,423.769514,7.388890,8396.851693,2618.309432,5439.743192,28.503981,26.302311,40.299555,308884618759783.875000,9.924224,0.549219,2.124036,0.001101,0.000118,0.608716,26.589895,285.601060,0,0,0,0,0,0,0,0,1,0,0,0,0,0,0,0,0,0,0,0,0,0,0,0,0,0,0,0,0,0,0,0,1,0,0,0,0,0,0,0,0,0,0,0,0,1,0,0,0,0,1,0,0,0,0,0,0,0,0,1,0,0,0,0,132.700358,1.500000
588.073000,588.073000,587.961677,35.000000,8.000000,0.000000,0.000000,0.000000,0.000000,1.000000,0.000000,0.000000,0.000000,7.828700,56.633000,172.361522,0.000000,0.000000,0.000000,105.369961,105.369961,0.000000,0.000000,0.000000,65.655360,0.000000,212.000000,0.000000,0.000000,0.000000,0.000000,0.000000,0.000000,0.000000,0.000000,0.000000,0.000000,-1.680000,33.320000,7.663423,-0.657493,-0.679552,-0.318329,-0.922970,-0.397229,-0.770174,-1.064044,-0.892754,-0.438367,-0.471006,-0.014741,-0.486070,-0.866248,-0.133812,-0.539796,-0.279862,-0.550235,-0.520989,-0.505549,-0.700476,0.145556,0.252715,0.092950,0.281885,0.336506,0.080625,0.284006,-0.100005,0.397306,-0.215623,0.731611,0.659058,0.291488,0.397045,0.426899,0.292417,0.687412,0.193354,-0.008376,0.386254,0.681145,0.453201,0.318855,0.154861,0.680088,0.317242,0.000103,0.986754,0.000000,0.567160,11.038198,13.007546,0.409849,0.267034,0.000000,3.272433,0.000502,11615.118128,1.278921,0.793129,5.470053,0.593631,3825.774419,516.324160,5.556599,8152.099981,2621.338983,5263.079330,20.397523,39.342027,21.927726,367918878706685.250000,7.925499,0.747589,1.797428,0.000746,0.000171,0.630898,30.992591,286.994197,0,0,0,0,0,0,0,0,1,0,0,0,0,0,0,0,0,0,0,0,0,0,0,0,0,0,0,0,0,0,0,0,1,0,0,0,0,0,0,0,0,0,0,0,0,1,0,0,0,0,1,0,0,0,0,0,0,0,0,1,0,0,0,0,169.832763,1.500000
588.073000,588.073000,587.961677,35.000000,8.000000,0.000000,0.000000,0.000000,0.000000,1.000000,0.000000,0.000000,0.000000,7.828700,56.633000,172.361522,0.000000,0.000000,0.000000,105.369961,105.369961,0.000000,0.000000,0.000000,65.655360,0.000000,212.000000,0.000000,0.000000,0.000000,0.000000,0.000000,0.000000,0.000000,0.000000,0.000000,0.000000,-1.680000,33.320000,7.663423,-0.466946,-0.687944,-0.682813,-0.798007,-0.835920,-0.436032,-0.449956,-0.524425,-0.999367,-0.458723,-0.271746,-0.456635,-0.680663,-0.380073,-0.735697,-0.837304,-0.601639,-0.731459,-0.394316,-0.238878,0.233331,0.074364,0.207458,0.203279,0.039178,0.330631,-0.184962,0.314776,0.158022,0.422472,0.617686,0.594770,0.649228,0.244232,0.531870,0.287914,0.532576,0.530763,0.356417,0.760454,0.664855,0.604512,0.335145,0.140271,0.691003,0.230033,0.000118,1.025187,0.000000,0.566759,14.572927,13.501631,0.416310,0.276357,0.000000,3.716876,0.000416,13792.875136,1.200366,1.251559,6.342987,0.459087,2965.151980,612.354322,5.732461,8676.461148,2460.880604,4998.453132,24.197960,34.769703,41.571349,327317355320150.937500,8.578307,0.734298,2.083586,0.000781,0.000180,0.534840,30.765033,297.173765,0,0,0,0,0,0,0,0,1,0,0,0,0,0,0,0,0,0,0,0,0,0,0,0,0,0,0,0,0,0,0,0,1,0,0,0,0,0,0,0,0,0,0,0,0,1,0,0,0,0,1,0,0,0,0,0,0,0,0,1,0,0,0,0,171.158662,1.731652
588.073000,588.073000,587.961677,35.000000,8.000000,0.000000,0.000000,0.000000,0.000000,1.000000,0.000000,0.000000,0.000000,7.828700,56.633000,172.361522,0.000000,0.000000,0.000000,105.369961,105.369961,0.000000,0.000000,0.000000,65.655360,0.000000,212.000000,0.000000,0.000000,0.000000,0.000000,0.000000,0.000000,0.000000,0.000000,0.000000,0.000000,-1.680000,33.320000,7.663423,-0.473786,-0.456860,-0.618926,-0.537259,-0.787334,-0.797446,-0.655438,-0.535786,-0.474870,-0.458230,-0.218552,-0.468725,-0.362767,-0.524203,-0.414695,-0.471656,-0.413973,-0.702257,-0.913332,-0.368100,0.028398,0.181711,0.333035,0.400305,-0.131659,0.431113,0.386661,-0.014064,0.315516,0.138932,0.361622,0.244292,0.630267,0.378902,0.370813,0.374914,0.526533,0.372628,0.091246,0.440510,0.682950,0.622952,0.317050,0.093834,0.488221,0.316795,0.000119,0.987262,0.000000,0.743827,11.400594,11.958296,0.410684,0.234929,0.000000,2.096698,0.000473,11513.828531,1.311275,0.794111,5.673548,0.505724,3321.924952,518.085491,7.987926,9099.408558,2923.313306,5020.531850,25.092387,35.634081,32.608489,410245130004359.062500,9.081593,0.639936,1.971786,0.001092,0.000188,0.575375,30.254936,344.018626,0,0,0,0,0,0,0,0,1,0,0,0,0,0,0,0,0,0,0,0,0,0,0,0,0,0,0,0,0,0,0,0,1,0,0,0,0,0,0,0,0,0,0,0,0,1,0,0,0,0,1,0,0,0,0,0,0,0,0,1,0,0,0,0,142.280216,1.999210
588.073000,588.073000,587.961677,35.000000,8.000000,0.000000,0.000000,0.000000,0.000000,1.000000,0.000000,0.000000,0.000000,7.828700,56.633000,172.361522,0.000000,0.000000,0.000000,105.369961,105.369961,0.000000,0.000000,0.000000,65.655360,0.000000,212.000000,0.000000,0.000000,0.000000,0.000000,0.000000,0.000000,0.000000,0.000000,0.000000,0.000000,-1.680000,33.320000,7.663423,-0.564865,-0.521122,-0.208831,-0.533161,-0.466281,-0.817177,-0.515291,-0.310835,-0.352032,-0.831452,-0.488615,-0.287447,-0.752925,-0.292220,-0.483056,-0.522405,-0.483600,-0.437149,-0.637964,-0.530346,-0.081791,-0.125578,0.158410,0.251746,0.319219,0.268701,0.537052,0.275406,0.166487,0.110167,0.615503,0.427410,0.267891,0.185655,0.313758,0.441297,0.467606,0.560626,0.205249,0.509869,0.577647,0.570888,0.422353,0.123661,0.697460,0.241454,0.000111,0.942864,0.000000,0.465090,12.219087,12.831584,0.447054,0.294726,0.014885,-6.545725,0.000968,11071.059143,1.424774,0.968745,5.113524,0.573871,2574.681363,582.277306,5.636017,7663.863622,2002.164409,4365.493240,28.667400,37.179058,27.996745,264464797232446.781250,8.171279,0.624906,1.918645,0.000897,0.000136,0.619760,36.219361,292.534150,0,0,0,0,0,0,0,0,1,0,0,0,0,0,0,0,0,0,0,0,0,0,0,0,0,0,0,0,0,0,0,0,1,0,0,0,0,0,0,0,0,0,0,0,0,1,0,0,0,0,1,0,0,0,0,0,0,0,0,1,0,0,0,0,176.160899,1.531560
588.073000,588.073000,587.961677,35.000000,8.000000,0.000000,0.000000,0.000000,0.000000,1.000000,0.000000,0.000000,0.000000,7.828700,56.633000,172.361522,0.000000,0.000000,0.000000,105.369961,105.369961,0.000000,0.000000,0.000000,65.655360,0.000000,212.000000,0.000000,0.000000,0.000000,0.000000,0.000000,0.000000,0.000000,0.000000,0.000000,0.000000,-1.680000,33.320000,7.663423,-0.599582,-0.788798,-0.773754,-0.402634,-0.389084,-0.852512,-0.742924,-0.626748,-0.439624,-0.482108,-0.544142,-0.333331,-0.577075,-0.232521,-0.497938,-0.554409,-0.393891,-0.507022,-0.505724,-0.508856,0.101180,0.297682,0.435951,-0.030654,-0.153115,0.349733,0.131699,0.271844,0.174399,0.237273,0.124073,0.368927,0.574702,0.516091,0.638872,-0.236279,0.514110,0.311621,0.456441,0.389420,0.572048,0.463362,0.427952,0.131536,0.680036,0.260900,0.000077,1.075518,0.000000,0.518751,14.306360,12.455838,0.402598,0.192445,0.000000,5.624647,0.000088,12233.451925,1.315431,1.023239,5.797983,0.508020,2891.238204,548.680834,5.207650,9638.148235,2818.711509,5218.720061,20.950209,31.607291,34.496720,401032092889567.125000,8.820281,0.828691,2.143326,0.000949,0.000220,0.575308,35.615690,259.684096,0,0,0,0,0,0,0,0,1,0,0,0,0,0,0,0,0,0,0,0,0,0,0,0,0,0,0,0,0,0,0,0,1,0,0,0,0,0,0,0,0,0,0,0,0,1,0,0,0,0,1,0,0,0,0,0,0,0,0,1,0,0,0,0,162.150900,1.649640
588.073000,588.073000,587.961677,35.000000,8.000000,0.000000,0.000000,0.000000,0.000000,1.000000,0.000000,0.000000,0.000000,7.828700,56.633000,172.361522,0.000000,0.000000,0.000000,105.369961,105.369961,0.000000,0.000000,0.000000,65.655360,0.000000,212.000000,0.000000,0.000000,0.000000,0.000000,0.000000,0.000000,0.000000,0.000000,0.000000,0.000000,-1.680000,33.320000,7.663423,-0.339739,-0.765458,-0.765275,-0.910149,-0.748332,-0.568944,-0.482088,-0.261383,-0.366555,-0.357018,-0.394934,-0.364187,-0.686486,-0.519594,-0.553793,-0.422423,-0.602054,-0.680100,-0.522173,-0.653945,-0.045429,0.332266,0.198297,0.276792,0.037432,0.164276,0.104035,0.432913,0.105243,0.332312,0.143534,0.612822,0.435485,0.631794,0.245551,-0.105919,0.440706,0.445141,0.340166,0.433665,0.700577,0.782670,0.299423,0.122705,0.596274,0.299677,0.000098,1.184817,0.000000,0.469384,12.661190,11.414380,0.527481,0.379881,0.000000,-10.540113,0.000822,13268.356078,1.260850,0.917191,5.916820,0.477974,2974.044818,543.067378,5.685252,8629.868020,2978.316677,4210.521048,28.716250,24.513003,34.297838,347903238264080.187500,8.343685,0.659862,1.841807,0.000853,0.000204,0.498030,35.347539,330.479787,0,0,0,0,0,0,0,0,1,0,0,0,0,0,0,0,0,0,0,0,0,0,0,0,0,0,0,0,0,0,0,0,1,0,0,0,0,0,0,0,0,0,0,0,0,1,0,0,0,0,1,0,0,0,0,0,0,0,0,1,0,0,0,0,157.856358,1.841315
