Polymer,SMILES,pred_Tg_degC,pred_Dk_1GHz,pred_Rad_MGy,loss,desirability_score,meets_Tg,meets_Dk,meets_Rad,rank
Poly_b105dd7b,*c1ccc(-n2c(=O)c3ccc4c(c3)c(=O)c3ccc(cc3-4)c(=O)n(*)c2=O)cc1-c1ccncc1,638.9527383992528,2.3498719554999967,40.131464676568164,0.013959560478188934,0.9649512445215656,False,False,True,1
Polybenzoxazole,COc1ccc(-c2nc3cc(-c4nc5c(Br)cccc5o4)c(-c4ccccc4)c(-c4ccccc4)c3o2)cc1,721.2062209963308,2.4888390681597823,44.19611084352215,0.0,0.9511042106962608,True,True,True,1
Polybenzoxazole,CCc1ccc(OC)c(-c2nc3cc(-c4nc5c(-c6ccncc6)c(-c6ccncc6)c(F)cc5o4)ccc3o2)c1-c1ccccc1,719.0061041837675,2.5902921183543453,43.99680492794653,0.0003913279985719244,0.940958371162107,True,False,True,2
Polybenzoxazole,CCc1c(-c2ccccc2)cc(OC)c(-c2nc3cc(-c4nc5c(-c6ccncc6)c(-c6ccncc6)c(F)cc5o4)ccc3o2)c1-c1ccccc1,718.8835124726554,2.590797991713141,44.086186815745364,0.00039572521435870346,0.9409077533453916,True,False,True,3
Poly_b105dd7b,*c1cc(Cl)c(-n2c(=O)c3ccc4c(c3)c(=O)c3ccc(cc3-4)c(=O)n(*)c2=O)c(-c2ccnc(C(F)(F)F)c2)c1,638.5544878219664,2.6215453336887253,40.15544904610614,0.035523865647841116,0.937783414495601,False,False,True,2
Poly_b105dd7b,*c1cc(Cl)c(-n2c(=O)c3ccc4c(c3)c(=O)c3ccc(cc3-4)c(=O)n(*)c2=O)c(-c2ccnc(-c3ccccc3)c2)c1,638.5544878219664,2.62261896891277,40.167135745586485,0.03563151868345188,0.9376760509731965,False,False,True,3
Polybenzoxazole,COc1cccc(-c2ccccc2)c1-c1nc2cc(-c3nc4c(-c5ccncc5)c(-c5ccncc5)c(F)c(Br)c4o3)ccc2o1,719.0061041837675,2.6247445654587094,44.05149957590529,0.0007469379173511468,0.9375131264516707,True,False,True,4
Polybenzoxazole,COc1cccc(-c2ccccc2)c1-c1nc2cc(-c3nc4c(-c5ccncc5)c(-c5ccncc5)c(F)cc4o3)ccc2o1,718.7594156359162,2.6263820342161073,44.15213423729071,0.0007666760914848629,0.9373493181638237,True,False,True,5
Poly_b105dd7b,*c1cc(-c2ccc(C#N)cc2)c(-n2c(=O)c3ccc4c(c3)c(=O)c3ccc(cc3-4)c(=O)n(*)c2=O)c(N)c1Br,638.5109785778704,2.630660472398246,40.18804759073788,0.036447799694720194,0.9368718466127057,False,False,True,4
Poly_b105dd7b,*c1cc(Cl)c(-n2c(=O)c3ccc4c(c3)c(=O)c3ccc(cc3-4)c(=O)n(*)c2=O)c(-c2ccccc2)c1Br,639.0790674047828,2.631016701807678,40.17924888116358,0.036427992303620975,0.9368369252067201,False,False,True,5
Poly_b105dd7b,*c1cc(-c2ccccc2)c(-n2c(=O)c3ccc4c(c3)c(=O)c3ccc(cc3-4)c(=O)n(*)c2=O)c(N)c1Br,638.7335727902586,2.631016701807678,40.103080478166376,0.0364619914964098,0.9368364995039615,False,False,True,6
Poly_b105dd7b,*c1ccc(-n2c(=O)c3cc4c(cc3N)-c3cc(cc(-c5ccncc5)c3c4=O)c(=O)n(*)c2=O)cc1,639.0292725825104,2.631613840370588,40.15103141189192,0.03649360586653747,0.9367771501767344,False,False,True,7
Poly_b105dd7b,*c1cc(Cl)c(-n2c(=O)c3ccc4c(c3)c(=O)c3ccc(cc3-4)c(=O)n(*)c2=O)c(-c2ccncc2)c1,638.9527383992528,2.632184168321756,40.131464676568164,0.036559177099817326,0.9367200232393897,False,False,True,8
Poly_b105dd7b,*c1cc(Cl)c(-n2c(=O)c3ccc4c(c3)c(=O)c3ccc(cc3-4)c(=O)n(*)c2=O)c(-c2ccncc2)c1N,638.7301441868647,2.632184168321756,40.15103141189192,0.036581105640644436,0.9367197486132313,False,False,True,9
Polybenzoxazole,N#Cc1c(-c2ccccc2)c(F)cc2oc(-c3ccc4oc(-c5cc(-c6ccncc6)c(-c6ccccc6)cc5-c5ccncc5-c5ccncc5)nc4c3)nc12,719.0203228317648,2.642193150293792,44.100180432993895,0.0009705068155426983,0.9357682714986104,True,False,True,6
Polybenzoxazole,N#Cc1c(-c2ccccc2)c(F)cc2oc(-c3ccc4oc(-c5ccc(-c6ccccc6)cc5-c5ccncc5-c5ccncc5)nc4c3)nc12,719.0203228317648,2.643180343046245,44.09499335371054,0.0009840293104723366,0.9356695522233653,True,False,True,7
Polybenzoxazole,COc1cccc(-c2ccccc2)c1-c1nc2cc(-c3nc4cc(-c5ccncc5)c(F)cc4o3)ccc2o1,721.2062209963308,2.6449336941869017,44.23231416616946,0.0010082772341117928,0.9354947480935487,True,False,True,8
Polybenzoxazole,N#Cc1c(-c2ccccc2-c2ccncc2)c(F)c(Br)c2oc(-c3ccc4oc(-c5ccccc5-c5ccncc5)nc4c3)nc12,719.142914542877,2.6482443335699495,44.06713727362172,0.0010548663569087257,0.9351631835685479,True,False,True,9
Polybenzoxazole,N#Cc1c(-c2ccc(-c3ccccc3)c(F)c2)c(F)c(Br)c2oc(-c3ccc4oc(-c5ccccc5-c5ccncc5)nc4c3)nc12,719.142914542877,2.6516430165244875,44.06370539407945,0.001103789014111008,0.934823315273094,True,False,True,10
Polybenzoxazole,N#Cc1c(-c2ccccc2)c(F)cc2oc(-c3ccc4oc(-c5cccc(-c6ccccc6)c5-c5ccncc5)nc4c3)nc12,718.8962259950256,2.655863373710542,44.10973722847658,0.001166082780692742,0.9344012183101778,True,False,True,12
Polybenzoxazole,N#Cc1c(-c2ccccc2)c(F)cc2oc(-c3ccc4oc(-c5ccc(-c6ccccc6)cc5-c5ccncc5)nc4c3)nc12,718.8962259950256,2.655863373710542,44.10973722847658,0.001166082780692742,0.9344012183101778,True,False,True,11
Polybenzoxazole,c1ccc2oc(-c3ccc4oc(-c5cc(-c6ccncc6)ccc5-c5ccncc5)nc4c3)nc2c1,721.2062209963308,2.66107238028007,44.24924776239706,0.001245326961076199,0.9338808794842319,True,False,True,13
Polybenzoxazole,N#Cc1c(-c2cccc(F)c2)c(F)c(Br)c2oc(-c3ccc4oc(-c5ccccc5-c5ccncc5)nc4c3)nc12,721.3430313554402,2.662947824906629,44.19138840381785,0.0012744956948064709,0.9336933674891219,True,False,True,14
Polybenzoxazole,N#Cc1c(-c2ccccc2)c(F)c(Br)c2oc(-c3ccc4oc(-c5cc(Br)ccc5-c5ccncc5)nc4c3)nc12,719.4840765200232,2.664226832545903,44.16040047286815,0.0012945817213468843,0.9335650178734445,True,False,True,15
Polybenzoxazole,N#Cc1c(-c2ccccc2)c(F)c(Br)c2oc(-c3ccc4oc(-c5ccccc5-c5ccncc5)nc4c3)nc12,721.3430313554402,2.664442794112668,44.20866475030211,0.0012979887617079004,0.9335438705685182,True,False,True,16
Polybenzoxazole,N#Cc1c(-c2ccccc2)c(F)cc2oc(-c3ccc4oc(-c5ccccc5-c5ccncc5)nc4c3)nc12,721.3430313554402,2.666901858805908,44.25058517400989,0.0013370990626976264,0.9332979640991941,True,False,True,17
CyanateEster,CCC(C)(c1ccc(OC#N)cc1)c1ccc(OC#N)c(-c2ccncc2-c2ccncc2)c1,585.1864774899743,1.9129474325343592,30.721276872313684,0.0,0.9070323935031797,True,True,True,1
CyanateEster,CCC(C)(c1ccc(OC#N)cc1)c1ccc(OC#N)c(-c2ccncc2-c2ccccc2)c1,581.4156921769847,1.9114359661543698,30.721276872313684,0.0,0.9070182711626698,True,True,True,2
CyanateEster,CCC(C)(c1ccc(OC#N)cc1)c1cc(-c2ccncc2)c(OC#N)cc1-c1ccccc1,581.4156921769847,1.9114359661543698,30.721276872313684,0.0,0.9070182711626698,True,True,True,3
CyanateEster,CCC(C)(c1ccc(OC#N)cc1)c1c(Br)cc(OC#N)cc1-c1cccc(-c2ccccc2)c1,559.6631265822847,1.8954022753079163,30.707101234824012,0.0,0.9067705850033864,True,True,True,4
FluorinatedPolyimide,O=C1OC(=O)c2c1cc(Cl)c(C(F)(F)F)c2-c1cc(C(F)(F)F)cc(-c2ccccc2)c1-c1ccncc1,509.3848729619687,1.8916441943790048,30.563973873792463,0.0,0.9048196029491992,True,True,True,1
FluorinatedPolyimide,O=C1OC(=O)c2c1cc(Cl)c(C(F)(F)F)c2-c1cc(-c2ccccc2-c2ccccc2)cc(C(F)(F)F)c1,475.6668386215835,1.5782467867598948,30.56981196569496,0.0,0.9040915467918255,True,True,True,2
FluorinatedPolyimide,O=C1OC(=O)c2c1cc(Cl)c(C(F)(F)F)c2-c1cc(C(F)(F)F)cc(-c2cccc(Br)c2)c1-c1ccccc1,475.62474224954394,1.8886276276881981,30.568062542033033,0.0,0.9040727048074071,True,True,True,3
Polybenzoxazole,CCc1cccc2nc(-c3ccc4oc(-c5cc(C(F)(F)F)ccc5Cl)nc4c3)oc12,721.7496288780413,2.189416100634442,32.283470793246664,0.0,0.9038813438190116,True,True,True,18
Polybenzoxazole,CCc1ccccc1-c1nc2cc(-c3nc4ccc(N)c(CC)c4o3)ccc2o1,721.6128185189319,2.2007696508778403,32.293281389331476,0.0,0.9028440625509123,True,True,True,19
FluorinatedPolyimide,O=C1OC(=O)c2c1cc(Cl)c(C(F)(F)F)c2-c1cc(C(F)(F)F)cc(-c2cccc(-c3ccccc3)c2)c1C(F)(F)F,475.36300727102304,1.8617539015740185,30.43765356235913,0.0,0.9027602100612818,True,True,True,4
Polybenzoxazole,CCc1c(N)c(OC(F)(F)F)cc2nc(-c3ccc4oc(-c5ccccc5)nc4c3)oc12,721.6687307605962,2.1969702896332515,32.23847799067939,0.0,0.9026759778610147,True,True,True,20
Polybenzoxazole,CCc1c(Cl)cccc1-c1nc2cc(-c3nc4c(C(F)(F)F)c(Br)ccc4o3)ccc2o1,721.7496288780413,2.2059510034369025,32.283470793246664,0.0,0.9022278535387656,True,True,True,21
Polybenzoxazole,CCc1c(N)c(OC(F)(F)F)cc2nc(-c3ccc4oc(-c5ccccc5OC(F)(F)F)nc4c3)oc12,721.6076278525193,2.205680935195343,32.25396089112493,0.0,0.9019597279134989,True,True,True,22
Polybenzoxazole,COc1c(C(F)(F)F)cc(Br)c2nc(-c3ccc4oc(-c5ccc(OC(F)(F)F)cc5)nc4c3)oc12,721.8055411197056,2.2088060827517477,32.24927398772908,0.0,0.9016003906882791,True,True,True,23
FluorinatedPolyimide,NS(=O)(=O)c1c(C(F)(F)F)ccc(-c2ccccc2)c1-c1cc(C(F)(F)F)cc(-c2c3c(cc(Cl)c2C(F)(F)F)C(=O)OC3=O)c1C(F)(F)F,474.36946973900024,1.8691733103612667,30.306830275476003,0.0,0.9014196720647994,True,True,True,5
Polybenzoxazole,CCc1c(Cl)cccc1-c1nc2cc(-c3nc4cc(Br)ccc4o3)ccc2o1,721.6128185189319,2.2281834383433874,32.294321439379814,0.0,0.900113084304841,True,True,True,24
Polybenzoxazole,CCc1c(Cl)cccc1-c1nc2cc(-c3nc4ccccc4o3)ccc2o1,721.6815349693173,2.231742800702777,32.29061135391805,0.0,0.8997200634008741,True,True,True,25
Polybenzoxazole,CCc1c(Cl)ccc(Cl)c1-c1nc2cc(-c3nc4cc(Br)ccc4o3)ccc2o1,721.6128185189319,2.235932263601691,32.294321439379814,0.0,0.8993382017790106,True,True,True,27
Polybenzoxazole,CCc1c(Cl)cccc1-c1nc2cc(-c3nc4cc(Br)c(Cl)cc4o3)ccc2o1,721.6128185189319,2.235932263601691,32.294321439379814,0.0,0.8993382017790106,True,True,True,26
Polybenzoxazole,COc1c(C(F)(F)F)cc(Br)c2nc(-c3ccc4oc(-c5ccccc5)nc4c3)oc12,721.7496288780413,2.2357188878805947,32.280573314404194,0.0,0.8992220903059717,True,True,True,28
Polybenzoxazole,CCc1c(N)ccc2nc(-c3ccc4oc(-c5cccc(Cl)c5)nc4c3)oc12,721.6128185189319,2.2388783039381788,32.30866057543681,0.0,0.8991869891059319,True,True,True,29
Polybenzoxazole,CCc1cc(-c2nc3c(F)cccc3o2)cc2nc(-c3ccccc3)oc12,721.7248933598557,2.2414757397691645,32.297171447727706,0.0,0.8988123806342317,True,True,True,30
Polybenzoxazole,CCc1cccc2nc(-c3ccc4oc(-c5cc(C#N)ccc5Cl)nc4c3)oc12,721.7496288780413,2.243739557492241,32.31856722920597,0.0,0.8987999624928248,True,True,True,31
Polybenzoxazole,Fc1c(OC(F)(F)F)cc2oc(-c3ccc4oc(-c5ccccc5C(F)(F)F)nc4c3)nc2c1F,721.7496288780413,2.2424211380288464,32.28165315066595,0.0,0.898562663653764,True,True,True,32
Polybenzoxazole,CCc1c(N)ccc2nc(-c3ccc4oc(-c5ccccc5)nc4c3)oc12,721.7248933598557,2.2490687067907063,32.30866057543681,0.0,0.8981679752091687,True,True,True,33
Polybenzoxazole,CCc1c(N)ccc2nc(-c3ccc4oc(-c5ccc(S(N)(=O)=O)cc5)nc4c3)oc12,721.6692151766534,2.2447579061136493,32.264041320649625,0.0,0.8981528496267346,True,True,True,34
Polybenzoxazole,CCc1cccc(-c2nc3cc(-c4nc5c(C#N)cc(F)cc5o4)ccc3o2)c1,721.7496288780413,2.258657958728921,32.327284971933864,0.0,0.8973952997964356,True,True,True,35
Polybenzoxazole,COc1cc(-c2nc3ccccc3o2)cc2nc(-c3cc(C#N)cc(Br)c3Cl)oc12,721.7496288780413,2.264908811045772,32.31931469925261,0.0,0.896690511837938,True,True,True,37
Polybenzoxazole,COc1c(C#N)cc(Cl)cc1-c1nc2cc(-c3nc4cccc(Br)c4o3)ccc2o1,721.7496288780413,2.264908811045772,32.31931469925261,0.0,0.896690511837938,True,True,True,36
Polybenzoxazole,Nc1ccc2oc(-c3ccc4oc(-c5cccc(Cl)c5C(F)(F)F)nc4c3)nc2c1,721.7496288780413,2.2630318983303894,32.30007983604484,0.0,0.8966858544773987,True,True,True,38
Polybenzoxazole,FC(F)(F)c1cc(Br)c2nc(-c3ccc4oc(-c5ccccc5)nc4c3)oc2c1,721.7496288780413,2.2630318983303894,32.298849979352,0.0,0.8966735559104703,True,True,True,39
Polybenzoxazole,FC(F)(F)c1ccc(Cl)c(-c2nc3cc(-c4nc5ccccc5o4)ccc3o2)c1,721.7496288780413,2.2630318983303894,32.29513989389024,0.0,0.8966364550558527,True,True,True,40
Polybenzoxazole,FC(F)(F)c1ccc2nc(-c3ccc4oc(-c5cccc(Cl)c5)nc4c3)oc2c1,721.7496288780413,2.2630318983303894,32.29513989389024,0.0,0.8966364550558527,True,True,True,41
Polybenzoxazole,Fc1ccc(Br)c2oc(-c3ccc4oc(-c5ccccc5C(F)(F)F)nc4c3)nc12,721.7496288780413,2.2630904657514903,32.279343457711356,0.0,0.8964726339519536,True,True,True,42
Polybenzoxazole,N#Cc1ccc(F)c2nc(-c3ccc4oc(-c5ccccc5C(F)(F)F)nc4c3)oc12,721.7496288780413,2.267609576453329,32.30837916926103,0.0,0.8963110799972666,True,True,True,44
Polybenzoxazole,N#Cc1cccc(C(F)(F)F)c1-c1nc2cc(-c3nc4c(F)cccc4o3)ccc2o1,721.7496288780413,2.267609576453329,32.30837916926103,0.0,0.8963110799972666,True,True,True,43
Polybenzoxazole,Nc1cc(F)c2nc(-c3ccc4oc(-c5ccccc5C(F)(F)F)nc4c3)oc2c1Br,721.7496288780413,2.26664982811088,32.280573314404194,0.0,0.8961289962829432,True,True,True,45
Polybenzoxazole,Fc1cccc2oc(-c3ccc4oc(-c5cccc(Cl)c5C(F)(F)F)nc4c3)nc12,721.7496288780413,2.26664982811088,32.279343457711356,0.0,0.8961166977160148,True,True,True,46
Polybenzoxazole,Fc1cccc2oc(-c3cc4nc(-c5ccccc5)oc4cc3C(F)(F)F)nc12,721.7496288780413,2.267609576453329,32.275633372249594,0.0,0.8959836220271522,True,True,True,47
Polybenzoxazole,Fc1cccc2oc(-c3ccc4oc(-c5ccccc5C(F)(F)F)nc4c3)nc12,721.7496288780413,2.267609576453329,32.275633372249594,0.0,0.8959836220271522,True,True,True,48
Polybenzoxazole,Nc1ccc2nc(-c3ccc4oc(-c5ccc(Cl)cc5OC(F)(F)F)nc4c3)oc2c1,721.6687307605962,2.267368721147964,32.258844139431275,0.0,0.8958397961970622,True,True,True,49
Polybenzoxazole,Fc1ccc2oc(-c3ccc4oc(-c5ccccc5C(F)(F)F)nc4c3)nc2c1F,721.7496288780413,2.26664982811088,32.24903777595229,0.0,0.8958136408984241,True,True,True,50
Polybenzoxazole,Nc1cccc(-c2nc3c(C(F)(F)F)c(-c4nc5ccc(N)cc5o4)ccc3o2)c1,721.8619377774271,2.278872577370453,32.32277763578369,0.0,0.8953287909420666,True,True,True,51
Polybenzoxazole,Nc1ccc(-c2nc3cc(-c4nc5c(F)c(N)ccc5o4)ccc3o2)cc1C(F)(F)F,721.8619377774271,2.2789100479095183,32.298605485246895,0.0,0.8950833223827921,True,True,True,52
Polybenzoxazole,COc1cc(F)c(-c2nc3cc(-c4nc5ccc(N)c(N)c5o4)ccc3o2)cc1N,721.6640245102408,2.283338015599361,32.33417112615089,0.0,0.8949961355109577,True,True,True,53
Polybenzoxazole,COc1ccc(-c2nc3cc(-c4nc5c(F)cc(N)c(N)c5o4)ccc3o2)cc1N,721.6640245102408,2.283338015599361,32.33417112615089,0.0,0.8949961355109577,True,True,True,54
Polybenzoxazole,COc1cc(-c2nc3ccccc3o2)cc2nc(-c3cc(C#N)ccc3Cl)oc12,721.7496288780413,2.2842930466768263,32.33242397861677,0.0,0.8948831810684742,True,True,True,55
Polybenzoxazole,COc1c(C#N)cc(Cl)cc1-c1nc2cc(-c3nc4ccccc4o3)ccc2o1,721.7496288780413,2.2842930466768263,32.33242397861677,0.0,0.8948831810684742,True,True,True,56
Polybenzoxazole,COc1ccc2nc(-c3ccc4oc(-c5cc(C#N)ccc5Cl)nc4c3)oc2c1,721.7496288780413,2.2842930466768263,32.33242397861677,0.0,0.8948831810684742,True,True,True,57
Polybenzoxazole,COc1ccc(-c2nc3cc(-c4nc5ccc(N)c(N)c5o4)ccc3o2)cc1N,721.6640245102408,2.282234717133701,32.302957598071494,0.0,0.8947943300767297,True,True,True,58
Polybenzoxazole,COc1cc(N)cc(-c2nc3cc(-c4nc5ccc(N)cc5o4)ccc3o2)c1F,721.7251274183177,2.283338015599361,32.30656592684484,0.0,0.8947200978974317,True,True,True,59
Polybenzoxazole,Nc1ccc(-c2nc3cc(-c4nc5c(F)cccc5o4)ccc3o2)c(OC(F)(F)F)c1,721.6687307605962,2.2806079437865323,32.276743340518955,0.0,0.8946948659440822,True,True,True,60
Polybenzoxazole,COc1cc(N)cc(-c2nc3cc(-c4nc5c(F)cc(N)cc5o4)ccc3o2)c1F,721.7251274183177,2.283338015599361,32.29355744317433,0.0,0.8945900130607266,True,True,True,61
Polybenzoxazole,COc1ccc(-c2nc3cc(-c4nc5ccc(N)cc5o4)ccc3o2)cc1N,721.7251274183177,2.2876795543680055,32.31405662370354,0.0,0.8943608509891543,True,True,True,62
Polybenzoxazole,COc1c(N)ccc2nc(-c3ccc4oc(-c5cccc(N)c5)nc4c3)oc12,721.7251274183177,2.2876795543680055,32.31405662370354,0.0,0.8943608509891543,True,True,True,63
Polybenzoxazole,NS(=O)(=O)c1cc2nc(-c3ccc4oc(-c5ccccc5)nc4c3)oc2c(OC(F)(F)F)c1F,721.6128185189319,2.2805474870073477,32.24239180122579,0.0,0.8943573830569048,True,True,True,65
Polybenzoxazole,NS(=O)(=O)c1cc2nc(-c3ccc4oc(-c5ccc(OC(F)(F)F)cc5)nc4c3)oc2cc1F,721.6128185189319,2.2805474870073477,32.24239180122579,0.0,0.8943573830569048,True,True,True,64
Polybenzoxazole,Fc1ccc2nc(-c3ccc4oc(-c5ccccc5-c5ccccc5)nc4c3)oc2c1,721.551715610855,2.2998548042086067,32.3213320528133,0.0,0.8932160394407859,True,True,True,66
Polybenzoxazole,Fc1cccc2oc(-c3ccc4oc(-c5ccc(Cl)c(Cl)c5Br)nc4c3)nc12,721.6128185189319,2.300138049950245,32.284180264418715,0.0,0.8928162113945444,True,True,True,67
Polybenzoxazole,N#Cc1c(-c2ccccc2)c(F)cc2oc(-c3ccc4oc(-c5ccccc5)nc4c3)nc12,721.3430313554402,2.3083566823722377,32.35192020090649,0.0,0.892671683751626,True,True,True,68
Polybenzoxazole,Clc1ccccc1-c1nc2cc(-c3nc4c(Br)cccc4o3)ccc2o1,721.6815349693173,2.3027099486975287,32.29443953543498,0.0,0.8926616304165682,True,True,True,70
Polybenzoxazole,Clc1cc2oc(-c3ccccc3)nc2cc1-c1nc2c(Br)cccc2o1,721.6815349693173,2.3027099486975287,32.29443953543498,0.0,0.8926616304165682,True,True,True,69
Polybenzoxazole,N#Cc1c(-c2ccccc2F)c(F)cc2oc(-c3ccc4oc(-c5ccccc5)nc4c3)nc12,721.3430313554402,2.306861713166199,32.334643854422225,0.0,0.8926484172073872,True,True,True,71
Polybenzoxazole,Fc1cccc2oc(-c3ccc4oc(-c5cc(Cl)ccc5Br)nc4c3)nc12,721.6815349693173,2.305299641442911,32.284180264418715,0.0,0.8923000684318674,True,True,True,73
Polybenzoxazole,Fc1cccc2oc(-c3ccc4oc(-c5cccc(Cl)c5Br)nc4c3)nc12,721.6815349693173,2.305299641442911,32.284180264418715,0.0,0.8923000684318674,True,True,True,72
Polybenzoxazole,Fc1cccc2oc(-c3cc(Cl)c4oc(-c5cccc(Cl)c5)nc4c3)nc12,721.6815349693173,2.305299641442911,32.28047017895695,0.0,0.8922629675772498,True,True,True,74
Polybenzoxazole,N#Cc1cc(Cl)cc(-c2nc3cc(-c4nc5cc(S(N)(=O)=O)ccc5o4)ccc3o2)c1,721.7496288780413,2.305842048611224,32.28481863639156,0.0,0.8922522274527824,True,True,True,75
Polybenzoxazole,Brc1cccc2oc(-c3ccc4oc(-c5ccccc5)nc4c3)nc12,721.6815349693173,2.3098454519329303,32.32189219114657,0.0,0.8922226066501439,True,True,True,76
Polybenzoxazole,Nc1cc2oc(-c3ccc4oc(-c5c(N)cccc5S(N)(=O)=O)nc4c3)nc2cc1Br,721.7251274183177,2.305842048611224,32.26828296679214,0.0,0.8920868649957184,True,True,True,77
Polybenzoxazole,Nc1cccc(-c2nc3cc(-c4nc5ccc(N)cc5o4)cc(S(N)(=O)=O)c3o2)c1,721.7251274183177,2.305842048611224,32.26828296679214,0.0,0.8920868649957184,True,True,True,78
Polybenzoxazole,Nc1ccccc1-c1nc2cc(-c3nc4c(S(N)(=O)=O)c(Br)c(N)cc4o3)ccc2o1,721.7251274183177,2.305842048611224,32.26828296679214,0.0,0.8920868649957184,True,True,True,79
Polybenzoxazole,Fc1c(Cl)cccc1-c1nc2cc(-c3nc4c(F)cccc4o3)ccc2o1,721.6815349693173,2.306203062261037,32.26319383247269,0.0,0.8919998620305944,True,True,True,80
Polybenzoxazole,Nc1ccc2nc(-c3ccc4oc(-c5ccc(Cl)cc5S(N)(=O)=O)nc4c3)oc2c1,721.6692151766534,2.305842048611224,32.258092617796486,0.0,0.8919849483484458,True,True,True,81
Polybenzoxazole,NS(=O)(=O)c1c(Cl)cccc1-c1nc2cc(-c3nc4c(Br)cccc4o3)ccc2o1,721.6128185189319,2.305842048611224,32.25686276110365,0.0,0.8919726364952957,True,True,True,84
Polybenzoxazole,NS(=O)(=O)c1c(Cl)cccc1-c1nc2cc(-c3nc4ccccc4o3)ccc2o1,721.6128185189319,2.305842048611224,32.25686276110365,0.0,0.8919726364952957,True,True,True,82
Polybenzoxazole,NS(=O)(=O)c1c(Cl)ccc(Cl)c1-c1nc2cc(-c3nc4ccccc4o3)ccc2o1,721.6128185189319,2.305842048611224,32.25686276110365,0.0,0.8919726364952957,True,True,True,83
Polybenzoxazole,NS(=O)(=O)c1c(Cl)cccc1-c1nc2cc(-c3nc4ccc(Br)cc4o3)ccc2o1,721.6128185189319,2.305842048611224,32.25686276110365,0.0,0.8919726364952957,True,True,True,85
Polybenzoxazole,N#Cc1cc(-c2nc3cc(-c4nc5c(F)c(N)cc(F)c5o4)ccc3o2)ccc1N,721.8008348693502,2.3159073880890113,32.357491674592154,0.0,0.8919724359180503,True,True,True,86
Polybenzoxazole,N#Cc1cccc(-c2nc3cc(-c4nc5ccc(N)cc5o4)ccc3o2)c1N,721.8695513197356,2.319160858017807,32.38502729209269,0.0,0.8919224612260166,True,True,True,87
Polybenzoxazole,NS(=O)(=O)c1cccc(-c2nc3cc(-c4nc5ccc(F)cc5o4)ccc3o2)c1,721.6128185189319,2.305842048611224,32.24992984159694,0.0,0.8919033073002286,True,True,True,89
Polybenzoxazole,NS(=O)(=O)c1cc2nc(-c3ccc4oc(-c5ccccc5)nc4c3)oc2cc1F,721.6128185189319,2.305842048611224,32.24992984159694,0.0,0.8919033073002286,True,True,True,88
Polybenzoxazole,Clc1cccc(-c2nc3cc(-c4nc5ccccc5o4)ccc3o2)c1,721.7248933598557,2.313716383192431,32.32189219114657,0.0,0.8918355237260938,True,True,True,91
Polybenzoxazole,Clc1ccccc1-c1nc2cc(-c3nc4ccccc4o3)ccc2o1,721.7248933598557,2.313716383192431,32.32189219114657,0.0,0.8918355237260938,True,True,True,90
Polybenzoxazole,FC(F)(F)c1cc(Br)c2nc(-c3ccc4oc(-c5ccccc5)nc4c3)oc2c1-c1ccccc1,721.7496288780413,2.3119215667359914,32.29992981561376,0.0,0.8917953874325276,True,True,True,92
Polybenzoxazole,N#Cc1cc(Cl)cc(-c2nc3cc(-c4nc5ccccc5o4)ccc3o2)c1,721.8183453284267,2.3155399875931817,32.335504690087056,0.0,0.8917893102339045,True,True,True,94
Polybenzoxazole,N#Cc1ccc(Cl)c(-c2nc3cc(-c4nc5ccccc5o4)ccc3o2)c1,721.8183453284267,2.3155399875931817,32.335504690087056,0.0,0.8917893102339045,True,True,True,93
Polybenzoxazole,Fc1cccc2oc(-c3ccc4oc(-c5cccc(Cl)c5)nc4c3)nc12,721.6815349693173,2.3135317884444775,32.3116329201303,0.0,0.8917513802888264,True,True,True,95
Polybenzoxazole,Fc1cc(Cl)c2nc(-c3ccc4oc(-c5ccccc5)nc4c3)oc2c1,721.6815349693173,2.3135317884444775,32.3116329201303,0.0,0.8917513802888264,True,True,True,96
Polybenzoxazole,N#Cc1cc(Cl)c(S(N)(=O)=O)c(-c2nc3cc(-c4nc5ccc(Br)cc5o4)ccc3o2)c1,721.7496288780413,2.3124604236186475,32.28481863639156,0.0,0.8915903899520401,True,True,True,97
Polybenzoxazole,Nc1ccc(-c2nc3cc(-c4nc5c(F)c(N)ccc5o4)ccc3o2)c(-c2ccccc2)c1C(F)(F)F,721.455340254826,2.316493924572319,32.320490345359076,0.0,0.8915436875627413,True,True,True,98
Polybenzoxazole,Nc1ccc2nc(-c3ccc4oc(-c5ccc(Cl)cc5)nc4c3)oc2c1,721.6815349693173,2.3176756309699416,32.323122047839405,0.0,0.8914518873133711,True,True,True,101
Polybenzoxazole,Nc1cccc2oc(-c3ccc4oc(-c5cccc(Cl)c5)nc4c3)nc12,721.6815349693173,2.3176756309699416,32.323122047839405,0.0,0.8914518873133711,True,True,True,100
Polybenzoxazole,Nc1ccc2oc(-c3ccc4oc(-c5cccc(Cl)c5)nc4c3)nc2c1,721.6815349693173,2.3176756309699416,32.323122047839405,0.0,0.8914518873133711,True,True,True,99
Polybenzoxazole,NS(=O)(=O)c1cc(Cl)c(Br)c(-c2nc3cc(-c4nc5c(F)cccc5o4)ccc3o2)c1,721.6128185189319,2.310975196570782,32.2536399270587,0.0,0.8914270933588905,True,True,True,102
Polybenzoxazole,Nc1ccc(-c2nc3cc(-c4nc5ccc(N)cc5o4)ccc3o2)c(N)c1,721.8372022592415,2.319160858017807,32.33347674570452,0.0,0.8914069481734703,True,True,True,103
Polybenzoxazole,Nc1cccc(-c2nc3cc(-c4nc5ccc(N)cc5o4)ccc3o2)c1,721.8372022592415,2.319160858017807,32.330552919295855,0.0,0.8913777099093837,True,True,True,105
Polybenzoxazole,Nc1ccc2nc(-c3ccc4oc(-c5ccccc5N)nc4c3)oc2c1,721.8372022592415,2.319160858017807,32.330552919295855,0.0,0.8913777099093837,True,True,True,104
Polybenzoxazole,Nc1ccc2nc(-c3ccc4oc(-c5ccc(Cl)cc5)nc4c3)oc2c1N,721.7938438687031,2.319160858017807,32.330552919295855,0.0,0.8913776997303718,True,True,True,106
Polybenzoxazole,Nc1ccc2nc(-c3ccc4oc(-c5ccccc5)nc4c3)oc2c1,721.7248933598557,2.319160858017807,32.323122047839405,0.0,0.8913033748104846,True,True,True,107
Polybenzoxazole,c1ccc2oc(-c3ccc4oc(-c5ccccc5)nc4c3)nc2c1,719.5244266572925,2.319160858017807,32.32189219114657,0.0,0.8912905471586345,True,True,True,108
Polybenzoxazole,COc1cccc(-c2ccccc2)c1-c1nc2cc(-c3nc4ccc(F)cc4o3)ccc2o1,721.551715610855,2.3194155683322606,32.32365218830585,0.0,0.8912831643833461,True,True,True,109
Polybenzoxazole,NS(=O)(=O)c1c(Cl)c(F)cc(Cl)c1-c1nc2cc(-c3nc4ccccc4o3)ccc2o1,721.6128185189319,2.3124604236186475,32.2536399270587,0.0,0.8912785706541039,True,True,True,110
Polybenzoxazole,Nc1cc2oc(-c3ccc4oc(-c5ccccc5N)nc4c3)nc2cc1Br,721.7938438687031,2.319160858017807,32.31991962841019,0.0,0.8912713668215152,True,True,True,111
Polybenzoxazole,Fc1ccc2nc(-c3ccc4oc(-c5ccccc5-c5ccccc5Cl)nc4c3)oc2c1,721.6128185189319,2.316684002848976,32.285260100680475,0.0,0.8911724144672887,True,True,True,112
Polybenzoxazole,Fc1ccc2nc(-c3cc(F)c4oc(-c5ccccc5)nc4c3)oc2c1,721.7248933598557,2.31773135489869,32.294356573646034,0.0,0.8911586703804626,True,True,True,113
Polybenzoxazole,NS(=O)(=O)c1cccc(-c2nc3cc(-c4nc5ccc(F)c(S(N)(=O)=O)c5o4)ccc3o2)c1,721.60602180648,2.3124604236186475,32.240605950309615,0.0,0.8911482292843956,True,True,True,114
Polybenzoxazole,NS(=O)(=O)c1cc2nc(-c3cc4nc(-c5ccccc5)oc4cc3S(N)(=O)=O)oc2cc1F,721.60602180648,2.3124604236186475,32.240605950309615,0.0,0.8911482292843956,True,True,True,115
Polybenzoxazole,NS(=O)(=O)c1c(Cl)cccc1-c1nc2c(S(N)(=O)=O)c(-c3nc4ccccc4o3)ccc2o1,721.60602180648,2.3124604236186475,32.240605950309615,0.0,0.8911482292843956,True,True,True,116
Polybenzoxazole,N#Cc1cc(F)cc2oc(-c3ccc4oc(-c5ccccc5)nc4c3)nc12,721.8183453284267,2.3228471945293543,32.34174644433646,0.0,0.8911210070827813,True,True,True,117
Polybenzoxazole,Nc1ccc2nc(-c3ccc4oc(-c5ccc(F)c(Br)c5)nc4c3)oc2c1,721.6815349693173,2.319226324104729,32.302229485937474,0.0,0.8910878923808732,True,True,True,118
Polybenzoxazole,Nc1ccc(-c2nc3cc(-c4nc5c(F)cccc5o4)cc(Br)c3o2)cc1,721.6815349693173,2.319226324104729,32.302229485937474,0.0,0.8910878923808732,True,True,True,119
Polybenzoxazole,Nc1ccc(-c2nc3cc(-c4nc5c(F)c(Br)ccc5o4)ccc3o2)cc1,721.6815349693173,2.319226324104729,32.302229485937474,0.0,0.8910878923808732,True,True,True,120
Polybenzoxazole,N#Cc1cc2oc(-c3ccc(N)cc3)nc2cc1-c1nc2c(F)cccc2o1,721.8183453284267,2.3228471945293543,32.331060526426015,0.0,0.8910141479036768,True,True,True,121
Polybenzoxazole,Nc1ccc(F)c(-c2nc3cc(-c4nc5ccc(N)cc5o4)ccc3o2)c1,721.7938438687031,2.3228471945293543,32.32029364827959,0.0,0.8909064733690544,True,True,True,123
Polybenzoxazole,Nc1ccccc1-c1nc2cc(-c3nc4ccc(N)c(F)c4o3)ccc2o1,721.7938438687031,2.3228471945293543,32.32029364827959,0.0,0.8909064733690544,True,True,True,122
Polybenzoxazole,Nc1ccc(-c2nc3cc(-c4nc5c(F)c(N)ccc5o4)ccc3o2)cc1,721.7938438687031,2.3228471945293543,32.32029364827959,0.0,0.8909064733690544,True,True,True,124
Polybenzoxazole,Nc1ccc(-c2nc3cc(-c4nc5c(F)c(N)cc(F)c5o4)ccc3o2)cc1,721.7251274183177,2.3213522253233156,32.305174950713564,0.0,0.8909047671637236,True,True,True,125
Polybenzoxazole,Nc1ccc2nc(-c3ccc4oc(-c5ccc(F)cc5)nc4c3)oc2c1,721.7248933598557,2.3228471945293543,32.31286277682314,0.0,0.8908321484491672,True,True,True,127
Polybenzoxazole,Nc1ccc(-c2nc3cc(-c4nc5c(F)cccc5o4)ccc3o2)cc1,721.7248933598557,2.3228471945293543,32.31286277682314,0.0,0.8908321484491672,True,True,True,126
Polybenzoxazole,Fc1ccc2nc(-c3ccc4oc(-c5ccccc5)nc4c3)oc2c1,721.7248933598557,2.3228471945293543,32.3116329201303,0.0,0.8908198498822388,True,True,True,129
Polybenzoxazole,Fc1cccc2oc(-c3ccc4oc(-c5ccccc5)nc4c3)nc12,721.7248933598557,2.3228471945293543,32.3116329201303,0.0,0.8908198498822388,True,True,True,128
Polybenzoxazole,Nc1ccc(-c2nc3cc(-c4nc5c(F)cccc5o4)cc(F)c3o2)cc1,721.6815349693173,2.3213522253233156,32.29558643033887,0.0,0.8908088717030285,True,True,True,131
Polybenzoxazole,Nc1cccc(-c2nc3cc(-c4nc5ccc(F)cc5o4)cc(F)c3o2)c1,721.6815349693173,2.3213522253233156,32.29558643033887,0.0,0.8908088717030285,True,True,True,130
Polybenzoxazole,N#Cc1c(-c2nc3c(Br)cccc3o2)c(-c2ccccc2)cc2oc(-c3ccccc3)nc12,721.6885259699644,2.330529735674069,32.32347524698466,0.0,0.8901700104799385,True,True,True,132
Polybenzoxazole,N#Cc1c(-c2ccccc2)c(F)cc2oc(-c3ccc4oc(-c5ccc(Br)cc5)nc4c3)nc12,721.6885259699644,2.333996105928563,32.35192020090649,0.0,0.8901078229937074,True,True,True,133
Polybenzoxazole,Brc1cccc2oc(-c3cc4nc(-c5ccccc5)oc4cc3-c3ccccc3)nc12,721.6128185189319,2.330309769417016,32.29443953543498,0.0,0.8899016321580299,True,True,True,134
Polybenzoxazole,N#Cc1c(-c2ccccc2)c(F)cc2oc(-c3ccc4oc(-c5ccc(N)cc5)nc4c3)nc12,721.3430313554402,2.3402150755821562,32.355577659343474,0.0,0.8895224190150041,True,True,True,135
Polybenzoxazole,N#Cc1cc(-c2nc3cc(-c4nc5c(F)c(N)c(-c6ccccc6)c(F)c5o4)ccc3o2)ccc1N,721.455340254826,2.3395175956128496,32.34330458257151,0.0,0.8894694628308125,True,True,True,136
Polybenzoxazole,N#Cc1cc(F)cc2oc(-c3ccc4oc(-c5cccc(-c6ccnc(S(N)(=O)=O)c6)c5)nc4c3)nc12,721.3430313554402,2.3439484206430663,32.33712535686107,0.0,0.8889645614840891,True,True,True,137
Polybenzoxazole,NS(=O)(=O)c1cc2oc(-c3ccccc3-c3ccccc3)nc2cc1-c1nc2ccc(F)cc2o1,721.551715610855,2.340393621148341,32.29342398825856,0.0,0.8888830771012651,True,True,True,138
Polybenzoxazole,NS(=O)(=O)c1cc2nc(-c3cc4nc(-c5ccccc5)oc4cc3-c3ccccc3)oc2cc1F,721.551715610855,2.340393621148341,32.29342398825856,0.0,0.8888830771012651,True,True,True,139
CyanateEster,CCC(C)(c1ccc(OC#N)cc1)c1ccc(OC#N)c(-c2ccncc2-c2ccncc2N)c1,584.6145738783638,2.1885997468026597,30.6907289795695,0.0,0.8878648658528123,True,True,True,5
Polybenzoxazole,NS(=O)(=O)c1c(F)c(Cl)c(S(N)(=O)=O)c(-c2nc3cc(-c4nc5ccccc5o4)ccc3o2)c1Cl,721.60602180648,2.345774800293361,32.240605950309615,0.0,0.8878167916169243,True,True,True,140
Polybenzoxazole,COc1cc(F)cc2oc(-c3cc4nc(-c5ccccc5)oc4cc3-c3ccncc3)nc12,721.2062209963308,2.44039616383574,32.328386739101205,0.0,0.879232368519677,True,True,True,141
Polybenzoxazole,c1cc(-c2ccncc2)cc(-c2nc3cc(-c4nc5ccccc5o4)ccc3o2)c1,721.551715610855,2.4549967395456975,32.35954719911748,0.0,0.8780839973701187,True,True,True,142
Polybenzoxazole,Fc1ccc2nc(-c3cc4nc(-c5ccccc5)oc4cc3-c3ccncc3)oc2c1,721.551715610855,2.457723327714796,32.34928792810121,0.0,0.8777087458430463,True,True,True,143
Polybenzoxazole,N#Cc1cc(F)cc2oc(-c3ccc4oc(-c5cccc(-c6ccncc6)c5)nc4c3)nc12,721.3430313554402,2.4671849542208757,32.35192020090649,0.0,0.8767888565667623,True,True,True,144
Polybenzoxazole,COc1c(C(F)(F)F)c(-c2ccccc2)c(Br)c2nc(-c3ccc4oc(-c5ccccc5)nc4c3)oc12,721.7496288780413,2.464991045257139,32.28165315066595,0.0,0.8763056729309349,True,True,True,145
Polybenzoxazole,N#Cc1ccc(-c2c(C(F)(F)F)cc(Br)c3nc(-c4ccc5oc(-c6ccccc6)nc5c4)oc23)c(C(F)(F)F)c1,721.3430313554402,2.4584023578520915,32.21545236952987,0.0,0.8763024378898745,True,True,True,147
Polybenzoxazole,N#Cc1ccc(-c2c(C(F)(F)F)c(C(F)(F)F)c(Br)c3nc(-c4ccc5oc(-c6ccccc6)nc5c4)oc23)cc1,721.3430313554402,2.4584023578520915,32.21545236952987,0.0,0.8763024378898745,True,True,True,146
Polybenzoxazole,N#Cc1ccc(-c2c(C(F)(F)F)c(C(F)(F)F)c(Br)c3nc(-c4ccc5oc(-c6cccc(Cl)c6)nc5c4)oc23)cc1,721.6885259699644,2.4612534410296902,32.22530466708219,0.0,0.8761159341453517,True,True,True,148
Polybenzoxazole,N#Cc1ccc(-c2c(C(F)(F)F)c(C(F)(F)F)c(Br)c3nc(-c4ccc5oc(-c6ccccc6Br)nc5c4)oc23)cc1,720.8066223080813,2.4612534410296902,32.181214776750096,0.0,0.8756748258346057,True,True,True,149
Polybenzoxazole,COc1cc(-c2ccncc2)c(-c2nc3cc(-c4nc5ccc(N)cc5o4)ccc3o2)cc1N,721.3185298957166,2.4845514930851254,32.36531475152563,0.0,0.8751861423784222,True,True,True,150
Polybenzoxazole,COc1ccc(-c2nc3cc(-c4nc5c(Br)cccc5o4)c(-c4ccccc4)cc3o2)cc1,721.6128185189319,2.4820075304128544,32.29135882396469,0.0,0.874701048943743,True,True,True,151
Polybenzoxazole,N#Cc1ccc(-c2c(C(F)(F)F)cc(Br)c3nc(-c4ccc5oc(-c6ccccc6)nc5c4)oc23)cc1,721.6885259699644,2.4907281184711207,32.366589915839775,0.0,0.8745813188887844,True,True,True,152
Polybenzoxazole,FC(F)(F)Oc1cccc(-c2nc3cc(-c4nc5c(Br)cccc5o4)c(-c4ccccc4)cc3o2)c1,721.6128185189319,2.483558933145217,32.26221860768216,0.0,0.8742545065076816,True,True,True,153
Polybenzoxazole,Fc1c(-c2ccncc2)ccc2oc(-c3ccc4oc(-c5cc(Cl)ccc5Br)nc4c3)nc12,721.6128185189319,2.4907679856685876,32.31213613970663,0.0,0.8740327765755892,True,True,True,154
Polybenzoxazole,Brc1c(-c2ccncc2)cccc1-c1nc2cc(-c3nc4ccccc4o3)ccc2o1,721.6128185189319,2.492996293555034,32.3223954107229,0.0,0.8739125384971071,True,True,True,155
Polybenzoxazole,Nc1ccc2nc(-c3ccc4oc(-c5cc(-c6ccncc6)ccc5N)nc4c3)oc2c1,721.3185298957166,2.5005567414299805,32.387659564897966,1.4878128953124359e-08,0.8738090656776599,True,False,True,156
Polybenzoxazole,Nc1cccc(-c2nc3cc(-c4nc5cc(-c6ccccc6)c(N)cc5o4)cc(S(N)(=O)=O)c3o2)c1,721.3185298957166,2.5226069447663595,32.308067027992,2.4531549680122982e-05,0.8708081199749624,True,False,True,157
PEEK,O=C(c1ccc(Oc2ccc(Oc3ccc(C(=O)c4ccccc4-c4ccncc4)cc3)cc2)cc1)c1ccc(-c2ccncc2)cc1,571.9666086289033,3.37799398632945,44.79130463933718,0.00046530065429122274,0.8619656684183918,True,False,True,1
PEEK,O=C(c1ccc(Oc2ccc(Oc3cc(F)c(C(=O)c4ccccc4)c(Cl)c3)cc2)cc1)c1cc(-c2ccccc2)cc(-c2ccccc2)c1,524.7129919985607,3.385780785437887,44.793050763907566,0.0005236380126143306,0.8608179970503815,True,False,True,2
PEEK,Nc1cc(Oc2ccc(Oc3ccc(C(=O)c4ccccc4)cc3)cc2)ccc1C(=O)c1ccc(-c2ccccc2-c2ccccc2)cc1,524.4198765469392,3.385780785437887,44.79635640954695,0.0005236380126143306,0.8608144516536327,True,False,True,3
Polyimide,CCc1c(Oc2ccc(-c3cc4ccc3c(=O)oc4=O)cc2)ccc(-n2c(=O)c3ccc(c(-c4ccncc4)c3)c2=O)c1Cl,595.5469694614865,3.4129034134353304,56.03380764449806,0.0003511620045550742,0.8585630284530679,True,False,True,1
Polyimide,CCc1c(Oc2ccc(-c3cc4ccc3c(=O)oc4=O)cc2)ccc(-n2c(=O)c3ccc(c(OC)c3OC)c2=O)c1Cl,593.4351866251245,3.4282670827908546,56.01445931445086,0.000453235386437355,0.85702033826937,True,False,True,2
Polybenzoxazole,Nc1cc2oc(-c3ccc4oc(-c5c(N)cccc5-c5ccncc5)nc4c3)nc2cc1Br,721.7251274183177,2.6636549755132988,32.332135975133944,0.0012855816484924041,0.856944102388929,True,False,True,158
Polyimide,CCc1c(-c2ccc(Oc3ccc(-n4c(=O)c5ccc(c(-c6ccncc6)c5)c4=O)cc3)cc2)c2cc(N)c1c(=O)oc2=O,595.5802240347023,3.429123098853873,56.01119835337145,0.00045930508698697103,0.8569411573655732,True,False,True,3
Polyimide,O=c1oc(=O)c2ccc1cc2-c1ccc(Oc2cc(Cl)c(-n3c(=O)c4cc(-c5ccncc5)c(cc4-c4ccncc4)c3=O)c(C(F)(F)F)c2)cc1,592.2005108031992,3.4307295925465633,56.10955725552214,0.00047080513408789257,0.856770264814577,True,False,True,4
Polybenzoxazole,NS(=O)(=O)c1c(Cl)cccc1-c1nc2cc(-c3nc4c(-c5ccncc5)cccc4o3)ccc2o1,721.6128185189319,2.6654257928224654,32.28589847265332,0.0013135532606851797,0.8563046191896683,True,False,True,159
Polyimide,CCc1c(Oc2ccc(-c3cc4ccc3c(=O)oc4=O)cc2)ccc(-n2c(=O)c3ccc(c(OC)c3)c2=O)c1Cl,594.7589251368556,3.4374781025571863,56.03152747087471,0.0005206674568243608,0.8561032310783905,True,False,True,5
Polyimide,O=c1oc(=O)c2ccc1cc2-c1ccc(Oc2ccc(-n3c(=O)c4ccc(c(-c5ccccc5)c4)c3=O)c(OC(F)(F)F)c2)cc1,591.4947544880563,3.441114609859908,55.94267929666287,0.0005485766698598935,0.8557295353655596,True,False,True,6
Polyimide,CCc1c(Cl)c(-n2c(=O)c3ccc(cc3)c2=O)c(F)c(OC)c1Oc1ccc(-c2cc3ccc2c(=O)oc3=O)cc1,594.7589251368556,3.4440637748002456,55.997336104789866,0.0005717457633525051,0.8554446638540847,True,False,True,7
Polyimide,O=c1oc(=O)c2ccc1cc2-c1ccc(Oc2cc(Cl)c(-n3c(=O)c4ccc(c(-c5ccncc5)c4)c3=O)c(C(F)(F)F)c2)cc1,594.0575389952629,3.4457866016129857,55.98233753779797,0.0005855022922827397,0.8552702776920325,True,False,True,8
Polyimide,CCc1c(-c2ccc(Oc3ccc(-n4c(=O)c5ccc(cc5)c4=O)cc3)cc2)c2cc(N)c1c(=O)oc2=O,594.7597270878097,3.448047723296259,56.042184069555034,0.0006038051893445119,0.8550462713927254,True,False,True,9
Polyimide,CCc1c(Oc2ccc(-c3cc4ccc3c(=O)oc4=O)cc2)ccc(-n2c(=O)c3ccc(cc3)c2=O)c1Cl,594.7597270878097,3.449489484654078,56.03852661111805,0.0006156227554309057,0.8549020952569435,True,False,True,10
Polyimide,CCc1c(Oc2ccc(-c3cc4ccc3c(=O)oc4=O)cc2)ccc(-n2c(=O)c3ccc(c(N)c3)c2=O)c1Cl,594.7182081046684,3.4513987574834757,56.035821881656425,0.0006314485886374749,0.8547110442784893,True,False,True,11
Polyimide,O=c1oc(=O)c2ccc1cc2-c1ccc(Oc2ccc(-n3c(=O)c4ccc(c(-c5ccccc5)c4)c3=O)cc2)c(-c2ccccc2)c1,590.2547644153796,3.452409187223439,55.98030373122775,0.0006399052438046635,0.8545960866944682,True,False,True,12
Polyimide,CCc1cc(-c2cc3c(F)cc2c(=O)oc3=O)ccc1Oc1ccc(-n2c(=O)c3ccc(cc3)c2=O)cc1,594.7597270878097,3.454370323421595,56.033441886867294,0.0006564792494018686,0.8544140113801917,True,False,True,13
Polyimide,CCc1cc2c(-c3ccc(Oc4ccc(-n5c(=O)c6ccc(c(F)c6)c5=O)cc4)cc3)cc1c(=O)oc2=O,594.7597270878097,3.454370323421595,56.033441886867294,0.0006564792494018686,0.8544140113801917,True,False,True,14
Polyimide,CCc1cc2c(-c3ccc(Oc4ccc(-n5c(=O)c6ccc(c(F)c6F)c5=O)cc4)cc3)cc1c(=O)oc2=O,594.7597270878097,3.454370323421595,56.01958900210998,0.0006564792494018686,0.8544140113801917,True,False,True,15
Polyimide,NS(=O)(=O)c1cc2ccc1c(=O)n(-c1ccc(Oc3cc(OC(F)(F)F)c(-c4cc5ccc4c(=O)oc5=O)cc3-c3ccccc3)cc1)c2=O,590.5706189358118,3.454604735407859,55.900722193768196,0.0006584744961579641,0.8543775578665667,True,False,True,16
Polyimide,NS(=O)(=O)c1cc2cc(S(N)(=O)=O)c1c(=O)n(-c1ccc(Oc3cc(OC(F)(F)F)c(-c4cc5ccc4c(=O)oc5=O)cc3-c3ccccc3)cc1)c2=O,589.2703596940177,3.4547937972319915,55.97667720511803,0.0006600859410881259,0.8543543861893106,True,False,True,17
Polybenzoxazole,NS(=O)(=O)c1ccc(-c2nc3cc(-c4nc5c(-c6ccncc6)cccc5o4)ccc3o2)c(S(N)(=O)=O)c1Cl,721.60602180648,2.6811391332267784,32.21715341170957,0.0015749465081351325,0.8540458329375821,True,False,True,160
Polyimide,CCc1c(Oc2ccc(-c3cc4ccc3c(=O)oc4=O)cc2)cc(F)c(-n2c(=O)c3ccc(cc3)c2=O)c1Cl,594.826011636719,3.4585855887074604,56.027079698968684,0.0006928206321127228,0.8539926821173744,True,False,True,18
Polyimide,Nc1cc(Oc2ccc(-n3c(=O)c4cc(F)c(c(OC(F)(F)F)c4)c3=O)cc2)cc(-c2ccncc2)c1-c1cc2ccc1c(=O)oc2=O,593.3255084240781,3.459823675583186,55.93670441505645,0.0007036806412374524,0.8538643432374122,True,False,True,19
Polyimide,O=c1oc(=O)c2c(-c3ccc(Oc4ccc(-n5c(=O)c6ccc(c(-c7ccncc7)c6)c5=O)cc4)cc3)cc1c(F)c2-c1ccccc1,592.289647323149,3.4601481583714206,55.97754604591844,0.0007065408437949778,0.8538286873630794,True,False,True,20
Polyimide,O=C1OC(=O)c2ccc1cc2-c1ccc(Oc2ccc(cc2)N2C(=O)c3ccc(cc3)C2=O)cc1,594.7597270878097,3.4602845778126956,56.04514480595261,0.0007077450656912985,0.8538225859410817,True,False,True,21
Polyimide,COc1c(F)c2ccc1c(=O)n(-c1ccc(Oc3cc(N)c(-c4cc5ccc4c(=O)oc5=O)c(-c4ccncc4)c3)cc1)c2=O,595.1583356711018,3.4636714134992936,55.99341954373024,0.0007379705674065239,0.8534850847195332,True,False,True,22
Polyimide,O=c1oc(=O)c2ccc1cc2-c1ccc(Oc2ccc(-n3c(=O)c4ccc(c(F)c4)c3=O)cc2)cc1,594.7597270878097,3.4670515186770166,56.04006008170185,0.0007687661127354731,0.8531458918546495,True,False,True,23
Polyimide,O=c1oc(=O)c2cc(F)c1cc2-c1ccc(Oc2ccc(-n3c(=O)c4ccc(cc4)c3=O)cc2)cc1,594.7597270878097,3.4670515186770166,56.04006008170185,0.0007687661127354731,0.8531458918546495,True,False,True,24
Polyimide,NS(=O)(=O)c1nccc(-c2cc3ccc2c(=O)n(-c2ccc(Oc4ccc(-c5cc6c(F)cc5c(=O)oc6=O)cc4)cc2)c3=O)c1S(N)(=O)=O,592.0111927654062,3.4701027372345723,55.87840230160897,0.000797105818586612,0.8528323558442978,True,False,True,25
Polyimide,Nc1cc(Oc2ccc(-n3c(=O)c4cc(F)c(c(-c5ccccc5)c4)c3=O)cc2)cc(Cl)c1-c1cc2ccc1c(=O)oc2=O,594.1554657386778,3.4716924515116037,56.00674833249144,0.0008120743224811138,0.8526799881617091,True,False,True,26
Polyimide,NS(=O)(=O)c1cc2ccc1c(=O)n(-c1ccc(Oc3ccc(-c4cc5ccc4c(=O)oc5=O)c(OC(F)(F)F)c3)cc1)c2=O,594.1984686033536,3.4746282535931714,55.945771196957594,0.000840083387135015,0.8523865375169852,True,False,True,27
Polyimide,O=c1oc(=O)c2ccc1cc2-c1ccc(Oc2ccc(-n3c(=O)c4cc(F)c(c(-c5ccncc5F)c4)c3=O)c(Cl)c2)cc1,596.0176605695151,3.4764970460598064,55.9980277789399,0.0008581599798302335,0.8522050385655191,True,False,True,28
Polyimide,NS(=O)(=O)c1cnccc1-c1cc2ccc1c(=O)n(-c1ccc(Oc3ccc(-c4cc5c(F)cc4c(=O)oc5=O)cc3)cc1)c2=O,595.4752829963992,3.4770781836781883,56.00248688944093,0.0008638204720321285,0.8521453411272162,True,False,True,29
Polyimide,O=c1oc(=O)c2cc(F)c1cc2-c1ccc(Oc2ccc(-n3c(=O)c4ccc(c(-c5ccnc(Br)c5)c4)c3=O)cc2)cc1,596.3293944313073,3.4775849652824244,56.04744207445411,0.0008687718979162524,0.8520971491295917,True,False,True,30
Polyimide,Nc1cc(Oc2ccc(-n3c(=O)c4ccc(c(S(N)(=O)=O)c4)c3=O)cc2)c(-c2ccncc2)cc1-c1cc2ccc1c(=O)oc2=O,595.162589526606,3.4777115862413064,55.9226904826635,0.0008700112364848855,0.852081080012332,True,False,True,31
Polyimide,O=c1oc(=O)c2ccc1cc2-c1ccc(Oc2ccc(-n3c(=O)c4cc(F)c(c(-c5ccncc5)c4)c3=O)c(Cl)c2)cc1,596.1773464785703,3.478243649931031,56.00840592296508,0.0008752286154472743,0.8520308411801008,True,False,True,32
Polyimide,Nc1c(S(N)(=O)=O)c2c(-c3ccc(Oc4ccc(-n5c(=O)c6ccc(c(-c7ccccc7)c6)c5=O)cc4)cc3)cc1c(=O)oc2=O,593.4686508189227,3.480267533329359,55.999165750882305,0.000895217178309961,0.8518203955114441,True,False,True,33
Polyimide,O=c1oc(=O)c2c(-c3ccc(Oc4ccc(-n5c(=O)c6ccc(cc6)c5=O)cc4)cc3)cc1c(F)c2-c1ccccc1,594.9429675010077,3.4809172817937326,55.9958258061259,0.0009016821722212925,0.851759860237921,True,False,True,34
Polyimide,O=c1oc(=O)c2c(F)cc1c(-c1ccc(Oc3ccc(-n4c(=O)c5ccc(cc5)c4=O)cc3)cc1)c2OC(F)(F)F,594.5029234877069,3.4815277410368886,55.958610838310975,0.0009077774315690287,0.8516975028875517,True,False,True,35
Polyimide,O=c1oc(=O)c2ccc1cc2-c1ccc(Oc2ccc(-n3c(=O)c4ccc(c(-c5ccncc5)c4)c3=O)c(Cl)c2)cc1,596.9442081167051,3.4821944069055317,56.046294558976655,0.0009144573528280588,0.8516379684904272,True,False,True,36
Polyimide,Nc1c(OC(F)(F)F)c2c(-c3ccc(Oc4ccc(-n5c(=O)c6ccc(c(F)c6)c5=O)cc4)cc3)cc1c(=O)oc2=O,594.4157503802479,3.4839243075549873,55.91168725216452,0.0009319049837350307,0.8514575850696209,True,False,True,37
Polyimide,Nc1ccccc1-c1cc2ccc1c(=O)n(-c1ccc(Oc3ccc(-c4cc5ccc4c(=O)oc5=O)cc3)cc1)c2=O,594.9429675010077,3.485948614527259,56.00822151782397,0.0009525313290525397,0.8512567269645683,True,False,True,38
Polyimide,O=c1oc(=O)c2ccc1cc2-c1ccc(Oc2ccc(-n3c(=O)c4ccc(c(-c5ccccc5)c4)c3=O)cc2)cc1,594.7080093938287,3.4863432157552197,56.019746196530306,0.0009565783487051353,0.8512165680510795,True,False,True,39
Polyimide,N#Cc1cc2ccc1c(=O)n(-c1ccc(Oc3ccc(-c4cc5c(F)c(-c6ccccc6)c4c(=O)oc5=O)cc3)cc1)c2=O,594.1554657386778,3.4878734285472346,56.0055184757986,0.0009723533100301082,0.8510618904581462,True,False,True,40
Polyimide,NS(=O)(=O)c1cc(Oc2ccc(-c3cc4ccc3c(=O)oc4=O)cc2)ccc1-n1c(=O)c2ccc(c(S(N)(=O)=O)c2)c1=O,594.1812720791851,3.4891764118322293,55.90238418572308,0.000985887459882019,0.8509316698949911,True,False,True,41
Polyimide,O=c1oc(=O)c2ccc1cc2-c1ccc(Oc2ccc(-n3c(=O)c4ccc(c(F)c4)c3=O)cc2C(F)(F)F)cc1,594.8675306198603,3.490102736153756,55.98077185088066,0.000995566123778089,0.8508410908020483,True,False,True,42
Polyimide,Nc1cc(Oc2ccc(-n3c(=O)c4ccc(c(F)c4)c3=O)cc2)cc(-c2ccncc2)c1-c1cc2ccc1c(=O)oc2=O,596.6998335746857,3.492929653933316,56.00445041828096,0.0010253953544581045,0.850563745420736,True,False,True,43
Polyimide,O=c1oc(=O)c2cc(F)c1cc2-c1ccc(Oc2ccc(-n3c(=O)c4ccc(c(-c5ccncc5)c4)c3=O)cc2)cc1,596.805162331845,3.4950813654381117,55.97849563689338,0.0010483950176638603,0.8503488756941942,True,False,True,44
Polyimide,Nc1cc(Oc2ccc(-c3cc4c(N)cc3c(=O)oc4=O)cc2)ccc1-n1c(=O)c2ccc(c(N)c2)c1=O,594.4111607694228,3.4951221995687667,56.01754868364286,0.0010488339604560243,0.8503377821053941,True,False,True,46
Polyimide,Nc1cc(-c2cc3c(N)cc2c(=O)oc3=O)ccc1Oc1ccc(-n2c(=O)c3ccc(cc3)c2=O)cc1N,594.4111607694228,3.4951221995687667,56.01754868364286,0.0010488339604560243,0.8503377821053941,True,False,True,45
Polyimide,Nc1cc(Oc2ccc(-c3cc4c(N)cc3c(=O)oc4=O)cc2)ccc1-n1c(=O)c2ccc(cc2)c1=O,594.4111607694228,3.4956154477642687,56.0538055341019,0.0010541433444632344,0.850288457285844,True,False,True,47
Polyimide,Nc1cc(-n2c(=O)c3ccc(cc3)c2=O)ccc1Oc1ccc(-c2cc3c(N)cc2c(=O)oc3=O)cc1,594.4111607694228,3.4956154477642687,56.0538055341019,0.0010541433444632344,0.850288457285844,True,False,True,48
Polyimide,N#Cc1cc(-n2c(=O)c3ccc(cc3)c2=O)c(Cl)cc1Oc1ccc(-c2cc3ccc2c(=O)oc3=O)cc1,594.7597270878097,3.4964615799652816,56.041588916232946,0.0010632824353293338,0.8502048857258231,True,False,True,49
Polyimide,Nc1cc2c(-c3ccc(Oc4ccc(-n5c(=O)c6ccc(cc6)c5=O)cc4)cc3)cc1c(=O)oc2=O,594.7597270878097,3.496905920704267,56.04880226438959,0.0010680975649695634,0.8501604516519246,True,False,True,50
Polyimide,Nc1cc2c(-c3ccc(Oc4ccc(-n5c(=O)c6ccc(c(Cl)c6)c5=O)cc4)cc3)cc1c(=O)oc2=O,594.7597270878097,3.4981364253062,56.042818772925784,0.0010814887887911713,0.8500374011917313,True,False,True,51
Polyimide,Nc1cc(-n2c(=O)c3ccc(cc3)c2=O)c(Cl)cc1Oc1ccc(-c2cc3ccc2c(=O)oc3=O)cc1,594.7597270878097,3.4981364253062,56.042818772925784,0.0010814887887911713,0.8500374011917313,True,False,True,52
Polyimide,O=c1oc(=O)c2ccc1cc2-c1ccc(Oc2ccc(-n3c(=O)c4ccc(cc4)c3=O)c(Cl)c2)cc1,594.7597270878097,3.498347682062086,56.04514480595261,0.0010837962253278882,0.8500162755161427,True,False,True,53
Polyimide,N#Cc1c(Oc2ccc(-c3cc4ccc3c(=O)oc4=O)cc2)cc(Cl)c(-n2c(=O)c3ccc(cc3)c2=O)c1C#N,594.7204210430214,3.4985146235840223,56.03716408001692,0.0010856213712591226,0.8499994642639255,True,False,True,54
Polyimide,NS(=O)(=O)c1cc2ccc1c(=O)n(-c1ccc(Oc3ccc(-c4cc5c(F)cc4c(=O)oc5=O)cc3)cc1)c2=O,594.7206828795597,3.500486989349359,56.03311689413501,0.0011073011817732785,0.849802228467756,True,False,True,56
Polyimide,NS(=O)(=O)c1cc(-n2c(=O)c3ccc(c(F)c3)c2=O)ccc1Oc1ccc(-c2cc3ccc2c(=O)oc3=O)cc1,594.7206828795597,3.500486989349359,56.03311689413501,0.0011073011817732785,0.849802228467756,True,False,True,55
Polyimide,NS(=O)(=O)c1cc(-c2cc3ccc2c(=O)oc3=O)ccc1Oc1ccc(-n2c(=O)c3ccc(cc3)c2=O)cc1,594.6543983306503,3.500486989349359,56.022559422474444,0.0011073011817732785,0.8498020307863039,True,False,True,57
Polyimide,NS(=O)(=O)c1cc2ccc1c(=O)n(-c1ccc(Oc3ccc(-c4cc5ccc4c(=O)oc5=O)cc3)cc1)c2=O,594.6543983306503,3.500486989349359,56.022559422474444,0.0011073011817732785,0.8498020307863039,True,False,True,58
Polyimide,NS(=O)(=O)c1cc(-n2c(=O)c3cc(Cl)c(cc3F)c2=O)ccc1Oc1ccc(-c2cc3ccc2c(=O)oc3=O)cc1,594.84952995358,3.5006286961702586,56.013157981598724,0.0011088670448203312,0.8497884412998689,True,False,True,59
Polyimide,NS(=O)(=O)c1cc2cc(F)c1c(=O)n(-c1ccc(Oc3ccc(-c4cc5ccc4c(=O)oc5=O)cc3)cc1Cl)c2=O,594.84952995358,3.5006286961702586,56.013157981598724,0.0011088670448203312,0.8497884412998689,True,False,True,60
Polyimide,Nc1c(-c2cc3ccc2c(=O)oc3=O)ccc(Oc2ccc(-n3c(=O)c4ccc(c(S(N)(=O)=O)c4)c3=O)cc2)c1Cl,594.7050926069409,3.5010479320893904,56.000176837620664,0.0011135060880832007,0.8497460877221878,True,False,True,61
Polyimide,Nc1cc(Oc2ccc(-n3c(=O)c4ccc(c(S(N)(=O)=O)c4)c3=O)cc2)ccc1-c1cc2ccc1c(=O)oc2=O,594.5762455329206,3.501120391912477,56.02378927916728,0.001114308871708771,0.8497384571170277,True,False,True,62
Polyimide,Nc1c(S(N)(=O)=O)c2c(-c3ccc(Oc4ccc(-n5c(=O)c6ccc(cc6)c5=O)cc4)cc3)cc1c(=O)oc2=O,594.5762455329206,3.501120391912477,56.02378927916728,0.001114308871708771,0.8497384571170277,True,False,True,63
Polyimide,Nc1cc(-n2c(=O)c3ccc(c(Br)c3)c2=O)ccc1Oc1ccc(-c2cc3c(N)cc2c(=O)oc3=O)cc1,594.3696417862816,3.5011150049849036,56.04782204263809,0.0011142491798919521,0.8497383770035809,True,False,True,64
Polyimide,NS(=O)(=O)c1cc2ccc1c(=O)n(-c1ccc(Oc3ccc(-c4cc5ccc4c(=O)oc5=O)cc3)c(Br)c1)c2=O,594.84952995358,3.502103313032442,56.021203807674596,0.0011252272489997073,0.8496409796136504,True,False,True,65
Polyimide,N#Cc1cc(Oc2ccc(-n3c(=O)c4ccc(cc4)c3=O)cc2)ccc1-c1cc2c(F)cc1c(=O)oc2=O,594.7597270878097,3.5021617773237157,56.03523910597205,0.0011258783529113961,0.8496348659899797,True,False,True,66
Polyimide,NS(=O)(=O)c1cc2ccc1c(=O)n(-c1ccc(Oc3ccc(-c4cc5ccc4c(=O)oc5=O)cc3)cc1Cl)c2=O,594.84952995358,3.5025871899878993,56.021203807674596,0.0011306217506113852,0.8495925919181047,True,False,True,67
Polyimide,Nc1cc2c(-c3ccc(Oc4ccc(-n5c(=O)c6ccc(c(F)c6)c5=O)cc4)cc3F)cc1c(=O)oc2=O,594.7597270878097,3.503099366258203,56.030243351816324,0.0011363458009499665,0.8495411070965309,True,False,True,68
Polyimide,Nc1cc2c(-c3ccc(Oc4ccc(-n5c(=O)c6ccc(c(F)c6)c5=O)cc4)cc3)cc1c(=O)oc2=O,594.7597270878097,3.503672861568588,56.043717540138836,0.0011427723013646626,0.8494837575654925,True,False,True,70
Polyimide,Nc1cc(Oc2ccc(-n3c(=O)c4ccc(c(F)c4)c3=O)cc2)ccc1-c1cc2ccc1c(=O)oc2=O,594.7597270878097,3.503672861568588,56.043717540138836,0.0011427723013646626,0.8494837575654925,True,False,True,72
Polyimide,Nc1cc(-n2c(=O)c3ccc(cc3)c2=O)ccc1Oc1ccc(-c2cc3c(F)cc2c(=O)oc3=O)cc1,594.7597270878097,3.503672861568588,56.043717540138836,0.0011427723013646626,0.8494837575654925,True,False,True,71
Polyimide,Nc1cc2c(-c3ccc(Oc4ccc(-n5c(=O)c6ccc(cc6)c5=O)cc4)c(F)c3)cc1c(=O)oc2=O,594.7597270878097,3.503672861568588,56.043717540138836,0.0011427723013646626,0.8494837575654925,True,False,True,69
Polyimide,Nc1cc(Oc2ccc(-n3c(=O)c4ccc(c(F)c4)c3=O)cc2)cc(Cl)c1-c1cc2ccc1c(=O)oc2=O,594.7597270878097,3.504177118589856,56.03773404867503,0.0011484378996048541,0.8494333318633656,True,False,True,73
Polyimide,O=c1oc(=O)c2ccc1cc2-c1ccc(Oc2ccc(-n3c(=O)c4ccc(c(F)c4)c3=O)c(Cl)c2)cc1,594.7597270878097,3.5051146229264067,56.034076590238044,0.001159008499676091,0.8493395814297107,True,False,True,75
Polyimide,O=c1oc(=O)c2cc(F)c1cc2-c1ccc(Oc2ccc(-n3c(=O)c4ccc(cc4)c3=O)cc2)c(Cl)c1,594.7597270878097,3.5051146229264067,56.034076590238044,0.001159008499676091,0.8493395814297107,True,False,True,74
Polyimide,N#Cc1cc(-n2c(=O)c3ccc(c(F)c3)c2=O)c(Cl)cc1Oc1ccc(-c2cc3ccc2c(=O)oc3=O)cc1,594.7182081046684,3.507436227176848,56.03014200408358,0.0011853936183296159,0.8491072973091522,True,False,True,76
Polyimide,O=c1oc(=O)c2cc(F)c1cc2-c1cc(Cl)c(Oc2ccc(-n3c(=O)c4ccc(cc4)c3=O)cc2)c(Cl)c1,594.7182081046684,3.508812723188527,56.034076590238044,0.0012011777786613915,0.8489696477079842,True,False,True,77
Polyimide,O=c1oc(=O)c2cc(F)c1cc2-c1ccc(Oc2ccc(-n3c(=O)c4ccc(c(Br)c4)c3=O)cc2)c(Cl)c1,594.8191916641706,3.5090268217302634,56.036374504448524,0.0012036422094395423,0.8489485385306104,True,False,True,78
Polyimide,O=c1oc(=O)c2ccc1cc2-c1ccc(Oc2ccc(-n3c(=O)c4ccc(c(F)c4)c3=O)c(Cl)c2Br)cc1,594.8191916641706,3.5090268217302634,56.036374504448524,0.0012036422094395423,0.8489485385306104,True,False,True,79
Polyimide,O=c1oc(=O)c2ccc1cc2-c1ccc(Oc2ccc(-n3c(=O)c4ccc(c(F)c4)c3=O)c(Br)c2)cc1,594.7597270878097,3.5095364278153887,56.034076590238044,0.001209518308033985,0.8488974009408123,True,False,True,80
Poly_b105dd7b,*c1cc(CC)c(-n2c(=O)c3ccc4c(c3)c(=O)c3ccc(cc3-4)c(=O)n(*)c2=O)cc1OC,639.5973614094228,2.188061721078417,25.12789568055353,0.012288516174151885,0.8324120132141883,False,False,False,11
Poly_b105dd7b,*c1ccc(-n2c(=O)c3cc4c(cc3OC)-c3cc(ccc3c4=O)c(=O)n(*)c2=O)c(CC)c1,639.5973614094228,2.188061721078417,25.12789568055353,0.012288516174151885,0.8324120132141883,False,False,False,10
Poly_b105dd7b,*c1ccc(-n2c(=O)c3cc4c(cc3CC)-c3cc(ccc3c4=O)c(=O)n(*)c2=O)c(Cl)c1,639.298233013777,2.226838440033576,25.13705455063058,0.0136992867142824,0.8286255654159388,False,False,False,12
Poly_b105dd7b,*c1ccc(-n2c(=O)c3cc4c(cc3F)-c3cc(ccc3c4=O)c(=O)n(*)c2=O)c(CC)c1,639.5973614094228,2.226838440033576,25.135916870181745,0.01367336106579892,0.8286145532149547,False,False,False,13
Poly_b105dd7b,*c1ccc(-n2c(=O)c3cc(CC)c4c(c3)c(=O)c3c(F)cc(cc3-4)c(=O)n(*)c2=O)cc1,639.5973614094228,2.226838440033576,25.135916870181745,0.01367336106579892,0.8286145532149547,False,False,False,14
Poly_b105dd7b,*c1ccc(-n2c(=O)c3cc4c(cc3N)-c3cc(c(CC)cc3c4=O)c(=O)n(*)c2=O)cc1,639.5973614094228,2.226838440033576,25.13336148850123,0.013680654389037875,0.8285889993981496,False,False,False,15
Poly_b105dd7b,*c1ccc(-n2c(=O)c3cc4c(cc3N)-c3cc(ccc3c4=O)c(=O)n(*)c2=O)c(OC)c1,639.3747671970347,2.239444208160366,25.19036740787893,0.01404834309010775,0.8278982106698989,False,False,False,16
Poly_b105dd7b,*c1ccc(-n2c(=O)c3ccc4c(c3N)c(=O)c3ccc(cc3-4)c(=O)n(*)c2=O)cc1OC,639.3747671970347,2.239444208160366,25.19036740787893,0.01404834309010775,0.8278982106698989,False,False,False,17
Poly_b105dd7b,*c1ccc(-n2c(=O)c3ccc4c(c3)c(=O)c3cc(OC)c(cc3-4)c(=O)n(*)c2=O)cc1Br,639.5973614094228,2.2404228186368074,25.16183994421916,0.014147668291641817,0.8275153460950057,False,False,False,20
Poly_b105dd7b,*c1ccc(-n2c(=O)c3c(OC)cc4c(c3Br)c(=O)c3ccc(cc3-4)c(=O)n(*)c2=O)cc1,639.5973614094228,2.2404228186368074,25.16183994421916,0.014147668291641817,0.8275153460950057,False,False,False,18
Poly_b105dd7b,*c1ccc(-n2c(=O)c3ccc4c(c3)c(=O)c3ccc(c(Br)c3-4)c(=O)n(*)c2=O)cc1OC,639.5973614094228,2.2404228186368074,25.16183994421916,0.014147668291641817,0.8275153460950057,False,False,False,19
Poly_b105dd7b,*c1ccc(-n2c(=O)c3cc4c(cc3OC)-c3cc(ccc3c4=O)c(=O)n(*)c2=O)cc1,639.5973614094228,2.2404228186368074,25.160702263770325,0.014150894008902841,0.8275039692905173,False,False,False,22
Poly_b105dd7b,*c1ccc(-n2c(=O)c3ccc4c(c3)c(=O)c3ccc(cc3-4)c(=O)n(*)c2=O)cc1OC,639.5973614094228,2.2404228186368074,25.160702263770325,0.014150894008902841,0.8275039692905173,False,False,False,21
Poly_b105dd7b,*c1ccc(-n2c(=O)c3ccc4c(c3C(F)(F)F)c(=O)c3c(F)cc(cc3-4)c(=O)n(*)c2=O)cc1,639.298233013777,2.2387249227597934,25.142178354848124,0.014162660248453834,0.8274881551854925,False,False,False,23
Poly_b105dd7b,*c1ccc(-n2c(=O)c3cc4c(cc3F)-c3cc(ccc3c4=O)c(=O)n(*)c2=O)c(C(F)(F)F)c1,639.298233013777,2.2387249227597934,25.142178354848124,0.014162660248453834,0.8274881551854925,False,False,False,24
Poly_b105dd7b,*c1ccc(-n2c(=O)c3cc4c(cc3F)-c3cc(c(C(F)(F)F)cc3c4=O)c(=O)n(*)c2=O)cc1,639.298233013777,2.2387249227597934,25.142178354848124,0.014162660248453834,0.8274881551854925,False,False,False,25
Poly_b105dd7b,*c1ccc(-n2c(=O)c3ccc4c(c3C(F)(F)F)c(=O)c3ccc(cc3-4)c(=O)n(*)c2=O)cc1,639.298233013777,2.2387249227597934,25.14050320870083,0.014167433381640351,0.8274714037240195,False,False,False,26
Poly_b105dd7b,*c1ccc(-n2c(=O)c3cc4c(cc3OC)-c3cc(ccc3c4=O)c(=O)n(*)c2=O)cc1F,639.5973614094228,2.2404228186368074,25.15591656090435,0.014164473113515246,0.8274561122618576,False,False,False,27
Poly_b105dd7b,*c1cc(F)c(-n2c(=O)c3ccc4c(c3)c(=O)c3ccc(cc3-4)c(=O)n(*)c2=O)cc1OC,639.5973614094228,2.2404228186368074,25.15591656090435,0.014164473113515246,0.8274561122618576,False,False,False,28
Poly_b105dd7b,*c1ccc(-n2c(=O)c3cc4c(cc3F)-c3cc(ccc3c4=O)c(=O)n(*)c2=O)c(OC)c1,639.5973614094228,2.2404228186368074,25.15591656090435,0.014164473113515246,0.8274561122618576,False,False,False,29
Poly_b105dd7b,*c1ccc(-n2c(=O)c3cc(OC)c4c(c3C(F)(F)F)c(=O)c3ccc(cc3-4)c(=O)n(*)c2=O)cc1,639.298233013777,2.2422768907420734,25.161277863294398,0.01425543982106978,0.8273239534717272,False,False,False,30
Poly_b105dd7b,*c1ccc(-n2c(=O)c3ccc4c(c3)c(=O)c3c(F)c(C#N)c(c(C(F)(F)F)c3-4)c(=O)n(*)c2=O)cc1,638.9527383992528,2.2453432977672168,25.184551298335137,0.01435204114204005,0.827249623278195,False,False,False,31
Poly_b105dd7b,*c1ccc(-n2c(=O)c3ccc4c(c3)c(=O)c3cc(C(F)(F)F)c(cc3-4)c(=O)n(*)c2=O)c(Cl)c1,639.298233013777,2.2453432977672168,25.159602717147106,0.014388713893064588,0.8270005613077399,False,False,False,32
Poly_b105dd7b,*c1ccc(-n2c(=O)c3cc4c(cc3S(N)(=O)=O)-c3cc(cc(F)c3c4=O)c(=O)n(*)c2=O)cc1,639.3747671970347,2.2471209203304094,25.163202149110365,0.014446201340629038,0.8268588868652088,False,False,False,33
Poly_b105dd7b,*c1ccc(-n2c(=O)c3ccc4c(c3C(F)(F)F)c(=O)c3ccc(cc3-4)c(=O)n(*)c2=O)cc1Br,638.9271236726332,2.2453432977672168,25.126795279614324,0.014518546397776572,0.82667203155095,False,False,False,34
Poly_b105dd7b,*c1ccc(-n2c(=O)c3cc(Br)c4c(c3)c(=O)c3ccc(c(C(F)(F)F)c3-4)c(=O)n(*)c2=O)cc1,638.9271236726332,2.2453432977672168,25.126795279614324,0.014518546397776572,0.82667203155095,False,False,False,35
Poly_b105dd7b,*c1ccc(-n2c(=O)c3ccc4c(c3)c(=O)c3cc(C(F)(F)F)c(cc3-4)c(=O)n(*)c2=O)cc1Br,638.9271236726332,2.2453432977672168,25.126795279614324,0.014518546397776572,0.82667203155095,False,False,False,36
Poly_b105dd7b,*c1ccc(-n2c(=O)c3c(C(F)(F)F)c(OC)c4c(c3C(F)(F)F)c(=O)c3ccc(cc3-4)c(=O)n(*)c2=O)cc1,638.5544878219664,2.250668789286061,25.120178312593612,0.014800911538691069,0.8260728520618036,False,False,False,37
Poly_b105dd7b,*c1ccc(-n2c(=O)c3ccc4c(c3)c(=O)c3cc(C#N)c(cc3-4)c(=O)n(*)c2=O)c(Cl)c1,639.5973614094228,2.263807634349273,25.215076429139895,0.015007841982590142,0.8257092293729665,False,False,False,38
Poly_b105dd7b,*c1ccc(-n2c(=O)c3cc(Br)c4c(c3)c(=O)c3ccc(cc3-4)c(=O)n(*)c2=O)cc1C#N,639.5973614094228,2.263807634349273,25.215076429139895,0.015007841982590142,0.8257092293729665,False,False,False,39
FluorinatedPolyimide,O=C1OC(=O)c2c1cc(Cl)c(C(F)(F)F)c2-c1cc(C(F)(F)F)cc(-c2ccncc2)c1Br,507.86518201682685,1.832381672904907,22.655233274314877,0.0,0.8257069407059534,True,True,True,6
Poly_b105dd7b,*c1ccc(-n2c(=O)c3cc4c(cc3N)-c3cc(ccc3c4=O)c(=O)n(*)c2=O)cc1C#N,639.0292725825104,2.263807634349273,25.2133518369474,0.015068193021298915,0.8256912891483399,False,False,False,40
FluorinatedPolyimide,O=C1OC(=O)c2c1cc(Cl)c(C(F)(F)F)c2-c1cc(C(F)(F)F)cc(-c2cc(Br)ccc2Cl)c1Cl,474.9455485907219,1.51680220450643,22.701567234513224,0.0,0.825385850523236,True,True,True,7
Poly_b105dd7b,*c1ccc(-n2c(=O)c3cc(C#N)c4c(c3)c(=O)c3c(F)cc(cc3-4)c(=O)n(*)c2=O)cc1,639.2518667948985,2.263807634349273,25.162031802712004,0.015190928520828588,0.8251783617945819,False,False,False,42
Poly_b105dd7b,*c1ccc(-n2c(=O)c3ccc4c(c3)c(=O)c3c-4cc(c(C#N)c3F)c(=O)n(*)c2=O)cc1,639.2518667948985,2.263807634349273,25.162031802712004,0.015190928520828588,0.8251783617945819,False,False,False,41
Poly_b105dd7b,*c1ccc(-n2c(=O)c3cc(F)c4c(c3)c(=O)c3ccc(cc3-4)c(=O)n(*)c2=O)cc1Br,639.5973614094228,2.263807634349273,25.158995556566374,0.015165832938823044,0.8251484206472313,False,False,False,43
Poly_b105dd7b,*c1cc(Cl)c(-n2c(=O)c3ccc4c(c3)c(=O)c3ccc(cc3-4)c(=O)n(*)c2=O)cc1Br,639.298233013777,2.263807634349273,25.158995556566374,0.015195004165177578,0.825148056043727,False,False,False,47
Poly_b105dd7b,*c1c(Cl)cc(-n2c(=O)c3ccc4c(c3)c(=O)c3ccc(cc3-4)c(=O)n(*)c2=O)cc1Br,639.298233013777,2.263807634349273,25.158995556566374,0.015195004165177578,0.825148056043727,False,False,False,46
Poly_b105dd7b,*c1ccc(-n2c(=O)c3ccc4c(c3Br)c(=O)c3ccc(cc3-4)c(=O)n(*)c2=O)c(Cl)c1,639.298233013777,2.263807634349273,25.158995556566374,0.015195004165177578,0.825148056043727,False,False,False,44
Poly_b105dd7b,*c1ccc(-n2c(=O)c3cc(Br)c4c(c3)c(=O)c3cc(Cl)c(cc3-4)c(=O)n(*)c2=O)cc1,639.298233013777,2.263807634349273,25.158995556566374,0.015195004165177578,0.825148056043727,False,False,False,45
Poly_b105dd7b,*c1ccc(-n2c(=O)c3ccc4c(c3)c(=O)c3ccc(c(N)c3-4)c(=O)n(*)c2=O)cc1Br,639.5973614094228,2.263807634349273,25.15644017488586,0.01517308472427719,0.8251228668304262,False,False,False,48
Poly_b105dd7b,*c1ccc(-n2c(=O)c3ccc4c(c3)c(=O)c3cc(N)c(cc3-4)c(=O)n(*)c2=O)cc1Br,639.5973614094228,2.263807634349273,25.15644017488586,0.01517308472427719,0.8251228668304262,False,False,False,49
Poly_b105dd7b,*c1ccc(-n2c(=O)c3ccc4c(c3)c(=O)c3ccc(cc3-4)c(=O)n(*)c2=O)c(N)c1Br,639.5973614094228,2.263807634349273,25.15644017488586,0.01517308472427719,0.8251228668304262,False,False,False,50
Poly_b105dd7b,*c1ccc(-n2c(=O)c3cc(N)c4c(c3)c(=O)c3ccc(cc3-4)c(=O)n(*)c2=O)c(Cl)c1,639.5973614094228,2.263807634349273,25.155302494437024,0.015176314768389536,0.8251114900259379,False,False,False,51
FluorinatedPolyimide,O=C1OC(=O)c2c1cc(Cl)c(C(F)(F)F)c2-c1cc(C(F)(F)F)cc(-c2cccc(Br)c2)c1F,472.8004767630502,1.51680220450643,22.674926167872165,0.0,0.8250483004133007,True,True,True,8
FluorinatedPolyimide,O=C1OC(=O)c2c1cc(Cl)c(C(F)(F)F)c2-c1cc(-c2cccc(Br)c2)cc(C(F)(F)F)c1,472.8004767630502,1.5156841646232055,22.672628253661678,0.0,0.8250253212711958,True,True,True,10
FluorinatedPolyimide,O=C1OC(=O)c2c1cc(Cl)c(C(F)(F)F)c2-c1cc(-c2ccc(Br)cc2)cc(C(F)(F)F)c1,472.8004767630502,1.5156841646232055,22.672628253661678,0.0,0.8250253212711958,True,True,True,9
Poly_b105dd7b,*c1ccc(-n2c(=O)c3cc(N)c4c(c3)c(=O)c3c(F)cc(cc3-4)c(=O)n(*)c2=O)cc1,639.5973614094228,2.263807634349273,25.13620298599075,0.015230677234431198,0.8249204949414751,False,False,False,52
Poly_b105dd7b,*c1ccc(-n2c(=O)c3cc4c(cc3F)-c3cc(ccc3c4=O)c(=O)n(*)c2=O)cc1N,639.5973614094228,2.263807634349273,25.13620298599075,0.015230677234431198,0.8249204949414751,False,False,False,53
Poly_b105dd7b,*c1ccc(-n2c(=O)c3ccc4c(c3)c(=O)c3ccc(c(F)c3-4)c(=O)n(*)c2=O)c(Cl)c1,639.5973614094228,2.263807634349273,25.12297482036036,0.015268478838783354,0.8247882132851712,False,False,False,54
Poly_b105dd7b,*c1ccc(-n2c(=O)c3ccc4c(c3)c(=O)c3cc(F)c(cc3-4)c(=O)n(*)c2=O)c(Cl)c1,639.5973614094228,2.263807634349273,25.12297482036036,0.015268478838783354,0.8247882132851712,False,False,False,55
Poly_b105dd7b,*c1ccc(-n2c(=O)c3ccc4c(c3Cl)c(=O)c3c(F)cc(cc3-4)c(=O)n(*)c2=O)cc1,639.5973614094228,2.263807634349273,25.12297482036036,0.015268478838783354,0.8247882132851712,False,False,False,56
Poly_b105dd7b,*c1ccc(-n2c(=O)c3cc4c(cc3F)-c3cc(ccc3c4=O)c(=O)n(*)c2=O)c(Cl)c1,639.5973614094228,2.263807634349273,25.12297482036036,0.015268478838783354,0.8247882132851712,False,False,False,57
FluorinatedPolyimide,O=C1OC(=O)c2c1cc(Cl)c(C(F)(F)F)c2-c1cc(C(F)(F)F)cc(-c2ccccc2Cl)c1Cl,472.8004767630502,1.5156841646232055,22.64522889223411,0.0,0.82475132765692,True,True,True,11
FluorinatedPolyimide,O=C1OC(=O)c2c1cc(Cl)c(C(F)(F)F)c2-c1cc(-c2ccccc2)cc(C(F)(F)F)c1,472.37363748886816,1.5185403828169484,22.641597089074235,0.0,0.8247004892686429,True,True,True,12
FluorinatedPolyimide,O=C1OC(=O)c2c1cc(Cl)c(C(F)(F)F)c2-c1cc(C(F)(F)F)cc(-c2ccccc2)c1Cl,472.8004767630502,1.515240282154357,22.633672004789805,0.0,0.8246357587824771,True,True,True,13
Poly_b105dd7b,*c1ccc(-n2c(=O)c3cc4c(cc3C#N)-c3cc(ccc3c4=O)c(=O)n(*)c2=O)cc1,639.2518667948985,2.2692524715835773,25.162031802712004,0.015438224316105711,0.8246338780711515,False,False,False,58
Poly_b105dd7b,*c1ccc(-n2c(=O)c3cc(Br)c4c(c3)c(=O)c3ccc(cc3-4)c(=O)n(*)c2=O)cc1,639.5973614094228,2.2692524715835773,25.158995556566374,0.015413128734100168,0.8246039369238007,False,False,False,60
Poly_b105dd7b,*c1ccc(-n2c(=O)c3ccc4c(c3)c(=O)c3ccc(cc3-4)c(=O)n(*)c2=O)cc1Br,639.5973614094228,2.2692524715835773,25.158995556566374,0.015413128734100168,0.8246039369238007,False,False,False,59
Poly_b105dd7b,*c1ccc(-n2c(=O)c3ccc4c(c3)c(=O)c3c(F)cc(cc3-4)c(=O)n(*)c2=O)cc1F,635.1171714662481,2.268146286681521,25.138758367671265,0.015872319679150346,0.8245064877007647,False,False,False,62
Poly_b105dd7b,*c1ccc(-n2c(=O)c3cc4c(cc3F)-c3cc(cc(F)c3c4=O)c(=O)n(*)c2=O)cc1,635.1171714662481,2.268146286681521,25.138758367671265,0.015872319679150346,0.8245064877007647,False,False,False,61
Poly_b105dd7b,*c1cc(Cl)c(-n2c(=O)c3ccc4c(c3)c(=O)c3ccc(cc3-4)c(=O)n(*)c2=O)c(F)c1Br,638.9271236726332,2.2704260093566964,25.158995556566374,0.015532593755534903,0.8244857631615226,False,False,False,64
Poly_b105dd7b,*c1c(Cl)cc(-n2c(=O)c3cc4c(cc3F)-c3cc(ccc3c4=O)c(=O)n(*)c2=O)cc1Br,638.9271236726332,2.2704260093566964,25.158995556566374,0.015532593755534903,0.8244857631615226,False,False,False,63
FluorinatedPolyimide,Nc1c2c(c(N)c(C(F)(F)F)c1-c1cc(C(F)(F)F)cc(-c3ccccc3)c1OC(F)(F)F)C(=O)OC2=O,479.2848479202146,1.5022207279492739,22.58953931723399,0.0,0.8244005467527563,True,True,True,14
Poly_b105dd7b,*c1ccc(-n2c(=O)c3cc4c(cc3N)-c3cc(ccc3c4=O)c(=O)n(*)c2=O)cc1,639.5973614094228,2.2692524715835773,25.13620298599075,0.015477973029708322,0.8243760112180446,False,False,False,65
FluorinatedPolyimide,O=C1OC(=O)c2c1ccc(C(F)(F)F)c2-c1cc(-c2ccccc2)ncc1C(F)(F)F,507.9644832892106,1.8349441685662027,22.494755035432675,0.0,0.8241038320831648,True,True,True,15
FluorinatedPolyimide,O=C1OC(=O)c2c1cc(Cl)c(C(F)(F)F)c2-c1ccccc1-c1ccccc1,466.53967997794393,1.5153182640527534,22.589697957904527,0.0,0.8239702146450836,True,True,True,16
Poly_b105dd7b,*N1C(=O)c2ccc3c(c2)c4ccc(cc4c3=O)C(=O)N(c5ccc(*)cc5)C1=O,635.1858879166335,2.2735911239158253,25.138758367671265,0.01611607520537337,0.8239620952473934,False,False,False,66
Poly_b105dd7b,*c1ccc(-n2c(=O)c3cc4c(cc3F)-c3cc(ccc3c4=O)c(=O)n(*)c2=O)cc1,635.1171714662481,2.2735911239158253,25.138758367671265,0.01612325984969317,0.8239620039773343,False,False,False,68
Poly_b105dd7b,*c1ccc(-n2c(=O)c3ccc4c(c3)c(=O)c3c(F)cc(cc3-4)c(=O)n(*)c2=O)cc1,635.1171714662481,2.2735911239158253,25.138758367671265,0.01612325984969317,0.8239620039773343,False,False,False,67
FluorinatedPolyimide,Nc1c2c(c(-c3ccncc3)c(-c3cc(C(F)(F)F)ccc3C(F)(F)F)c1C(F)(F)F)C(=O)OC2=O,507.3751493724716,1.824698678578783,22.479347360570063,0.0,0.8239397732105422,True,True,True,17
Poly_b105dd7b,*c1ccc(-n2c(=O)c3ccc4c(c3)c(=O)c3ccc(cc3-4)c(=O)n(*)c2=O)c(Cl)c1,639.5973614094228,2.2692524715835773,25.089029702378742,0.015613342174729507,0.8239042783819245,False,False,False,69
FluorinatedPolyimide,Nc1ccc(-c2cc3c(c(N)c2C(F)(F)F)C(=O)OC3=O)c(N)c1-c1ccc(C(F)(F)F)cc1,476.3886406835303,1.5211945918932643,22.548751691430944,0.0,0.8239038788377233,True,True,True,18
FluorinatedPolyimide,O=C1OC(=O)c2c1ccc(C(F)(F)F)c2-c1ccnc(-c2ccccc2)c1,501.1359830133812,1.8294094498415727,22.486986933016976,0.0,0.8239029838833183,True,True,True,19
Poly_b105dd7b,*c1ccc(-n2c(=O)c3cc(CC)c4c(c3)c(=O)c3ccc(cc3-4)c(=O)n(*)c2=O)cc1Br,639.298233013777,2.27467326536511,25.13705455063058,0.01575546207363543,0.8238420828827854,False,False,False,70
Poly_b105dd7b,*c1ccc(-n2c(=O)c3cc(Br)c4c(c3)c(=O)c3cc(CC)c(cc3-4)c(=O)n(*)c2=O)cc1,639.298233013777,2.27467326536511,25.13705455063058,0.01575546207363543,0.8238420828827854,False,False,False,71
Poly_b105dd7b,*c1ccc(-n2c(=O)c3ccc4c(c3)c(=O)c3ccc(cc3-4)c(=O)n(*)c2=O)c(CC)c1Br,639.298233013777,2.27467326536511,25.13705455063058,0.01575546207363543,0.8238420828827854,False,False,False,72
FluorinatedPolyimide,CCc1ccc(-c2cc(C(F)(F)F)cc(-c3c4c(cc(Cl)c3C(F)(F)F)C(=O)OC4=O)c2Cl)c(Cl)c1,476.1663478998754,1.508603344306706,22.511620113568952,0.0,0.8235255348193009,True,True,True,20
FluorinatedPolyimide,Nc1c2c(c(C(F)(F)F)c(-c3cc(C(F)(F)F)cc(-c4ccc(C(F)(F)F)cc4)c3C(F)(F)F)c1C(F)(F)F)C(=O)OC2=O,474.1288844437516,1.5085185483578225,22.513011922253447,0.0,0.8234735696224784,True,True,True,21
FluorinatedPolyimide,Nc1c2c(cc(-c3cc(C(F)(F)F)cc(-c4ccc(C(F)(F)F)c(C(F)(F)F)c4)c3C(F)(F)F)c1C(F)(F)F)C(=O)OC2=O,474.1288844437516,1.5085185483578225,22.513011922253447,0.0,0.8234735696224784,True,True,True,22
FluorinatedPolyimide,Nc1c2c(cc(-c3cc(C(F)(F)F)cc(-c4cc(F)c(C(F)(F)F)c(C(F)(F)F)c4)c3C(F)(F)F)c1C(F)(F)F)C(=O)OC2=O,474.0279008842493,1.5078423759578135,22.513011922253447,0.0,0.823470234453769,True,True,True,23
FluorinatedPolyimide,COc1cc(C(F)(F)F)ccc1-c1cc(C(F)(F)F)cc(-c2cc3c(c(N)c2C(F)(F)F)C(=O)OC3=O)c1C(F)(F)F,480.7503431846311,1.500627105682287,22.488377668865837,0.0,0.823431951497209,True,True,True,24
FluorinatedPolyimide,NS(=O)(=O)c1ccccc1-c1cc(C(F)(F)F)cc(-c2c3c(cc(Cl)c2C(F)(F)F)C(=O)OC3=O)c1C(F)(F)F,475.5615488793707,1.4982789606787208,22.497171949372373,0.0,0.8233617735820896,True,True,True,25
FluorinatedPolyimide,CCc1cccc(-c2cc(C(F)(F)F)cc(-c3cc4c(c(N)c3C(F)(F)F)C(=O)OC4=O)c2C(F)(F)F)c1,473.79297840636934,1.5082383573288085,22.493652372835303,0.0,0.8232688543160778,True,True,True,26
FluorinatedPolyimide,N#Cc1cc(C(F)(F)F)ccc1-c1cc(C(F)(F)F)cc(-c2cc3c(c(N)c2C(F)(F)F)C(=O)OC3=O)c1C(F)(F)F,475.0137874867093,1.510151531161535,22.489588099147184,0.0,0.8232682729525027,True,True,True,27
FluorinatedPolyimide,Nc1c2c(cc(-c3cc(C(F)(F)F)cc(-c4cc(C(F)(F)F)c(C(F)(F)F)c(F)c4F)c3C(F)(F)F)c1C(F)(F)F)C(=O)OC2=O,473.56623399023135,1.5040509908915753,22.49153002647571,0.0,0.823240082728821,True,True,True,28
FluorinatedPolyimide,Nc1ccc(-c2cc3c(c(N)c2C(F)(F)F)C(=O)OC3=O)c(N)c1-c1ccccc1,476.3886406835303,1.5105672049881584,22.4823302240894,0.0,0.8232396641643078,True,True,True,29
FluorinatedPolyimide,CCc1cc(C(F)(F)F)ccc1-c1cc(C(F)(F)F)cc(-c2c(N)c3c(c(N)c2C(F)(F)F)C(=O)OC3=O)c1C(F)(F)F,479.21911929794203,1.5361807504484712,22.47341733023719,0.0,0.8232373678648923,True,True,True,30
FluorinatedPolyimide,CCc1c(C(F)(F)F)cc(-c2ccc(C(F)(F)F)cc2C#N)c(C(F)(F)F)c1-c1cc2c(c(N)c1C(F)(F)F)C(=O)OC2=O,475.9978272980203,1.5355045780484622,22.479260635982588,0.0,0.8231965912251347,True,True,True,31
FluorinatedPolyimide,Nc1c2c(cc(-c3cc(C(F)(F)F)cc(-c4ccc(C(F)(F)F)cc4)c3C(F)(F)F)c1C(F)(F)F)C(=O)OC2=O,472.446307492978,1.5073004479839363,22.489588099147184,0.0,0.823182880169787,True,True,True,33
FluorinatedPolyimide,Nc1c2c(c(C(F)(F)F)c(-c3cc(C(F)(F)F)cc(-c4ccccc4)c3C(F)(F)F)c1C(F)(F)F)C(=O)OC2=O,472.446307492978,1.5073004479839363,22.489588099147184,0.0,0.823182880169787,True,True,True,32
FluorinatedPolyimide,CCc1cc(C(F)(F)F)ccc1-c1cc(C(F)(F)F)cc(-c2cc3c(c(N)c2C(F)(F)F)C(=O)OC3=O)c1C(F)(F)F,475.17750793238514,1.510151531161535,22.479260635982588,0.0,0.8231702974795339,True,True,True,34
Poly_b105dd7b,*c1cc(OC(F)(F)F)c(-n2c(=O)c3ccc4c(c3)c(=O)c3ccc(cc3-4)c(=O)n(*)c2=O)c(N)c1Br,638.6773882241025,2.292729941985245,25.250436201876834,0.016365530765524453,0.8231694679984917,False,False,False,73
Poly_b105dd7b,*c1c(CC)cc(-n2c(=O)c3ccc4c(c3)c(=O)c3ccc(cc3-4)c(=O)n(*)c2=O)c(N)c1Br,639.5973614094228,2.281291640372533,25.134499168950065,0.016045871267867735,0.8231550561687422,False,False,False,74
FluorinatedPolyimide,Nc1c2c(c(Br)c(-c3cc(C(F)(F)F)cc(-c4ccc(C(F)(F)F)cc4)c3C(F)(F)F)c1C(F)(F)F)C(=O)OC2=O,474.1288844437516,1.5056674651802238,22.474312580501813,0.0,0.8230865762049621,True,True,True,35
FluorinatedPolyimide,CCc1c(-c2ccccc2)cc(C(F)(F)F)cc1-c1c2c(cc(Cl)c1C(F)(F)F)C(=O)OC2=O,473.5711215098585,1.5077944748599599,22.46841517555676,0.0,0.8230090972790948,True,True,True,36
FluorinatedPolyimide,Nc1c2c(cc(-c3cc(C(F)(F)F)cc(-c4c(F)c(F)c(C(F)(F)F)c(C(F)(F)F)c4Br)c3C(F)(F)F)c1C(F)(F)F)C(=O)OC2=O,472.2448364151345,1.5304621161925118,22.471831035763707,0.0,0.8229984229467342,True,True,True,37
FluorinatedPolyimide,Nc1c2c(cc(-c3cc(C(F)(F)F)cc(-c4ccccc4)c3C(F)(F)F)c1C(F)(F)F)C(=O)OC2=O,472.31044411869493,1.5103415226172243,22.470857041562727,0.0,0.8229909285976369,True,True,True,38
FluorinatedPolyimide,NS(=O)(=O)c1c(-c2cc(C(F)(F)F)cc(-c3c4c(cc(Cl)c3C(F)(F)F)C(=O)OC4=O)c2C(F)(F)F)cccc1C(F)(F)F,475.013888463125,1.5231829900806553,22.459891161932276,0.0,0.822971306853976,True,True,True,39
FluorinatedPolyimide,Nc1ccccc1-c1c(N)ccc(-c2cc3c(c(N)c2C(F)(F)F)C(=O)OC3=O)c1N,476.3886406835303,1.5105672049881584,22.454611427709573,0.0,0.8229624762005096,True,True,True,40
FluorinatedPolyimide,Nc1c2c(c(Br)c(-c3cc(C(F)(F)F)cc(-c4ccc(C(F)(F)F)cc4Br)c3C(F)(F)F)c1C(F)(F)F)C(=O)OC2=O,474.1288844437516,1.5355045780484622,22.46141155178517,0.0,0.8229575659177957,True,True,True,41
FluorinatedPolyimide,Nc1c2c(cc(-c3cc(C(F)(F)F)cc(-c4cc(C(F)(F)F)c(C(F)(F)F)c(C(F)(F)F)c4)c3C(F)(F)F)c1C(F)(F)F)C(=O)OC2=O,472.0443470392221,1.5065912991681012,22.466359607265943,0.0,0.8229368282645677,True,True,True,42
FluorinatedPolyimide,O=C1OC(=O)c2c1cc(Cl)c(C(F)(F)F)c2-c1cc(C(F)(F)F)cc(-c2ccccc2)c1C(F)(F)F,472.31044411869493,1.5074853044234815,22.456822758086105,0.0,0.8228505857628707,True,True,True,43
FluorinatedPolyimide,NS(=O)(=O)c1cccc(S(N)(=O)=O)c1-c1cc(C(F)(F)F)cc(-c2c3c(cc(Cl)c2C(F)(F)F)C(=O)OC3=O)c1C(F)(F)F,479.12079179722593,1.5291372998195627,22.387718313147325,0.0,0.822377442302266,True,True,True,44
Poly_b105dd7b,*c1ccc(-n2c(=O)c3ccc4c(c3)c(=O)c3c-4cc(cc3S(N)(=O)=O)c(=O)n(*)c2=O)cc1Br,638.9765166197483,2.3015741206693665,25.14065398259384,0.017088144832176667,0.8211875970948157,False,False,False,77
Poly_b105dd7b,*c1ccc(-n2c(=O)c3cc(Br)c4c(c3)c(=O)c3ccc(cc3-4)c(=O)n(*)c2=O)cc1S(N)(=O)=O,638.9765166197483,2.3015741206693665,25.14065398259384,0.017088144832176667,0.8211875970948157,False,False,False,75
Poly_b105dd7b,*c1ccc(-n2c(=O)c3ccc4c(c3S(N)(=O)=O)c(=O)c3ccc(cc3-4)c(=O)n(*)c2=O)cc1Br,638.9765166197483,2.3015741206693665,25.14065398259384,0.017088144832176667,0.8211875970948157,False,False,False,76
Poly_b105dd7b,*c1c(Cl)cc(-n2c(=O)c3ccc4c(c3)c(=O)c3ccc(cc3-4)c(=O)n(*)c2=O)c(N)c1Br,639.5973614094228,2.31826083468823,25.15644017488586,0.017852110097885707,0.8196775467965305,False,False,False,78
Poly_b105dd7b,*c1c(N)c(Cl)c(-n2c(=O)c3ccc4c(c3)c(=O)c3ccc(cc3-4)c(=O)n(*)c2=O)c(F)c1Br,638.9271236726332,2.31826083468823,25.15644017488586,0.01791767580795767,0.8196767268115641,False,False,False,79
Poly_b105dd7b,*c1c(Cl)cc(-n2c(=O)c3ccc4c(c3)c(=O)c3ccc(cc3-4)c(=O)n(*)c2=O)c(Cl)c1Br,638.9271236726332,2.31826083468823,25.153443002025174,0.01792618719046517,0.8196467550829571,False,False,False,80
PEEK,CCc1cc(CC)c(OC)c(C(=O)c2ccc(Oc3ccc(Oc4ccc(C(=O)c5ccccc5)cc4)cc3)cc2)c1Br,524.8057863932661,3.3398666023882693,32.97569324535536,0.00022937769159227315,0.7951674658979584,True,False,True,4
PEEK,CCc1cc(Oc2ccc(C(=O)c3ccccc3)cc2)ccc1Oc1ccc(C(=O)c2ccccc2CC)cc1,524.8057863932661,3.3520948196458535,33.042297688613935,0.000296047873094041,0.7946106886047857,True,False,True,5
PEEK,CCc1cc(CC)c(Br)c(C(=O)c2ccc(Oc3ccc(Oc4ccc(C(=O)c5ccccc5)cc4)cc3)cc2)c1,524.8437139104652,3.3476534014967063,32.99036603957523,0.0002708502766544925,0.7945359703265555,True,False,True,6
PEEK,CCc1cc(Oc2ccc(Oc3ccc(C(=O)c4ccccc4)cc3)cc2)c(Br)c(N)c1C(=O)c1ccccc1,524.7245784790795,3.3564866473663106,33.01112135016154,0.00032206597114273113,0.7938587640788879,True,False,True,7
PEEK,CCc1cc(Oc2ccc(Oc3ccc(C(=O)c4ccccc4)cc3)cc2)cc(N)c1C(=O)c1ccccc1,524.7245784790795,3.3528710066796896,32.92308928593535,0.000300566457239084,0.793340007505288,True,False,True,8
PEEK,CCc1c(Oc2ccc(C(=O)c3ccccc3)cc2)ccc(Oc2ccc(C(=O)c3ccccc3)cc2)c1N,524.7245784790795,3.3528710066796896,32.92308928593535,0.000300566457239084,0.793340007505288,True,False,True,9
PEEK,CCc1cc(Oc2ccc(C(=O)c3ccccc3)cc2)ccc1Oc1ccc(C(=O)c2ccc(-c3ccccc3)cc2)cc1,524.623676172238,3.357751730444868,32.914301282599126,0.00032976384607422994,0.7927628372445649,True,False,True,10
PEEK,COc1ccc(C(=O)c2ccc(Oc3ccc(Oc4ccc(C(=O)c5ccccc5)cc4)cc3)cc2)c(OC)c1,524.7245784790795,3.3501627821250195,32.82784801085841,0.0002849491007722828,0.7926584172099856,True,False,True,11
PEEK,CCc1cc(C(=O)c2cccc(Cl)c2)ccc1Oc1ccc(Oc2ccc(C(=O)c3ccccc3)cc2)cc1,524.9283781043782,3.3565352464653233,32.880029137593226,0.0003223600115340265,0.7925454343642129,True,False,True,12
PEEK,CCc1cc(C(=O)c2ccccc2)c(F)cc1Oc1ccc(Oc2ccc(C(=O)c3ccccc3)cc2)cc1,525.017693930701,3.3582573435494405,32.8971257399942,0.00033286586790196227,0.7925452622804037,True,False,True,13
PEEK,CCc1cc(Oc2ccc(C(=O)c3ccccc3)cc2)ccc1Oc1ccc(C(=O)c2ccccc2)cc1,524.9283781043782,3.36564631597379,32.95212884172621,0.00037985525391648887,0.7923553244546959,True,False,True,14
PEEK,CCc1cc(C(=O)c2ccccc2)ccc1Oc1ccc(Oc2ccc(C(=O)c3ccccc3)cc2)cc1,524.9283781043782,3.36564631597379,32.95212884172621,0.00037985525391648887,0.7923553244546959,True,False,True,15
PEEK,CCc1cccc(C(=O)c2ccc(Oc3ccc(Oc4ccc(C(=O)c5ccccc5)cc4)cc3)cc2)c1Br,524.9663056215774,3.3564866473663106,32.86041417350941,0.00032206597114273113,0.7923545999162376,True,False,True,16
PEEK,COc1cc(C(=O)c2ccccc2)ccc1Oc1ccc(Oc2ccc(C(=O)c3ccccc3)cc2)cc1,524.9283781043782,3.3821384841905173,32.973968176399666,0.0004959217705325708,0.7909245009797577,True,False,True,18
PEEK,COc1ccccc1C(=O)c1ccc(Oc2ccc(Oc3ccc(C(=O)c4ccccc4)cc3)cc2)cc1,524.9283781043782,3.3821384841905173,32.973968176399666,0.0004959217705325708,0.7909245009797577,True,False,True,17
PEEK,COc1cc(C(=O)c2ccccc2)ccc1Oc1ccc(Oc2ccc(C(=O)c3ccccc3Br)cc2)cc1,524.9283781043782,3.3732415132237867,32.85705879085413,0.0004313885135627588,0.7906451042209756,True,False,True,20
PEEK,COc1cc(C(=O)c2ccccc2)ccc1Oc1ccc(Oc2ccc(C(=O)c3ccccc3)cc2)cc1Br,524.9283781043782,3.3732415132237867,32.85705879085413,0.0004313885135627588,0.7906451042209756,True,False,True,19
PEEK,Nc1cc(Oc2ccc(Oc3ccc(C(=O)c4ccccc4)cc3)cc2)ccc1C(=O)c1ccc(-c2ccncc2)cc1,568.0126351127332,3.385566686896151,32.941448783936686,0.0005219879743242324,0.7906035657800571,True,False,True,21
PEEK,COc1cc(C(=O)c2ccccc2)ccc1Oc1ccc(Oc2ccc(C(=O)c3ccccc3)cc2)cc1Cl,524.9283781043782,3.3739148997201625,32.85476087664365,0.00043611557034768054,0.7905547864292332,True,False,True,22
PEEK,COc1cccc(C(=O)c2ccc(Oc3ccc(Oc4ccc(C(=O)c5ccccc5Cl)cc4)cc3)cc2)c1,524.9283781043782,3.3739148997201625,32.85476087664365,0.00043611557034768054,0.7905547864292332,True,False,True,23
PEEK,O=C(c1ccc(Oc2ccc(Oc3cc(F)c(C(=O)c4ccccc4)c(Cl)c3)cc2)cc1)c1cccc(-c2ccccc2)c1,524.8951022195888,3.3868687046605053,32.962951997416646,0.0005320627403203205,0.7903409174146292,True,False,True,24
PEEK,Nc1cc(Oc2ccc(Oc3ccc(C(=O)c4ccccc4)cc3)cc2)ccc1C(=O)c1ccc(-c2ccccc2)cc1,524.4198765469392,3.385566686896151,32.941448783936686,0.0005219879743242324,0.790250349347173,True,False,True,25
PEEK,O=C(c1ccccc1)c1ccc(Oc2ccc(Oc3ccc(C(=O)c4ccccc4Br)cc3)cc2)c(-c2ccccc2)c1,524.8057863932661,3.388030709184745,32.965027786363194,0.0005411354322757944,0.7902444006283893,True,False,True,26
PEEK,O=C(c1ccccc1)c1ccc(Oc2ccc(Oc3ccc(C(=O)c4ccc(-c5ccccc5)cc4)cc3)cc2)cc1,524.623676172238,3.385566686896151,32.94021892724385,0.0005219879743242324,0.7902405180458838,True,False,True,27
PEEK,Nc1cc(Oc2ccc(Oc3ccc(C(=O)c4ccc(Cl)cc4)cc3)cc2)cc(-c2ccccc2)c1C(=O)c1ccccc1,524.4198765469392,3.3868687046605053,32.951046416742535,0.0005320627403203205,0.7902161238987961,True,False,True,28
PEEK,Nc1ccccc1-c1cc(Oc2ccc(C(=O)c3ccccc3)cc2)c(F)cc1Oc1ccc(C(=O)c2ccccc2)cc1,524.509192373262,3.385780785437887,32.93937299499014,0.0005236380126143306,0.7902092641247034,True,False,True,29
PEEK,O=C(c1ccccc1)c1ccc(Oc2ccc(Oc3ccc(C(=O)c4ccccc4-c4ccncc4)cc3)cc2)cc1,568.2164347380319,3.390815622183339,32.94021892724385,0.0005631916530427702,0.7900674072553435,True,False,True,30
PEEK,COc1cc(Oc2ccc(C(=O)c3ccccc3)c(F)c2)ccc1Oc1ccc(C(=O)c2ccccc2)cc1,525.017693930701,3.387482854413645,32.93868577659008,0.0005368483386809046,0.790038311559942,True,False,True,31
PEEK,COc1cccc(C(=O)c2ccc(Oc3ccc(Oc4ccc(C(=O)c5ccccc5)c(F)c4)cc3)cc2)c1,525.017693930701,3.387482854413645,32.93868577659008,0.0005368483386809046,0.790038311559942,True,False,True,32
PEEK,COc1cc(C(=O)c2ccc(Oc3ccc(Oc4ccc(C(=O)c5ccccc5)cc4)cc3F)cc2)ccc1F,525.017693930701,3.3817980177458407,32.876601789366035,0.0004933694906054323,0.789985955354482,True,False,True,33
PEEK,O=C(c1ccc(Oc2ccc(Oc3ccc(C(=O)c4ccccc4F)cc3)cc2)cc1)c1ccc(-c2ccccc2)cc1,524.7129919985607,3.385566686896151,32.89689029995334,0.0005219879743242324,0.7898083099040887,True,False,True,34
PEEK,O=C(c1ccccc1)c1ccc(Oc2cc(-c3ccccc3)c(Oc3ccc(C(=O)c4ccccc4)cc3)cc2F)cc1,524.7129919985607,3.385566686896151,32.89689029995334,0.0005219879743242324,0.7898083099040887,True,False,True,35
PEEK,O=C(c1ccc(Oc2ccc(Oc3ccc(C(=O)c4ccccc4)c(F)c3)cc2)cc1)c1cccc(-c2ccccc2)c1,524.7129919985607,3.385566686896151,32.89689029995334,0.0005219879743242324,0.7898083099040887,True,False,True,36
PEEK,O=C(c1ccc(Oc2ccc(Oc3ccc(C(=O)c4ccccc4F)cc3)cc2)cc1)c1ccc(-c2ccccc2)c(F)c1,524.7129919985607,3.3902248848768197,32.87633196270272,0.0005584762605079482,0.7891369067335156,True,False,True,37
PEEK,O=C(c1ccc(Oc2ccc(Oc3ccc(C(=O)c4ccccc4)c(F)c3)cc2)cc1)c1cc(F)cc(-c2ccccc2)c1,524.7129919985607,3.3902248848768197,32.87633196270272,0.0005584762605079482,0.7891369067335156,True,False,True,38
PEEK,O=C(c1ccc(Oc2ccc(Oc3ccc(C(=O)c4cc(F)ccc4F)cc3)cc2)cc1)c1ccc(-c2ccccc2)cc1,524.7129919985607,3.3902248848768197,32.87633196270272,0.0005584762605079482,0.7891369067335156,True,False,True,39
PEEK,O=C(c1ccc(Oc2ccc(Oc3ccc(C(=O)c4cc(F)c(F)cc4F)cc3)cc2)cc1)c1ccc(-c2ccccc2)cc1,524.7129919985607,3.391972470205988,32.8663270142535,0.0005724832841578261,0.7888620987161065,True,False,True,40
PEEK,O=C(c1ccc(Oc2ccc(Oc3ccc(C(=O)c4cccc(Cl)c4)cc3)cc2)cc1)c1ccc(C(F)(F)F)cc1,524.9283781043782,3.397696993295259,32.85726104871732,0.0006195806436485636,0.7882015787924601,True,False,True,41
PEEK,NS(=O)(=O)c1c(Oc2ccc(C(=O)c3ccccc3)cc2)ccc(Oc2ccc(C(=O)c3ccccc3)cc2)c1F,525.017693930701,3.4003650318531027,32.85730093379795,0.0006421673695863077,0.787936245388075,True,False,True,42
PEEK,O=C(c1ccc(Oc2ccc(cc2)Oc2ccc(cc2)C(=O)c2ccccc2)cc1)c1ccccc1,524.5749030606354,3.414290614734464,32.97030183028497,0.0007666198179359459,0.7876683647413292,True,False,True,43
PEEK,N#Cc1cc(C(=O)c2ccccc2)ccc1Oc1ccc(Oc2ccc(C(=O)c3ccccc3)cc2)cc1F,527.7959298138408,3.412898997568601,32.95111743786516,0.0007536875761094916,0.7876534114113003,True,False,True,44
PEEK,O=C(c1ccccc1)c1ccc(Oc2ccc(Oc3ccc(C(=O)c4ccccc4)c(F)c3)cc2)cc1,524.0870694358471,3.414290614734464,32.96937465413144,0.0007666198179359459,0.7876531645754223,True,False,True,45
PEEK,O=C(c1ccccc1)c1ccc(Oc2ccc(Oc3ccc(C(=O)c4ccccc4)cc3)c(F)c2)cc1,524.0870694358471,3.414290614734464,32.96937465413144,0.0007666198179359459,0.7876531645754223,True,False,True,46
PEEK,O=C(c1ccccc1)c1ccc(Oc2ccc(Oc3ccc(C(=O)c4ccccc4Cl)cc3)cc2)cc1,525.4664102639211,3.4146476412693074,32.97030183028497,0.000769955382974103,0.7876433482716374,True,False,True,47
PEEK,O=C(c1ccccc1)c1ccc(Oc2ccc(Oc3ccc(C(=O)c4cccc(Cl)c4)cc3)cc2)cc1,525.4664102639211,3.4146476412693074,32.97030183028497,0.000769955382974103,0.7876433482716374,True,False,True,48
PEEK,Nc1cc(Oc2ccc(Oc3ccc(C(=O)c4ccc(Cl)cc4)cc3)cc2)ccc1C(=O)c1ccccc1,525.2626106386224,3.416069420476684,32.97653495669011,0.0007833103645196209,0.7875610754628883,True,False,True,49
PEEK,Nc1cc(Oc2ccc(Oc3ccc(C(=O)c4cccc(Cl)c4)cc3)cc2)ccc1C(=O)c1ccccc1,525.2626106386224,3.416069420476684,32.97653495669011,0.0007833103645196209,0.7875610754628883,True,False,True,50
PEEK,Nc1cc(Oc2ccc(Oc3ccc(C(=O)c4ccccc4)cc3Cl)cc2)ccc1C(=O)c1ccccc1,525.2626106386224,3.416069420476684,32.97653495669011,0.0007833103645196209,0.7875610754628883,True,False,True,51
PEEK,O=C(c1ccccc1)c1ccc(Oc2ccc(Oc3ccc(C(=O)c4cccc(Cl)c4)cc3)cc2F)cc1,525.017693930701,3.4158398078350602,32.96937465413144,0.0007811458043863586,0.7875095049932141,True,False,True,53
PEEK,O=C(c1ccccc1)c1ccc(Oc2ccc(Oc3ccc(C(=O)c4ccccc4)c(Cl)c3)cc2)cc1F,525.017693930701,3.4158398078350602,32.96937465413144,0.0007811458043863586,0.7875095049932141,True,False,True,55
PEEK,O=C(c1ccccc1)c1ccc(Oc2ccc(Oc3ccc(C(=O)c4ccccc4Cl)cc3)c(F)c2)cc1,525.017693930701,3.4158398078350602,32.96937465413144,0.0007811458043863586,0.7875095049932141,True,False,True,54
PEEK,O=C(c1ccc(Cl)cc1)c1ccc(Oc2ccc(Oc3ccc(C(=O)c4ccccc4)cc3)c(F)c2)cc1,525.017693930701,3.4158398078350602,32.96937465413144,0.0007811458043863586,0.7875095049932141,True,False,True,52
PEEK,Nc1cc(Oc2ccc(Oc3ccc(C(=O)c4ccccc4)cc3)cc2)ccc1C(=O)c1ccccc1,526.3176336546607,3.417339692412567,32.97653495669011,0.0007953393417296811,0.7874465019696987,True,False,True,56
PEEK,Nc1ccccc1C(=O)c1ccc(Oc2ccc(Oc3ccc(C(=O)c4ccccc4)c(F)c3)cc2)cc1,525.3519264649451,3.417339692412567,32.975607780536585,0.0007953393417296811,0.7874258409902748,True,False,True,57
PEEK,Nc1ccc(C(=O)c2ccc(Oc3ccc(Oc4ccc(C(=O)c5ccccc5)c(F)c4)cc3)cc2)cc1,525.3519264649451,3.417339692412567,32.975607780536585,0.0007953393417296811,0.7874258409902748,True,False,True,58
PEEK,Nc1cc(C(=O)c2ccccc2)ccc1Oc1ccc(Oc2ccc(C(=O)c3ccccc3)cc2)cc1F,525.3519264649451,3.417339692412567,32.975607780536585,0.0007953393417296811,0.7874258409902748,True,False,True,59
PEEK,O=C(c1ccccc1)c1ccc(Oc2ccc(Oc3ccc(C(=O)c4ccccc4C(F)(F)F)c(F)c3)cc2)cc1,525.017693930701,3.410785655897977,32.90040707922216,0.0007342587590781348,0.7873252444378296,True,False,True,60
PEEK,Nc1ccc(C(=O)c2ccc(Oc3ccc(Oc4ccc(C(=O)c5ccccc5Br)cc4)cc3)cc2)cc1,524.7245784790795,3.4168895791716616,32.95628126111535,0.000791066460670134,0.7872700700078908,True,False,True,61
PEEK,Nc1cc(C(=O)c2ccccc2)ccc1Oc1ccc(Oc2ccc(C(=O)c3ccccc3Br)cc2)cc1,524.7245784790795,3.4168895791716616,32.95628126111535,0.000791066460670134,0.7872700700078908,True,False,True,62
PEEK,Nc1cc(Oc2ccc(Oc3ccc(C(=O)c4cccc(Br)c4)cc3)cc2)ccc1C(=O)c1ccccc1,524.7245784790795,3.4168895791716616,32.95628126111535,0.000791066460670134,0.7872700700078908,True,False,True,63
PEEK,O=C(c1ccccc1)c1ccc(Oc2ccc(Oc3ccc(C(=O)c4ccccc4Br)cc3)cc2)cc1,525.5043377811203,3.4186738270174244,32.97030183028497,0.0008080717610614154,0.7872411801214035,True,False,True,64
PEEK,O=C(c1ccccc1)c1ccc(Oc2ccc(Oc3ccc(C(=O)c4ccccc4)c(F)c3)c(F)c2)cc1,525.5557260902439,3.4187347141733966,32.96937465413144,0.0008086552549257611,0.7872264293850793,True,False,True,66
PEEK,O=C(c1ccccc1)c1ccc(Oc2ccc(Oc3ccc(C(=O)c4ccc(F)cc4)cc3)c(F)c2)cc1,525.5557260902439,3.4187347141733966,32.96937465413144,0.0008086552549257611,0.7872264293850793,True,False,True,65
PEEK,O=C(c1ccccc1)c1ccc(Oc2ccc(Oc3ccc(C(=O)c4c(F)cc(Cl)cc4Br)cc3)cc2)cc1,525.0556214479001,3.4081073481335373,32.84422376922856,0.0007100004790670648,0.7870316965871835,True,False,True,67
PEEK,O=C(c1ccccc1)c1ccc(Oc2ccc(Oc3ccc(C(=O)c4cccc(Cl)c4)cc3)cc2Br)cc1,525.0274085296543,3.418631728185361,32.94893562392323,0.0008076684426257449,0.7870260390956609,True,False,True,68
PEEK,O=C(c1ccccc1)c1ccc(Oc2ccc(Oc3ccc(C(=O)c4ccc(Cl)cc4Br)cc3)cc2)cc1,525.0274085296543,3.418631728185361,32.94893562392323,0.0008076684426257449,0.7870260390956609,True,False,True,69
PEEK,O=C(c1ccccc1)c1ccc(Oc2ccc(Oc3ccc(C(=O)c4cc(Cl)ccc4Cl)cc3)cc2)cc1,524.9663056215774,3.4184442143758007,32.946637709712746,0.0008058732314323514,0.787021078577322,True,False,True,70
PEEK,N#Cc1cc(C(=O)c2ccccc2)ccc1Oc1ccc(Oc2ccc(C(=O)c3cccc(Cl)c3)cc2)cc1,527.706613987518,3.415482781300217,32.90652423554327,0.0007777860612597986,0.7869480871688754,True,False,True,71
PEEK,O=C(c1ccccc1)c1ccc(Oc2ccc(Oc3ccc(C(=O)c4ccccc4Br)cc3)cc2)cc1F,525.017693930701,3.418658312917537,32.915385017466626,0.0008079231199864563,0.7866877581183183,True,False,True,74
PEEK,O=C(c1ccccc1)c1ccc(Oc2ccc(Oc3ccc(C(=O)c4ccc(Br)cc4)cc3)c(F)c2)cc1,525.017693930701,3.418658312917537,32.915385017466626,0.0008079231199864563,0.7866877581183183,True,False,True,72
PEEK,O=C(c1ccccc1)c1ccc(Oc2ccc(Oc3ccc(C(=O)c4cccc(Br)c4)cc3)cc2F)cc1,525.017693930701,3.418658312917537,32.915385017466626,0.0008079231199864563,0.7866877581183183,True,False,True,73
PEEK,O=C(c1ccc(Oc2ccc(Oc3ccc(C(=O)c4ccccc4)cc3Br)c(Br)c2)cc1)c1cccc(Cl)c1,525.0274085296543,3.4054291149827134,32.7829166696027,0.0006861503370691466,0.7866861108727203,True,False,True,75
PEEK,O=C(c1ccccc1)c1ccc(Oc2ccc(Oc3ccc(C(=O)c4ccc(Cl)cc4Br)c(Br)c3)cc2)cc1,525.0274085296543,3.4054291149827134,32.7829166696027,0.0006861503370691466,0.7866861108727203,True,False,True,76
PEEK,O=C(c1ccccc1)c1ccc(Oc2ccc(Oc3ccc(C(=O)c4ccc(F)c(Cl)c4)cc3)c(F)c2)cc1,525.017693930701,3.4228883138147332,32.885071885522926,0.0008489572275607579,0.7859616267091616,True,False,True,78
PEEK,O=C(c1ccccc1)c1ccc(Oc2ccc(Oc3ccc(C(=O)c4c(F)cccc4Cl)cc3)c(F)c2)cc1,525.017693930701,3.4228883138147332,32.885071885522926,0.0008489572275607579,0.7859616267091616,True,False,True,80
PEEK,O=C(c1ccc(Oc2ccc(Oc3ccc(C(=O)c4ccccc4)cc3F)c(F)c2)cc1)c1cccc(Cl)c1,525.017693930701,3.4228883138147332,32.885071885522926,0.0008489572275607579,0.7859616267091616,True,False,True,79
PEEK,O=C(c1ccccc1)c1ccc(Oc2ccc(Oc3ccc(C(=O)c4ccc(F)cc4)cc3Cl)c(F)c2)cc1,525.017693930701,3.4228883138147332,32.885071885522926,0.0008489572275607579,0.7859616267091616,True,False,True,77
CyanateEster,CCC(C)(c1ccc(OC#N)cc1)c1ccc(OC#N)c(-c2ccnc(OC(F)(F)F)c2)c1,582.9712171050274,1.4969961892723254,6.752374099985484,0.0,0.6998114573924022,True,True,True,6
CyanateEster,CCC(C)(c1ccc(OC#N)cc1)c1ccc(OC#N)c(-c2cc(C(F)(F)F)ncc2OC)c1,582.9712171050274,1.4969961892723254,6.658001746736055,0.0,0.6998114573924022,True,True,True,7
CyanateEster,CCC(C)(c1ccc(OC#N)cc1)c1ccc(OC#N)c(-c2ccncc2S(N)(=O)=O)c1,582.9299816147717,1.8123014816779859,6.673859149316868,0.0,0.6998113019087127,True,True,True,8
CyanateEster,CCc1cc(C(C)(CC)c2ccc(OC#N)cc2)cc(-c2ccncc2)c1OC#N,582.43577398511,1.8120982287635798,6.536898933263842,0.0,0.6998094284329743,True,True,True,9
CyanateEster,CCC(C)(c1ccc(OC#N)cc1)c1cc(-c2ccncc2)c(OC#N)c(C(F)(F)F)c1,582.43577398511,1.8092133717433072,6.742798547153209,0.0,0.6998094284329743,True,True,True,10
CyanateEster,CCC(C)(c1ccc(OC#N)cc1)c1ccc(OC#N)c(-c2ccnc(C(F)(F)F)c2)c1,582.43577398511,1.8092133717433072,6.742798547153209,0.0,0.6998094284329743,True,True,True,11
CyanateEster,CCC(C)(c1ccc(OC#N)cc1)c1cc(OC)c(OC#N)c(-c2ccncc2)c1,582.43577398511,1.8123014816779859,6.671474727100867,0.0,0.6998094284329743,True,True,True,12
CyanateEster,CCC(C)(c1ccc(OC#N)cc1)c1ccc(OC#N)c(-c2ccncc2)c1Cl,582.3945384948543,1.8125971822135634,6.678951255298957,0.0,0.6998092712768795,True,True,True,13
CyanateEster,CCC(C)(c1ccc(OC#N)cc1)c1ccc(OC#N)c(-c2ccnc(C(F)(F)F)c2Br)c1,581.5579112267427,1.8093675988016595,6.7325502193494655,0.0,0.6998060546107938,True,True,True,14
CyanateEster,CCC(C)(c1ccc(OC#N)cc1)c1ccc(OC#N)c(-c2cc(Br)nc(C(F)(F)F)c2Br)c1,581.4655384933853,1.5306159809246163,6.782829846965104,0.0,0.6998056961485102,True,True,True,15
CyanateEster,CCC(C)(c1ccc(OC#N)cc1)c1cc(F)c(OC#N)cc1-c1ccncc1,578.4497916715969,1.8128004351279694,6.6777165503107705,0.0,0.6997936223144126,True,True,True,16
CyanateEster,CCC(C)(c1ccc(OC#N)cc1)c1ccc(OC#N)c(-c2ccncc2)c1,577.9143485516795,1.8128004351279694,6.678357432082155,0.0,0.6997914015268879,True,True,True,17
CyanateEster,CCc1cc(C(C)(CC)c2ccc(OC#N)cc2)c(Br)c(S(N)(=O)=O)c1OC#N,562.5737616169581,1.498904074058876,6.438236714118755,0.0,0.699716550006575,True,True,True,18
CyanateEster,CCc1c(OC#N)c(N)cc(C(C)(CC)c2ccc(OC#N)cc2)c1-c1ccccc1,562.1574241088783,1.4982917141096654,6.601253707308484,0.0,0.6997141816290202,True,True,True,19
CyanateEster,CCC(C)(c1ccc(OC#N)cc1)c1c(Br)cc(OC#N)cc1-c1ccc(N)cc1,562.1161886186226,1.4958159641241973,6.8006586017523905,0.0,0.6997139459832205,True,True,True,20
CyanateEster,CCC(C)(c1ccc(OC#N)cc1)c1c(Br)cc(OC#N)cc1-c1cccc(N)c1,562.1161886186226,1.4958159641241973,6.8006586017523905,0.0,0.6997139459832205,True,True,True,21
CyanateEster,CCC(C)(c1ccc(OC#N)cc1)c1cc(N)c(OC#N)cc1-c1ccccc1,562.1161886186226,1.4994030275088595,6.755557892087301,0.0,0.6997139459832205,True,True,True,22
CyanateEster,CCC(C)(c1ccc(OC#N)cc1)c1c(S(N)(=O)=O)cc(OC#N)c(C(F)(F)F)c1S(N)(=O)=O,561.9852611501873,1.4951126889926378,6.440417860699745,0.0,0.699713196492868,True,True,True,23
CyanateEster,CCC(C)(c1ccc(OC#N)cc1)c1cc(C(F)(F)F)c(OC#N)c(S(N)(=O)=O)c1S(N)(=O)=O,561.9852611501873,1.4951126889926378,6.440417860699745,0.0,0.699713196492868,True,True,True,24
CyanateEster,CCC(C)(c1ccc(OC#N)cc1)c1c(Br)cc(OC#N)cc1-c1ccccc1,561.7539969682626,1.494980670144217,6.77817604299612,0.0,0.6997118678305,True,True,True,25
CyanateEster,CCC(C)(c1ccc(OC#N)cc1)c1c(Br)cc(OC#N)c(C#N)c1-c1ccccc1,561.7539969682626,1.4954739662086463,6.8063053478127555,0.0,0.6997118678305,True,True,True,26
CyanateEster,CCc1c(C(F)(F)F)c(OC#N)c(OC)c(Br)c1C(C)(CC)c1ccc(OC#N)cc1,561.732039088345,1.4966541913567744,6.647825088978733,0.0,0.6997117413584872,True,True,True,27
CyanateEster,CCC(C)(c1ccc(OC#N)cc1)c1c(Br)cc(OC#N)cc1-c1ccc(Br)c(N)c1,561.2383258602553,1.5340882827401758,6.808671069601483,0.0,0.699708882999071,True,True,True,28
CyanateEster,CCC(C)(c1ccc(OC#N)cc1)c1c(S(N)(=O)=O)c(C(F)(F)F)c(OC#N)c(S(N)(=O)=O)c1S(N)(=O)=O,560.7241422942254,1.4870911033236855,6.520344780582601,0.0,0.6997058760139295,True,True,True,29
CyanateEster,CCc1cc(C(C)(CC)c2ccc(OC#N)cc2)cc(N)c1OC#N,558.3018865350657,1.4994030275088595,6.598674498259831,0.0,0.6996912876255224,True,True,True,30
CyanateEster,CCC(C)(c1ccc(OC#N)c(OC)c1)c1ccc(OC#N)cc1OC,558.3018865350657,1.498904074058876,6.550500718127667,0.0,0.6996912876255224,True,True,True,31
CyanateEster,CCC(C)(c1ccc(OC#N)cc1)c1ccc(OC#N)cc1S(N)(=O)=O,558.2686879494495,1.4994030275088595,6.521663033164631,0.0,0.6996910827395285,True,True,True,32
CyanateEster,CCC(C)(c1ccc(OC#N)cc1)c1cc(F)c(OC#N)c(F)c1S(N)(=O)=O,558.2588616000925,1.4956116424426213,6.485753160138753,0.0,0.6996910220698842,True,True,True,33
CyanateEster,CCC(C)(c1ccc(OC#N)cc1)c1cc(F)c(OC#N)c(F)c1,558.2267141666888,1.4994030275088595,6.509987146926396,0.0,0.6996908235026582,True,True,True,34
CyanateEster,CCC(C)(c1ccc(OC#N)cc1)c1ccc(OC#N)c(F)c1,558.2267141666888,1.4994030275088595,6.536422179137867,0.0,0.6996908235026582,True,True,True,35
CyanateEster,CCC(C)(c1ccc(OC#N)cc1)c1ccc(OC#N)c(N)c1C#N,558.1916071405229,1.4994030275088595,6.812052368247845,0.0,0.6996906065090515,True,True,True,36
CyanateEster,CCC(C)(c1ccc(OC#N)cc1)c1ccc(OC#N)c(N)c1,558.1916071405229,1.4994030275088595,6.410870115082355,0.0,0.6996906065090515,True,True,True,37
CyanateEster,CCC(C)(c1ccc(OC#N)cc1)c1cc(C(F)(F)F)c(OC#N)c(N)c1C#N,558.1618111759012,1.4994030275088595,6.578294695054222,0.0,0.6996904222232918,True,True,True,38
CyanateEster,CCC(C)(c1ccc(OC#N)cc1)c1cc(Br)c(OC#N)cc1S(N)(=O)=O,558.1567650439567,1.4994030275088595,6.46851655304808,0.0,0.6996903910024934,True,True,True,40
CyanateEster,CCC(C)(c1ccc(OC#N)cc1)c1ccc(OC#N)c(S(N)(=O)=O)c1Br,558.1567650439567,1.4994030275088595,6.46851655304808,0.0,0.6996903910024934,True,True,True,41
CyanateEster,CCC(C)(c1ccc(OC#N)cc1)c1cc(OC(F)(F)F)c(OC#N)cc1S(N)(=O)=O,558.1567650439567,1.498904074058876,6.54015420559541,0.0,0.6996903910024934,True,True,True,39
CyanateEster,CCC(C)(c1ccc(OC#N)cc1)c1c(C#N)cc(OC#N)c(C#N)c1C(F)(F)F,558.105898934237,1.4994030275088595,6.5644091363557635,0.0,0.6996900761142879,True,True,True,42
CyanateEster,CCC(C)(c1ccc(OC#N)c(C(F)(F)F)c1)c1ccc(OC#N)cc1F,558.1004855019625,1.4994030275088595,6.5010709827014725,0.0,0.699690042583435,True,True,True,43
CyanateEster,CCC(C)(c1ccc(OC#N)cc1)c1cc(F)c(OC#N)cc1C(F)(F)F,558.1004855019625,1.4994030275088595,6.5010709827014725,0.0,0.699690042583435,True,True,True,44
CyanateEster,CCC(C)(c1ccc(OC#N)cc1)c1c(C(F)(F)F)cc(OC#N)c(F)c1F,558.1004855019625,1.4994030275088595,6.5010709827014725,0.0,0.699690042583435,True,True,True,45
CyanateEster,CCc1cc(OC#N)cc(S(N)(=O)=O)c1C(C)(CC)c1ccc(OC#N)cc1,558.0935716737833,1.498904074058876,6.2818331776496255,0.0,0.6996899997538439,True,True,True,46
CyanateEster,CCC(C)(c1ccc(OC#N)cc1)c1cc(C(F)(F)F)c(OC#N)cc1S(N)(=O)=O,558.0935716737833,1.4994030275088595,6.3669367102584795,0.0,0.6996899997538439,True,True,True,47
CyanateEster,CCC(C)(c1ccc(OC#N)cc1)c1c(C(F)(F)F)c(F)c(OC#N)c(F)c1S(N)(=O)=O,558.0935716737833,1.4956116424426213,6.435172483472717,0.0,0.6996899997538439,True,True,True,48
CyanateEster,CCC(C)(c1ccc(OC#N)cc1N)c1ccc(OC#N)cc1Br,558.0752048251536,1.4994030275088595,6.6149395829062865,0.0,0.6996898859466758,True,True,True,49
CyanateEster,CCC(C)(c1ccc(OC#N)cc1)c1cc(N)c(OC#N)c(C(F)(F)F)c1,558.0653784757966,1.4994030275088595,6.558700852720941,0.0,0.6996898250421703,True,True,True,50
CyanateEster,CCC(C)(c1ccc(OC#N)cc1)c1cc(C#N)c(OC#N)cc1Br,558.0192925834893,1.4994030275088595,6.750883841422713,0.0,0.6996895392385784,True,True,True,51
CyanateEster,CCC(C)(c1ccc(OC#N)cc1)c1ccc(OC#N)c(C#N)c1C(F)(F)F,558.0094662341323,1.4994030275088595,6.546869438478508,0.0,0.6996894782660346,True,True,True,52
CyanateEster,CCC(C)(c1ccc(OC#N)cc1)c1cc(OC(F)(F)F)c(OC#N)c(C(F)(F)F)c1,557.9956195396942,1.4974951427223089,6.595844181542871,0.0,0.6996893923269201,True,True,True,53
CyanateEster,CCC(C)(c1ccc(OC#N)c(C(F)(F)F)c1)c1ccc(OC#N)cc1Br,557.9956195396942,1.4991997745944534,6.517946083306741,0.0,0.6996893923269201,True,True,True,54
CyanateEster,CCC(C)(c1ccc(OC#N)cc1)c1ccc(OC#N)c(OC)c1,557.9773188007287,1.4994030275088595,6.5643640450804455,0.0,0.6996892787074416,True,True,True,56
CyanateEster,CCc1cc(OC#N)ccc1C(C)(CC)c1ccc(OC#N)cc1,557.9773188007287,1.4994030275088595,6.569676843428265,0.0,0.6996892787074416,True,True,True,55
CyanateEster,CCC(C)(c1ccc(OC#N)cc1)c1ccc(OC#N)c(OC)c1Br,557.9711958799021,1.4994030275088595,6.553297858152417,0.0,0.6996892406842372,True,True,True,58
CyanateEster,CCC(C)(c1ccc(OC#N)cc1)c1ccc(OC#N)c(Br)c1OC,557.9711958799021,1.4994030275088595,6.553297858152417,0.0,0.6996892406842372,True,True,True,57
CyanateEster,CCC(C)(c1ccc(OC#N)cc1)c1ccc(OC#N)cc1C(F)(F)F,557.8609164853593,1.4994030275088595,6.546290766131061,0.0,0.6996885550550901,True,True,True,64
CyanateEster,CCC(C)(c1ccc(OC#N)cc1)c1ccc(OC#N)cc1Br,557.8609164853593,1.4994030275088595,6.585941928074721,0.0,0.6996885550550901,True,True,True,63
CyanateEster,CCC(C)(c1ccc(OC#N)cc1)c1ccc(OC#N)c(C(F)(F)F)c1,557.8609164853593,1.4994030275088595,6.546290766131061,0.0,0.6996885550550901,True,True,True,61
CyanateEster,CCC(C)(c1ccc(OC#N)cc1)c1ccc(OC#N)c(Cl)c1Br,557.8609164853593,1.49912778415718,6.574875741146693,0.0,0.6996885550550901,True,True,True,60
CyanateEster,CCC(C)(c1ccc(OC#N)c(Cl)c1)c1ccc(OC#N)cc1Br,557.8609164853593,1.49912778415718,6.574875741146693,0.0,0.6996885550550901,True,True,True,59
CyanateEster,CCC(C)(c1ccc(OC#N)cc1)c1ccc(OC#N)c(Br)c1,557.8609164853593,1.4994030275088595,6.585941928074721,0.0,0.6996885550550901,True,True,True,62
CyanateEster,CCc1cc(C(C)(CC)c2ccc(OC#N)cc2)c(C#N)c(N)c1OC#N,557.807483175511,1.4994030275088595,6.620451655977351,0.0,0.699688222306061,True,True,True,66
CyanateEster,CCc1c(OC#N)c(N)cc(C(C)(CC)c2ccc(OC#N)cc2)c1OC,557.807483175511,1.498904074058876,6.540060074157098,0.0,0.699688222306061,True,True,True,65
CyanateEster,CCC(C)(c1ccc(OC#N)cc1)c1cc(N)c(OC#N)c(OC)c1Br,557.6870605150606,1.4994030275088595,6.554580770778747,0.0,0.6996874710864947,True,True,True,67
CyanateEster,CCC(C)(c1ccc(OC#N)cc1)c1cc(N)c(OC#N)c(Br)c1OC,557.6870605150606,1.4994030275088595,6.554580770778747,0.0,0.6996874710864947,True,True,True,68
CyanateEster,CCC(C)(c1ccc(OC#N)cc1)c1c(Br)c(OC)c(OC#N)c(N)c1C(F)(F)F,557.6772341657036,1.49912778415718,6.547005528516284,0.0,0.6996874097080963,True,True,True,69
CyanateEster,CCc1cc(OC#N)c(OC)c(Br)c1C(C)(CC)c1ccc(OC#N)cc1,557.6213219240393,1.4986288307071964,6.509678145334037,0.0,0.6996870602337271,True,True,True,70
CyanateEster,CCc1c(OC#N)cc(OC)c(C(C)(CC)c2ccc(OC#N)cc2)c1Br,557.6213219240393,1.4986288307071964,6.509678145334037,0.0,0.6996870602337271,True,True,True,71
CyanateEster,CCc1c(Br)c(C(C)(CC)c2ccc(OC#N)cc2)cc(C#N)c1OC#N,557.6213219240393,1.4994030275088595,6.577269284819002,0.0,0.6996870602337271,True,True,True,72
CyanateEster,CCc1cc(OC#N)cc(Br)c1C(C)(CC)c1ccc(OC#N)cc1,557.4866188697044,1.4994030275088595,6.552334941814169,0.0,0.6996862166804587,True,True,True,73
CyanateEster,CCc1c(OC#N)ccc(C(C)(CC)c2ccc(OC#N)cc2)c1Br,557.4866188697044,1.4994030275088595,6.552334941814169,0.0,0.6996862166804587,True,True,True,74
CyanateEster,CCc1cc(C(C)(CC)c2ccc(OC#N)cc2)c(N)c(N)c1OC#N,557.4514032704853,1.4994030275088595,6.569554362918636,0.0,0.6996859957748105,True,True,True,75
CyanateEster,CCc1c(Br)c(C(C)(CC)c2ccc(OC#N)cc2)c(OC(F)(F)F)c(F)c1OC#N,557.3150425153436,1.496160895292345,6.626870617073235,0.0,0.6996851389239518,True,True,True,76
CyanateEster,CCc1c(OC#N)cc(OC(F)(F)F)c(C(C)(CC)c2ccc(OC#N)cc2)c1Br,557.3150425153436,1.4966541913567744,6.6217245841125845,0.0,0.6996851389239518,True,True,True,77
CyanateEster,CCc1c(Cl)c(C(C)(CC)c2ccc(OC#N)cc2)c(N)c(N)c1OC#N,557.3113279113209,1.4994030275088595,6.535945611835811,0.0,0.6996851155498134,True,True,True,78
CyanateEster,N#COc1ccc(C(C)(CC)c2ccc(OC#N)cc2)cc1,554.1569681666567,1.4994030275088595,5.9053779061145795,0.0,0.6996646275584899,True,True,True,79
CyanateEster,CCc1c(OC#N)cc(Br)c(C(C)(CC)c2ccc(OC#N)cc2)c1Br,546.7127795899245,1.4958159641241973,6.2321708139049985,0.0,0.6996108398870162,True,True,True,80
FluorinatedPolyimide,O=C1OC(=O)c2c1ccc(C(F)(F)F)c2-c1cc(Br)nc(C(F)(F)F)c1C(F)(F)F,504.26568025429657,1.4990773162794784,2.14211761661965,0.0,0.6990916472840591,True,True,True,46
FluorinatedPolyimide,O=C1OC(=O)c2c1ccc(C(F)(F)F)c2-c1c(C(F)(F)F)cncc1C(F)(F)F,504.26568025429657,1.813116777422439,2.115303158861686,0.0,0.6990916472840591,True,True,True,45
FluorinatedPolyimide,O=C1OC(=O)c2c1ccc(C(F)(F)F)c2-c1cc(C(F)(F)F)ncc1C(F)(F)F,504.26568025429657,1.813116777422439,2.115303158861686,0.0,0.6990916472840591,True,True,True,47
FluorinatedPolyimide,O=C1OC(=O)c2c1ccc(C(F)(F)F)c2-c1c(C(F)(F)F)c(Br)nc(Br)c1C(F)(F)F,504.04403622394994,1.497632860501407,2.308547894638385,0.0,0.699087620931852,True,True,True,48
FluorinatedPolyimide,O=C1OC(=O)c2c1ccc(C(F)(F)F)c2-c1cc(C(F)(F)F)nc(F)c1C(F)(F)F,503.8388409801145,1.49872514722565,2.165745928669681,0.0,0.6990838775145165,True,True,True,49
FluorinatedPolyimide,Nc1nc(C(F)(F)F)cc(-c2c(C(F)(F)F)ccc3c2C(=O)OC3=O)c1C(F)(F)F,503.8388409801145,1.49872514722565,2.145128046665742,0.0,0.6990838775145165,True,True,True,50
FluorinatedPolyimide,O=C1OC(=O)c2c1ccc(C(F)(F)F)c2-c1cc(F)nc(Br)c1C(F)(F)F,500.0296387481017,1.49872514722565,2.2728517791955287,0.0,0.6990115353988802,True,True,True,51
FluorinatedPolyimide,O=C1OC(=O)c2c1ccc(C(F)(F)F)c2-c1c(C(F)(F)F)cnc(F)c1F,500.0296387481017,1.495927984737091,2.2048552573462605,0.0,0.6990115353988802,True,True,True,52
FluorinatedPolyimide,NS(=O)(=O)c1cc2c(c(-c3ccncc3)c1C(F)(F)F)C(=O)OC2=O,497.76984202403236,1.8126542944945456,2.135636540464849,0.0,0.6989659540186435,True,True,True,53
FluorinatedPolyimide,O=C1OC(=O)c2c1cc(C(F)(F)F)c(-c1ccncc1)c2F,497.5863668708682,1.8249758824623525,1.6048063992873327,0.0,0.6989621624764815,True,True,True,60
FluorinatedPolyimide,O=C1OC(=O)c2c1ccc(C(F)(F)F)c2-c1ccncc1C(F)(F)F,497.5863668708682,1.813116777422439,2.2146409069718316,0.0,0.6989621624764815,True,True,True,65
FluorinatedPolyimide,O=C1OC(=O)c2c1ccc(C(F)(F)F)c2-c1ccnc(C(F)(F)F)c1,497.5863668708682,1.813116777422439,2.2146409069718316,0.0,0.6989621624764815,True,True,True,64
FluorinatedPolyimide,O=C1OC(=O)c2c1ccc(C(F)(F)F)c2-c1ccnc(Br)c1,497.5863668708682,1.5105842522655635,1.6332679308533071,0.0,0.6989621624764815,True,True,True,63
FluorinatedPolyimide,Nc1cc(-c2c(C(F)(F)F)ccc3c2C(=O)OC3=O)ccn1,497.5863668708682,1.5105842522655635,1.6156676369512875,0.0,0.6989621624764815,True,True,True,62
FluorinatedPolyimide,O=C1OC(=O)c2c1cc(C(F)(F)F)c(Cl)c2-c1ccncc1,497.5863668708682,1.8249758824623525,1.6332679308533071,0.0,0.6989621624764815,True,True,True,61
FluorinatedPolyimide,O=C1OC(=O)c2c1cc(Cl)c(C(F)(F)F)c2-c1ccncc1,497.5863668708682,1.8249758824623525,1.6332679308533071,0.0,0.6989621624764815,True,True,True,58
FluorinatedPolyimide,O=C1OC(=O)c2c1cc(C(F)(F)F)c(-c1ccncc1)c2Br,497.5863668708682,1.8249758824623525,1.6332679308533071,0.0,0.6989621624764815,True,True,True,59
FluorinatedPolyimide,Nc1cc(-c2c(C(F)(F)F)ccc3c2C(=O)OC3=O)cc(F)n1,497.5863668708682,1.5105842522655635,1.759759831689908,0.0,0.6989621624764815,True,True,True,57
FluorinatedPolyimide,O=C1OC(=O)c2c1ccc(C(F)(F)F)c2-c1ccnc(F)c1,497.5863668708682,1.5105842522655635,1.6048063992873327,0.0,0.6989621624764815,True,True,True,56
FluorinatedPolyimide,Nc1cnc(Br)cc1-c1c(C(F)(F)F)ccc2c1C(=O)OC2=O,497.5863668708682,1.5105842522655635,1.7488985940259532,0.0,0.6989621624764815,True,True,True,55
FluorinatedPolyimide,O=C1OC(=O)c2c1ccc(C(F)(F)F)c2-c1cc(F)nc(Br)c1,497.5863668708682,1.5105842522655635,1.777360125591928,0.0,0.6989621624764815,True,True,True,54
FluorinatedPolyimide,O=C1OC(=O)c2c1ccc(C(F)(F)F)c2-c1c(F)cncc1C(F)(F)F,497.5176504204827,1.813116777422439,2.2146409069718316,0.0,0.6989607388740664,True,True,True,67
FluorinatedPolyimide,O=C1OC(=O)c2c1ccc(C(F)(F)F)c2-c1cc(Br)ncc1C(F)(F)F,497.5176504204827,1.49872514722565,2.2224090093875337,0.0,0.6989607388740664,True,True,True,70
FluorinatedPolyimide,O=C1OC(=O)c2c1ccc(C(F)(F)F)c2-c1cc(Br)nc(C(F)(F)F)c1,497.5176504204827,1.49872514722565,2.2224090093875337,0.0,0.6989607388740664,True,True,True,68
FluorinatedPolyimide,O=C1OC(=O)c2c1ccc(C(F)(F)F)c2-c1cc(Cl)nc(C(F)(F)F)c1,497.5176504204827,1.49872514722565,2.2146409069718316,0.0,0.6989607388740664,True,True,True,66
FluorinatedPolyimide,O=C1OC(=O)c2c1ccc(C(F)(F)F)c2-c1c(Br)cncc1C(F)(F)F,497.5176504204827,1.813116777422439,2.2224090093875337,0.0,0.6989607388740664,True,True,True,69
FluorinatedPolyimide,O=C1OC(=O)c2c1ccc(C(F)(F)F)c2-c1cc(Br)nc(Br)c1C(F)(F)F,495.180082586748,1.4990773162794784,1.941274737271165,0.0,0.698911133749338,True,True,True,71
FluorinatedPolyimide,O=C1OC(=O)c2c1ccc(C(F)(F)F)c2-c1ccncc1,492.30475696256866,1.8249758824623525,0.7199172297916723,0.02353390745027127,0.6988468671999524,True,True,False,72
FluorinatedPolyimide,CCc1ccc(C(F)(F)F)cc1-c1c(OC)c2c(c(N)c1C(F)(F)F)C(=O)OC2=O,475.2960886508073,1.4901949443240812,2.2112091137708494,0.0,0.6983815185026936,True,True,True,73
FluorinatedPolyimide,NS(=O)(=O)c1ccc(C(F)(F)F)cc1-c1c2c(c(S(N)(=O)=O)c(Cl)c1C(F)(F)F)C(=O)OC2=O,474.3446553559681,1.4889597041875953,2.1884976793327997,0.0,0.6983505542866657,True,True,True,74
FluorinatedPolyimide,Nc1c2c(c(N)c(C(F)(F)F)c1-c1cc(C(F)(F)F)ccc1OC(F)(F)F)C(=O)OC2=O,474.1800117179553,1.4901949443240812,2.34319076801223,0.0,0.6983451364271677,True,True,True,75
FluorinatedPolyimide,Nc1c2c(cc(-c3cc(C(F)(F)F)ccc3OC(F)(F)F)c1C(F)(F)F)C(=O)OC2=O,474.0624063311056,1.4901949443240812,2.3287374563447742,0.0,0.6983412555887825,True,True,True,76
FluorinatedPolyimide,Nc1c2c(cc(-c3cc(C(F)(F)F)cc(OC(F)(F)F)c3C(F)(F)F)c1C(F)(F)F)C(=O)OC2=O,473.94941773741596,1.488842481505765,2.3115566198794397,0.0,0.6983375185630407,True,True,True,77
FluorinatedPolyimide,CCc1ccc(C(F)(F)F)cc1-c1c(N)c2c(c(N)c1C(F)(F)F)C(=O)OC2=O,472.517699667137,1.499719369803329,2.116695250827781,0.0,0.6982894328778129,True,True,True,78
FluorinatedPolyimide,CCc1ccc(C(F)(F)F)cc1-c1c2c(c(OC)c(Cl)c1C(F)(F)F)C(=O)OC2=O,471.99746355462986,1.4901380063431051,2.070187368473933,0.0,0.6982716192942218,True,True,True,79
FluorinatedPolyimide,CCc1ccc(C(F)(F)F)cc1-c1c2c(c(S(N)(=O)=O)c(Cl)c1C(F)(F)F)C(=O)OC2=O,470.558419492044,1.4873977818355222,1.9742772478210007,0.0,0.6982213766192829,True,True,True,80
FluorinatedPolyimide,CCc1ccc(C(F)(F)F)cc1-c1c2c(c(CC)c(Cl)c1C(F)(F)F)C(=O)OC2=O,470.33677546169736,1.498024909069462,2.0483182547551624,0.0,0.6982135099847643,True,True,True,81
FluorinatedPolyimide,COc1ccc(C(F)(F)F)cc1-c1cc2c(c(N)c1C(F)(F)F)C(=O)OC2=O,469.6771779325097,1.4901949443240812,2.299706618895848,0.0,0.6981898939164768,True,True,True,83
FluorinatedPolyimide,COc1cc2c(c(-c3ccc(C(F)(F)F)cc3N)c1C(F)(F)F)C(=O)OC2=O,469.6771779325097,1.4901949443240812,2.299706618895848,0.0,0.6981898939164768,True,True,True,82
FluorinatedPolyimide,NS(=O)(=O)c1c(Br)cc(C(F)(F)F)cc1-c1c2c(cc(Cl)c1C(F)(F)F)C(=O)OC2=O,469.39724791729054,1.4889597041875953,2.012742796176596,0.0,0.6981797776796548,True,True,True,84
FluorinatedPolyimide,NS(=O)(=O)c1ccc(C(F)(F)F)cc1-c1c2c(c(F)c(Cl)c1C(F)(F)F)C(=O)OC2=O,469.2869685227477,1.4873977818355222,1.9584318796442226,0.0,0.6981757769180426,True,True,True,85
FluorinatedPolyimide,NS(=O)(=O)c1ccc(C(F)(F)F)cc1-c1c2c(cc(Cl)c1C(F)(F)F)C(=O)OC2=O,469.2869685227477,1.4873977818355222,1.975908659004565,0.0,0.6981757769180426,True,True,True,86
FluorinatedPolyimide,O=C1OC(=O)c2c1cc(Cl)c(C(F)(F)F)c2-c1cc(C(F)(F)F)cc(Br)c1C(F)(F)F,468.9793309701733,1.4975090431958618,2.065641200644107,0.0,0.6981645699883094,True,True,True,87
FluorinatedPolyimide,Nc1c2c(cc(-c3cc(C(F)(F)F)ccc3C(F)(F)F)c1C(F)(F)F)C(=O)OC2=O,468.7741357263379,1.499719369803329,1.9106558932762947,0.0,0.6981570568566908,True,True,True,88
FluorinatedPolyimide,Nc1ccc(N)c(C(F)(F)F)c1-c1cc2c(c(N)c1C(F)(F)F)C(=O)OC2=O,468.33145338445854,1.499719369803329,2.188838922347943,0.0,0.6981407438232284,True,True,True,89
FluorinatedPolyimide,COc1cc2c(c(-c3ccc(C(F)(F)F)cc3)c1C(F)(F)F)C(=O)OC2=O,466.428263429226,1.4901949443240812,2.0948675389021933,0.0,0.698068957559157,True,True,True,90
FluorinatedPolyimide,O=C1OC(=O)c2c1cc(C(F)(F)F)c(Cl)c2-c1cc(Cl)ccc1C(F)(F)F,464.96493349432507,1.4990255916336197,2.1289275576706768,0.0,0.6980118924319774,True,True,True,91
FluorinatedPolyimide,O=C1OC(=O)c2c1cc(Cl)c(C(F)(F)F)c2-c1ccc(Cl)cc1C(F)(F)F,464.96493349432507,1.4990255916336197,2.1289275576706768,0.0,0.6980118924319774,True,True,True,92
FluorinatedPolyimide,CCc1ccc(C(F)(F)F)cc1-c1cc2c(c(N)c1C(F)(F)F)C(=O)OC2=O,464.71624078551395,1.499719369803329,1.8697895488806706,0.0,0.6980020287575752,True,True,True,93
FluorinatedPolyimide,CCc1c(C(F)(F)F)cc2c(c1-c1cccc(C(F)(F)F)c1)C(=O)OC2=O,464.71624078551395,1.499719369803329,1.8697895488806706,0.0,0.6980020287575752,True,True,True,94
FluorinatedPolyimide,CCc1ccc(C(F)(F)F)cc1-c1c2c(cc(Cl)c1C(F)(F)F)C(=O)OC2=O,464.71624078551395,1.5000715388571575,1.895942207815775,0.0,0.6980020287575752,True,True,True,95
FluorinatedPolyimide,Nc1ccccc1-c1cc2c(c(N)c1C(F)(F)F)C(=O)OC2=O,464.2350371733933,1.5115784748432426,1.7509686887502995,0.0,0.6979828047494601,True,True,True,96
FluorinatedPolyimide,Nc1ccc(-c2c(N)c3c(c(N)c2C(F)(F)F)C(=O)OC3=O)c(N)c1,464.0548664225487,1.5115784748432426,1.7164534050486482,0.0,0.6979755597002693,True,True,True,97
FluorinatedPolyimide,Nc1ccc(N)c(-c2cc3c(c(N)c2C(F)(F)F)C(=O)OC3=O)c1,463.8081978992113,1.5115784748432426,1.7624193786319942,0.0,0.6979655986311768,True,True,True,98
FluorinatedPolyimide,Nc1ccc(-c2cc3c(c(N)c2C(F)(F)F)C(=O)OC3=O)c(N)c1,463.8081978992113,1.5115784748432426,1.7624193786319942,0.0,0.6979655986311768,True,True,True,99
FluorinatedPolyimide,O=C1OC(=O)c2c1cc(Cl)c(C(F)(F)F)c2-c1c(F)cccc1F,462.5216616170915,1.5077870897770045,1.778949608174614,0.0,0.6979128494184375,True,True,True,100
FluorinatedPolyimide,Nc1c2c(cc(-c3cccc(C(F)(F)F)c3)c1C(F)(F)F)C(=O)OC2=O,462.45294516670606,1.499719369803329,2.0157243694990896,0.0,0.6979099940127638,True,True,True,101
FluorinatedPolyimide,O=C1OC(=O)c2c1cc(C(F)(F)F)c(Cl)c2-c1ccccc1C(F)(F)F,462.45294516670606,1.499719369803329,2.0157243694990896,0.0,0.6979099940127638,True,True,True,103
FluorinatedPolyimide,O=C1OC(=O)c2c1cc(Cl)c(C(F)(F)F)c2-c1cccc(C(F)(F)F)c1,462.45294516670606,1.499719369803329,2.0157243694990896,0.0,0.6979099940127638,True,True,True,104
FluorinatedPolyimide,Nc1c(C(F)(F)F)cc(-c2cccc(C(F)(F)F)c2)c2c1C(=O)OC2=O,462.45294516670606,1.499719369803329,2.0157243694990896,0.0,0.6979099940127638,True,True,True,102
FluorinatedPolyimide,COc1cc2c(c(-c3ccccc3)c1C(F)(F)F)C(=O)OC2=O,461.9910014662065,1.4901949443240812,1.62894118694789,0.0,0.6978906975320434,True,True,True,105
FluorinatedPolyimide,Nc1c2c(cc(-c3c(Br)cc(C(F)(F)F)cc3Br)c1C(F)(F)F)C(=O)OC2=O,461.8511333502032,1.5002315026845348,1.8727807513330514,0.0,0.6978848200333437,True,True,True,106
FluorinatedPolyimide,O=C1OC(=O)c2c1cc(Cl)c(C(F)(F)F)c2-c1ccccc1F,460.4416780090778,1.5115784748432426,1.5784435881191865,0.0,0.6978246755315554,True,True,True,107
FluorinatedPolyimide,Nc1c2c(cc(-c3ccccc3Cl)c1C(F)(F)F)C(=O)OC2=O,460.4416780090778,1.5115784748432426,1.5784435881191865,0.0,0.6978246755315554,True,True,True,109
FluorinatedPolyimide,Nc1c2c(cc(-c3ccccc3Br)c1C(F)(F)F)C(=O)OC2=O,460.4416780090778,1.5115784748432426,1.5784435881191865,0.0,0.6978246755315554,True,True,True,108
FluorinatedPolyimide,CCc1cc2c(c(-c3ccccc3)c1C(F)(F)F)C(=O)OC2=O,460.2924911166768,1.499719369803329,1.5497980175447867,0.0,0.6978182106965097,True,True,True,111
FluorinatedPolyimide,CCc1c(C(F)(F)F)cc2c(c1-c1ccccc1)C(=O)OC2=O,460.2924911166768,1.499719369803329,1.5497980175447867,0.0,0.6978182106965097,True,True,True,110
FluorinatedPolyimide,O=C1OC(=O)c2c1cc(C(F)(F)F)c(Cl)c2-c1ccccc1,458.55292787799084,1.5115784748432426,1.4343513933805665,0.0,0.6977414037382195,True,True,True,115
FluorinatedPolyimide,Nc1c2c(cc(-c3ccccc3)c1C(F)(F)F)C(=O)OC2=O,458.55292787799084,1.5115784748432426,1.405889861814592,0.0,0.6977414037382195,True,True,True,114
FluorinatedPolyimide,O=C1OC(=O)c2c1cc(Cl)c(C(F)(F)F)c2-c1ccccc1,458.55292787799084,1.5115784748432426,1.4343513933805665,0.0,0.6977414037382195,True,True,True,113
FluorinatedPolyimide,Nc1c(C(F)(F)F)cc(-c2ccccc2)c2c1C(=O)OC2=O,458.55292787799084,1.5115784748432426,1.405889861814592,0.0,0.6977414037382195,True,True,True,112
FluorinatedPolyimide,O=C1OC(=O)c2c1cc(C(F)(F)F)c(OC(F)(F)F)c2F,458.24988210036923,1.4901949443240812,1.166763475137122,0.0,0.6977277510077375,True,True,True,116
FluorinatedPolyimide,COc1cc2c(c(C(F)(F)F)c1C(F)(F)F)C(=O)OC2=O,458.15037628395913,1.4901949443240812,1.166763475137122,0.0,0.6977232502297488,True,True,True,117
FluorinatedPolyimide,Nc1c2c(cc(S(N)(=O)=O)c1C(F)(F)F)C(=O)OC2=O,457.1466765979215,1.4873977818355222,0.8999488986808891,0.003003066862550097,0.6976773530227842,True,True,False,118
FluorinatedPolyimide,O=C1OC(=O)c2c1cc(Cl)c(C(F)(F)F)c2-c1cc(Br)cc(C(F)(F)F)c1,457.04567744567544,1.498366906985013,1.86527006491465,0.0,0.697672683898799,True,True,True,120
FluorinatedPolyimide,O=C1OC(=O)c2c1cc(Cl)c(C(F)(F)F)c2-c1cc(C(F)(F)F)ccc1Br,457.04567744567544,1.498366906985013,1.86527006491465,0.0,0.697672683898799,True,True,True,119
FluorinatedPolyimide,Nc1c2c(cc(-c3ccc(Br)c(Br)c3Cl)c1C(F)(F)F)C(=O)OC2=O,454.6024055684419,1.5115784748432426,1.7989586102751618,0.0,0.6975568460151336,True,True,True,122
FluorinatedPolyimide,Nc1c2c(cc(-c3ccc(Br)cc3Cl)c1C(F)(F)F)C(=O)OC2=O,454.6024055684419,1.5115784748432426,1.7380377799251703,0.0,0.6975568460151336,True,True,True,121
FluorinatedPolyimide,Nc1c2c(cc(-c3c(Br)cccc3Br)c1C(F)(F)F)C(=O)OC2=O,454.6024055684419,1.5115784748432426,1.7884805497331648,0.0,0.6975568460151336,True,True,True,124
FluorinatedPolyimide,Nc1c2c(cc(-c3ccc(Br)c(Cl)c3Cl)c1C(F)(F)F)C(=O)OC2=O,454.6024055684419,1.5115784748432426,1.816435389635504,0.0,0.6975568460151336,True,True,True,123
FluorinatedPolyimide,NS(=O)(=O)c1cc2c(c(S(N)(=O)=O)c1C(F)(F)F)C(=O)OC2=O,453.77134575899686,1.4873977818355222,1.1318797817021409,0.0,0.6975161527862458,True,True,True,125
FluorinatedPolyimide,Nc1cc2c(c(N)c1C(F)(F)F)C(=O)OC2=O,453.60490192749234,1.499719369803329,0.5025189470417863,0.07424621941572389,0.6975079221874507,True,True,False,126
FluorinatedPolyimide,O=C1OC(=O)c2c1cc(C(F)(F)F)c(Cl)c2-c1cccc(Cl)c1,452.5224219604282,1.5115784748432426,1.264343325555165,0.0,0.6974537286277489,True,True,True,128
FluorinatedPolyimide,O=C1OC(=O)c2c1cc(Cl)c(C(F)(F)F)c2-c1ccc(Cl)cc1,452.5224219604282,1.5115784748432426,1.264343325555165,0.0,0.6974537286277489,True,True,True,127
FluorinatedPolyimide,COc1cc2c(c(OC)c1C(F)(F)F)C(=O)OC2=O,451.8202244229903,1.4901949443240812,0.5766588467325847,0.05376531961493556,0.6974179490965662,True,True,False,130
FluorinatedPolyimide,COc1c(C(F)(F)F)cc2c(c1OC)C(=O)OC2=O,451.8202244229903,1.4901949443240812,0.5766588467325847,0.05376531961493556,0.6974179490965662,True,True,False,129
FluorinatedPolyimide,N#Cc1cc(C(F)(F)F)cc2c1C(=O)OC2=O,450.9959709739845,1.5079182300030531,0.5457937524582921,0.06189099459177577,0.6973753126438695,True,True,False,132
FluorinatedPolyimide,N#Cc1c(C(F)(F)F)cc2c(c1C#N)C(=O)OC2=O,450.9959709739845,1.5079182300030531,0.6062325327495617,0.0465158454794475,0.6973753126438695,True,True,False,131
FluorinatedPolyimide,Nc1c(C(F)(F)F)cc(C(F)(F)F)c2c1C(=O)OC2=O,449.98982140140646,1.499719369803329,0.42737022537056296,0.09837145763764797,0.6973223182327166,True,True,False,134
FluorinatedPolyimide,Nc1c2c(cc(C(F)(F)F)c1C(F)(F)F)C(=O)OC2=O,449.98982140140646,1.499719369803329,0.42737022537056296,0.09837145763764797,0.6973223182327166,True,True,False,133
FluorinatedPolyimide,CCc1c(C(F)(F)F)cc2c(c1C(F)(F)F)C(=O)OC2=O,449.53991211549504,1.499719369803329,0.6451855164535939,0.03776799532029086,0.6972982787010553,True,True,False,136
FluorinatedPolyimide,CCc1cc2c(c(C(F)(F)F)c1C(F)(F)F)C(=O)OC2=O,449.53991211549504,1.499719369803329,0.6451855164535939,0.03776799532029086,0.6972982787010553,True,True,False,135
FluorinatedPolyimide,Nc1c(C(F)(F)F)cc2c(c1F)C(=O)OC2=O,446.69774261905496,1.499719369803329,0.1117240658044225,0.23671024058130777,0.6971413842717104,True,True,False,137
FluorinatedPolyimide,O=C1OC(=O)c2c1cc(C(F)(F)F)c(C(F)(F)F)c2Br,445.1586860923534,1.499719369803329,0.5202634541908595,0.06904414601546567,0.6970526830356376,True,True,False,138
FluorinatedPolyimide,O=C1OC(=O)c2c1cc(Cl)c(C(F)(F)F)c2C(F)(F)F,445.1586860923534,1.499719369803329,0.5202634541908595,0.06904414601546567,0.6970526830356376,True,True,False,139
FluorinatedPolyimide,COc1c(C(F)(F)F)cc2c(c1F)C(=O)OC2=O,444.87760117726435,1.4901949443240812,0.19086723520752613,0.19640874931821384,0.6970361905622984,True,True,False,140
FluorinatedPolyimide,Nc1c(C(F)(F)F)cc2c(c1Br)C(=O)OC2=O,444.73373893078633,1.499719369803329,0.5026631602888397,0.0742031796401653,0.697027714134294,True,True,False,141
FluorinatedPolyimide,O=C1OC(=O)c2c1cc(Cl)c(C(F)(F)F)c2Br,444.73373893078633,1.499719369803329,0.49180192262488526,0.07747958575432891,0.697027714134294,True,True,False,142
FluorinatedPolyimide,O=C1OC(=O)c2c1cc(C(F)(F)F)c(Cl)c2Br,444.73373893078633,1.499719369803329,0.49180192262488526,0.07747958575432891,0.697027714134294,True,True,False,143
FluorinatedPolyimide,CCc1cc2c(c(Br)c1C(F)(F)F)C(=O)OC2=O,444.4850462219752,1.499719369803329,0.49180192262488526,0.07747958575432891,0.6970130042630217,True,True,False,144
FluorinatedPolyimide,O=C1OC(=O)c2cc(C(F)(F)F)ccc21,441.91590430372537,1.499719369803329,0.0,0.3,0.696856749994474,True,True,False,146
FluorinatedPolyimide,Nc1c(C(F)(F)F)ccc2c1C(=O)OC2=O,441.91590430372537,1.499719369803329,0.0,0.3,0.696856749994474,True,True,False,145
FluorinatedPolyimide,O=C1OC(=O)c2c(F)cc(C(F)(F)F)cc21,441.6456181911898,1.499719369803329,0.0,0.3,0.6968398470524713,True,True,False,149
FluorinatedPolyimide,O=C1OC(=O)c2c(F)c(C(F)(F)F)cc(F)c21,441.6456181911898,1.495927984737091,0.0,0.3,0.6968398470524713,True,True,False,150
FluorinatedPolyimide,O=C1OC(=O)c2c1cc(C(F)(F)F)c(F)c2F,441.6456181911898,1.495927984737091,0.0,0.3,0.6968398470524713,True,True,False,148
FluorinatedPolyimide,O=C1OC(=O)c2c(Br)cc(C(F)(F)F)cc21,441.6456181911898,1.499719369803329,0.0,0.3,0.6968398470524713,True,True,False,154
FluorinatedPolyimide,O=C1OC(=O)c2c1cc(Cl)c(C(F)(F)F)c2Cl,441.6456181911898,1.499719369803329,0.0,0.3,0.6968398470524713,True,True,False,153
FluorinatedPolyimide,O=C1OC(=O)c2c1cc(Cl)c(C(F)(F)F)c2F,441.6456181911898,1.499719369803329,0.0,0.3,0.6968398470524713,True,True,False,152
FluorinatedPolyimide,O=C1OC(=O)c2cc(C(F)(F)F)c(Cl)cc21,441.6456181911898,1.499719369803329,0.0,0.3,0.6968398470524713,True,True,False,151
FluorinatedPolyimide,O=C1OC(=O)c2c1cc(C(F)(F)F)c(Cl)c2Cl,441.6456181911898,1.499719369803329,0.0,0.3,0.6968398470524713,True,True,False,147
FluorinatedPolyimide,O=C1OC(=O)c2c1ccc(C(F)(F)F)c2C(F)(F)F,441.559624668962,1.499719369803329,0.0,0.3,0.696834450371681,True,True,False,155
FluorinatedPolyimide,CCc1cc2c(cc1C(F)(F)F)C(=O)OC2=O,441.39692548237866,1.499719369803329,0.0,0.3,0.6968242148622337,True,True,False,157
FluorinatedPolyimide,CCc1cc2c(c(N)c1C(F)(F)F)C(=O)OC2=O,441.39692548237866,1.499719369803329,0.0,0.3,0.6968242148622337,True,True,False,156
FluorinatedPolyimide,COc1cc2c(cc1C(F)(F)F)C(=O)OC2=O,440.318813796074,1.4901949443240812,0.07743645934773441,0.2553370459622534,0.6967555557032372,True,True,False,159
FluorinatedPolyimide,COc1c(C(F)(F)F)ccc2c1C(=O)OC2=O,440.318813796074,1.4901949443240812,0.07743645934773441,0.2553370459622534,0.6967555557032372,True,True,False,158
FluorinatedPolyimide,NS(=O)(=O)c1c(C(F)(F)F)ccc2c1C(=O)OC2=O,438.79229049099985,1.4873977818355222,0.0,0.3,0.6966558146238018,True,True,False,160
PTFE,NC(F)(Br)C(F)(F)F,167.14362315533933,1.9130206101138345,0.0054043692745662395,0.2998378908271685,0.4365540661672244,True,True,False,1
PTFE,CC(F)(Br)C(F)(F)F,166.7776900347157,1.5606916024384807,0.0054043692745662395,0.2998378908271685,0.43589661717172334,True,True,False,2
PTFE,FC(F)(F)C(F)(S)Br,166.7776900347157,1.5606916024384807,0.0350027874874389,0.2989508352717257,0.43589661717172334,True,True,False,3
PTFE,FC(F)(F)C(F)(Cl)Br,166.7776900347157,1.5606916024384807,0.0054043692745662395,0.2998378908271685,0.43589661717172334,True,True,False,4
PTFE,FC(F)(F)C(F)(Br)Br,166.7776900347157,1.5606916024384807,0.0350027874874389,0.2989508352717257,0.43589661717172334,True,True,False,5
PTFE,FC(F)(F)C(S)(S)S,166.1733123034783,1.5606916024384807,0.048826957609268015,0.29853697932556394,0.4348141485435487,True,True,False,6
PTFE,NC(N)(Br)C(F)(F)F,166.1733123034783,1.9130206101138345,0.3000770507272122,0.29106522315546357,0.4348141485435487,True,True,False,7
PTFE,NC(Br)(Br)C(F)(F)F,166.11691564575673,1.9130206101138345,0.048826957609268015,0.29853697932556394,0.43471335578628084,True,True,False,8
PTFE,NC(F)(S)C(F)(F)F,166.11665044414892,1.9130206101138345,0.0054043692745662395,0.2998378908271685,0.4347128819025249,True,True,False,9
PTFE,FC(F)(F)C(F)(S)S,166.11665044414892,1.5606916024384807,0.0054043692745662395,0.2998378908271685,0.4347128819025249,True,True,False,10
PTFE,CC(N)(F)C(F)(F)F,166.06025378642735,1.9130206101138345,0.0054043692745662395,0.2998378908271685,0.4346121264243813,True,True,False,11
PTFE,FC(F)(F)C(S)(S)Br,165.80737918285467,1.5606916024384807,0.048826957609268015,0.29853697932556394,0.4341608105072883,True,True,False,13
PTFE,FC(F)(F)C(S)(S)Cl,165.80737918285467,1.5606916024384807,0.048826957609268015,0.29853697932556394,0.4341608105072883,True,True,False,12
PTFE,CC(C)(Br)C(F)(F)F,165.7509825251331,1.5606916024384807,0.01922853939639538,0.2994234211206537,0.4340602592788121,True,True,False,15
PTFE,CC(C)(Br)C(F)(F)Br,165.7509825251331,1.5606916024384807,0.036486072275309,0.2989064162568432,0.4340602592788121,True,True,False,17
PTFE,FC(F)(F)C(Cl)(Cl)Br,165.7509825251331,1.5606916024384807,0.048826957609268015,0.29853697932556394,0.4340602592788121,True,True,False,18
PTFE,FC(F)(F)C(Cl)(Cl)Cl,165.7509825251331,1.5606916024384807,0.048826957609268015,0.29853697932556394,0.4340602592788121,True,True,False,19
PTFE,FC(F)(F)C(Br)(Br)Br,165.7509825251331,1.5606916024384807,0.6696508747399847,0.2802467979783304,0.4340602592788121,True,True,False,20
PTFE,FC(F)(F)C(F)(F)Br,165.7509825251331,1.5606916024384807,0.006900085163245402,0.29979303315348405,0.4340602592788121,True,True,False,21
PTFE,FC(F)(F)C(S)(Cl)Cl,165.7509825251331,1.5606916024384807,0.048826957609268015,0.29853697932556394,0.4340602592788121,True,True,False,22
PTFE,FC(F)(F)C(S)(Br)Br,165.7509825251331,1.5606916024384807,0.048826957609268015,0.29853697932556394,0.4340602592788121,True,True,False,23
PTFE,FC(F)(F)C(Cl)(Br)Br,165.7509825251331,1.5606916024384807,0.03796571994531325,0.29886210944855884,0.4340602592788121,True,True,False,14
PTFE,CC(Br)(Br)C(F)(F)F,165.7509825251331,1.5606916024384807,0.048826957609268015,0.29853697932556394,0.4340602592788121,True,True,False,16
PTFE,CC(F)(Cl)C(F)(F)F,165.69432066580373,1.5606916024384807,0.0054043692745662395,0.2998378908271685,0.43395927286476876,True,True,False,27
PTFE,CC(C)(F)C(F)(F)F,165.69432066580373,1.5606916024384807,0.0054043692745662395,0.2998378908271685,0.43395927286476876,True,True,False,25
PTFE,FC(F)(F)C(F)(S)Cl,165.69432066580373,1.5606916024384807,0.0054043692745662395,0.2998378908271685,0.43395927286476876,True,True,False,26
PTFE,CC(F)(S)C(F)(F)F,165.69432066580373,1.5606916024384807,0.0054043692745662395,0.2998378908271685,0.43395927286476876,True,True,False,24
PTFE,NC(N)(F)C(F)(F)F,165.08994293456632,1.9130206101138345,0.286252880605383,0.2914738691155797,0.43288447142172626,True,True,False,28
PTFE,NC(N)(N)C(F)(F)F,165.08994293456632,1.9130206101138345,0.31498379660244497,0.29062489719601825,0.43288447142172626,True,True,False,29
PTFE,NC(S)(S)C(F)(F)F,165.08994293456632,1.5606916024384807,0.01922853939639538,0.2994234211206537,0.43288447142172626,True,True,False,30
PTFE,NC(N)(S)C(F)(F)F,165.08994293456632,1.9130206101138345,0.3000770507272122,0.29106522315546357,0.43288447142172626,True,True,False,31
PTFE,NC(N)(Cl)C(F)(F)F,165.08994293456632,1.9130206101138345,0.3000770507272122,0.29106522315546357,0.43288447142172626,True,True,False,32
PTFE,CC(N)(N)C(F)(F)F,165.08994293456632,1.5606916024384807,0.3000770507272122,0.29106522315546357,0.43288447142172626,True,True,False,33
PTFE,NC(Cl)(Cl)C(F)(F)F,165.03354627684476,1.9130206101138345,0.01922853939639538,0.2994234211206537,0.43278439897687426,True,True,False,36
PTFE,NC(F)(Cl)C(F)(F)F,165.03354627684476,1.9130206101138345,0.0054043692745662395,0.2998378908271685,0.43278439897687426,True,True,False,35
PTFE,CC(C)(N)C(F)(F)F,165.03354627684476,1.5606916024384807,0.01922853939639538,0.2994234211206537,0.43278439897687426,True,True,False,34
PTFE,CC(S)(S)C(F)(F)F,164.7240098139427,1.5606916024384807,0.01922853939639538,0.2994234211206537,0.43223582179139863,True,True,False,37
PTFE,CC(C)(C)C(F)(F)F,164.66761315622114,1.5606916024384807,0.041294245122766846,0.29876245155732717,0.43213599618864806,True,True,False,43
PTFE,CC(F)(F)C(F)(F)F,164.66761315622114,1.5606916024384807,0.006900085163245402,0.29979303315348405,0.43213599618864806,True,True,False,38
PTFE,CC(Cl)(Cl)C(F)(F)F,164.66761315622114,1.5606916024384807,0.01922853939639538,0.2994234211206537,0.43213599618864806,True,True,False,45
PTFE,FC(F)(F)C(F)(Cl)Cl,164.66761315622114,1.5606916024384807,0.0054043692745662395,0.2998378908271685,0.43213599618864806,True,True,False,44
PTFE,CC(C)(S)C(F)(F)F,164.66761315622114,1.5606916024384807,0.01922853939639538,0.2994234211206537,0.43213599618864806,True,True,False,40
PTFE,FC(F)(F)C(F)(F)Cl,164.66761315622114,1.5606916024384807,0.006900085163245402,0.29979303315348405,0.43213599618864806,True,True,False,42
PTFE,FC(F)(F)C(F)(F)S,164.66761315622114,1.5606916024384807,0.006900085163245402,0.29979303315348405,0.43213599618864806,True,True,False,41
PTFE,CC(C)(Cl)C(F)(F)F,164.66761315622114,1.5606916024384807,0.01922853939639538,0.2994234211206537,0.43213599618864806,True,True,False,39
PTFE,OC(O)(Br)C(F)(F)F,164.2642444986934,1.5522639526739666,0.013320951795265374,0.2996005045319595,0.4314231246364859,True,True,False,46
PTFE,OC(F)(Br)C(F)(F)F,164.20784784097182,1.5606916024384807,0.0,0.3,0.43132361165074173,True,True,False,47
PTFE,OC(Br)(Br)C(F)(F)F,164.20784784097182,1.5606916024384807,0.0054043692745662395,0.2998378908271685,0.43132361165074173,True,True,False,48
PTFE,CC(O)(F)C(F)(F)F,164.15118598164244,1.555926788986594,0.017892441822132694,0.29946346684994174,0.43122366951906527,True,True,False,49
PTFE,OC(O)(Cl)C(F)(F)F,163.1808751297814,1.5522639526739666,0.013320951795265374,0.2996005045319595,0.4295182791733728,True,True,False,58
PTFE,OC(S)(S)C(F)(F)F,163.1808751297814,1.5606916024384807,0.0054043692745662395,0.2998378908271685,0.4295182791733728,True,True,False,57
PTFE,NC(O)(F)C(F)(F)F,163.1808751297814,1.9082557966619478,0.017892441822132694,0.29946346684994174,0.4295182791733728,True,True,False,56
PTFE,OC(F)(S)C(F)(F)F,163.1808751297814,1.5606916024384807,0.017892441822132694,0.29946346684994174,0.4295182791733728,True,True,False,55
PTFE,NC(O)(O)C(F)(F)F,163.1808751297814,1.9045929603493204,0.0,0.3,0.4295182791733728,True,True,False,54
PTFE,OC(O)(F)C(F)(F)F,163.1808751297814,1.5522639526739666,0.013320951795265374,0.2996005045319595,0.4295182791733728,True,True,False,53
PTFE,NC(N)(O)C(F)(F)F,163.1808751297814,1.9082557966619478,0.3057320406387691,0.2908981428413418,0.4295182791733728,True,True,False,51
PTFE,CC(O)(O)C(F)(F)F,163.1808751297814,1.5522639526739666,0.013320951795265374,0.2996005045319595,0.4295182791733728,True,True,False,50
PTFE,OC(O)(S)C(F)(F)F,163.1808751297814,1.5522639526739666,0.0,0.3,0.4295182791733728,True,True,False,52
PTFE,OC(Cl)(Cl)C(F)(F)F,163.12447847205985,1.5606916024384807,0.0054043692745662395,0.2998378908271685,0.42941951350535884,True,True,False,59
PTFE,CC(C)(O)C(F)(F)F,163.12447847205985,1.5606916024384807,0.02488352930795236,0.2992539585132845,0.42941951350535884,True,True,False,60
PTFE,OC(F)(F)C(F)(F)F,163.12447847205985,1.555926788986594,0.01714286531219959,0.29948593444900734,0.42941951350535884,True,True,False,61
PTFE,NC(F)(F)C(F)(F)F,163.12447847205985,1.9130206101138345,0.006900085163245402,0.29979303315348405,0.42941951350535884,True,True,False,62
PTFE,OC(F)(Cl)C(F)(F)F,163.12447847205985,1.5606916024384807,0.017892441822132694,0.29946346684994174,0.42941951350535884,True,True,False,63
PTFE,FC(F)(F)C(F)(F)F,162.75854535143623,1.5606916024384807,0.0,0.3,0.4287796231807943,True,True,False,64
PTFE,OC(O)(O)C(F)(F)F,162.2827733546354,1.5522639526739666,0.0,0.3,0.4279501546745811,True,True,False,65
