rank,Polymer,Sample_ID,SMILES,Tg_degC,Dk_1GHz,RadiationDose_MGy,desirability_score,global_rank,morgan_fp_00,morgan_fp_01,morgan_fp_02,morgan_fp_03,morgan_fp_04,morgan_fp_05,morgan_fp_06,morgan_fp_07,morgan_fp_08,morgan_fp_09,morgan_fp_10,morgan_fp_11,morgan_fp_12,morgan_fp_13,morgan_fp_14,morgan_fp_15,morgan_fp_16,morgan_fp_17,morgan_fp_18,morgan_fp_19,morgan_fp_20,morgan_fp_21,morgan_fp_22,morgan_fp_23,morgan_fp_24,morgan_fp_25,morgan_fp_26,morgan_fp_27,morgan_fp_28,morgan_fp_29,morgan_fp_30,morgan_fp_31,morgan_fp_32,morgan_fp_33,morgan_fp_34,morgan_fp_35,morgan_fp_36,morgan_fp_37,morgan_fp_38,morgan_fp_39,morgan_fp_40,morgan_fp_41,morgan_fp_42,morgan_fp_43,morgan_fp_44,morgan_fp_45,morgan_fp_46,morgan_fp_47,morgan_fp_48,morgan_fp_49,morgan_fp_50,morgan_fp_51,morgan_fp_52,morgan_fp_53,morgan_fp_54,morgan_fp_55,morgan_fp_56,morgan_fp_57,morgan_fp_58,morgan_fp_59,morgan_fp_60,morgan_fp_61,morgan_fp_62,morgan_fp_63
1,Polyimide,Po_0098,N#Cc1cc(Oc2ccc(-n3c(=O)c4ccc(c(S(N)(=O)=O)c4N)c3=O)cc2)ccc1-c1cc2ccc1c(=O)oc2=O,564.9789230745524,2.7739194757517724,53.19981304870584,0.948135,1,1.0,1.0,1.0,0.0,0.0,0.0,0.0,0.0,0.0,0.0,1.0,0.0,0.0,0.0,1.0,0.0,0.0,1.0,0.0,0.0,0.0,0.0,1.0,0.0,1.0,0.0,0.0,1.0,0.0,0.0,0.0,0.0,1.0,1.0,0.0,0.0,1.0,0.0,0.0,1.0,0.0,1.0,0.0,0.0,0.0,0.0,0.0,1.0,0.0,0.0,0.0,0.0,0.0,0.0,1.0,1.0,0.0,0.0,1.0,0.0,0.0,0.0,0.0,0.0
2,Polyimide,Po_0028,Cc1cc(Oc2ccc(-c3cc4ccc3c(=O)oc4=O)cc2)cc(C(F)(F)F)c1-n1c(=O)c2ccc(c(N)c2)c1=O,572.3896868080114,2.805798057794327,53.74676509447389,0.946047,2,1.0,1.0,1.0,0.0,0.0,0.0,0.0,0.0,0.0,0.0,1.0,0.0,0.0,0.0,1.0,0.0,0.0,1.0,0.0,0.0,0.0,0.0,1.0,0.0,1.0,0.0,0.0,1.0,0.0,0.0,0.0,0.0,1.0,1.0,0.0,0.0,1.0,0.0,0.0,1.0,0.0,1.0,0.0,0.0,0.0,0.0,0.0,1.0,0.0,0.0,0.0,0.0,0.0,0.0,1.0,1.0,0.0,0.0,1.0,0.0,0.0,0.0,0.0,0.0
3,Polyimide,Po_0004,N#Cc1cc(Oc2ccc(-n3c(=O)c4ccc(cc4)c3=O)cc2Br)ccc1-c1cc2ccc1c(=O)oc2=O,530.19145812619,2.8458076273045636,54.61038057410458,0.943071,3,1.0,1.0,1.0,0.0,0.0,0.0,0.0,0.0,0.0,0.0,1.0,0.0,0.0,0.0,1.0,0.0,0.0,1.0,0.0,0.0,0.0,0.0,1.0,0.0,1.0,0.0,0.0,1.0,0.0,0.0,0.0,0.0,1.0,1.0,0.0,0.0,1.0,0.0,0.0,1.0,0.0,1.0,0.0,0.0,0.0,0.0,0.0,1.0,0.0,0.0,0.0,0.0,0.0,0.0,1.0,1.0,0.0,0.0,1.0,0.0,0.0,0.0,0.0,0.0
4,Polyimide,Po_0071,Nc1cc2ccc1c(=O)n(-c1ccc(Oc3ccc(-c4cc5ccc4c(=O)oc5=O)cc3)c(Br)c1F)c2=O,552.6400996436188,2.879304894255253,53.233733922827234,0.941034,4,1.0,1.0,1.0,0.0,0.0,0.0,0.0,0.0,0.0,0.0,1.0,0.0,0.0,0.0,1.0,0.0,0.0,1.0,0.0,0.0,0.0,0.0,1.0,0.0,1.0,0.0,0.0,1.0,0.0,0.0,0.0,0.0,1.0,1.0,0.0,0.0,1.0,0.0,0.0,1.0,0.0,1.0,0.0,0.0,0.0,0.0,0.0,1.0,0.0,0.0,0.0,0.0,0.0,0.0,1.0,1.0,0.0,0.0,1.0,0.0,0.0,0.0,0.0,0.0
5,Polyimide,Po_0232,Nc1cc2cc(-c3ccc(Oc4ccc(-n5c(=O)c6cc(N)c(c(C(F)(F)F)c6C(F)(F)F)c5=O)cc4)cc3)c1c(=O)oc2=O,572.6081834994404,2.8995141831756395,55.49910657316894,0.9398,5,1.0,1.0,1.0,0.0,0.0,0.0,0.0,0.0,0.0,0.0,1.0,0.0,0.0,0.0,1.0,0.0,0.0,1.0,0.0,0.0,0.0,0.0,1.0,0.0,1.0,0.0,0.0,1.0,0.0,0.0,0.0,0.0,1.0,1.0,0.0,0.0,1.0,0.0,0.0,1.0,0.0,1.0,0.0,0.0,0.0,0.0,0.0,1.0,0.0,0.0,0.0,0.0,0.0,0.0,1.0,1.0,0.0,0.0,1.0,0.0,0.0,0.0,0.0,0.0
6,Polyimide,Po_0168,Nc1cc2c(Br)cc1c(=O)n(-c1ccc(Oc3ccc(-c4cc5ccc4c(=O)oc5=O)cc3)cc1C(F)(F)F)c2=O,593.7714003970195,2.9039082730424877,54.8559592212508,0.939588,6,1.0,1.0,1.0,0.0,0.0,0.0,0.0,0.0,0.0,0.0,1.0,0.0,0.0,0.0,1.0,0.0,0.0,1.0,0.0,0.0,0.0,0.0,1.0,0.0,1.0,0.0,0.0,1.0,0.0,0.0,0.0,0.0,1.0,1.0,0.0,0.0,1.0,0.0,0.0,1.0,0.0,1.0,0.0,0.0,0.0,0.0,0.0,1.0,0.0,0.0,0.0,0.0,0.0,0.0,1.0,1.0,0.0,0.0,1.0,0.0,0.0,0.0,0.0,0.0
7,Polyimide,Po_0131,CCc1c(Br)c(Oc2ccc(-c3cc4ccc3c(=O)oc4=O)cc2)c(OC)c(CC)c1-n1c(=O)c2ccc(cc2)c1=O,572.7299226054697,2.9044749004035393,53.99508033333766,0.93947,7,1.0,1.0,1.0,0.0,0.0,0.0,0.0,0.0,0.0,0.0,1.0,0.0,0.0,0.0,1.0,0.0,0.0,1.0,0.0,0.0,0.0,0.0,1.0,0.0,1.0,0.0,0.0,1.0,0.0,0.0,0.0,0.0,1.0,1.0,0.0,0.0,1.0,0.0,0.0,1.0,0.0,1.0,0.0,0.0,0.0,0.0,0.0,1.0,0.0,0.0,0.0,0.0,0.0,0.0,1.0,1.0,0.0,0.0,1.0,0.0,0.0,0.0,0.0,0.0
8,Polyimide,Po_0030,O=c1oc(=O)c2ccc1cc2-c1cc(Br)c(Oc2ccc(-n3c(=O)c4ccc(cc4)c3=O)cc2)cc1Br,567.5234310938857,2.94790875608051,55.983347681607405,0.936549,8,1.0,1.0,1.0,0.0,0.0,0.0,0.0,0.0,0.0,0.0,1.0,0.0,0.0,0.0,1.0,0.0,0.0,1.0,0.0,0.0,0.0,0.0,1.0,0.0,1.0,0.0,0.0,1.0,0.0,0.0,0.0,0.0,1.0,1.0,0.0,0.0,1.0,0.0,0.0,1.0,0.0,1.0,0.0,0.0,0.0,0.0,0.0,1.0,0.0,0.0,0.0,0.0,0.0,0.0,1.0,1.0,0.0,0.0,1.0,0.0,0.0,0.0,0.0,0.0
9,Polyimide,Po_0140,COc1cc2ccc1c(=O)n(-c1ccc(Oc3cc(C#N)c(-c4cc5ccc4c(=O)oc5=O)c(C#N)c3)cc1)c2=O,572.4161759071931,2.9853017192269156,55.83526693189402,0.93408,9,1.0,1.0,1.0,0.0,0.0,0.0,0.0,0.0,0.0,0.0,1.0,0.0,0.0,0.0,1.0,0.0,0.0,1.0,0.0,0.0,0.0,0.0,1.0,0.0,1.0,0.0,0.0,1.0,0.0,0.0,0.0,0.0,1.0,1.0,0.0,0.0,1.0,0.0,0.0,1.0,0.0,1.0,0.0,0.0,0.0,0.0,0.0,1.0,0.0,0.0,0.0,0.0,0.0,0.0,1.0,1.0,0.0,0.0,1.0,0.0,0.0,0.0,0.0,0.0
10,Polyimide,Po_0226,Cc1c(-c2cc3ccc2c(=O)oc3=O)ccc(Oc2ccc(-n3c(=O)c4ccc(c(C(F)(F)F)c4)c3=O)cc2)c1Cl,562.1000180410624,2.9981875447600537,55.25021147529052,0.933168,10,1.0,1.0,1.0,0.0,0.0,0.0,0.0,0.0,0.0,0.0,1.0,0.0,0.0,0.0,1.0,0.0,0.0,1.0,0.0,0.0,0.0,0.0,1.0,0.0,1.0,0.0,0.0,1.0,0.0,0.0,0.0,0.0,1.0,1.0,0.0,0.0,1.0,0.0,0.0,1.0,0.0,1.0,0.0,0.0,0.0,0.0,0.0,1.0,0.0,0.0,0.0,0.0,0.0,0.0,1.0,1.0,0.0,0.0,1.0,0.0,0.0,0.0,0.0,0.0
11,Polyimide,Po_0206,Nc1cc(Oc2ccc(-n3c(=O)c4cc(Br)c(c(Br)c4N)c3=O)cc2)cc(N)c1-c1cc2ccc1c(=O)oc2=O,591.9074462247466,3.010540017905773,56.630892775512656,0.932473,11,1.0,1.0,1.0,0.0,0.0,0.0,0.0,0.0,0.0,0.0,1.0,0.0,0.0,0.0,1.0,0.0,0.0,1.0,0.0,0.0,0.0,0.0,1.0,0.0,1.0,0.0,0.0,1.0,0.0,0.0,0.0,0.0,1.0,1.0,0.0,0.0,1.0,0.0,0.0,1.0,0.0,1.0,0.0,0.0,0.0,0.0,0.0,1.0,0.0,0.0,0.0,0.0,0.0,0.0,1.0,1.0,0.0,0.0,1.0,0.0,0.0,0.0,0.0,0.0
12,Polyimide,Po_0172,CCc1cc2c(-c3ccc(Oc4ccc(-n5c(=O)c6cc(Br)c(cc6N)c5=O)cc4)cc3)cc1c(=O)oc2=O,573.4661887334063,3.0133340399656494,55.156848580560066,0.932216,12,1.0,1.0,1.0,0.0,0.0,0.0,0.0,0.0,0.0,0.0,1.0,0.0,0.0,0.0,1.0,0.0,0.0,1.0,0.0,0.0,0.0,0.0,1.0,0.0,1.0,0.0,0.0,1.0,0.0,0.0,0.0,0.0,1.0,1.0,0.0,0.0,1.0,0.0,0.0,1.0,0.0,1.0,0.0,0.0,0.0,0.0,0.0,1.0,0.0,0.0,0.0,0.0,0.0,0.0,1.0,1.0,0.0,0.0,1.0,0.0,0.0,0.0,0.0,0.0
13,Polyimide,Po_0214,COc1c(Br)c2c(N)c(N)c1c(=O)n(-c1ccc(Oc3ccc(-c4cc5ccc4c(=O)oc5=O)cc3)c(N)c1)c2=O,528.3929619527605,3.0221010914680937,53.58862338835482,0.931299,13,1.0,1.0,1.0,0.0,0.0,0.0,0.0,0.0,0.0,0.0,1.0,0.0,0.0,0.0,1.0,0.0,0.0,1.0,0.0,0.0,0.0,0.0,1.0,0.0,1.0,0.0,0.0,1.0,0.0,0.0,0.0,0.0,1.0,1.0,0.0,0.0,1.0,0.0,0.0,1.0,0.0,1.0,0.0,0.0,0.0,0.0,0.0,1.0,0.0,0.0,0.0,0.0,0.0,0.0,1.0,1.0,0.0,0.0,1.0,0.0,0.0,0.0,0.0,0.0
14,Polyimide,Po_0237,Nc1cc2c(Br)c(Cl)c1c(=O)n(-c1ccc(Oc3ccc(-c4cc5ccc4c(=O)oc5=O)cc3F)cc1)c2=O,569.0541885142578,3.054654357173487,54.4241245771766,0.929441,14,1.0,1.0,1.0,0.0,0.0,0.0,0.0,0.0,0.0,0.0,1.0,0.0,0.0,0.0,1.0,0.0,0.0,1.0,0.0,0.0,0.0,0.0,1.0,0.0,1.0,0.0,0.0,1.0,0.0,0.0,0.0,0.0,1.0,1.0,0.0,0.0,1.0,0.0,0.0,1.0,0.0,1.0,0.0,0.0,0.0,0.0,0.0,1.0,0.0,0.0,0.0,0.0,0.0,0.0,1.0,1.0,0.0,0.0,1.0,0.0,0.0,0.0,0.0,0.0
15,Polyimide,Po_0169,CCc1c(N)c2cc(-c3ccc(Oc4ccc(-n5c(=O)c6ccc(c(N)c6)c5=O)cc4)cc3)c1c(=O)oc2=O,572.3187610516577,3.0550122858050908,53.630085939617146,0.929433,15,1.0,1.0,1.0,0.0,0.0,0.0,0.0,0.0,0.0,0.0,1.0,0.0,0.0,0.0,1.0,0.0,0.0,1.0,0.0,0.0,0.0,0.0,1.0,0.0,1.0,0.0,0.0,1.0,0.0,0.0,0.0,0.0,1.0,1.0,0.0,0.0,1.0,0.0,0.0,1.0,0.0,1.0,0.0,0.0,0.0,0.0,0.0,1.0,0.0,0.0,0.0,0.0,0.0,0.0,1.0,1.0,0.0,0.0,1.0,0.0,0.0,0.0,0.0,0.0
16,Polyimide,Po_0002,N#Cc1cc(Oc2ccc(-n3c(=O)c4ccc(cc4)c3=O)cc2)ccc1-c1cc2ccc1c(=O)oc2=O,561.9453074968178,3.0625979608194784,56.24455290858108,0.928873,16,1.0,1.0,1.0,0.0,0.0,0.0,0.0,0.0,0.0,0.0,1.0,0.0,0.0,0.0,1.0,0.0,0.0,1.0,0.0,0.0,0.0,0.0,1.0,0.0,1.0,0.0,0.0,1.0,0.0,0.0,0.0,0.0,1.0,1.0,0.0,0.0,1.0,0.0,0.0,1.0,0.0,1.0,0.0,0.0,0.0,0.0,0.0,1.0,0.0,0.0,0.0,0.0,0.0,0.0,1.0,1.0,0.0,0.0,1.0,0.0,0.0,0.0,0.0,0.0
17,Polyimide,Po_0211,COc1cc2c(F)cc1c(=O)n(-c1ccc(Oc3ccc(-c4cc5ccc4c(=O)oc5=O)cc3Cl)cc1)c2=O,555.9836827242556,3.062453409262082,53.46127318337983,0.928846,17,1.0,1.0,1.0,0.0,0.0,0.0,0.0,0.0,0.0,0.0,1.0,0.0,0.0,0.0,1.0,0.0,0.0,1.0,0.0,0.0,0.0,0.0,1.0,0.0,1.0,0.0,0.0,1.0,0.0,0.0,0.0,0.0,1.0,1.0,0.0,0.0,1.0,0.0,0.0,1.0,0.0,1.0,0.0,0.0,0.0,0.0,0.0,1.0,0.0,0.0,0.0,0.0,0.0,0.0,1.0,1.0,0.0,0.0,1.0,0.0,0.0,0.0,0.0,0.0
18,Polyimide,Po_0201,Nc1cc2c(F)c(N)c1c(=O)n(-c1ccc(Oc3ccc(-c4cc5ccc4c(=O)oc5=O)cc3)c(Br)c1)c2=O,578.8955189614042,3.102002141142243,54.63848130769946,0.926329,18,1.0,1.0,1.0,0.0,0.0,0.0,0.0,0.0,0.0,0.0,1.0,0.0,0.0,0.0,1.0,0.0,0.0,1.0,0.0,0.0,0.0,0.0,1.0,0.0,1.0,0.0,0.0,1.0,0.0,0.0,0.0,0.0,1.0,1.0,0.0,0.0,1.0,0.0,0.0,1.0,0.0,1.0,0.0,0.0,0.0,0.0,0.0,1.0,0.0,0.0,0.0,0.0,0.0,0.0,1.0,1.0,0.0,0.0,1.0,0.0,0.0,0.0,0.0,0.0
19,Polyimide,Po_0204,Nc1c(Cl)c2c(F)c(Br)c1c(=O)n(-c1ccc(Oc3ccc(-c4cc5ccc4c(=O)oc5=O)cc3F)cc1)c2=O,601.8427000940892,3.1090657082508626,56.01712735320255,0.925933,19,1.0,1.0,1.0,0.0,0.0,0.0,0.0,0.0,0.0,0.0,1.0,0.0,0.0,0.0,1.0,0.0,0.0,1.0,0.0,0.0,0.0,0.0,1.0,0.0,1.0,0.0,0.0,1.0,0.0,0.0,0.0,0.0,1.0,1.0,0.0,0.0,1.0,0.0,0.0,1.0,0.0,1.0,0.0,0.0,0.0,0.0,0.0,1.0,0.0,0.0,0.0,0.0,0.0,0.0,1.0,1.0,0.0,0.0,1.0,0.0,0.0,0.0,0.0,0.0
20,Polyimide,Po_0001,O=C1OC(=O)c2ccc1cc2-c1ccc(Oc2ccc(cc2)N2C(=O)c3ccc(cc3)C2=O)cc1,586.7037631492655,3.1100676033370966,55.06714469232006,0.925821,20,1.0,1.0,1.0,0.0,0.0,0.0,0.0,0.0,0.0,0.0,1.0,0.0,0.0,0.0,1.0,0.0,0.0,1.0,0.0,0.0,0.0,0.0,1.0,0.0,1.0,0.0,0.0,1.0,0.0,0.0,0.0,0.0,1.0,1.0,0.0,0.0,1.0,0.0,0.0,1.0,0.0,1.0,0.0,0.0,0.0,0.0,0.0,1.0,0.0,0.0,0.0,0.0,0.0,0.0,1.0,1.0,0.0,0.0,1.0,0.0,0.0,0.0,0.0,0.0
21,Polyimide,Po_0153,Nc1cc2c(F)c(Br)c1c(=O)n(-c1cc(Cl)c(Oc3ccc(-c4cc5ccc4c(=O)oc5=O)cc3)c(Cl)c1)c2=O,624.5763910274233,3.1152849376524703,56.58752879205735,0.925566,21,1.0,1.0,1.0,0.0,0.0,0.0,0.0,0.0,0.0,0.0,1.0,0.0,0.0,0.0,1.0,0.0,0.0,1.0,0.0,0.0,0.0,0.0,1.0,0.0,1.0,0.0,0.0,1.0,0.0,0.0,0.0,0.0,1.0,1.0,0.0,0.0,1.0,0.0,0.0,1.0,0.0,1.0,0.0,0.0,0.0,0.0,0.0,1.0,0.0,0.0,0.0,0.0,0.0,0.0,1.0,1.0,0.0,0.0,1.0,0.0,0.0,0.0,0.0,0.0
22,Polyimide,Po_0190,COc1cc(-n2c(=O)c3ccc(c(OC)c3)c2=O)ccc1Oc1ccc(-c2cc3ccc2c(=O)oc3=O)cc1Br,579.8584778289501,3.123681521281732,56.442821085874165,0.924887,22,1.0,1.0,1.0,0.0,0.0,0.0,0.0,0.0,0.0,0.0,1.0,0.0,0.0,0.0,1.0,0.0,0.0,1.0,0.0,0.0,0.0,0.0,1.0,0.0,1.0,0.0,0.0,1.0,0.0,0.0,0.0,0.0,1.0,1.0,0.0,0.0,1.0,0.0,0.0,1.0,0.0,1.0,0.0,0.0,0.0,0.0,0.0,1.0,0.0,0.0,0.0,0.0,0.0,0.0,1.0,1.0,0.0,0.0,1.0,0.0,0.0,0.0,0.0,0.0
23,Polyimide,Po_0066,Nc1cc2ccc1c(=O)n(-c1cc(Cl)c(Oc3ccc(-c4cc5ccc4c(=O)oc5=O)cc3)cc1F)c2=O,570.8989929956942,3.1342053692276863,54.282400580686826,0.924146,23,1.0,1.0,1.0,0.0,0.0,0.0,0.0,0.0,0.0,0.0,1.0,0.0,0.0,0.0,1.0,0.0,0.0,1.0,0.0,0.0,0.0,0.0,1.0,0.0,1.0,0.0,0.0,1.0,0.0,0.0,0.0,0.0,1.0,1.0,0.0,0.0,1.0,0.0,0.0,1.0,0.0,1.0,0.0,0.0,0.0,0.0,0.0,1.0,0.0,0.0,0.0,0.0,0.0,0.0,1.0,1.0,0.0,0.0,1.0,0.0,0.0,0.0,0.0,0.0
24,Polyimide,Po_0058,CCc1cc(Oc2ccc(-c3cc4ccc3c(=O)oc4=O)cc2Cl)ccc1-n1c(=O)c2ccc(cc2)c1=O,587.8680418865899,3.136687967229796,56.650933192972175,0.92405,24,1.0,1.0,1.0,0.0,0.0,0.0,0.0,0.0,0.0,0.0,1.0,0.0,0.0,0.0,1.0,0.0,0.0,1.0,0.0,0.0,0.0,0.0,1.0,0.0,1.0,0.0,0.0,1.0,0.0,0.0,0.0,0.0,1.0,1.0,0.0,0.0,1.0,0.0,0.0,1.0,0.0,1.0,0.0,0.0,0.0,0.0,0.0,1.0,0.0,0.0,0.0,0.0,0.0,0.0,1.0,1.0,0.0,0.0,1.0,0.0,0.0,0.0,0.0,0.0
25,Polyimide,Po_0128,N#Cc1cc(Oc2ccc(-n3c(=O)c4ccc(cc4)c3=O)cc2)cc(C#N)c1-c1cc2ccc1c(=O)oc2=O,562.5884770736731,3.137955597983751,54.566629514338516,0.923853,25,1.0,1.0,1.0,0.0,0.0,0.0,0.0,0.0,0.0,0.0,1.0,0.0,0.0,0.0,1.0,0.0,0.0,1.0,0.0,0.0,0.0,0.0,1.0,0.0,1.0,0.0,0.0,1.0,0.0,0.0,0.0,0.0,1.0,1.0,0.0,0.0,1.0,0.0,0.0,1.0,0.0,1.0,0.0,0.0,0.0,0.0,0.0,1.0,0.0,0.0,0.0,0.0,0.0,0.0,1.0,1.0,0.0,0.0,1.0,0.0,0.0,0.0,0.0,0.0
26,Polyimide,Po_0198,COc1cc(-c2cc3ccc2c(=O)oc3=O)ccc1Oc1ccc(-n2c(=O)c3ccc(cc3)c2=O)cc1F,561.1639025084289,3.1383137150995455,54.328004066153305,0.923821,26,1.0,1.0,1.0,0.0,0.0,0.0,0.0,0.0,0.0,0.0,1.0,0.0,0.0,0.0,1.0,0.0,0.0,1.0,0.0,0.0,0.0,0.0,1.0,0.0,1.0,0.0,0.0,1.0,0.0,0.0,0.0,0.0,1.0,1.0,0.0,0.0,1.0,0.0,0.0,1.0,0.0,1.0,0.0,0.0,0.0,0.0,0.0,1.0,0.0,0.0,0.0,0.0,0.0,0.0,1.0,1.0,0.0,0.0,1.0,0.0,0.0,0.0,0.0,0.0
27,Polyimide,Po_0035,Nc1cc(Oc2ccc(-c3cc4ccc3c(=O)oc4=O)cc2)ccc1-n1c(=O)c2cc(Br)c(c(N)c2N)c1=O,577.6010516459812,3.144924756554846,55.7333168594684,0.923462,27,1.0,1.0,1.0,0.0,0.0,0.0,0.0,0.0,0.0,0.0,1.0,0.0,0.0,0.0,1.0,0.0,0.0,1.0,0.0,0.0,0.0,0.0,1.0,0.0,1.0,0.0,0.0,1.0,0.0,0.0,0.0,0.0,1.0,1.0,0.0,0.0,1.0,0.0,0.0,1.0,0.0,1.0,0.0,0.0,0.0,0.0,0.0,1.0,0.0,0.0,0.0,0.0,0.0,0.0,1.0,1.0,0.0,0.0,1.0,0.0,0.0,0.0,0.0,0.0
28,Polyimide,Po_0126,CCc1c(Br)c(Oc2ccc(-c3cc4ccc3c(=O)oc4=O)cc2)c(Br)c(CC)c1-n1c(=O)c2ccc(c(N)c2)c1=O,545.5457178685807,3.148057053584333,55.70200376358299,0.923065,28,1.0,1.0,1.0,0.0,0.0,0.0,0.0,0.0,0.0,0.0,1.0,0.0,0.0,0.0,1.0,0.0,0.0,1.0,0.0,0.0,0.0,0.0,1.0,0.0,1.0,0.0,0.0,1.0,0.0,0.0,0.0,0.0,1.0,1.0,0.0,0.0,1.0,0.0,0.0,1.0,0.0,1.0,0.0,0.0,0.0,0.0,0.0,1.0,0.0,0.0,0.0,0.0,0.0,0.0,1.0,1.0,0.0,0.0,1.0,0.0,0.0,0.0,0.0,0.0
29,Polyimide,Po_0084,COc1cc(-c2cc3ccc2c(=O)oc3=O)ccc1Oc1ccc(-n2c(=O)c3cc(C(F)(F)F)c(cc3C)c2=O)cc1,573.3498477965359,3.154339503740789,55.34572468172793,0.922816,29,1.0,1.0,1.0,0.0,0.0,0.0,0.0,0.0,0.0,0.0,1.0,0.0,0.0,0.0,1.0,0.0,0.0,1.0,0.0,0.0,0.0,0.0,1.0,0.0,1.0,0.0,0.0,1.0,0.0,0.0,0.0,0.0,1.0,1.0,0.0,0.0,1.0,0.0,0.0,1.0,0.0,1.0,0.0,0.0,0.0,0.0,0.0,1.0,0.0,0.0,0.0,0.0,0.0,0.0,1.0,1.0,0.0,0.0,1.0,0.0,0.0,0.0,0.0,0.0
30,Polyimide,Po_0185,O=c1oc(=O)c2ccc1cc2-c1ccc(Oc2ccc(-n3c(=O)c4ccc(cc4)c3=O)cc2)cc1Br,601.6448316988476,3.1631200548670333,54.89106396061935,0.922329,30,1.0,1.0,1.0,0.0,0.0,0.0,0.0,0.0,0.0,0.0,1.0,0.0,0.0,0.0,1.0,0.0,0.0,1.0,0.0,0.0,0.0,0.0,1.0,0.0,1.0,0.0,0.0,1.0,0.0,0.0,0.0,0.0,1.0,1.0,0.0,0.0,1.0,0.0,0.0,1.0,0.0,1.0,0.0,0.0,0.0,0.0,0.0,1.0,0.0,0.0,0.0,0.0,0.0,0.0,1.0,1.0,0.0,0.0,1.0,0.0,0.0,0.0,0.0,0.0
31,Polyimide,Po_0193,Nc1c(Oc2ccc(-c3cc4ccc3c(=O)oc4=O)cc2)ccc(-n2c(=O)c3ccc(c(F)c3N)c2=O)c1F,554.8639742991796,3.160681193179104,53.37994862439635,0.922291,31,1.0,1.0,1.0,0.0,0.0,0.0,0.0,0.0,0.0,0.0,1.0,0.0,0.0,0.0,1.0,0.0,0.0,1.0,0.0,0.0,0.0,0.0,1.0,0.0,1.0,0.0,0.0,1.0,0.0,0.0,0.0,0.0,1.0,1.0,0.0,0.0,1.0,0.0,0.0,1.0,0.0,1.0,0.0,0.0,0.0,0.0,0.0,1.0,0.0,0.0,0.0,0.0,0.0,0.0,1.0,1.0,0.0,0.0,1.0,0.0,0.0,0.0,0.0,0.0
32,Polyimide,Po_0037,COc1cc(Oc2ccc(-c3cc4ccc3c(=O)oc4=O)cc2)ccc1-n1c(=O)c2cc(Br)c(cc2N)c1=O,558.5561717891651,3.1636492447060447,55.69680486506011,0.922116,32,1.0,1.0,1.0,0.0,0.0,0.0,0.0,0.0,0.0,0.0,1.0,0.0,0.0,0.0,1.0,0.0,0.0,1.0,0.0,0.0,0.0,0.0,1.0,0.0,1.0,0.0,0.0,1.0,0.0,0.0,0.0,0.0,1.0,1.0,0.0,0.0,1.0,0.0,0.0,1.0,0.0,1.0,0.0,0.0,0.0,0.0,0.0,1.0,0.0,0.0,0.0,0.0,0.0,0.0,1.0,1.0,0.0,0.0,1.0,0.0,0.0,0.0,0.0,0.0
33,Polyimide,Po_0031,Nc1cc2c(F)c(N)c1c(=O)n(-c1ccc(Oc3ccc(-c4cc5ccc4c(=O)oc5=O)cc3)cc1)c2=O,566.5600382396724,3.1719347873344326,54.64180480149483,0.921609,33,1.0,1.0,1.0,0.0,0.0,0.0,0.0,0.0,0.0,0.0,1.0,0.0,0.0,0.0,1.0,0.0,0.0,1.0,0.0,0.0,0.0,0.0,1.0,0.0,1.0,0.0,0.0,1.0,0.0,0.0,0.0,0.0,1.0,1.0,0.0,0.0,1.0,0.0,0.0,1.0,0.0,1.0,0.0,0.0,0.0,0.0,0.0,1.0,0.0,0.0,0.0,0.0,0.0,0.0,1.0,1.0,0.0,0.0,1.0,0.0,0.0,0.0,0.0,0.0
34,Polyimide,Po_0064,Cc1cc(-n2c(=O)c3ccc(c(N)c3)c2=O)ccc1Oc1ccc(-c2cc3c(N)cc2c(=O)oc3=O)cc1,610.4512366641741,3.174377517610497,55.75783336476659,0.921599,34,1.0,1.0,1.0,0.0,0.0,0.0,0.0,0.0,0.0,0.0,1.0,0.0,0.0,0.0,1.0,0.0,0.0,1.0,0.0,0.0,0.0,0.0,1.0,0.0,1.0,0.0,0.0,1.0,0.0,0.0,0.0,0.0,1.0,1.0,0.0,0.0,1.0,0.0,0.0,1.0,0.0,1.0,0.0,0.0,0.0,0.0,0.0,1.0,0.0,0.0,0.0,0.0,0.0,0.0,1.0,1.0,0.0,0.0,1.0,0.0,0.0,0.0,0.0,0.0
35,Polyimide,Po_0183,Nc1c(S(N)(=O)=O)c2c(F)c(Cl)c1c(=O)n(-c1ccc(Oc3ccc(-c4cc5ccc4c(=O)oc5=O)cc3)c(Cl)c1)c2=O,568.3417145681368,3.1727880323234454,55.50334359816769,0.921562,35,1.0,1.0,1.0,0.0,0.0,0.0,0.0,0.0,0.0,0.0,1.0,0.0,0.0,0.0,1.0,0.0,0.0,1.0,0.0,0.0,0.0,0.0,1.0,0.0,1.0,0.0,0.0,1.0,0.0,0.0,0.0,0.0,1.0,1.0,0.0,0.0,1.0,0.0,0.0,1.0,0.0,1.0,0.0,0.0,0.0,0.0,0.0,1.0,0.0,0.0,0.0,0.0,0.0,0.0,1.0,1.0,0.0,0.0,1.0,0.0,0.0,0.0,0.0,0.0
36,Polyimide,Po_0046,Nc1cc2c(-c3ccc(Oc4ccc(-n5c(=O)c6ccc(c(N)c6)c5=O)cc4C(F)(F)F)cc3)cc1c(=O)oc2=O,556.4917066163083,3.1749452572240218,53.88169007807225,0.92135,36,1.0,1.0,1.0,0.0,0.0,0.0,0.0,0.0,0.0,0.0,1.0,0.0,0.0,0.0,1.0,0.0,0.0,1.0,0.0,0.0,0.0,0.0,1.0,0.0,1.0,0.0,0.0,1.0,0.0,0.0,0.0,0.0,1.0,1.0,0.0,0.0,1.0,0.0,0.0,1.0,0.0,1.0,0.0,0.0,0.0,0.0,0.0,1.0,0.0,0.0,0.0,0.0,0.0,0.0,1.0,1.0,0.0,0.0,1.0,0.0,0.0,0.0,0.0,0.0
37,Polyimide,Po_0006,Nc1cc2ccc1c(=O)n(-c1ccc(Oc3ccc(-c4c(S(N)(=O)=O)c5ccc4c(=O)oc5=O)cc3)cc1)c2=O,543.4944607151363,3.180361934166048,54.0847934375486,0.920894,37,1.0,1.0,1.0,0.0,0.0,0.0,0.0,0.0,0.0,0.0,1.0,0.0,0.0,0.0,1.0,0.0,0.0,1.0,0.0,0.0,0.0,0.0,1.0,0.0,1.0,0.0,0.0,1.0,0.0,0.0,0.0,0.0,1.0,1.0,0.0,0.0,1.0,0.0,0.0,1.0,0.0,1.0,0.0,0.0,0.0,0.0,0.0,1.0,0.0,0.0,0.0,0.0,0.0,0.0,1.0,1.0,0.0,0.0,1.0,0.0,0.0,0.0,0.0,0.0
38,Polyimide,Po_0216,COc1c(N)c2ccc1c(=O)n(-c1ccc(Oc3ccc(-c4cc5ccc4c(=O)oc5=O)cc3)c(Br)c1)c2=O,563.6304844825736,3.1869040365582904,56.154524481295326,0.920596,38,1.0,1.0,1.0,0.0,0.0,0.0,0.0,0.0,0.0,0.0,1.0,0.0,0.0,0.0,1.0,0.0,0.0,1.0,0.0,0.0,0.0,0.0,1.0,0.0,1.0,0.0,0.0,1.0,0.0,0.0,0.0,0.0,1.0,1.0,0.0,0.0,1.0,0.0,0.0,1.0,0.0,1.0,0.0,0.0,0.0,0.0,0.0,1.0,0.0,0.0,0.0,0.0,0.0,0.0,1.0,1.0,0.0,0.0,1.0,0.0,0.0,0.0,0.0,0.0
39,Polyimide,Po_0151,COc1c(C#N)c2ccc1c(=O)n(-c1ccc(Oc3ccc(-c4cc5ccc4c(=O)oc5=O)cc3)cc1)c2=O,550.6963557291458,3.185710316354793,56.236042149184875,0.920593,39,1.0,1.0,1.0,0.0,0.0,0.0,0.0,0.0,0.0,0.0,1.0,0.0,0.0,0.0,1.0,0.0,0.0,1.0,0.0,0.0,0.0,0.0,1.0,0.0,1.0,0.0,0.0,1.0,0.0,0.0,0.0,0.0,1.0,1.0,0.0,0.0,1.0,0.0,0.0,1.0,0.0,1.0,0.0,0.0,0.0,0.0,0.0,1.0,0.0,0.0,0.0,0.0,0.0,0.0,1.0,1.0,0.0,0.0,1.0,0.0,0.0,0.0,0.0,0.0
40,Polyimide,Po_0117,COc1cc(Oc2ccc(-c3cc4ccc3c(=O)oc4=O)cc2)ccc1-n1c(=O)c2ccc(c(S(N)(=O)=O)c2)c1=O,593.981633754519,3.1922288545013418,56.225672042224524,0.920367,40,1.0,1.0,1.0,0.0,0.0,0.0,0.0,0.0,0.0,0.0,1.0,0.0,0.0,0.0,1.0,0.0,0.0,1.0,0.0,0.0,0.0,0.0,1.0,0.0,1.0,0.0,0.0,1.0,0.0,0.0,0.0,0.0,1.0,1.0,0.0,0.0,1.0,0.0,0.0,1.0,0.0,1.0,0.0,0.0,0.0,0.0,0.0,1.0,0.0,0.0,0.0,0.0,0.0,0.0,1.0,1.0,0.0,0.0,1.0,0.0,0.0,0.0,0.0,0.0
41,Polyimide,Po_0049,CCc1cc(Oc2ccc(-c3cc4ccc3c(=O)oc4=O)cc2)ccc1-n1c(=O)c2ccc(c(S(N)(=O)=O)c2)c1=O,569.7089898628801,3.1912713212782906,53.79207474371339,0.920336,41,1.0,1.0,1.0,0.0,0.0,0.0,0.0,0.0,0.0,0.0,1.0,0.0,0.0,0.0,1.0,0.0,0.0,1.0,0.0,0.0,0.0,0.0,1.0,0.0,1.0,0.0,0.0,1.0,0.0,0.0,0.0,0.0,1.0,1.0,0.0,0.0,1.0,0.0,0.0,1.0,0.0,1.0,0.0,0.0,0.0,0.0,0.0,1.0,0.0,0.0,0.0,0.0,0.0,0.0,1.0,1.0,0.0,0.0,1.0,0.0,0.0,0.0,0.0,0.0
42,Polyimide,Po_0108,COc1cc(-n2c(=O)c3cc(Br)c(cc3N)c2=O)ccc1Oc1ccc(-c2cc3ccc2c(=O)oc3=O)cc1,577.4817912732063,3.193750020229859,57.09730736674662,0.920206,42,1.0,1.0,1.0,0.0,0.0,0.0,0.0,0.0,0.0,0.0,1.0,0.0,0.0,0.0,1.0,0.0,0.0,1.0,0.0,0.0,0.0,0.0,1.0,0.0,1.0,0.0,0.0,1.0,0.0,0.0,0.0,0.0,1.0,1.0,0.0,0.0,1.0,0.0,0.0,1.0,0.0,1.0,0.0,0.0,0.0,0.0,0.0,1.0,0.0,0.0,0.0,0.0,0.0,0.0,1.0,1.0,0.0,0.0,1.0,0.0,0.0,0.0,0.0,0.0
43,Polyimide,Po_0053,Nc1cc(-n2c(=O)c3cc(Br)c(cc3N)c2=O)ccc1Oc1ccc(-c2cc3ccc2c(=O)oc3=O)cc1,572.7395030680465,3.212056629241549,55.21063142458383,0.918965,43,1.0,1.0,1.0,0.0,0.0,0.0,0.0,0.0,0.0,0.0,1.0,0.0,0.0,0.0,1.0,0.0,0.0,1.0,0.0,0.0,0.0,0.0,1.0,0.0,1.0,0.0,0.0,1.0,0.0,0.0,0.0,0.0,1.0,1.0,0.0,0.0,1.0,0.0,0.0,1.0,0.0,1.0,0.0,0.0,0.0,0.0,0.0,1.0,0.0,0.0,0.0,0.0,0.0,0.0,1.0,1.0,0.0,0.0,1.0,0.0,0.0,0.0,0.0,0.0
44,Polyimide,Po_0207,COc1cc(-n2c(=O)c3cc(Br)c(c(C#N)c3OC)c2=O)ccc1Oc1ccc(-c2cc3ccc2c(=O)oc3=O)cc1,601.4023048512065,3.216948424616036,57.20500125987531,0.91874,44,1.0,1.0,1.0,0.0,0.0,0.0,0.0,0.0,0.0,0.0,1.0,0.0,0.0,0.0,1.0,0.0,0.0,1.0,0.0,0.0,0.0,0.0,1.0,0.0,1.0,0.0,0.0,1.0,0.0,0.0,0.0,0.0,1.0,1.0,0.0,0.0,1.0,0.0,0.0,1.0,0.0,1.0,0.0,0.0,0.0,0.0,0.0,1.0,0.0,0.0,0.0,0.0,0.0,0.0,1.0,1.0,0.0,0.0,1.0,0.0,0.0,0.0,0.0,0.0
45,Polyimide,Po_0018,Nc1cc2c(F)cc1c(=O)n(-c1ccc(Oc3ccc(-c4cc5ccc4c(=O)oc5=O)cc3)cc1)c2=O,591.6679715046987,3.220369328258979,56.93697426913842,0.918484,45,1.0,1.0,1.0,0.0,0.0,0.0,0.0,0.0,0.0,0.0,1.0,0.0,0.0,0.0,1.0,0.0,0.0,1.0,0.0,0.0,0.0,0.0,1.0,0.0,1.0,0.0,0.0,1.0,0.0,0.0,0.0,0.0,1.0,1.0,0.0,0.0,1.0,0.0,0.0,1.0,0.0,1.0,0.0,0.0,0.0,0.0,0.0,1.0,0.0,0.0,0.0,0.0,0.0,0.0,1.0,1.0,0.0,0.0,1.0,0.0,0.0,0.0,0.0,0.0
46,Polyimide,Po_0016,COc1cc2ccc1c(=O)n(-c1ccc(Oc3ccc(-c4cc5ccc4c(=O)oc5=O)cc3)cc1)c2=O,557.2858476531306,3.21934645201368,55.19542223457013,0.918395,46,1.0,1.0,1.0,0.0,0.0,0.0,0.0,0.0,0.0,0.0,1.0,0.0,0.0,0.0,1.0,0.0,0.0,1.0,0.0,0.0,0.0,0.0,1.0,0.0,1.0,0.0,0.0,1.0,0.0,0.0,0.0,0.0,1.0,1.0,0.0,0.0,1.0,0.0,0.0,1.0,0.0,1.0,0.0,0.0,0.0,0.0,0.0,1.0,0.0,0.0,0.0,0.0,0.0,0.0,1.0,1.0,0.0,0.0,1.0,0.0,0.0,0.0,0.0,0.0
47,Polyimide,Po_0075,CCc1c(-n2c(=O)c3ccc(cc3)c2=O)ccc(Oc2ccc(-c3cc4ccc3c(=O)oc4=O)cc2)c1Br,606.6567361271295,3.2245912185304313,55.89494852125532,0.918243,47,1.0,1.0,1.0,0.0,0.0,0.0,0.0,0.0,0.0,0.0,1.0,0.0,0.0,0.0,1.0,0.0,0.0,1.0,0.0,0.0,0.0,0.0,1.0,0.0,1.0,0.0,0.0,1.0,0.0,0.0,0.0,0.0,1.0,1.0,0.0,0.0,1.0,0.0,0.0,1.0,0.0,1.0,0.0,0.0,0.0,0.0,0.0,1.0,0.0,0.0,0.0,0.0,0.0,0.0,1.0,1.0,0.0,0.0,1.0,0.0,0.0,0.0,0.0,0.0
48,Polyimide,Po_0060,Cc1cc(-n2c(=O)c3ccc(cc3)c2=O)ccc1Oc1cc(Br)c(-c2cc3ccc2c(=O)oc3=O)cc1Br,604.6677312781433,3.228027845187499,56.11053595590421,0.918009,48,1.0,1.0,1.0,0.0,0.0,0.0,0.0,0.0,0.0,0.0,1.0,0.0,0.0,0.0,1.0,0.0,0.0,1.0,0.0,0.0,0.0,0.0,1.0,0.0,1.0,0.0,0.0,1.0,0.0,0.0,0.0,0.0,1.0,1.0,0.0,0.0,1.0,0.0,0.0,1.0,0.0,1.0,0.0,0.0,0.0,0.0,0.0,1.0,0.0,0.0,0.0,0.0,0.0,0.0,1.0,1.0,0.0,0.0,1.0,0.0,0.0,0.0,0.0,0.0
49,Polyimide,Po_0027,NS(=O)(=O)c1c(-c2ccc(Oc3ccc(-n4c(=O)c5ccc(cc5)c4=O)cc3)c(Br)c2)c2ccc1c(=O)oc2=O,573.5105268325315,3.2368608951829803,54.70545220995244,0.917315,49,1.0,1.0,1.0,0.0,0.0,0.0,0.0,0.0,0.0,0.0,1.0,0.0,0.0,0.0,1.0,0.0,0.0,1.0,0.0,0.0,0.0,0.0,1.0,0.0,1.0,0.0,0.0,1.0,0.0,0.0,0.0,0.0,1.0,1.0,0.0,0.0,1.0,0.0,0.0,1.0,0.0,1.0,0.0,0.0,0.0,0.0,0.0,1.0,0.0,0.0,0.0,0.0,0.0,0.0,1.0,1.0,0.0,0.0,1.0,0.0,0.0,0.0,0.0,0.0
50,Polyimide,Po_0105,CCc1cc2ccc1c(=O)n(-c1ccc(Oc3ccc(-c4cc5ccc4c(=O)oc5=O)cc3)c(Br)c1N)c2=O,595.6159733143769,3.2386815812542533,55.107420162888324,0.917275,50,1.0,1.0,1.0,0.0,0.0,0.0,0.0,0.0,0.0,0.0,1.0,0.0,0.0,0.0,1.0,0.0,0.0,1.0,0.0,0.0,0.0,0.0,1.0,0.0,1.0,0.0,0.0,1.0,0.0,0.0,0.0,0.0,1.0,1.0,0.0,0.0,1.0,0.0,0.0,1.0,0.0,1.0,0.0,0.0,0.0,0.0,0.0,1.0,0.0,0.0,0.0,0.0,0.0,0.0,1.0,1.0,0.0,0.0,1.0,0.0,0.0,0.0,0.0,0.0
51,Polyimide,Po_0142,Nc1cc(-n2c(=O)c3cc(Br)c(c(F)c3N)c2=O)ccc1Oc1ccc(-c2cc3ccc2c(=O)oc3=O)cc1Br,596.0544391827646,3.252165236645756,56.87408839583759,0.916377,51,1.0,1.0,1.0,0.0,0.0,0.0,0.0,0.0,0.0,0.0,1.0,0.0,0.0,0.0,1.0,0.0,0.0,1.0,0.0,0.0,0.0,0.0,1.0,0.0,1.0,0.0,0.0,1.0,0.0,0.0,0.0,0.0,1.0,1.0,0.0,0.0,1.0,0.0,0.0,1.0,0.0,1.0,0.0,0.0,0.0,0.0,0.0,1.0,0.0,0.0,0.0,0.0,0.0,0.0,1.0,1.0,0.0,0.0,1.0,0.0,0.0,0.0,0.0,0.0
52,Polyimide,Po_0225,COc1cc(-c2cc3ccc2c(=O)oc3=O)cc(C)c1Oc1ccc(-n2c(=O)c3ccc(cc3)c2=O)cc1F,587.1547406599059,3.2586803728084544,55.091340541384625,0.915915,52,1.0,1.0,1.0,0.0,0.0,0.0,0.0,0.0,0.0,0.0,1.0,0.0,0.0,0.0,1.0,0.0,0.0,1.0,0.0,0.0,0.0,0.0,1.0,0.0,1.0,0.0,0.0,1.0,0.0,0.0,0.0,0.0,1.0,1.0,0.0,0.0,1.0,0.0,0.0,1.0,0.0,1.0,0.0,0.0,0.0,0.0,0.0,1.0,0.0,0.0,0.0,0.0,0.0,0.0,1.0,1.0,0.0,0.0,1.0,0.0,0.0,0.0,0.0,0.0
53,Polyimide,Po_0164,Nc1cc2c(Br)cc1c(=O)n(-c1ccc(Oc3ccc(-c4cc5ccc4c(=O)oc5=O)cc3C(F)(F)F)cc1)c2=O,604.417066764676,3.2636317797183874,55.29460267182251,0.915635,53,1.0,1.0,1.0,0.0,0.0,0.0,0.0,0.0,0.0,0.0,1.0,0.0,0.0,0.0,1.0,0.0,0.0,1.0,0.0,0.0,0.0,0.0,1.0,0.0,1.0,0.0,0.0,1.0,0.0,0.0,0.0,0.0,1.0,1.0,0.0,0.0,1.0,0.0,0.0,1.0,0.0,1.0,0.0,0.0,0.0,0.0,0.0,1.0,0.0,0.0,0.0,0.0,0.0,0.0,1.0,1.0,0.0,0.0,1.0,0.0,0.0,0.0,0.0,0.0
54,Polyimide,Po_0199,CCc1cc2ccc1c(=O)n(-c1ccc(Oc3ccc(-c4cc5ccc4c(=O)oc5=O)cc3)cc1N)c2=O,579.9742098480435,3.265799236132059,56.000981658292226,0.915413,54,1.0,1.0,1.0,0.0,0.0,0.0,0.0,0.0,0.0,0.0,1.0,0.0,0.0,0.0,1.0,0.0,0.0,1.0,0.0,0.0,0.0,0.0,1.0,0.0,1.0,0.0,0.0,1.0,0.0,0.0,0.0,0.0,1.0,1.0,0.0,0.0,1.0,0.0,0.0,1.0,0.0,1.0,0.0,0.0,0.0,0.0,0.0,1.0,0.0,0.0,0.0,0.0,0.0,0.0,1.0,1.0,0.0,0.0,1.0,0.0,0.0,0.0,0.0,0.0
55,Polyimide,Po_0106,N#Cc1cc2ccc1c(=O)n(-c1ccc(Oc3c(Br)cc(-c4cc5ccc4c(=O)oc5=O)c(Br)c3F)cc1)c2=O,597.8301415625336,3.270889842480716,55.98915800957188,0.915134,55,1.0,1.0,1.0,0.0,0.0,0.0,0.0,0.0,0.0,0.0,1.0,0.0,0.0,0.0,1.0,0.0,0.0,1.0,0.0,0.0,0.0,0.0,1.0,0.0,1.0,0.0,0.0,1.0,0.0,0.0,0.0,0.0,1.0,1.0,0.0,0.0,1.0,0.0,0.0,1.0,0.0,1.0,0.0,0.0,0.0,0.0,0.0,1.0,0.0,0.0,0.0,0.0,0.0,0.0,1.0,1.0,0.0,0.0,1.0,0.0,0.0,0.0,0.0,0.0
56,Polyimide,Po_0196,Cc1cc(Oc2cc(Br)c(-c3cc4ccc3c(=O)oc4=O)cc2Br)ccc1-n1c(=O)c2ccc(cc2)c1=O,611.9479261965487,3.274032198711174,55.51247271455717,0.914959,56,1.0,1.0,1.0,0.0,0.0,0.0,0.0,0.0,0.0,0.0,1.0,0.0,0.0,0.0,1.0,0.0,0.0,1.0,0.0,0.0,0.0,0.0,1.0,0.0,1.0,0.0,0.0,1.0,0.0,0.0,0.0,0.0,1.0,1.0,0.0,0.0,1.0,0.0,0.0,1.0,0.0,1.0,0.0,0.0,0.0,0.0,0.0,1.0,0.0,0.0,0.0,0.0,0.0,0.0,1.0,1.0,0.0,0.0,1.0,0.0,0.0,0.0,0.0,0.0
57,Polyimide,Po_0065,N#Cc1cc(Oc2ccc(-n3c(=O)c4ccc(c(F)c4)c3=O)cc2)ccc1-c1cc2ccc1c(=O)oc2=O,548.9362568278409,3.2709208567001147,55.54533696365356,0.9149,57,1.0,1.0,1.0,0.0,0.0,0.0,0.0,0.0,0.0,0.0,1.0,0.0,0.0,0.0,1.0,0.0,0.0,1.0,0.0,0.0,0.0,0.0,1.0,0.0,1.0,0.0,0.0,1.0,0.0,0.0,0.0,0.0,1.0,1.0,0.0,0.0,1.0,0.0,0.0,1.0,0.0,1.0,0.0,0.0,0.0,0.0,0.0,1.0,0.0,0.0,0.0,0.0,0.0,0.0,1.0,1.0,0.0,0.0,1.0,0.0,0.0,0.0,0.0,0.0
58,Polyimide,Po_0070,NS(=O)(=O)c1cc2c(-c3ccc(Oc4ccc(-n5c(=O)c6ccc(cc6)c5=O)cc4)c(Br)c3)cc1c(=O)oc2=O,559.4628443847755,3.275880799265577,55.42467439812789,0.91464,58,1.0,1.0,1.0,0.0,0.0,0.0,0.0,0.0,0.0,0.0,1.0,0.0,0.0,0.0,1.0,0.0,0.0,1.0,0.0,0.0,0.0,0.0,1.0,0.0,1.0,0.0,0.0,1.0,0.0,0.0,0.0,0.0,1.0,1.0,0.0,0.0,1.0,0.0,0.0,1.0,0.0,1.0,0.0,0.0,0.0,0.0,0.0,1.0,0.0,0.0,0.0,0.0,0.0,0.0,1.0,1.0,0.0,0.0,1.0,0.0,0.0,0.0,0.0,0.0
59,Polyimide,Po_0165,CCc1cc(-c2cc3c(N)cc2c(=O)oc3=O)ccc1Oc1ccc(-n2c(=O)c3ccc(c(N)c3)c2=O)cc1,580.9806635824668,3.277800246035719,57.132853147870804,0.914617,59,1.0,1.0,1.0,0.0,0.0,0.0,0.0,0.0,0.0,0.0,1.0,0.0,0.0,0.0,1.0,0.0,0.0,1.0,0.0,0.0,0.0,0.0,1.0,0.0,1.0,0.0,0.0,1.0,0.0,0.0,0.0,0.0,1.0,1.0,0.0,0.0,1.0,0.0,0.0,1.0,0.0,1.0,0.0,0.0,0.0,0.0,0.0,1.0,0.0,0.0,0.0,0.0,0.0,0.0,1.0,1.0,0.0,0.0,1.0,0.0,0.0,0.0,0.0,0.0
60,Polyimide,Po_0125,Nc1c(Br)c(Oc2ccc(-c3cc4ccc3c(=O)oc4=O)cc2)cc(S(N)(=O)=O)c1-n1c(=O)c2ccc(c(S(N)(=O)=O)c2)c1=O,569.2176242665813,3.283648574084715,56.9519643698854,0.914175,60,1.0,1.0,1.0,0.0,0.0,0.0,0.0,0.0,0.0,0.0,1.0,0.0,0.0,0.0,1.0,0.0,0.0,1.0,0.0,0.0,0.0,0.0,1.0,0.0,1.0,0.0,0.0,1.0,0.0,0.0,0.0,0.0,1.0,1.0,0.0,0.0,1.0,0.0,0.0,1.0,0.0,1.0,0.0,0.0,0.0,0.0,0.0,1.0,0.0,0.0,0.0,0.0,0.0,0.0,1.0,1.0,0.0,0.0,1.0,0.0,0.0,0.0,0.0,0.0
61,Polyimide,Po_0176,CCc1cc(Oc2ccc(-n3c(=O)c4ccc(c(C#N)c4)c3=O)cc2)c(Br)cc1-c1cc2ccc1c(=O)oc2=O,565.2578800204025,3.284254916542658,53.587713567908324,0.914114,61,1.0,1.0,1.0,0.0,0.0,0.0,0.0,0.0,0.0,0.0,1.0,0.0,0.0,0.0,1.0,0.0,0.0,1.0,0.0,0.0,0.0,0.0,1.0,0.0,1.0,0.0,0.0,1.0,0.0,0.0,0.0,0.0,1.0,1.0,0.0,0.0,1.0,0.0,0.0,1.0,0.0,1.0,0.0,0.0,0.0,0.0,0.0,1.0,0.0,0.0,0.0,0.0,0.0,0.0,1.0,1.0,0.0,0.0,1.0,0.0,0.0,0.0,0.0,0.0
62,Polyimide,Po_0188,O=c1oc(=O)c2ccc1cc2-c1cc(Br)c(Oc2ccc(-n3c(=O)c4ccc(cc4)c3=O)c(Cl)c2)c(Br)c1,570.9145229945389,3.2871586858766055,55.186191880735855,0.913949,62,1.0,1.0,1.0,0.0,0.0,0.0,0.0,0.0,0.0,0.0,1.0,0.0,0.0,0.0,1.0,0.0,0.0,1.0,0.0,0.0,0.0,0.0,1.0,0.0,1.0,0.0,0.0,1.0,0.0,0.0,0.0,0.0,1.0,1.0,0.0,0.0,1.0,0.0,0.0,1.0,0.0,1.0,0.0,0.0,0.0,0.0,0.0,1.0,0.0,0.0,0.0,0.0,0.0,0.0,1.0,1.0,0.0,0.0,1.0,0.0,0.0,0.0,0.0,0.0
63,Polyimide,Po_0124,COc1cc(Oc2ccc(-c3cc4ccc3c(=O)oc4=O)cc2)ccc1-n1c(=O)c2cc(C)c(c(OC)c2)c1=O,576.1075659248163,3.287704226235748,55.893867805708666,0.913937,63,1.0,1.0,1.0,0.0,0.0,0.0,0.0,0.0,0.0,0.0,1.0,0.0,0.0,0.0,1.0,0.0,0.0,1.0,0.0,0.0,0.0,0.0,1.0,0.0,1.0,0.0,0.0,1.0,0.0,0.0,0.0,0.0,1.0,1.0,0.0,0.0,1.0,0.0,0.0,1.0,0.0,1.0,0.0,0.0,0.0,0.0,0.0,1.0,0.0,0.0,0.0,0.0,0.0,0.0,1.0,1.0,0.0,0.0,1.0,0.0,0.0,0.0,0.0,0.0
64,Polyimide,Po_0029,Cc1cc(Oc2ccc(-c3cc4ccc3c(=O)oc4=O)cc2)cc(C(F)(F)F)c1-n1c(=O)c2cc(N)c(c(C(F)(F)F)c2)c1=O,577.6679909508482,3.294144577448577,54.682453326148774,0.913514,64,1.0,1.0,1.0,0.0,0.0,0.0,0.0,0.0,0.0,0.0,1.0,0.0,0.0,0.0,1.0,0.0,0.0,1.0,0.0,0.0,0.0,0.0,1.0,0.0,1.0,0.0,0.0,1.0,0.0,0.0,0.0,0.0,1.0,1.0,0.0,0.0,1.0,0.0,0.0,1.0,0.0,1.0,0.0,0.0,0.0,0.0,0.0,1.0,0.0,0.0,0.0,0.0,0.0,0.0,1.0,1.0,0.0,0.0,1.0,0.0,0.0,0.0,0.0,0.0
65,Polyimide,Po_0143,Nc1c(Cl)c2c(-c3ccc(Oc4ccc(-n5c(=O)c6cc(N)c(c(Cl)c6)c5=O)cc4)cc3)cc1c(=O)oc2=O,599.8591351789435,3.2955092559979646,55.91636710417952,0.913498,65,1.0,1.0,1.0,0.0,0.0,0.0,0.0,0.0,0.0,0.0,1.0,0.0,0.0,0.0,1.0,0.0,0.0,1.0,0.0,0.0,0.0,0.0,1.0,0.0,1.0,0.0,0.0,1.0,0.0,0.0,0.0,0.0,1.0,1.0,0.0,0.0,1.0,0.0,0.0,1.0,0.0,1.0,0.0,0.0,0.0,0.0,0.0,1.0,0.0,0.0,0.0,0.0,0.0,0.0,1.0,1.0,0.0,0.0,1.0,0.0,0.0,0.0,0.0,0.0
66,Polyimide,Po_0129,O=c1oc(=O)c2ccc1cc2-c1c(Br)c(F)c(Oc2ccc(-n3c(=O)c4ccc(c(F)c4)c3=O)cc2)c(Br)c1Br,573.0683527799313,3.301288455465972,56.82062156834809,0.913018,66,1.0,1.0,1.0,0.0,0.0,0.0,0.0,0.0,0.0,0.0,1.0,0.0,0.0,0.0,1.0,0.0,0.0,1.0,0.0,0.0,0.0,0.0,1.0,0.0,1.0,0.0,0.0,1.0,0.0,0.0,0.0,0.0,1.0,1.0,0.0,0.0,1.0,0.0,0.0,1.0,0.0,1.0,0.0,0.0,0.0,0.0,0.0,1.0,0.0,0.0,0.0,0.0,0.0,0.0,1.0,1.0,0.0,0.0,1.0,0.0,0.0,0.0,0.0,0.0
67,Polyimide,Po_0090,COc1cc(Oc2ccc(-c3cc4ccc3c(=O)oc4=O)cc2)ccc1-n1c(=O)c2ccc(c(Br)c2)c1=O,605.8679353605492,3.303975571387484,54.65497402056485,0.912949,67,1.0,1.0,1.0,0.0,0.0,0.0,0.0,0.0,0.0,0.0,1.0,0.0,0.0,0.0,1.0,0.0,0.0,1.0,0.0,0.0,0.0,0.0,1.0,0.0,1.0,0.0,0.0,1.0,0.0,0.0,0.0,0.0,1.0,1.0,0.0,0.0,1.0,0.0,0.0,1.0,0.0,1.0,0.0,0.0,0.0,0.0,0.0,1.0,0.0,0.0,0.0,0.0,0.0,0.0,1.0,1.0,0.0,0.0,1.0,0.0,0.0,0.0,0.0,0.0
68,Polyimide,Po_0120,O=c1oc(=O)c2ccc1cc2-c1ccc(Oc2ccc(-n3c(=O)c4ccc(c(F)c4)c3=O)cc2)c(Cl)c1,587.0266440568798,3.309893400964346,57.20670047269999,0.9125,68,1.0,1.0,1.0,0.0,0.0,0.0,0.0,0.0,0.0,0.0,1.0,0.0,0.0,0.0,1.0,0.0,0.0,1.0,0.0,0.0,0.0,0.0,1.0,0.0,1.0,0.0,0.0,1.0,0.0,0.0,0.0,0.0,1.0,1.0,0.0,0.0,1.0,0.0,0.0,1.0,0.0,1.0,0.0,0.0,0.0,0.0,0.0,1.0,0.0,0.0,0.0,0.0,0.0,0.0,1.0,1.0,0.0,0.0,1.0,0.0,0.0,0.0,0.0,0.0
69,Polyimide,Po_0034,Nc1cc(Oc2ccc(-c3cc4ccc3c(=O)oc4=O)cc2)ccc1-n1c(=O)c2cc(Br)c(cc2N)c1=O,586.6746867727084,3.3173080704639517,56.21212355358438,0.912004,69,1.0,1.0,1.0,0.0,0.0,0.0,0.0,0.0,0.0,0.0,1.0,0.0,0.0,0.0,1.0,0.0,0.0,1.0,0.0,0.0,0.0,0.0,1.0,0.0,1.0,0.0,0.0,1.0,0.0,0.0,0.0,0.0,1.0,1.0,0.0,0.0,1.0,0.0,0.0,1.0,0.0,1.0,0.0,0.0,0.0,0.0,0.0,1.0,0.0,0.0,0.0,0.0,0.0,0.0,1.0,1.0,0.0,0.0,1.0,0.0,0.0,0.0,0.0,0.0
70,Polyimide,Po_0180,Cc1c(N)c2ccc1c(=O)n(-c1ccc(Oc3ccc(-c4cc5ccc4c(=O)oc5=O)cc3)cc1F)c2=O,600.1312428633687,3.318771602547069,57.125589295265456,0.911948,70,1.0,1.0,1.0,0.0,0.0,0.0,0.0,0.0,0.0,0.0,1.0,0.0,0.0,0.0,1.0,0.0,0.0,1.0,0.0,0.0,0.0,0.0,1.0,0.0,1.0,0.0,0.0,1.0,0.0,0.0,0.0,0.0,1.0,1.0,0.0,0.0,1.0,0.0,0.0,1.0,0.0,1.0,0.0,0.0,0.0,0.0,0.0,1.0,0.0,0.0,0.0,0.0,0.0,0.0,1.0,1.0,0.0,0.0,1.0,0.0,0.0,0.0,0.0,0.0
71,Polyimide,Po_0158,COc1cc(-c2cc3ccc2c(=O)oc3=O)ccc1Oc1ccc(-n2c(=O)c3cc(C)c(c(OC)c3C(F)(F)F)c2=O)cc1,595.8777141938331,3.32071994325181,55.401391637720245,0.911806,71,1.0,1.0,1.0,0.0,0.0,0.0,0.0,0.0,0.0,0.0,1.0,0.0,0.0,0.0,1.0,0.0,0.0,1.0,0.0,0.0,0.0,0.0,1.0,0.0,1.0,0.0,0.0,1.0,0.0,0.0,0.0,0.0,1.0,1.0,0.0,0.0,1.0,0.0,0.0,1.0,0.0,1.0,0.0,0.0,0.0,0.0,0.0,1.0,0.0,0.0,0.0,0.0,0.0,0.0,1.0,1.0,0.0,0.0,1.0,0.0,0.0,0.0,0.0,0.0
72,Polyimide,Po_0227,NS(=O)(=O)c1cc(-n2c(=O)c3ccc(cc3)c2=O)cc(S(N)(=O)=O)c1Oc1ccc(-c2cc3ccc2c(=O)oc3=O)cc1Br,568.5480836044605,3.3208087501105292,55.9032425778051,0.911695,72,1.0,1.0,1.0,0.0,0.0,0.0,0.0,0.0,0.0,0.0,1.0,0.0,0.0,0.0,1.0,0.0,0.0,1.0,0.0,0.0,0.0,0.0,1.0,0.0,1.0,0.0,0.0,1.0,0.0,0.0,0.0,0.0,1.0,1.0,0.0,0.0,1.0,0.0,0.0,1.0,0.0,1.0,0.0,0.0,0.0,0.0,0.0,1.0,0.0,0.0,0.0,0.0,0.0,0.0,1.0,1.0,0.0,0.0,1.0,0.0,0.0,0.0,0.0,0.0
73,Polyimide,Po_0100,COc1cc2ccc1c(=O)n(-c1ccc(Oc3ccc(-c4cc5ccc4c(=O)oc5=O)cc3)cc1N)c2=O,633.4754787473054,3.328886254200826,56.01901292145625,0.911339,73,1.0,1.0,1.0,0.0,0.0,0.0,0.0,0.0,0.0,0.0,1.0,0.0,0.0,0.0,1.0,0.0,0.0,1.0,0.0,0.0,0.0,0.0,1.0,0.0,1.0,0.0,0.0,1.0,0.0,0.0,0.0,0.0,1.0,1.0,0.0,0.0,1.0,0.0,0.0,1.0,0.0,1.0,0.0,0.0,0.0,0.0,0.0,1.0,0.0,0.0,0.0,0.0,0.0,0.0,1.0,1.0,0.0,0.0,1.0,0.0,0.0,0.0,0.0,0.0
74,Polyimide,Po_0062,COc1cc(-c2cc3ccc2c(=O)oc3=O)ccc1Oc1ccc(-n2c(=O)c3cc(Br)c(cc3N)c2=O)cc1,606.9941635042488,3.329661510683368,56.06945723226677,0.911239,74,1.0,1.0,1.0,0.0,0.0,0.0,0.0,0.0,0.0,0.0,1.0,0.0,0.0,0.0,1.0,0.0,0.0,1.0,0.0,0.0,0.0,0.0,1.0,0.0,1.0,0.0,0.0,1.0,0.0,0.0,0.0,0.0,1.0,1.0,0.0,0.0,1.0,0.0,0.0,1.0,0.0,1.0,0.0,0.0,0.0,0.0,0.0,1.0,0.0,0.0,0.0,0.0,0.0,0.0,1.0,1.0,0.0,0.0,1.0,0.0,0.0,0.0,0.0,0.0
75,Polyimide,Po_0197,COc1cc(-n2c(=O)c3cc(N)c(c(F)c3Br)c2=O)ccc1Oc1ccc(-c2cc3ccc2c(=O)oc3=O)cc1,587.7214716872475,3.3327728410704704,55.66684023671281,0.910977,75,1.0,1.0,1.0,0.0,0.0,0.0,0.0,0.0,0.0,0.0,1.0,0.0,0.0,0.0,1.0,0.0,0.0,1.0,0.0,0.0,0.0,0.0,1.0,0.0,1.0,0.0,0.0,1.0,0.0,0.0,0.0,0.0,1.0,1.0,0.0,0.0,1.0,0.0,0.0,1.0,0.0,1.0,0.0,0.0,0.0,0.0,0.0,1.0,0.0,0.0,0.0,0.0,0.0,0.0,1.0,1.0,0.0,0.0,1.0,0.0,0.0,0.0,0.0,0.0
76,Polyimide,Po_0147,Nc1cc2ccc1c(=O)n(-c1ccc(Oc3ccc(-c4cc5ccc4c(=O)oc5=O)cc3Br)c(S(N)(=O)=O)c1)c2=O,581.3049117802722,3.335001038372061,56.52899206211817,0.910805,76,1.0,1.0,1.0,0.0,0.0,0.0,0.0,0.0,0.0,0.0,1.0,0.0,0.0,0.0,1.0,0.0,0.0,1.0,0.0,0.0,0.0,0.0,1.0,0.0,1.0,0.0,0.0,1.0,0.0,0.0,0.0,0.0,1.0,1.0,0.0,0.0,1.0,0.0,0.0,1.0,0.0,1.0,0.0,0.0,0.0,0.0,0.0,1.0,0.0,0.0,0.0,0.0,0.0,0.0,1.0,1.0,0.0,0.0,1.0,0.0,0.0,0.0,0.0,0.0
77,Polyimide,Po_0101,Nc1cc(Oc2ccc(-n3c(=O)c4cc(Br)c(c(Br)c4N)c3=O)cc2)ccc1-c1cc2ccc1c(=O)oc2=O,613.1729028027411,3.3377054019175336,56.11086417548862,0.910717,77,1.0,1.0,1.0,0.0,0.0,0.0,0.0,0.0,0.0,0.0,1.0,0.0,0.0,0.0,1.0,0.0,0.0,1.0,0.0,0.0,0.0,0.0,1.0,0.0,1.0,0.0,0.0,1.0,0.0,0.0,0.0,0.0,1.0,1.0,0.0,0.0,1.0,0.0,0.0,1.0,0.0,1.0,0.0,0.0,0.0,0.0,0.0,1.0,0.0,0.0,0.0,0.0,0.0,0.0,1.0,1.0,0.0,0.0,1.0,0.0,0.0,0.0,0.0,0.0
78,Polyimide,Po_0156,N#Cc1cc(Oc2ccc(-c3cc4ccc3c(=O)oc4=O)cc2)cc(N)c1-n1c(=O)c2cc(Br)c(cc2N)c1=O,588.6857041184888,3.3370530681936534,56.34663725151715,0.910695,78,1.0,1.0,1.0,0.0,0.0,0.0,0.0,0.0,0.0,0.0,1.0,0.0,0.0,0.0,1.0,0.0,0.0,1.0,0.0,0.0,0.0,0.0,1.0,0.0,1.0,0.0,0.0,1.0,0.0,0.0,0.0,0.0,1.0,1.0,0.0,0.0,1.0,0.0,0.0,1.0,0.0,1.0,0.0,0.0,0.0,0.0,0.0,1.0,0.0,0.0,0.0,0.0,0.0,0.0,1.0,1.0,0.0,0.0,1.0,0.0,0.0,0.0,0.0,0.0
79,Polyimide,Po_0170,CCc1c(N)c2cc(-c3ccc(Oc4ccc(-n5c(=O)c6ccc(c(N)c6N)c5=O)cc4)cc3)c1c(=O)oc2=O,627.9565187495057,3.3406144876401824,57.40285462741978,0.910549,79,1.0,1.0,1.0,0.0,0.0,0.0,0.0,0.0,0.0,0.0,1.0,0.0,0.0,0.0,1.0,0.0,0.0,1.0,0.0,0.0,0.0,0.0,1.0,0.0,1.0,0.0,0.0,1.0,0.0,0.0,0.0,0.0,1.0,1.0,0.0,0.0,1.0,0.0,0.0,1.0,0.0,1.0,0.0,0.0,0.0,0.0,0.0,1.0,0.0,0.0,0.0,0.0,0.0,0.0,1.0,1.0,0.0,0.0,1.0,0.0,0.0,0.0,0.0,0.0
80,Polyimide,Po_0171,CCc1c(N)c2c(C(F)(F)F)c(Br)c1c(=O)n(-c1ccc(Oc3ccc(-c4cc5ccc4c(=O)oc5=O)cc3)cc1)c2=O,589.1345420268351,3.347147850310897,57.3625370946383,0.910023,80,1.0,1.0,1.0,0.0,0.0,0.0,0.0,0.0,0.0,0.0,1.0,0.0,0.0,0.0,1.0,0.0,0.0,1.0,0.0,0.0,0.0,0.0,1.0,0.0,1.0,0.0,0.0,1.0,0.0,0.0,0.0,0.0,1.0,1.0,0.0,0.0,1.0,0.0,0.0,1.0,0.0,1.0,0.0,0.0,0.0,0.0,0.0,1.0,0.0,0.0,0.0,0.0,0.0,0.0,1.0,1.0,0.0,0.0,1.0,0.0,0.0,0.0,0.0,0.0
81,Polyimide,Po_0111,Nc1cc(Oc2ccc(-c3cc4ccc3c(=O)oc4=O)cc2)ccc1-n1c(=O)c2ccc(c(C(F)(F)F)c2)c1=O,545.0259085499089,3.3489581329435003,55.509619313559256,0.909667,81,1.0,1.0,1.0,0.0,0.0,0.0,0.0,0.0,0.0,0.0,1.0,0.0,0.0,0.0,1.0,0.0,0.0,1.0,0.0,0.0,0.0,0.0,1.0,0.0,1.0,0.0,0.0,1.0,0.0,0.0,0.0,0.0,1.0,1.0,0.0,0.0,1.0,0.0,0.0,1.0,0.0,1.0,0.0,0.0,0.0,0.0,0.0,1.0,0.0,0.0,0.0,0.0,0.0,0.0,1.0,1.0,0.0,0.0,1.0,0.0,0.0,0.0,0.0,0.0
82,Polybenzoxazole,Po_0165,Nc1cc(-c2nc3cc(-c4nc5ccccc5o4)ccc3o2)c(Cl)cc1C(F)(F)F,721.9131878183789,2.0438920337432718,33.436488833146946,0.909549,82,,,,,,,,,,,,,,,,,,,,,,,,,,,,,,,,,,,,,,,,,,,,,,,,,,,,,,,,,,,,,,,,
83,Polyimide,Po_0095,Nc1cc2ccc1c(=O)n(-c1ccc(Oc3ccc(-c4c(Cl)c5ccc4c(=O)oc5=O)cc3)cc1)c2=O,607.6289417902302,3.3560556285666516,54.73200080887291,0.909481,83,1.0,1.0,1.0,0.0,0.0,0.0,0.0,0.0,0.0,0.0,1.0,0.0,0.0,0.0,1.0,0.0,0.0,1.0,0.0,0.0,0.0,0.0,1.0,0.0,1.0,0.0,0.0,1.0,0.0,0.0,0.0,0.0,1.0,1.0,0.0,0.0,1.0,0.0,0.0,1.0,0.0,1.0,0.0,0.0,0.0,0.0,0.0,1.0,0.0,0.0,0.0,0.0,0.0,0.0,1.0,1.0,0.0,0.0,1.0,0.0,0.0,0.0,0.0,0.0
84,Polyimide,Po_0013,CCc1cc(Oc2ccc(-c3cc4ccc3c(=O)oc4=O)cc2)ccc1-n1c(=O)c2ccc(cc2)c1=O,566.7143757395888,3.357537498003451,55.788140445923645,0.909237,84,1.0,1.0,1.0,0.0,0.0,0.0,0.0,0.0,0.0,0.0,1.0,0.0,0.0,0.0,1.0,0.0,0.0,1.0,0.0,0.0,0.0,0.0,1.0,0.0,1.0,0.0,0.0,1.0,0.0,0.0,0.0,0.0,1.0,1.0,0.0,0.0,1.0,0.0,0.0,1.0,0.0,1.0,0.0,0.0,0.0,0.0,0.0,1.0,0.0,0.0,0.0,0.0,0.0,0.0,1.0,1.0,0.0,0.0,1.0,0.0,0.0,0.0,0.0,0.0
85,Polybenzoxazole,Po_0215,CCc1cc(F)cc(-c2nc3cc(-c4nc5ccccc5o4)ccc3o2)c1CC,753.383332355299,2.3631094710018044,35.00723247342185,0.909216,85,,,,,,,,,,,,,,,,,,,,,,,,,,,,,,,,,,,,,,,,,,,,,,,,,,,,,,,,,,,,,,,,
86,Polyimide,Po_0015,Nc1c(-n2c(=O)c3ccc(cc3)c2=O)ccc(Oc2ccc(-c3cc4ccc3c(=O)oc4=O)cc2)c1Br,624.5500674388719,3.361076670472319,56.99029423930409,0.909179,86,1.0,1.0,1.0,0.0,0.0,0.0,0.0,0.0,0.0,0.0,1.0,0.0,0.0,0.0,1.0,0.0,0.0,1.0,0.0,0.0,0.0,0.0,1.0,0.0,1.0,0.0,0.0,1.0,0.0,0.0,0.0,0.0,1.0,1.0,0.0,0.0,1.0,0.0,0.0,1.0,0.0,1.0,0.0,0.0,0.0,0.0,0.0,1.0,0.0,0.0,0.0,0.0,0.0,0.0,1.0,1.0,0.0,0.0,1.0,0.0,0.0,0.0,0.0,0.0
87,Polyimide,Po_0240,Cc1c(Br)c2c(N)c(N)c1c(=O)n(-c1c(N)cc(Oc3ccc(-c4cc5ccc4c(=O)oc5=O)cc3)cc1Br)c2=O,568.7107685931516,3.35995173035244,54.63667692808985,0.909086,87,1.0,1.0,1.0,0.0,0.0,0.0,0.0,0.0,0.0,0.0,1.0,0.0,0.0,0.0,1.0,0.0,0.0,1.0,0.0,0.0,0.0,0.0,1.0,0.0,1.0,0.0,0.0,1.0,0.0,0.0,0.0,0.0,1.0,1.0,0.0,0.0,1.0,0.0,0.0,1.0,0.0,1.0,0.0,0.0,0.0,0.0,0.0,1.0,0.0,0.0,0.0,0.0,0.0,0.0,1.0,1.0,0.0,0.0,1.0,0.0,0.0,0.0,0.0,0.0
88,Polyimide,Po_0110,O=c1oc(=O)c2ccc1cc2-c1ccc(Oc2ccc(-n3c(=O)c4ccc(cc4)c3=O)cc2C(F)(F)F)c(Br)c1,574.7267605476836,3.3617001663706323,55.410096229472,0.908998,88,1.0,1.0,1.0,0.0,0.0,0.0,0.0,0.0,0.0,0.0,1.0,0.0,0.0,0.0,1.0,0.0,0.0,1.0,0.0,0.0,0.0,0.0,1.0,0.0,1.0,0.0,0.0,1.0,0.0,0.0,0.0,0.0,1.0,1.0,0.0,0.0,1.0,0.0,0.0,1.0,0.0,1.0,0.0,0.0,0.0,0.0,0.0,1.0,0.0,0.0,0.0,0.0,0.0,0.0,1.0,1.0,0.0,0.0,1.0,0.0,0.0,0.0,0.0,0.0
89,Polyimide,Po_0044,CCc1cc(Oc2ccc(-n3c(=O)c4cc(F)c(cc4N)c3=O)cc2)ccc1-c1cc2ccc1c(=O)oc2=O,602.3231886983338,3.3634221953038104,55.16313368753338,0.908977,89,1.0,1.0,1.0,0.0,0.0,0.0,0.0,0.0,0.0,0.0,1.0,0.0,0.0,0.0,1.0,0.0,0.0,1.0,0.0,0.0,0.0,0.0,1.0,0.0,1.0,0.0,0.0,1.0,0.0,0.0,0.0,0.0,1.0,1.0,0.0,0.0,1.0,0.0,0.0,1.0,0.0,1.0,0.0,0.0,0.0,0.0,0.0,1.0,0.0,0.0,0.0,0.0,0.0,0.0,1.0,1.0,0.0,0.0,1.0,0.0,0.0,0.0,0.0,0.0
90,Polyimide,Po_0097,Nc1c(Br)c(Oc2ccc(-c3cc4ccc3c(=O)oc4=O)cc2)cc(Cl)c1-n1c(=O)c2ccc(c(F)c2)c1=O,581.4726249891759,3.3639911165690477,55.42417051410057,0.908873,90,1.0,1.0,1.0,0.0,0.0,0.0,0.0,0.0,0.0,0.0,1.0,0.0,0.0,0.0,1.0,0.0,0.0,1.0,0.0,0.0,0.0,0.0,1.0,0.0,1.0,0.0,0.0,1.0,0.0,0.0,0.0,0.0,1.0,1.0,0.0,0.0,1.0,0.0,0.0,1.0,0.0,1.0,0.0,0.0,0.0,0.0,0.0,1.0,0.0,0.0,0.0,0.0,0.0,0.0,1.0,1.0,0.0,0.0,1.0,0.0,0.0,0.0,0.0,0.0
91,Polyimide,Po_0181,COc1cc(Oc2ccc(-c3cc4ccc3c(=O)oc4=O)cc2)cc(Cl)c1-n1c(=O)c2ccc(c(S(N)(=O)=O)c2)c1=O,568.358535817794,3.366286321810741,56.760830290568535,0.908662,91,1.0,1.0,1.0,0.0,0.0,0.0,0.0,0.0,0.0,0.0,1.0,0.0,0.0,0.0,1.0,0.0,0.0,1.0,0.0,0.0,0.0,0.0,1.0,0.0,1.0,0.0,0.0,1.0,0.0,0.0,0.0,0.0,1.0,1.0,0.0,0.0,1.0,0.0,0.0,1.0,0.0,1.0,0.0,0.0,0.0,0.0,0.0,1.0,0.0,0.0,0.0,0.0,0.0,0.0,1.0,1.0,0.0,0.0,1.0,0.0,0.0,0.0,0.0,0.0
92,Polyimide,Po_0038,O=c1oc(=O)c2ccc1cc2-c1cc(Br)c(Oc2ccc(-n3c(=O)c4ccc(cc4)c3=O)cc2C(F)(F)F)cc1Br,593.2902475216538,3.3678289359914295,55.627639014545714,0.908658,92,1.0,1.0,1.0,0.0,0.0,0.0,0.0,0.0,0.0,0.0,1.0,0.0,0.0,0.0,1.0,0.0,0.0,1.0,0.0,0.0,0.0,0.0,1.0,0.0,1.0,0.0,0.0,1.0,0.0,0.0,0.0,0.0,1.0,1.0,0.0,0.0,1.0,0.0,0.0,1.0,0.0,1.0,0.0,0.0,0.0,0.0,0.0,1.0,0.0,0.0,0.0,0.0,0.0,0.0,1.0,1.0,0.0,0.0,1.0,0.0,0.0,0.0,0.0,0.0
93,Polyimide,Po_0228,Nc1cc(-n2c(=O)c3cc(N)c(c(N)c3F)c2=O)ccc1Oc1ccc(-c2cc3ccc2c(=O)oc3=O)cc1Br,545.392017107658,3.3646519801948163,55.159898304692504,0.908624,93,1.0,1.0,1.0,0.0,0.0,0.0,0.0,0.0,0.0,0.0,1.0,0.0,0.0,0.0,1.0,0.0,0.0,1.0,0.0,0.0,0.0,0.0,1.0,0.0,1.0,0.0,0.0,1.0,0.0,0.0,0.0,0.0,1.0,1.0,0.0,0.0,1.0,0.0,0.0,1.0,0.0,1.0,0.0,0.0,0.0,0.0,0.0,1.0,0.0,0.0,0.0,0.0,0.0,0.0,1.0,1.0,0.0,0.0,1.0,0.0,0.0,0.0,0.0,0.0
94,Polyimide,Po_0220,Nc1cc2ccc1c(=O)n(-c1cc(Br)c(Oc3ccc(-c4cc5ccc4c(=O)oc5=O)cc3)cc1Cl)c2=O,589.5692146141384,3.3755969035494586,55.08233020348371,0.908128,94,1.0,1.0,1.0,0.0,0.0,0.0,0.0,0.0,0.0,0.0,1.0,0.0,0.0,0.0,1.0,0.0,0.0,1.0,0.0,0.0,0.0,0.0,1.0,0.0,1.0,0.0,0.0,1.0,0.0,0.0,0.0,0.0,1.0,1.0,0.0,0.0,1.0,0.0,0.0,1.0,0.0,1.0,0.0,0.0,0.0,0.0,0.0,1.0,0.0,0.0,0.0,0.0,0.0,0.0,1.0,1.0,0.0,0.0,1.0,0.0,0.0,0.0,0.0,0.0
95,Polyimide,Po_0009,Nc1cc(-n2c(=O)c3ccc(c(N)c3)c2=O)c(C(F)(F)F)cc1Oc1ccc(-c2cc3ccc2c(=O)oc3=O)cc1,550.3287111362035,3.375083575907295,54.38020292807741,0.907966,95,1.0,1.0,1.0,0.0,0.0,0.0,0.0,0.0,0.0,0.0,1.0,0.0,0.0,0.0,1.0,0.0,0.0,1.0,0.0,0.0,0.0,0.0,1.0,0.0,1.0,0.0,0.0,1.0,0.0,0.0,0.0,0.0,1.0,1.0,0.0,0.0,1.0,0.0,0.0,1.0,0.0,1.0,0.0,0.0,0.0,0.0,0.0,1.0,0.0,0.0,0.0,0.0,0.0,0.0,1.0,1.0,0.0,0.0,1.0,0.0,0.0,0.0,0.0,0.0
96,Polyimide,Po_0008,COc1cc(Oc2ccc(-n3c(=O)c4ccc(cc4)c3=O)cc2)cc(C#N)c1-c1cc2ccc1c(=O)oc2=O,589.4360521281468,3.3824770316882504,56.30121467418656,0.907669,96,1.0,1.0,1.0,0.0,0.0,0.0,0.0,0.0,0.0,0.0,1.0,0.0,0.0,0.0,1.0,0.0,0.0,1.0,0.0,0.0,0.0,0.0,1.0,0.0,1.0,0.0,0.0,1.0,0.0,0.0,0.0,0.0,1.0,1.0,0.0,0.0,1.0,0.0,0.0,1.0,0.0,1.0,0.0,0.0,0.0,0.0,0.0,1.0,0.0,0.0,0.0,0.0,0.0,0.0,1.0,1.0,0.0,0.0,1.0,0.0,0.0,0.0,0.0,0.0
97,Polyimide,Po_0138,Nc1cc(-n2c(=O)c3cc(Br)c(cc3N)c2=O)ccc1Oc1ccc(-c2cc3ccc2c(=O)oc3=O)cc1Br,557.3657326250179,3.383955660007936,56.815492244327764,0.907422,97,1.0,1.0,1.0,0.0,0.0,0.0,0.0,0.0,0.0,0.0,1.0,0.0,0.0,0.0,1.0,0.0,0.0,1.0,0.0,0.0,0.0,0.0,1.0,0.0,1.0,0.0,0.0,1.0,0.0,0.0,0.0,0.0,1.0,1.0,0.0,0.0,1.0,0.0,0.0,1.0,0.0,1.0,0.0,0.0,0.0,0.0,0.0,1.0,0.0,0.0,0.0,0.0,0.0,0.0,1.0,1.0,0.0,0.0,1.0,0.0,0.0,0.0,0.0,0.0
98,Polybenzoxazole,Po_0161,CCc1cccc(-c2nc3cc(-c4nc5ccccc5o4)cc(C)c3o2)c1,734.9607945702741,2.071794621177397,33.397703816803016,0.907174,98,,,,,,,,,,,,,,,,,,,,,,,,,,,,,,,,,,,,,,,,,,,,,,,,,,,,,,,,,,,,,,,,
99,Polyimide,Po_0177,CCc1cc(Oc2ccc(-n3c(=O)c4ccc(c(CC)c4)c3=O)cc2)c(Br)cc1-c1cc2ccc1c(=O)oc2=O,584.12913104093,3.391171209138237,54.93756250816114,0.907071,99,1.0,1.0,1.0,0.0,0.0,0.0,0.0,0.0,0.0,0.0,1.0,0.0,0.0,0.0,1.0,0.0,0.0,1.0,0.0,0.0,0.0,0.0,1.0,0.0,1.0,0.0,0.0,1.0,0.0,0.0,0.0,0.0,1.0,1.0,0.0,0.0,1.0,0.0,0.0,1.0,0.0,1.0,0.0,0.0,0.0,0.0,0.0,1.0,0.0,0.0,0.0,0.0,0.0,0.0,1.0,1.0,0.0,0.0,1.0,0.0,0.0,0.0,0.0,0.0
100,Polyimide,Po_0076,COc1cc(Oc2ccc(-c3cc4ccc3c(=O)oc4=O)cc2)ccc1-n1c(=O)c2ccc(c(OC)c2)c1=O,626.542915509762,3.396252386925816,55.67829314838497,0.906838,100,1.0,1.0,1.0,0.0,0.0,0.0,0.0,0.0,0.0,0.0,1.0,0.0,0.0,0.0,1.0,0.0,0.0,1.0,0.0,0.0,0.0,0.0,1.0,0.0,1.0,0.0,0.0,1.0,0.0,0.0,0.0,0.0,1.0,1.0,0.0,0.0,1.0,0.0,0.0,1.0,0.0,1.0,0.0,0.0,0.0,0.0,0.0,1.0,0.0,0.0,0.0,0.0,0.0,0.0,1.0,1.0,0.0,0.0,1.0,0.0,0.0,0.0,0.0,0.0
101,Polybenzoxazole,Po_0143,CCc1cccc(-c2nc3cc(-c4nc5ccccc5o4)ccc3o2)c1CC,725.0204586799989,2.090815305158597,33.46199266361818,0.906761,101,,,,,,,,,,,,,,,,,,,,,,,,,,,,,,,,,,,,,,,,,,,,,,,,,,,,,,,,,,,,,,,,
102,Polybenzoxazole,Po_0173,N#Cc1cc2oc(-c3ccc4oc(-c5ccccc5)nc4c3)nc2c(N)c1N,734.8766913094493,2.1957691730581206,33.97179497912515,0.906564,102,,,,,,,,,,,,,,,,,,,,,,,,,,,,,,,,,,,,,,,,,,,,,,,,,,,,,,,,,,,,,,,,
103,Polyimide,Po_0200,CCc1cc2c(Cl)cc1c(=O)n(-c1ccc(Oc3ccc(-c4cc5ccc4c(=O)oc5=O)cc3)cc1N)c2=O,570.038002697739,3.3980417856375364,56.72749229780842,0.906553,103,1.0,1.0,1.0,0.0,0.0,0.0,0.0,0.0,0.0,0.0,1.0,0.0,0.0,0.0,1.0,0.0,0.0,1.0,0.0,0.0,0.0,0.0,1.0,0.0,1.0,0.0,0.0,1.0,0.0,0.0,0.0,0.0,1.0,1.0,0.0,0.0,1.0,0.0,0.0,1.0,0.0,1.0,0.0,0.0,0.0,0.0,0.0,1.0,0.0,0.0,0.0,0.0,0.0,0.0,1.0,1.0,0.0,0.0,1.0,0.0,0.0,0.0,0.0,0.0
104,Polyimide,Po_0179,Nc1cc(Oc2ccc(-c3cc4ccc3c(=O)oc4=O)cc2)ccc1-n1c(=O)c2c(N)c(N)c(c(C(F)(F)F)c2Br)c1=O,653.3796100369476,3.40491439237542,57.429428179439164,0.906293,104,1.0,1.0,1.0,0.0,0.0,0.0,0.0,0.0,0.0,0.0,1.0,0.0,0.0,0.0,1.0,0.0,0.0,1.0,0.0,0.0,0.0,0.0,1.0,0.0,1.0,0.0,0.0,1.0,0.0,0.0,0.0,0.0,1.0,1.0,0.0,0.0,1.0,0.0,0.0,1.0,0.0,1.0,0.0,0.0,0.0,0.0,0.0,1.0,0.0,0.0,0.0,0.0,0.0,0.0,1.0,1.0,0.0,0.0,1.0,0.0,0.0,0.0,0.0,0.0
105,Polyimide,Po_0134,COc1cc(-c2cc3cc(Cl)c2c(=O)oc3=O)ccc1Oc1ccc(-n2c(=O)c3ccc(cc3)c2=O)cc1,601.446147458189,3.4052101560430232,56.621300524238244,0.906189,105,1.0,1.0,1.0,0.0,0.0,0.0,0.0,0.0,0.0,0.0,1.0,0.0,0.0,0.0,1.0,0.0,0.0,1.0,0.0,0.0,0.0,0.0,1.0,0.0,1.0,0.0,0.0,1.0,0.0,0.0,0.0,0.0,1.0,1.0,0.0,0.0,1.0,0.0,0.0,1.0,0.0,1.0,0.0,0.0,0.0,0.0,0.0,1.0,0.0,0.0,0.0,0.0,0.0,0.0,1.0,1.0,0.0,0.0,1.0,0.0,0.0,0.0,0.0,0.0
106,Polybenzoxazole,Po_0225,COc1cc(-c2nc3cc(-c4nc5ccccc5o4)ccc3o2)c(F)c(F)c1OC,730.4607671252994,2.0727733930704835,33.32862801401756,0.906187,106,,,,,,,,,,,,,,,,,,,,,,,,,,,,,,,,,,,,,,,,,,,,,,,,,,,,,,,,,,,,,,,,
107,Polyimide,Po_0067,Nc1cc(Oc2ccc(-n3c(=O)c4cc(Br)c(cc4N)c3=O)cc2)ccc1-c1cc2ccc1c(=O)oc2=O,610.4816915697296,3.4071542124797847,56.20781239753526,0.906081,107,1.0,1.0,1.0,0.0,0.0,0.0,0.0,0.0,0.0,0.0,1.0,0.0,0.0,0.0,1.0,0.0,0.0,1.0,0.0,0.0,0.0,0.0,1.0,0.0,1.0,0.0,0.0,1.0,0.0,0.0,0.0,0.0,1.0,1.0,0.0,0.0,1.0,0.0,0.0,1.0,0.0,1.0,0.0,0.0,0.0,0.0,0.0,1.0,0.0,0.0,0.0,0.0,0.0,0.0,1.0,1.0,0.0,0.0,1.0,0.0,0.0,0.0,0.0,0.0
108,Polyimide,Po_0050,Cc1c(N)c2cc(-c3ccc(Oc4ccc(-n5c(=O)c6ccc(c(N)c6)c5=O)cc4)cc3)c1c(=O)oc2=O,568.7040368132397,3.4094812995216466,55.521507007560906,0.905784,108,1.0,1.0,1.0,0.0,0.0,0.0,0.0,0.0,0.0,0.0,1.0,0.0,0.0,0.0,1.0,0.0,0.0,1.0,0.0,0.0,0.0,0.0,1.0,0.0,1.0,0.0,0.0,1.0,0.0,0.0,0.0,0.0,1.0,1.0,0.0,0.0,1.0,0.0,0.0,1.0,0.0,1.0,0.0,0.0,0.0,0.0,0.0,1.0,0.0,0.0,0.0,0.0,0.0,0.0,1.0,1.0,0.0,0.0,1.0,0.0,0.0,0.0,0.0,0.0
109,Polyimide,Po_0114,CCc1cc(Oc2ccc(-c3cc4ccc3c(=O)oc4=O)cc2)c(Br)c(CC)c1-n1c(=O)c2ccc(cc2)c1=O,618.8790533322291,3.4119868525224297,56.450172166642616,0.905776,109,1.0,1.0,1.0,0.0,0.0,0.0,0.0,0.0,0.0,0.0,1.0,0.0,0.0,0.0,1.0,0.0,0.0,1.0,0.0,0.0,0.0,0.0,1.0,0.0,1.0,0.0,0.0,1.0,0.0,0.0,0.0,0.0,1.0,1.0,0.0,0.0,1.0,0.0,0.0,1.0,0.0,1.0,0.0,0.0,0.0,0.0,0.0,1.0,0.0,0.0,0.0,0.0,0.0,0.0,1.0,1.0,0.0,0.0,1.0,0.0,0.0,0.0,0.0,0.0
110,Polyimide,Po_0005,Nc1cc2ccc1c(=O)n(-c1ccc(Oc3ccc(-c4cc5ccc4c(=O)oc5=O)cc3)cc1C(F)(F)F)c2=O,611.3952824702436,3.4174437963955078,56.4806795185249,0.905397,110,1.0,1.0,1.0,0.0,0.0,0.0,0.0,0.0,0.0,0.0,1.0,0.0,0.0,0.0,1.0,0.0,0.0,1.0,0.0,0.0,0.0,0.0,1.0,0.0,1.0,0.0,0.0,1.0,0.0,0.0,0.0,0.0,1.0,1.0,0.0,0.0,1.0,0.0,0.0,1.0,0.0,1.0,0.0,0.0,0.0,0.0,0.0,1.0,0.0,0.0,0.0,0.0,0.0,0.0,1.0,1.0,0.0,0.0,1.0,0.0,0.0,0.0,0.0,0.0
111,Polybenzoxazole,Po_0033,NS(=O)(=O)c1ccccc1-c1nc2cc(-c3nc4ccccc4o3)ccc2o1,718.9507552393333,1.9419956293093872,32.902576741614205,0.905355,111,,,,,,,,,,,,,,,,,,,,,,,,,,,,,,,,,,,,,,,,,,,,,,,,,,,,,,,,,,,,,,,,
112,Polybenzoxazole,Po_0087,N#Cc1cc2oc(-c3ccc4oc(-c5ccccc5)nc4c3)nc2cc1N,713.1938172676746,2.3608637055086885,34.69682943608299,0.90522,112,,,,,,,,,,,,,,,,,,,,,,,,,,,,,,,,,,,,,,,,,,,,,,,,,,,,,,,,,,,,,,,,
113,Polyimide,Po_0014,Nc1cc(Oc2ccc(-c3cc4ccc3c(=O)oc4=O)cc2)ccc1-n1c(=O)c2ccc(cc2)c1=O,560.7700053683839,3.42507726989721,55.68781986764019,0.904701,113,1.0,1.0,1.0,0.0,0.0,0.0,0.0,0.0,0.0,0.0,1.0,0.0,0.0,0.0,1.0,0.0,0.0,1.0,0.0,0.0,0.0,0.0,1.0,0.0,1.0,0.0,0.0,1.0,0.0,0.0,0.0,0.0,1.0,1.0,0.0,0.0,1.0,0.0,0.0,1.0,0.0,1.0,0.0,0.0,0.0,0.0,0.0,1.0,0.0,0.0,0.0,0.0,0.0,0.0,1.0,1.0,0.0,0.0,1.0,0.0,0.0,0.0,0.0,0.0
114,Polyimide,Po_0094,COc1cc(-c2cc3ccc2c(=O)oc3=O)c(C#N)cc1Oc1ccc(-n2c(=O)c3ccc(c(Cl)c3)c2=O)cc1,620.8927498609602,3.429827862644648,57.037196884077645,0.90459,114,1.0,1.0,1.0,0.0,0.0,0.0,0.0,0.0,0.0,0.0,1.0,0.0,0.0,0.0,1.0,0.0,0.0,1.0,0.0,0.0,0.0,0.0,1.0,0.0,1.0,0.0,0.0,1.0,0.0,0.0,0.0,0.0,1.0,1.0,0.0,0.0,1.0,0.0,0.0,1.0,0.0,1.0,0.0,0.0,0.0,0.0,0.0,1.0,0.0,0.0,0.0,0.0,0.0,0.0,1.0,1.0,0.0,0.0,1.0,0.0,0.0,0.0,0.0,0.0
115,Polyimide,Po_0073,N#Cc1c(N)c2ccc1c(=O)n(-c1ccc(Oc3ccc(-c4cc5ccc4c(=O)oc5=O)cc3)cc1F)c2=O,593.3378858430771,3.4297614256998585,55.67880249534777,0.904529,115,1.0,1.0,1.0,0.0,0.0,0.0,0.0,0.0,0.0,0.0,1.0,0.0,0.0,0.0,1.0,0.0,0.0,1.0,0.0,0.0,0.0,0.0,1.0,0.0,1.0,0.0,0.0,1.0,0.0,0.0,0.0,0.0,1.0,1.0,0.0,0.0,1.0,0.0,0.0,1.0,0.0,1.0,0.0,0.0,0.0,0.0,0.0,1.0,0.0,0.0,0.0,0.0,0.0,0.0,1.0,1.0,0.0,0.0,1.0,0.0,0.0,0.0,0.0,0.0
116,Polyimide,Po_0021,Nc1c(-n2c(=O)c3ccc(c(S(N)(=O)=O)c3)c2=O)ccc(Oc2ccc(-c3cc4ccc3c(=O)oc4=O)cc2)c1Br,597.0855066390593,3.4314527452681545,56.7791642184272,0.904428,116,1.0,1.0,1.0,0.0,0.0,0.0,0.0,0.0,0.0,0.0,1.0,0.0,0.0,0.0,1.0,0.0,0.0,1.0,0.0,0.0,0.0,0.0,1.0,0.0,1.0,0.0,0.0,1.0,0.0,0.0,0.0,0.0,1.0,1.0,0.0,0.0,1.0,0.0,0.0,1.0,0.0,1.0,0.0,0.0,0.0,0.0,0.0,1.0,0.0,0.0,0.0,0.0,0.0,0.0,1.0,1.0,0.0,0.0,1.0,0.0,0.0,0.0,0.0,0.0
117,Polybenzoxazole,Po_0193,CCc1cc(C(F)(F)F)cc(-c2nc3cc(-c4nc5ccccc5o4)ccc3o2)c1Br,728.7921978294723,2.1597466770350753,33.62815307770431,0.904382,117,,,,,,,,,,,,,,,,,,,,,,,,,,,,,,,,,,,,,,,,,,,,,,,,,,,,,,,,,,,,,,,,
118,Polyimide,Po_0074,O=c1oc(=O)c2ccc1cc2-c1cc(Br)c(Oc2ccc(-n3c(=O)c4ccc(cc4)c3=O)cc2)c(F)c1Br,576.6296873090469,3.431524213025812,55.69283763886532,0.904351,118,1.0,1.0,1.0,0.0,0.0,0.0,0.0,0.0,0.0,0.0,1.0,0.0,0.0,0.0,1.0,0.0,0.0,1.0,0.0,0.0,0.0,0.0,1.0,0.0,1.0,0.0,0.0,1.0,0.0,0.0,0.0,0.0,1.0,1.0,0.0,0.0,1.0,0.0,0.0,1.0,0.0,1.0,0.0,0.0,0.0,0.0,0.0,1.0,0.0,0.0,0.0,0.0,0.0,0.0,1.0,1.0,0.0,0.0,1.0,0.0,0.0,0.0,0.0,0.0
119,Polyimide,Po_0061,NS(=O)(=O)c1cc(-n2c(=O)c3ccc(cc3)c2=O)ccc1Oc1ccc(-c2cc3ccc2c(=O)oc3=O)cc1Br,578.3826220057724,3.4325025945941094,55.717569289535,0.904293,119,1.0,1.0,1.0,0.0,0.0,0.0,0.0,0.0,0.0,0.0,1.0,0.0,0.0,0.0,1.0,0.0,0.0,1.0,0.0,0.0,0.0,0.0,1.0,0.0,1.0,0.0,0.0,1.0,0.0,0.0,0.0,0.0,1.0,1.0,0.0,0.0,1.0,0.0,0.0,1.0,0.0,1.0,0.0,0.0,0.0,0.0,0.0,1.0,0.0,0.0,0.0,0.0,0.0,0.0,1.0,1.0,0.0,0.0,1.0,0.0,0.0,0.0,0.0,0.0
120,Polybenzoxazole,Po_0095,NS(=O)(=O)c1ccc(-c2nc3cc(-c4nc5ccccc5o4)ccc3o2)c(S(N)(=O)=O)c1,736.703367058032,2.3196434171708216,34.40483664424794,0.90408,120,,,,,,,,,,,,,,,,,,,,,,,,,,,,,,,,,,,,,,,,,,,,,,,,,,,,,,,,,,,,,,,,
121,Polybenzoxazole,Po_0022,CCc1cccc(-c2nc3cc(-c4nc5ccccc5o4)ccc3o2)c1,731.3890629420388,2.215855568589269,33.88169568373353,0.904023,121,,,,,,,,,,,,,,,,,,,,,,,,,,,,,,,,,,,,,,,,,,,,,,,,,,,,,,,,,,,,,,,,
122,Polybenzoxazole,Po_0088,Cc1ccc(-c2nc3cc(-c4nc5ccccc5o4)ccc3o2)c(N)c1C#N,721.5442292347582,2.048321230290812,33.03775138330749,0.903937,122,,,,,,,,,,,,,,,,,,,,,,,,,,,,,,,,,,,,,,,,,,,,,,,,,,,,,,,,,,,,,,,,
123,Polyimide,Po_0109,Nc1cc(-n2c(=O)c3cc(N)c(c(N)c3F)c2=O)ccc1Oc1ccc(-c2cc3ccc2c(=O)oc3=O)cc1,604.1048145379465,3.4438443303642554,55.87620207683416,0.90362,123,1.0,1.0,1.0,0.0,0.0,0.0,0.0,0.0,0.0,0.0,1.0,0.0,0.0,0.0,1.0,0.0,0.0,1.0,0.0,0.0,0.0,0.0,1.0,0.0,1.0,0.0,0.0,1.0,0.0,0.0,0.0,0.0,1.0,1.0,0.0,0.0,1.0,0.0,0.0,1.0,0.0,1.0,0.0,0.0,0.0,0.0,0.0,1.0,0.0,0.0,0.0,0.0,0.0,0.0,1.0,1.0,0.0,0.0,1.0,0.0,0.0,0.0,0.0,0.0
124,Polyimide,Po_0144,COc1cc(-c2cc3ccc2c(=O)oc3=O)ccc1Oc1ccc(-n2c(=O)c3ccc(c(C)c3)c2=O)cc1Cl,598.0204258280075,3.4443005842773227,55.54021701654398,0.903574,124,1.0,1.0,1.0,0.0,0.0,0.0,0.0,0.0,0.0,0.0,1.0,0.0,0.0,0.0,1.0,0.0,0.0,1.0,0.0,0.0,0.0,0.0,1.0,0.0,1.0,0.0,0.0,1.0,0.0,0.0,0.0,0.0,1.0,1.0,0.0,0.0,1.0,0.0,0.0,1.0,0.0,1.0,0.0,0.0,0.0,0.0,0.0,1.0,0.0,0.0,0.0,0.0,0.0,0.0,1.0,1.0,0.0,0.0,1.0,0.0,0.0,0.0,0.0,0.0
125,Polyimide,Po_0012,COc1cc(-n2c(=O)c3ccc(cc3)c2=O)ccc1Oc1ccc(-c2cc3ccc2c(=O)oc3=O)c(C#N)c1,561.3441349621935,3.44792016822255,55.71911588161534,0.903181,125,1.0,1.0,1.0,0.0,0.0,0.0,0.0,0.0,0.0,0.0,1.0,0.0,0.0,0.0,1.0,0.0,0.0,1.0,0.0,0.0,0.0,0.0,1.0,0.0,1.0,0.0,0.0,1.0,0.0,0.0,0.0,0.0,1.0,1.0,0.0,0.0,1.0,0.0,0.0,1.0,0.0,1.0,0.0,0.0,0.0,0.0,0.0,1.0,0.0,0.0,0.0,0.0,0.0,0.0,1.0,1.0,0.0,0.0,1.0,0.0,0.0,0.0,0.0,0.0
126,Polyimide,Po_0091,O=c1oc(=O)c2ccc1cc2-c1c(Br)c(F)c(Oc2ccc(-n3c(=O)c4ccc(cc4)c3=O)cc2)c(Br)c1Br,617.0860600825029,3.45677293813539,56.14056549257348,0.902786,126,1.0,1.0,1.0,0.0,0.0,0.0,0.0,0.0,0.0,0.0,1.0,0.0,0.0,0.0,1.0,0.0,0.0,1.0,0.0,0.0,0.0,0.0,1.0,0.0,1.0,0.0,0.0,1.0,0.0,0.0,0.0,0.0,1.0,1.0,0.0,0.0,1.0,0.0,0.0,1.0,0.0,1.0,0.0,0.0,0.0,0.0,0.0,1.0,0.0,0.0,0.0,0.0,0.0,0.0,1.0,1.0,0.0,0.0,1.0,0.0,0.0,0.0,0.0,0.0
127,Polyimide,Po_0187,COc1c(Oc2ccc(-n3c(=O)c4ccc(c(C)c4)c3=O)cc2)ccc(-c2cc3ccc2c(=O)oc3=O)c1C#N,602.4837788032335,3.4575294684778517,56.66532458851852,0.902704,127,1.0,1.0,1.0,0.0,0.0,0.0,0.0,0.0,0.0,0.0,1.0,0.0,0.0,0.0,1.0,0.0,0.0,1.0,0.0,0.0,0.0,0.0,1.0,0.0,1.0,0.0,0.0,1.0,0.0,0.0,0.0,0.0,1.0,1.0,0.0,0.0,1.0,0.0,0.0,1.0,0.0,1.0,0.0,0.0,0.0,0.0,0.0,1.0,0.0,0.0,0.0,0.0,0.0,0.0,1.0,1.0,0.0,0.0,1.0,0.0,0.0,0.0,0.0,0.0
128,Polyimide,Po_0043,Cc1cc2c(-c3ccc(Oc4ccc(-n5c(=O)c6cc(Br)c(cc6N)c5=O)cc4)cc3)cc1c(=O)oc2=O,555.8589164714906,3.4579976034237316,57.00202391415767,0.902476,128,1.0,1.0,1.0,0.0,0.0,0.0,0.0,0.0,0.0,0.0,1.0,0.0,0.0,0.0,1.0,0.0,0.0,1.0,0.0,0.0,0.0,0.0,1.0,0.0,1.0,0.0,0.0,1.0,0.0,0.0,0.0,0.0,1.0,1.0,0.0,0.0,1.0,0.0,0.0,1.0,0.0,1.0,0.0,0.0,0.0,0.0,0.0,1.0,0.0,0.0,0.0,0.0,0.0,0.0,1.0,1.0,0.0,0.0,1.0,0.0,0.0,0.0,0.0,0.0
129,Polyimide,Po_0099,Nc1cc(Oc2ccc(-c3cc4ccc3c(=O)oc4=O)cc2)ccc1-n1c(=O)c2cc(N)c(c(C(F)(F)F)c2Br)c1=O,594.1167857687935,3.4608222145486067,55.37357098114081,0.902461,129,1.0,1.0,1.0,0.0,0.0,0.0,0.0,0.0,0.0,0.0,1.0,0.0,0.0,0.0,1.0,0.0,0.0,1.0,0.0,0.0,0.0,0.0,1.0,0.0,1.0,0.0,0.0,1.0,0.0,0.0,0.0,0.0,1.0,1.0,0.0,0.0,1.0,0.0,0.0,1.0,0.0,1.0,0.0,0.0,0.0,0.0,0.0,1.0,0.0,0.0,0.0,0.0,0.0,0.0,1.0,1.0,0.0,0.0,1.0,0.0,0.0,0.0,0.0,0.0
130,Polyimide,Po_0059,COc1c(N)c2cc(-c3ccc(Oc4ccc(-n5c(=O)c6ccc(c(N)c6)c5=O)cc4)cc3)c1c(=O)oc2=O,560.0760426933185,3.460643390035561,55.59075648875989,0.902326,130,1.0,1.0,1.0,0.0,0.0,0.0,0.0,0.0,0.0,0.0,1.0,0.0,0.0,0.0,1.0,0.0,0.0,1.0,0.0,0.0,0.0,0.0,1.0,0.0,1.0,0.0,0.0,1.0,0.0,0.0,0.0,0.0,1.0,1.0,0.0,0.0,1.0,0.0,0.0,1.0,0.0,1.0,0.0,0.0,0.0,0.0,0.0,1.0,0.0,0.0,0.0,0.0,0.0,0.0,1.0,1.0,0.0,0.0,1.0,0.0,0.0,0.0,0.0,0.0
131,Polybenzoxazole,Po_0111,FC(F)(F)c1cccc(-c2nc3cc(-c4nc5cc(Br)ccc5o4)ccc3o2)c1,727.5404735905068,2.2609769793691576,33.968675601480626,0.902173,131,,,,,,,,,,,,,,,,,,,,,,,,,,,,,,,,,,,,,,,,,,,,,,,,,,,,,,,,,,,,,,,,
132,Polyimide,Po_0051,Nc1c(Br)c(Oc2ccc(-c3cc4ccc3c(=O)oc4=O)cc2)cc(Cl)c1-n1c(=O)c2ccc(cc2)c1=O,596.45408476147,3.4696842729413735,56.61750876724146,0.901877,132,1.0,1.0,1.0,0.0,0.0,0.0,0.0,0.0,0.0,0.0,1.0,0.0,0.0,0.0,1.0,0.0,0.0,1.0,0.0,0.0,0.0,0.0,1.0,0.0,1.0,0.0,0.0,1.0,0.0,0.0,0.0,0.0,1.0,1.0,0.0,0.0,1.0,0.0,0.0,1.0,0.0,1.0,0.0,0.0,0.0,0.0,0.0,1.0,0.0,0.0,0.0,0.0,0.0,0.0,1.0,1.0,0.0,0.0,1.0,0.0,0.0,0.0,0.0,0.0
133,Polyimide,Po_0119,Cc1cc2c(N)c(F)c1c(=O)n(-c1ccc(Oc3ccc(-c4cc5ccc4c(=O)oc5=O)cc3)cc1F)c2=O,590.0599360217265,3.469560973405643,56.198266360867464,0.901866,133,1.0,1.0,1.0,0.0,0.0,0.0,0.0,0.0,0.0,0.0,1.0,0.0,0.0,0.0,1.0,0.0,0.0,1.0,0.0,0.0,0.0,0.0,1.0,0.0,1.0,0.0,0.0,1.0,0.0,0.0,0.0,0.0,1.0,1.0,0.0,0.0,1.0,0.0,0.0,1.0,0.0,1.0,0.0,0.0,0.0,0.0,0.0,1.0,0.0,0.0,0.0,0.0,0.0,0.0,1.0,1.0,0.0,0.0,1.0,0.0,0.0,0.0,0.0,0.0
134,Polyimide,Po_0230,Cc1c(-c2ccc(Oc3ccc(-n4c(=O)c5ccc(cc5)c4=O)cc3)c(Cl)c2)c2ccc1c(=O)oc2=O,613.1247160445491,3.472108546038343,55.34876434996702,0.901756,134,1.0,1.0,1.0,0.0,0.0,0.0,0.0,0.0,0.0,0.0,1.0,0.0,0.0,0.0,1.0,0.0,0.0,1.0,0.0,0.0,0.0,0.0,1.0,0.0,1.0,0.0,0.0,1.0,0.0,0.0,0.0,0.0,1.0,1.0,0.0,0.0,1.0,0.0,0.0,1.0,0.0,1.0,0.0,0.0,0.0,0.0,0.0,1.0,0.0,0.0,0.0,0.0,0.0,0.0,1.0,1.0,0.0,0.0,1.0,0.0,0.0,0.0,0.0,0.0
135,Polyimide,Po_0007,Cc1cc(Oc2ccc(-c3cc4ccc3c(=O)oc4=O)c(C#N)c2)ccc1-n1c(=O)c2ccc(cc2)c1=O,593.3414471765425,3.471834430821428,56.63472485580326,0.901724,135,1.0,1.0,1.0,0.0,0.0,0.0,0.0,0.0,0.0,0.0,1.0,0.0,0.0,0.0,1.0,0.0,0.0,1.0,0.0,0.0,0.0,0.0,1.0,0.0,1.0,0.0,0.0,1.0,0.0,0.0,0.0,0.0,1.0,1.0,0.0,0.0,1.0,0.0,0.0,1.0,0.0,1.0,0.0,0.0,0.0,0.0,0.0,1.0,0.0,0.0,0.0,0.0,0.0,0.0,1.0,1.0,0.0,0.0,1.0,0.0,0.0,0.0,0.0,0.0
136,Polyimide,Po_0203,CCc1cc(Oc2ccc(-c3cc4ccc3c(=O)oc4=O)cc2)ccc1-n1c(=O)c2cc(F)c(c(C#N)c2)c1=O,601.6110836890507,3.4723668766168183,56.588140714952985,0.901712,136,1.0,1.0,1.0,0.0,0.0,0.0,0.0,0.0,0.0,0.0,1.0,0.0,0.0,0.0,1.0,0.0,0.0,1.0,0.0,0.0,0.0,0.0,1.0,0.0,1.0,0.0,0.0,1.0,0.0,0.0,0.0,0.0,1.0,1.0,0.0,0.0,1.0,0.0,0.0,1.0,0.0,1.0,0.0,0.0,0.0,0.0,0.0,1.0,0.0,0.0,0.0,0.0,0.0,0.0,1.0,1.0,0.0,0.0,1.0,0.0,0.0,0.0,0.0,0.0
137,Polyimide,Po_0112,COc1cc2ccc1c(=O)n(-c1ccc(Oc3ccc(-c4cc5ccc4c(=O)oc5=O)cc3)c(Br)c1N)c2=O,615.3890408455893,3.4755370737226454,56.45392407822008,0.901532,137,1.0,1.0,1.0,0.0,0.0,0.0,0.0,0.0,0.0,0.0,1.0,0.0,0.0,0.0,1.0,0.0,0.0,1.0,0.0,0.0,0.0,0.0,1.0,0.0,1.0,0.0,0.0,1.0,0.0,0.0,0.0,0.0,1.0,1.0,0.0,0.0,1.0,0.0,0.0,1.0,0.0,1.0,0.0,0.0,0.0,0.0,0.0,1.0,0.0,0.0,0.0,0.0,0.0,0.0,1.0,1.0,0.0,0.0,1.0,0.0,0.0,0.0,0.0,0.0
138,Polyimide,Po_0122,Nc1cc2c(-c3ccc(Oc4ccc(-n5c(=O)c6cc(N)c(c(Cl)c6)c5=O)cc4)cc3)cc1c(=O)oc2=O,574.0228600370613,3.4737138105371663,56.170842749556286,0.901527,138,1.0,1.0,1.0,0.0,0.0,0.0,0.0,0.0,0.0,0.0,1.0,0.0,0.0,0.0,1.0,0.0,0.0,1.0,0.0,0.0,0.0,0.0,1.0,0.0,1.0,0.0,0.0,1.0,0.0,0.0,0.0,0.0,1.0,1.0,0.0,0.0,1.0,0.0,0.0,1.0,0.0,1.0,0.0,0.0,0.0,0.0,0.0,1.0,0.0,0.0,0.0,0.0,0.0,0.0,1.0,1.0,0.0,0.0,1.0,0.0,0.0,0.0,0.0,0.0
139,Polybenzoxazole,Po_0169,N#Cc1c(N)c(N)c(-c2nc3cc(-c4nc5ccccc5o4)ccc3o2)c(C#N)c1C(F)(F)F,723.3628653614373,2.4508160814489566,34.860071540316994,0.901402,139,,,,,,,,,,,,,,,,,,,,,,,,,,,,,,,,,,,,,,,,,,,,,,,,,,,,,,,,,,,,,,,,
140,Polyimide,Po_0017,COc1c(Cl)c(Oc2ccc(-n3c(=O)c4ccc(cc4)c3=O)cc2)cc(C#N)c1-c1cc2ccc1c(=O)oc2=O,627.9594847348272,3.483596776554597,56.976741214534776,0.901017,140,1.0,1.0,1.0,0.0,0.0,0.0,0.0,0.0,0.0,0.0,1.0,0.0,0.0,0.0,1.0,0.0,0.0,1.0,0.0,0.0,0.0,0.0,1.0,0.0,1.0,0.0,0.0,1.0,0.0,0.0,0.0,0.0,1.0,1.0,0.0,0.0,1.0,0.0,0.0,1.0,0.0,1.0,0.0,0.0,0.0,0.0,0.0,1.0,0.0,0.0,0.0,0.0,0.0,0.0,1.0,1.0,0.0,0.0,1.0,0.0,0.0,0.0,0.0,0.0
141,Polyimide,Po_0166,CCc1cc(Oc2ccc(-c3cc4ccc3c(=O)oc4=O)cc2)ccc1-n1c(=O)c2ccc(c(F)c2)c1=O,583.0192963298803,3.4849893861970846,56.43328900573524,0.900812,141,1.0,1.0,1.0,0.0,0.0,0.0,0.0,0.0,0.0,0.0,1.0,0.0,0.0,0.0,1.0,0.0,0.0,1.0,0.0,0.0,0.0,0.0,1.0,0.0,1.0,0.0,0.0,1.0,0.0,0.0,0.0,0.0,1.0,1.0,0.0,0.0,1.0,0.0,0.0,1.0,0.0,1.0,0.0,0.0,0.0,0.0,0.0,1.0,0.0,0.0,0.0,0.0,0.0,0.0,1.0,1.0,0.0,0.0,1.0,0.0,0.0,0.0,0.0,0.0
142,Polyimide,Po_0103,Nc1c(F)c2c(F)cc1c(=O)n(-c1ccc(Oc3ccc(-c4cc5ccc4c(=O)oc5=O)cc3)c(Cl)c1)c2=O,581.032501120522,3.4871214149780485,55.45919453934796,0.900663,142,1.0,1.0,1.0,0.0,0.0,0.0,0.0,0.0,0.0,0.0,1.0,0.0,0.0,0.0,1.0,0.0,0.0,1.0,0.0,0.0,0.0,0.0,1.0,0.0,1.0,0.0,0.0,1.0,0.0,0.0,0.0,0.0,1.0,1.0,0.0,0.0,1.0,0.0,0.0,1.0,0.0,1.0,0.0,0.0,0.0,0.0,0.0,1.0,0.0,0.0,0.0,0.0,0.0,0.0,1.0,1.0,0.0,0.0,1.0,0.0,0.0,0.0,0.0,0.0
143,Polyimide,Po_0022,N#Cc1c(N)c2c(Br)c(F)c1c(=O)n(-c1ccc(Oc3ccc(-c4cc5ccc4c(=O)oc5=O)cc3)cc1)c2=O,589.926690558555,3.4897490132018807,55.52859195144588,0.900519,143,1.0,1.0,1.0,0.0,0.0,0.0,0.0,0.0,0.0,0.0,1.0,0.0,0.0,0.0,1.0,0.0,0.0,1.0,0.0,0.0,0.0,0.0,1.0,0.0,1.0,0.0,0.0,1.0,0.0,0.0,0.0,0.0,1.0,1.0,0.0,0.0,1.0,0.0,0.0,1.0,0.0,1.0,0.0,0.0,0.0,0.0,0.0,1.0,0.0,0.0,0.0,0.0,0.0,0.0,1.0,1.0,0.0,0.0,1.0,0.0,0.0,0.0,0.0,0.0
144,Polyimide,Po_0223,COc1cc(Oc2ccc(-c3cc4ccc3c(=O)oc4=O)cc2)ccc1-n1c(=O)c2cc(S(N)(=O)=O)c(cc2OC)c1=O,609.9778587391769,3.4912134573573725,57.29409314815197,0.900476,144,1.0,1.0,1.0,0.0,0.0,0.0,0.0,0.0,0.0,0.0,1.0,0.0,0.0,0.0,1.0,0.0,0.0,1.0,0.0,0.0,0.0,0.0,1.0,0.0,1.0,0.0,0.0,1.0,0.0,0.0,0.0,0.0,1.0,1.0,0.0,0.0,1.0,0.0,0.0,1.0,0.0,1.0,0.0,0.0,0.0,0.0,0.0,1.0,0.0,0.0,0.0,0.0,0.0,0.0,1.0,1.0,0.0,0.0,1.0,0.0,0.0,0.0,0.0,0.0
145,Polyimide,Po_0010,N#Cc1cc(Oc2ccc(-n3c(=O)c4ccc(c(S(N)(=O)=O)c4)c3=O)cc2)ccc1-c1cc2ccc1c(=O)oc2=O,600.7040512907505,3.4909607303654453,57.905495677193095,0.90047,145,1.0,1.0,1.0,0.0,0.0,0.0,0.0,0.0,0.0,0.0,1.0,0.0,0.0,0.0,1.0,0.0,0.0,1.0,0.0,0.0,0.0,0.0,1.0,0.0,1.0,0.0,0.0,1.0,0.0,0.0,0.0,0.0,1.0,1.0,0.0,0.0,1.0,0.0,0.0,1.0,0.0,1.0,0.0,0.0,0.0,0.0,0.0,1.0,0.0,0.0,0.0,0.0,0.0,0.0,1.0,1.0,0.0,0.0,1.0,0.0,0.0,0.0,0.0,0.0
146,Polyimide,Po_0116,O=c1oc(=O)c2ccc1cc2-c1cc(Br)c(Oc2ccc(-n3c(=O)c4ccc(cc4)c3=O)cc2Br)cc1Br,587.2824162816787,3.4903536759656486,53.67745501484666,0.90047,146,1.0,1.0,1.0,0.0,0.0,0.0,0.0,0.0,0.0,0.0,1.0,0.0,0.0,0.0,1.0,0.0,0.0,1.0,0.0,0.0,0.0,0.0,1.0,0.0,1.0,0.0,0.0,1.0,0.0,0.0,0.0,0.0,1.0,1.0,0.0,0.0,1.0,0.0,0.0,1.0,0.0,1.0,0.0,0.0,0.0,0.0,0.0,1.0,0.0,0.0,0.0,0.0,0.0,0.0,1.0,1.0,0.0,0.0,1.0,0.0,0.0,0.0,0.0,0.0
147,Polyimide,Po_0048,O=c1oc(=O)c2ccc1cc2-c1cc(Br)c(Oc2ccc(-n3c(=O)c4ccc(cc4)c3=O)cc2)c(Br)c1,574.8368443624641,3.493465711932562,56.600670821876264,0.900214,147,1.0,1.0,1.0,0.0,0.0,0.0,0.0,0.0,0.0,0.0,1.0,0.0,0.0,0.0,1.0,0.0,0.0,1.0,0.0,0.0,0.0,0.0,1.0,0.0,1.0,0.0,0.0,1.0,0.0,0.0,0.0,0.0,1.0,1.0,0.0,0.0,1.0,0.0,0.0,1.0,0.0,1.0,0.0,0.0,0.0,0.0,0.0,1.0,0.0,0.0,0.0,0.0,0.0,0.0,1.0,1.0,0.0,0.0,1.0,0.0,0.0,0.0,0.0,0.0
148,Polyimide,Po_0077,CCc1cc2cc(OC)c1c(=O)n(-c1ccc(Oc3ccc(-c4cc5ccc4c(=O)oc5=O)cc3)cc1OC)c2=O,580.3803711557721,3.496006119245414,54.21067297860617,0.900068,148,1.0,1.0,1.0,0.0,0.0,0.0,0.0,0.0,0.0,0.0,1.0,0.0,0.0,0.0,1.0,0.0,0.0,1.0,0.0,0.0,0.0,0.0,1.0,0.0,1.0,0.0,0.0,1.0,0.0,0.0,0.0,0.0,1.0,1.0,0.0,0.0,1.0,0.0,0.0,1.0,0.0,1.0,0.0,0.0,0.0,0.0,0.0,1.0,0.0,0.0,0.0,0.0,0.0,0.0,1.0,1.0,0.0,0.0,1.0,0.0,0.0,0.0,0.0,0.0
149,Polyimide,Po_0039,O=c1oc(=O)c2ccc1cc2-c1cc(Br)c(Oc2ccc(-n3c(=O)c4ccc(c(F)c4)c3=O)cc2)cc1Br,589.0031339785862,3.4974109987460595,56.23695223484392,0.900005,149,1.0,1.0,1.0,0.0,0.0,0.0,0.0,0.0,0.0,0.0,1.0,0.0,0.0,0.0,1.0,0.0,0.0,1.0,0.0,0.0,0.0,0.0,1.0,0.0,1.0,0.0,0.0,1.0,0.0,0.0,0.0,0.0,1.0,1.0,0.0,0.0,1.0,0.0,0.0,1.0,0.0,1.0,0.0,0.0,0.0,0.0,0.0,1.0,0.0,0.0,0.0,0.0,0.0,0.0,1.0,1.0,0.0,0.0,1.0,0.0,0.0,0.0,0.0,0.0
150,Polyimide,Po_0209,N#Cc1cc(Oc2ccc(-n3c(=O)c4ccc(c(C(F)(F)F)c4)c3=O)cc2)ccc1-c1cc2ccc1c(=O)oc2=O,629.688868159676,3.4994297020718514,56.52039593890525,0.899964,150,1.0,1.0,1.0,0.0,0.0,0.0,0.0,0.0,0.0,0.0,1.0,0.0,0.0,0.0,1.0,0.0,0.0,1.0,0.0,0.0,0.0,0.0,1.0,0.0,1.0,0.0,0.0,1.0,0.0,0.0,0.0,0.0,1.0,1.0,0.0,0.0,1.0,0.0,0.0,1.0,0.0,1.0,0.0,0.0,0.0,0.0,0.0,1.0,0.0,0.0,0.0,0.0,0.0,0.0,1.0,1.0,0.0,0.0,1.0,0.0,0.0,0.0,0.0,0.0
151,Polyimide,Po_0085,NS(=O)(=O)c1cc(Oc2ccc(-c3cc4ccc3c(=O)oc4=O)cc2Cl)ccc1-n1c(=O)c2ccc(cc2)c1=O,566.7965263843824,3.4970235747602625,55.33361471932227,0.899938,151,1.0,1.0,1.0,0.0,0.0,0.0,0.0,0.0,0.0,0.0,1.0,0.0,0.0,0.0,1.0,0.0,0.0,1.0,0.0,0.0,0.0,0.0,1.0,0.0,1.0,0.0,0.0,1.0,0.0,0.0,0.0,0.0,1.0,1.0,0.0,0.0,1.0,0.0,0.0,1.0,0.0,1.0,0.0,0.0,0.0,0.0,0.0,1.0,0.0,0.0,0.0,0.0,0.0,0.0,1.0,1.0,0.0,0.0,1.0,0.0,0.0,0.0,0.0,0.0
152,Polybenzoxazole,Po_0057,Nc1ccc(-c2nc3cc(-c4nc5ccccc5o4)cc(Br)c3o2)cc1Br,715.9794064891221,2.0311305531999975,32.6493868982222,0.899903,152,,,,,,,,,,,,,,,,,,,,,,,,,,,,,,,,,,,,,,,,,,,,,,,,,,,,,,,,,,,,,,,,
153,Polyimide,Po_0154,COc1cc(-n2c(=O)c3cc(Br)c(c(C#N)c3N)c2=O)ccc1Oc1ccc(-c2cc3ccc2c(=O)oc3=O)cc1,570.8836099466187,3.4979083576066814,56.33399637102441,0.899899,153,1.0,1.0,1.0,0.0,0.0,0.0,0.0,0.0,0.0,0.0,1.0,0.0,0.0,0.0,1.0,0.0,0.0,1.0,0.0,0.0,0.0,0.0,1.0,0.0,1.0,0.0,0.0,1.0,0.0,0.0,0.0,0.0,1.0,1.0,0.0,0.0,1.0,0.0,0.0,1.0,0.0,1.0,0.0,0.0,0.0,0.0,0.0,1.0,0.0,0.0,0.0,0.0,0.0,0.0,1.0,1.0,0.0,0.0,1.0,0.0,0.0,0.0,0.0,0.0
154,Polyimide,Po_0182,COc1c(C#N)c2cc(C)c1c(=O)n(-c1ccc(Oc3ccc(-c4cc5ccc4c(=O)oc5=O)cc3)cc1)c2=O,550.4471764540747,3.4962750292630833,55.30365361595569,0.899887,154,1.0,1.0,1.0,0.0,0.0,0.0,0.0,0.0,0.0,0.0,1.0,0.0,0.0,0.0,1.0,0.0,0.0,1.0,0.0,0.0,0.0,0.0,1.0,0.0,1.0,0.0,0.0,1.0,0.0,0.0,0.0,0.0,1.0,1.0,0.0,0.0,1.0,0.0,0.0,1.0,0.0,1.0,0.0,0.0,0.0,0.0,0.0,1.0,0.0,0.0,0.0,0.0,0.0,0.0,1.0,1.0,0.0,0.0,1.0,0.0,0.0,0.0,0.0,0.0
155,Polyimide,Po_0186,COc1c(Br)c2cc(N)c1c(=O)n(-c1ccc(Oc3ccc(-c4cc5ccc4c(=O)oc5=O)cc3)c(N)c1)c2=O,617.531928413803,3.5012501270385883,56.954244377154644,0.899822,155,1.0,1.0,1.0,0.0,0.0,0.0,0.0,0.0,0.0,0.0,1.0,0.0,0.0,0.0,1.0,0.0,0.0,1.0,0.0,0.0,0.0,0.0,1.0,0.0,1.0,0.0,0.0,1.0,0.0,0.0,0.0,0.0,1.0,1.0,0.0,0.0,1.0,0.0,0.0,1.0,0.0,1.0,0.0,0.0,0.0,0.0,0.0,1.0,0.0,0.0,0.0,0.0,0.0,0.0,1.0,1.0,0.0,0.0,1.0,0.0,0.0,0.0,0.0,0.0
156,Polyimide,Po_0161,NS(=O)(=O)c1cc(-n2c(=O)c3ccc(cc3)c2=O)c(S(N)(=O)=O)cc1Oc1ccc(-c2cc3ccc2c(=O)oc3=O)cc1Br,556.9803545519525,3.4990823029930462,57.18826384283061,0.899744,156,1.0,1.0,1.0,0.0,0.0,0.0,0.0,0.0,0.0,0.0,1.0,0.0,0.0,0.0,1.0,0.0,0.0,1.0,0.0,0.0,0.0,0.0,1.0,0.0,1.0,0.0,0.0,1.0,0.0,0.0,0.0,0.0,1.0,1.0,0.0,0.0,1.0,0.0,0.0,1.0,0.0,1.0,0.0,0.0,0.0,0.0,0.0,1.0,0.0,0.0,0.0,0.0,0.0,0.0,1.0,1.0,0.0,0.0,1.0,0.0,0.0,0.0,0.0,0.0
157,Polyimide,Po_0167,Cc1c(N)c2ccc1c(=O)n(-c1ccc(Oc3ccc(-c4cc5c(N)c(C)c4c(=O)oc5=O)cc3)cc1)c2=O,565.4824361556896,3.500109259745314,55.040024174368746,0.899725,157,1.0,1.0,1.0,0.0,0.0,0.0,0.0,0.0,0.0,0.0,1.0,0.0,0.0,0.0,1.0,0.0,0.0,1.0,0.0,0.0,0.0,0.0,1.0,0.0,1.0,0.0,0.0,1.0,0.0,0.0,0.0,0.0,1.0,1.0,0.0,0.0,1.0,0.0,0.0,1.0,0.0,1.0,0.0,0.0,0.0,0.0,0.0,1.0,0.0,0.0,0.0,0.0,0.0,0.0,1.0,1.0,0.0,0.0,1.0,0.0,0.0,0.0,0.0,0.0
158,Polybenzoxazole,Po_0214,N#Cc1cc2oc(-c3ccc(N)cc3)nc2cc1-c1nc2ccccc2o1,724.0199909417387,2.3419665550102398,34.18683671015466,0.899682,158,,,,,,,,,,,,,,,,,,,,,,,,,,,,,,,,,,,,,,,,,,,,,,,,,,,,,,,,,,,,,,,,
159,Polybenzoxazole,Po_0026,Nc1c(F)c(-c2nc3ccccc3o2)cc2nc(-c3ccccc3)oc12,709.268111286708,2.006379239378132,32.50008428452803,0.899561,159,,,,,,,,,,,,,,,,,,,,,,,,,,,,,,,,,,,,,,,,,,,,,,,,,,,,,,,,,,,,,,,,
160,Polybenzoxazole,Po_0158,N#Cc1c(N)c(F)c(Cl)c(Cl)c1-c1nc2cc(-c3nc4ccccc4o3)ccc2o1,716.9878690113268,1.9980945724257684,32.44848963801274,0.8993,160,,,,,,,,,,,,,,,,,,,,,,,,,,,,,,,,,,,,,,,,,,,,,,,,,,,,,,,,,,,,,,,,
161,Polyimide,Po_0194,COc1cc(Oc2ccc(-c3cc4ccc3c(=O)oc4=O)cc2)c(Cl)cc1-n1c(=O)c2ccc(cc2)c1=O,594.6432025401957,3.511582625227713,57.13330231476005,0.899079,161,1.0,1.0,1.0,0.0,0.0,0.0,0.0,0.0,0.0,0.0,1.0,0.0,0.0,0.0,1.0,0.0,0.0,1.0,0.0,0.0,0.0,0.0,1.0,0.0,1.0,0.0,0.0,1.0,0.0,0.0,0.0,0.0,1.0,1.0,0.0,0.0,1.0,0.0,0.0,1.0,0.0,1.0,0.0,0.0,0.0,0.0,0.0,1.0,0.0,0.0,0.0,0.0,0.0,0.0,1.0,1.0,0.0,0.0,1.0,0.0,0.0,0.0,0.0,0.0
162,Polyimide,Po_0233,Cc1cc2cc(Cl)c1c(=O)n(-c1ccc(Oc3ccc(-c4cc5ccc4c(=O)oc5=O)cc3Br)cc1)c2=O,571.4740621795858,3.5122187281003585,55.87522788203496,0.898948,162,1.0,1.0,1.0,0.0,0.0,0.0,0.0,0.0,0.0,0.0,1.0,0.0,0.0,0.0,1.0,0.0,0.0,1.0,0.0,0.0,0.0,0.0,1.0,0.0,1.0,0.0,0.0,1.0,0.0,0.0,0.0,0.0,1.0,1.0,0.0,0.0,1.0,0.0,0.0,1.0,0.0,1.0,0.0,0.0,0.0,0.0,0.0,1.0,0.0,0.0,0.0,0.0,0.0,0.0,1.0,1.0,0.0,0.0,1.0,0.0,0.0,0.0,0.0,0.0
163,Polyimide,Po_0118,Nc1cc(Oc2ccc(-n3c(=O)c4ccc(cc4)c3=O)cc2)c(Br)cc1-c1cc2c(Br)cc1c(=O)oc2=O,588.4590159958213,3.51343620126617,57.249300860652355,0.898935,163,1.0,1.0,1.0,0.0,0.0,0.0,0.0,0.0,0.0,0.0,1.0,0.0,0.0,0.0,1.0,0.0,0.0,1.0,0.0,0.0,0.0,0.0,1.0,0.0,1.0,0.0,0.0,1.0,0.0,0.0,0.0,0.0,1.0,1.0,0.0,0.0,1.0,0.0,0.0,1.0,0.0,1.0,0.0,0.0,0.0,0.0,0.0,1.0,0.0,0.0,0.0,0.0,0.0,0.0,1.0,1.0,0.0,0.0,1.0,0.0,0.0,0.0,0.0,0.0
164,Polyimide,Po_0184,N#Cc1cc(Oc2ccc(-n3c(=O)c4ccc(cc4)c3=O)cc2)c(N)c(S(N)(=O)=O)c1-c1cc2ccc1c(=O)oc2=O,588.5484477485804,3.513825094303444,55.53112032220704,0.89891,164,1.0,1.0,1.0,0.0,0.0,0.0,0.0,0.0,0.0,0.0,1.0,0.0,0.0,0.0,1.0,0.0,0.0,1.0,0.0,0.0,0.0,0.0,1.0,0.0,1.0,0.0,0.0,1.0,0.0,0.0,0.0,0.0,1.0,1.0,0.0,0.0,1.0,0.0,0.0,1.0,0.0,1.0,0.0,0.0,0.0,0.0,0.0,1.0,0.0,0.0,0.0,0.0,0.0,0.0,1.0,1.0,0.0,0.0,1.0,0.0,0.0,0.0,0.0,0.0
165,Polybenzoxazole,Po_0065,Nc1cccc2nc(-c3ccc4oc(-c5ccccc5Cl)nc4c3)oc12,716.1128392378238,1.9963369007304086,32.41711566475827,0.898882,165,,,,,,,,,,,,,,,,,,,,,,,,,,,,,,,,,,,,,,,,,,,,,,,,,,,,,,,,,,,,,,,,
166,Polyimide,Po_0215,Nc1cc(Oc2ccc(-n3c(=O)c4ccc(c(Br)c4)c3=O)cc2)c(Br)cc1-c1cc2ccc1c(=O)oc2=O,605.6422099667113,3.517413297183927,55.149356706879566,0.898719,166,1.0,1.0,1.0,0.0,0.0,0.0,0.0,0.0,0.0,0.0,1.0,0.0,0.0,0.0,1.0,0.0,0.0,1.0,0.0,0.0,0.0,0.0,1.0,0.0,1.0,0.0,0.0,1.0,0.0,0.0,0.0,0.0,1.0,1.0,0.0,0.0,1.0,0.0,0.0,1.0,0.0,1.0,0.0,0.0,0.0,0.0,0.0,1.0,0.0,0.0,0.0,0.0,0.0,0.0,1.0,1.0,0.0,0.0,1.0,0.0,0.0,0.0,0.0,0.0
167,Polybenzoxazole,Po_0021,Nc1cccc(-c2nc3cc(-c4nc5ccccc5o4)ccc3o2)c1,747.4587763680655,2.275391188302273,33.770263001509676,0.89857,167,,,,,,,,,,,,,,,,,,,,,,,,,,,,,,,,,,,,,,,,,,,,,,,,,,,,,,,,,,,,,,,,
168,Polyimide,Po_0078,N#Cc1c(Br)c2cc(N)c1c(=O)n(-c1ccc(Oc3ccc(-c4cc5ccc4c(=O)oc5=O)cc3)c(N)c1)c2=O,570.4610298207351,3.520875166310184,54.98774629873789,0.898366,168,1.0,1.0,1.0,0.0,0.0,0.0,0.0,0.0,0.0,0.0,1.0,0.0,0.0,0.0,1.0,0.0,0.0,1.0,0.0,0.0,0.0,0.0,1.0,0.0,1.0,0.0,0.0,1.0,0.0,0.0,0.0,0.0,1.0,1.0,0.0,0.0,1.0,0.0,0.0,1.0,0.0,1.0,0.0,0.0,0.0,0.0,0.0,1.0,0.0,0.0,0.0,0.0,0.0,0.0,1.0,1.0,0.0,0.0,1.0,0.0,0.0,0.0,0.0,0.0
169,Polybenzoxazole,Po_0189,Cc1c(-c2nc3cc(-c4nc5ccccc5o4)ccc3o2)c(S(N)(=O)=O)cc(S(N)(=O)=O)c1S(N)(=O)=O,706.9035101621856,1.91679337594581,32.37374225182204,0.898301,169,,,,,,,,,,,,,,,,,,,,,,,,,,,,,,,,,,,,,,,,,,,,,,,,,,,,,,,,,,,,,,,,
170,Polyimide,Po_0139,CCc1cc(-c2cc3ccc2c(=O)oc3=O)ccc1Oc1ccc(-n2c(=O)c3ccc(cc3)c2=O)c(N)c1,596.3353242355879,3.524341914435367,57.385981846670255,0.898233,170,1.0,1.0,1.0,0.0,0.0,0.0,0.0,0.0,0.0,0.0,1.0,0.0,0.0,0.0,1.0,0.0,0.0,1.0,0.0,0.0,0.0,0.0,1.0,0.0,1.0,0.0,0.0,1.0,0.0,0.0,0.0,0.0,1.0,1.0,0.0,0.0,1.0,0.0,0.0,1.0,0.0,1.0,0.0,0.0,0.0,0.0,0.0,1.0,0.0,0.0,0.0,0.0,0.0,0.0,1.0,1.0,0.0,0.0,1.0,0.0,0.0,0.0,0.0,0.0
171,Polyimide,Po_0210,Nc1cc2cc(Cl)c1c(=O)n(-c1ccc(Oc3ccc(-c4c(Cl)c5ccc4c(=O)oc5=O)cc3)cc1)c2=O,598.4455366923752,3.525626484882821,56.16159388292653,0.898153,171,1.0,1.0,1.0,0.0,0.0,0.0,0.0,0.0,0.0,0.0,1.0,0.0,0.0,0.0,1.0,0.0,0.0,1.0,0.0,0.0,0.0,0.0,1.0,0.0,1.0,0.0,0.0,1.0,0.0,0.0,0.0,0.0,1.0,1.0,0.0,0.0,1.0,0.0,0.0,1.0,0.0,1.0,0.0,0.0,0.0,0.0,0.0,1.0,0.0,0.0,0.0,0.0,0.0,0.0,1.0,1.0,0.0,0.0,1.0,0.0,0.0,0.0,0.0,0.0
172,Polybenzoxazole,Po_0230,Cc1cc(C#N)c(-c2nc3cc(-c4nc5ccccc5o4)ccc3o2)c(Cl)c1N,724.1674419939513,1.9517802164174864,32.3507948245113,0.897999,172,,,,,,,,,,,,,,,,,,,,,,,,,,,,,,,,,,,,,,,,,,,,,,,,,,,,,,,,,,,,,,,,
173,Polybenzoxazole,Po_0128,N#Cc1ccc(N)c(Cl)c1-c1nc2cc(-c3nc4ccccc4o3)ccc2o1,718.2157685473677,1.9841977419898296,32.32003609101555,0.897588,173,,,,,,,,,,,,,,,,,,,,,,,,,,,,,,,,,,,,,,,,,,,,,,,,,,,,,,,,,,,,,,,,
174,Polyimide,Po_0056,Nc1cc2c(F)c(Br)c1c(=O)n(-c1ccc(Oc3ccc(-c4cc5ccc4c(=O)oc5=O)cc3S(N)(=O)=O)cc1)c2=O,598.2209293565274,3.5371283722190587,56.060570537769664,0.897386,174,1.0,1.0,1.0,0.0,0.0,0.0,0.0,0.0,0.0,0.0,1.0,0.0,0.0,0.0,1.0,0.0,0.0,1.0,0.0,0.0,0.0,0.0,1.0,0.0,1.0,0.0,0.0,1.0,0.0,0.0,0.0,0.0,1.0,1.0,0.0,0.0,1.0,0.0,0.0,1.0,0.0,1.0,0.0,0.0,0.0,0.0,0.0,1.0,0.0,0.0,0.0,0.0,0.0,0.0,1.0,1.0,0.0,0.0,1.0,0.0,0.0,0.0,0.0,0.0
175,Polybenzoxazole,Po_0118,CCc1ccc(-c2nc3cc(-c4nc5ccccc5o4)cc(F)c3o2)cc1,738.0646378156914,2.126707356556562,32.93222735155172,0.897307,175,,,,,,,,,,,,,,,,,,,,,,,,,,,,,,,,,,,,,,,,,,,,,,,,,,,,,,,,,,,,,,,,
176,Polyimide,Po_0055,Nc1c(F)c2c(Br)cc1c(=O)n(-c1ccc(Oc3ccc(-c4cc5ccc4c(=O)oc5=O)cc3)cc1F)c2=O,608.7819617324297,3.5391241974797683,56.49754782809458,0.897279,176,1.0,1.0,1.0,0.0,0.0,0.0,0.0,0.0,0.0,0.0,1.0,0.0,0.0,0.0,1.0,0.0,0.0,1.0,0.0,0.0,0.0,0.0,1.0,0.0,1.0,0.0,0.0,1.0,0.0,0.0,0.0,0.0,1.0,1.0,0.0,0.0,1.0,0.0,0.0,1.0,0.0,1.0,0.0,0.0,0.0,0.0,0.0,1.0,0.0,0.0,0.0,0.0,0.0,0.0,1.0,1.0,0.0,0.0,1.0,0.0,0.0,0.0,0.0,0.0
177,Polyimide,Po_0069,N#Cc1c(Br)c2c(N)c(N)c1c(=O)n(-c1ccc(Oc3ccc(-c4cc5ccc4c(=O)oc5=O)cc3)cc1N)c2=O,601.907646330225,3.539911797549632,55.22599272319812,0.89721,177,1.0,1.0,1.0,0.0,0.0,0.0,0.0,0.0,0.0,0.0,1.0,0.0,0.0,0.0,1.0,0.0,0.0,1.0,0.0,0.0,0.0,0.0,1.0,0.0,1.0,0.0,0.0,1.0,0.0,0.0,0.0,0.0,1.0,1.0,0.0,0.0,1.0,0.0,0.0,1.0,0.0,1.0,0.0,0.0,0.0,0.0,0.0,1.0,0.0,0.0,0.0,0.0,0.0,0.0,1.0,1.0,0.0,0.0,1.0,0.0,0.0,0.0,0.0,0.0
178,Polyimide,Po_0107,O=c1oc(=O)c2ccc1cc2-c1ccc(Oc2ccc(-n3c(=O)c4ccc(c(Cl)c4)c3=O)cc2)c(Br)c1,582.2805952166619,3.543807664373733,56.950545247493345,0.896888,178,1.0,1.0,1.0,0.0,0.0,0.0,0.0,0.0,0.0,0.0,1.0,0.0,0.0,0.0,1.0,0.0,0.0,1.0,0.0,0.0,0.0,0.0,1.0,0.0,1.0,0.0,0.0,1.0,0.0,0.0,0.0,0.0,1.0,1.0,0.0,0.0,1.0,0.0,0.0,1.0,0.0,1.0,0.0,0.0,0.0,0.0,0.0,1.0,0.0,0.0,0.0,0.0,0.0,0.0,1.0,1.0,0.0,0.0,1.0,0.0,0.0,0.0,0.0,0.0
179,Polybenzoxazole,Po_0113,Nc1ccc2oc(-c3ccc4oc(-c5cccc(Br)c5)nc4c3)nc2c1,741.7018659349181,2.1683580115586563,33.097144032529684,0.89673,179,,,,,,,,,,,,,,,,,,,,,,,,,,,,,,,,,,,,,,,,,,,,,,,,,,,,,,,,,,,,,,,,
180,Polyimide,Po_0192,Cc1c(Br)c2c(N)c(N)c1c(=O)n(-c1ccc(Oc3ccc(-c4cc5ccc4c(=O)oc5=O)cc3)cc1N)c2=O,551.8536356485617,3.5438800226442106,56.722838157350026,0.896723,180,1.0,1.0,1.0,0.0,0.0,0.0,0.0,0.0,0.0,0.0,1.0,0.0,0.0,0.0,1.0,0.0,0.0,1.0,0.0,0.0,0.0,0.0,1.0,0.0,1.0,0.0,0.0,1.0,0.0,0.0,0.0,0.0,1.0,1.0,0.0,0.0,1.0,0.0,0.0,1.0,0.0,1.0,0.0,0.0,0.0,0.0,0.0,1.0,0.0,0.0,0.0,0.0,0.0,0.0,1.0,1.0,0.0,0.0,1.0,0.0,0.0,0.0,0.0,0.0
181,Polyimide,Po_0083,Cc1cc(Oc2ccc(-n3c(=O)c4cc(N)c(c(Br)c4F)c3=O)cc2)ccc1-c1cc2ccc1c(=O)oc2=O,589.0797293711611,3.5471684452879737,58.092143533666935,0.896689,181,1.0,1.0,1.0,0.0,0.0,0.0,0.0,0.0,0.0,0.0,1.0,0.0,0.0,0.0,1.0,0.0,0.0,1.0,0.0,0.0,0.0,0.0,1.0,0.0,1.0,0.0,0.0,1.0,0.0,0.0,0.0,0.0,1.0,1.0,0.0,0.0,1.0,0.0,0.0,1.0,0.0,1.0,0.0,0.0,0.0,0.0,0.0,1.0,0.0,0.0,0.0,0.0,0.0,0.0,1.0,1.0,0.0,0.0,1.0,0.0,0.0,0.0,0.0,0.0
182,Polybenzoxazole,Po_0100,Nc1cc2nc(-c3ccc4oc(-c5ccccc5)nc4c3)oc2c(N)c1Cl,723.1955000574876,2.1664761228705816,33.071447711130965,0.896509,182,,,,,,,,,,,,,,,,,,,,,,,,,,,,,,,,,,,,,,,,,,,,,,,,,,,,,,,,,,,,,,,,
183,Polyimide,Po_0047,N#Cc1cc(Oc2ccc(-n3c(=O)c4ccc(cc4)c3=O)cc2)cc(S(N)(=O)=O)c1-c1cc2ccc1c(=O)oc2=O,584.1228848432842,3.5531560106206395,57.40312991727733,0.896272,183,1.0,1.0,1.0,0.0,0.0,0.0,0.0,0.0,0.0,0.0,1.0,0.0,0.0,0.0,1.0,0.0,0.0,1.0,0.0,0.0,0.0,0.0,1.0,0.0,1.0,0.0,0.0,1.0,0.0,0.0,0.0,0.0,1.0,1.0,0.0,0.0,1.0,0.0,0.0,1.0,0.0,1.0,0.0,0.0,0.0,0.0,0.0,1.0,0.0,0.0,0.0,0.0,0.0,0.0,1.0,1.0,0.0,0.0,1.0,0.0,0.0,0.0,0.0,0.0
184,Polyimide,Po_0024,Nc1cc2ccc1c(=O)n(-c1ccc(Oc3ccc(-c4cc5ccc4c(=O)oc5=O)cc3)cc1F)c2=O,559.186684349429,3.5525427036108734,54.435194508109845,0.896194,184,1.0,1.0,1.0,0.0,0.0,0.0,0.0,0.0,0.0,0.0,1.0,0.0,0.0,0.0,1.0,0.0,0.0,1.0,0.0,0.0,0.0,0.0,1.0,0.0,1.0,0.0,0.0,1.0,0.0,0.0,0.0,0.0,1.0,1.0,0.0,0.0,1.0,0.0,0.0,1.0,0.0,1.0,0.0,0.0,0.0,0.0,0.0,1.0,0.0,0.0,0.0,0.0,0.0,0.0,1.0,1.0,0.0,0.0,1.0,0.0,0.0,0.0,0.0,0.0
185,Polyimide,Po_0032,COc1cc(-c2cc3ccc2c(=O)oc3=O)ccc1Oc1ccc(-n2c(=O)c3ccc(cc3)c2=O)cc1,602.8015717954547,3.5587915025965744,56.39613487710677,0.895954,185,1.0,1.0,1.0,0.0,0.0,0.0,0.0,0.0,0.0,0.0,1.0,0.0,0.0,0.0,1.0,0.0,0.0,1.0,0.0,0.0,0.0,0.0,1.0,0.0,1.0,0.0,0.0,1.0,0.0,0.0,0.0,0.0,1.0,1.0,0.0,0.0,1.0,0.0,0.0,1.0,0.0,1.0,0.0,0.0,0.0,0.0,0.0,1.0,0.0,0.0,0.0,0.0,0.0,0.0,1.0,1.0,0.0,0.0,1.0,0.0,0.0,0.0,0.0,0.0
186,Polyimide,Po_0146,O=c1oc(=O)c2ccc1cc2-c1ccc(Oc2ccc(-n3c(=O)c4ccc(c(Br)c4)c3=O)cc2)c(Cl)c1,577.9988943628988,3.5580851035845,54.90294604227043,0.895919,186,1.0,1.0,1.0,0.0,0.0,0.0,0.0,0.0,0.0,0.0,1.0,0.0,0.0,0.0,1.0,0.0,0.0,1.0,0.0,0.0,0.0,0.0,1.0,0.0,1.0,0.0,0.0,1.0,0.0,0.0,0.0,0.0,1.0,1.0,0.0,0.0,1.0,0.0,0.0,1.0,0.0,1.0,0.0,0.0,0.0,0.0,0.0,1.0,0.0,0.0,0.0,0.0,0.0,0.0,1.0,1.0,0.0,0.0,1.0,0.0,0.0,0.0,0.0,0.0
187,Polybenzoxazole,Po_0124,CCc1cc(-c2nc3cc(-c4nc5ccccc5o4)ccc3o2)cc(S(N)(=O)=O)c1Br,724.0481648505084,2.0756810055096904,32.553362532194825,0.895655,187,,,,,,,,,,,,,,,,,,,,,,,,,,,,,,,,,,,,,,,,,,,,,,,,,,,,,,,,,,,,,,,,
188,Polyimide,Po_0136,N#Cc1c(Br)c(Oc2ccc(-n3c(=O)c4ccc(cc4)c3=O)cc2)c(F)c(Br)c1-c1cc2ccc1c(=O)oc2=O,607.1215290613366,3.564039912827752,56.48435351827834,0.895614,188,1.0,1.0,1.0,0.0,0.0,0.0,0.0,0.0,0.0,0.0,1.0,0.0,0.0,0.0,1.0,0.0,0.0,1.0,0.0,0.0,0.0,0.0,1.0,0.0,1.0,0.0,0.0,1.0,0.0,0.0,0.0,0.0,1.0,1.0,0.0,0.0,1.0,0.0,0.0,1.0,0.0,1.0,0.0,0.0,0.0,0.0,0.0,1.0,0.0,0.0,0.0,0.0,0.0,0.0,1.0,1.0,0.0,0.0,1.0,0.0,0.0,0.0,0.0,0.0
189,Polyimide,Po_0175,N#Cc1c(C#N)c2ccc1c(=O)n(-c1ccc(Oc3c(Br)cc(-c4cc5ccc4c(=O)oc5=O)c(Br)c3F)cc1)c2=O,567.9652705679406,3.56260040081636,54.76435069248659,0.895572,189,1.0,1.0,1.0,0.0,0.0,0.0,0.0,0.0,0.0,0.0,1.0,0.0,0.0,0.0,1.0,0.0,0.0,1.0,0.0,0.0,0.0,0.0,1.0,0.0,1.0,0.0,0.0,1.0,0.0,0.0,0.0,0.0,1.0,1.0,0.0,0.0,1.0,0.0,0.0,1.0,0.0,1.0,0.0,0.0,0.0,0.0,0.0,1.0,0.0,0.0,0.0,0.0,0.0,0.0,1.0,1.0,0.0,0.0,1.0,0.0,0.0,0.0,0.0,0.0
190,Polybenzoxazole,Po_0133,Fc1cccc(-c2nc3cc(-c4nc5ccccc5o4)ccc3o2)c1F,723.8838501749113,2.278988894923425,33.56168309897004,0.895545,190,,,,,,,,,,,,,,,,,,,,,,,,,,,,,,,,,,,,,,,,,,,,,,,,,,,,,,,,,,,,,,,,
191,Polybenzoxazole,Po_0237,Nc1ccc2oc(-c3ccc4oc(-c5ccccc5)nc4c3)nc2c1Cl,753.0390231229924,2.4790402202670907,34.559972694078176,0.895524,191,,,,,,,,,,,,,,,,,,,,,,,,,,,,,,,,,,,,,,,,,,,,,,,,,,,,,,,,,,,,,,,,
192,Polybenzoxazole,Po_0121,Nc1cc(-c2nc3cc(-c4nc5ccccc5o4)ccc3o2)c(S(N)(=O)=O)cc1S(N)(=O)=O,724.2885055405924,2.2459795136544645,33.39262265227471,0.895492,192,,,,,,,,,,,,,,,,,,,,,,,,,,,,,,,,,,,,,,,,,,,,,,,,,,,,,,,,,,,,,,,,
193,Polyimide,Po_0052,N#Cc1c(N)c2c(Br)c(F)c1c(=O)n(-c1ccc(Oc3ccc(-c4cc5ccc4c(=O)oc5=O)cc3)c(F)c1)c2=O,604.9909971870414,3.5658468666929903,57.45783522697908,0.895489,193,1.0,1.0,1.0,0.0,0.0,0.0,0.0,0.0,0.0,0.0,1.0,0.0,0.0,0.0,1.0,0.0,0.0,1.0,0.0,0.0,0.0,0.0,1.0,0.0,1.0,0.0,0.0,1.0,0.0,0.0,0.0,0.0,1.0,1.0,0.0,0.0,1.0,0.0,0.0,1.0,0.0,1.0,0.0,0.0,0.0,0.0,0.0,1.0,0.0,0.0,0.0,0.0,0.0,0.0,1.0,1.0,0.0,0.0,1.0,0.0,0.0,0.0,0.0,0.0
194,Polyimide,Po_0219,Cc1c(-c2cc3ccc2c(=O)oc3=O)ccc(Oc2ccc(-n3c(=O)c4ccc(cc4)c3=O)cc2)c1Cl,569.2509415213794,3.564090995609538,54.777462830923795,0.895479,194,1.0,1.0,1.0,0.0,0.0,0.0,0.0,0.0,0.0,0.0,1.0,0.0,0.0,0.0,1.0,0.0,0.0,1.0,0.0,0.0,0.0,0.0,1.0,0.0,1.0,0.0,0.0,1.0,0.0,0.0,0.0,0.0,1.0,1.0,0.0,0.0,1.0,0.0,0.0,1.0,0.0,1.0,0.0,0.0,0.0,0.0,0.0,1.0,0.0,0.0,0.0,0.0,0.0,0.0,1.0,1.0,0.0,0.0,1.0,0.0,0.0,0.0,0.0,0.0
195,Polyimide,Po_0160,COc1cc(-c2cc3ccc2c(=O)oc3=O)ccc1Oc1ccc(-n2c(=O)c3ccc(c(C#N)c3C)c2=O)cc1,595.6425757590079,3.565751286051942,54.98162661559111,0.89547,195,1.0,1.0,1.0,0.0,0.0,0.0,0.0,0.0,0.0,0.0,1.0,0.0,0.0,0.0,1.0,0.0,0.0,1.0,0.0,0.0,0.0,0.0,1.0,0.0,1.0,0.0,0.0,1.0,0.0,0.0,0.0,0.0,1.0,1.0,0.0,0.0,1.0,0.0,0.0,1.0,0.0,1.0,0.0,0.0,0.0,0.0,0.0,1.0,0.0,0.0,0.0,0.0,0.0,0.0,1.0,1.0,0.0,0.0,1.0,0.0,0.0,0.0,0.0,0.0
196,Polybenzoxazole,Po_0188,CCc1cc(Br)c(F)c(OC)c1-c1nc2cc(-c3nc4ccccc4o3)ccc2o1,747.7792836801366,2.3587198931200772,33.95315690836981,0.895454,196,,,,,,,,,,,,,,,,,,,,,,,,,,,,,,,,,,,,,,,,,,,,,,,,,,,,,,,,,,,,,,,,
197,Polyimide,Po_0174,COc1cc(Oc2ccc(-c3cc4ccc3c(=O)oc4=O)cc2)cc(S(N)(=O)=O)c1-n1c(=O)c2ccc(c(Br)c2)c1=O,621.300982053784,3.568419497528579,56.8054589790015,0.895351,197,1.0,1.0,1.0,0.0,0.0,0.0,0.0,0.0,0.0,0.0,1.0,0.0,0.0,0.0,1.0,0.0,0.0,1.0,0.0,0.0,0.0,0.0,1.0,0.0,1.0,0.0,0.0,1.0,0.0,0.0,0.0,0.0,1.0,1.0,0.0,0.0,1.0,0.0,0.0,1.0,0.0,1.0,0.0,0.0,0.0,0.0,0.0,1.0,0.0,0.0,0.0,0.0,0.0,0.0,1.0,1.0,0.0,0.0,1.0,0.0,0.0,0.0,0.0,0.0
198,Polybenzoxazole,Po_0011,N#Cc1cccc(-c2nc3cc(-c4nc5ccccc5o4)ccc3o2)c1N,725.3186784779763,2.303978390703677,33.66116508690775,0.895206,198,,,,,,,,,,,,,,,,,,,,,,,,,,,,,,,,,,,,,,,,,,,,,,,,,,,,,,,,,,,,,,,,
199,Polyimide,Po_0148,Nc1cc(Oc2ccc(-c3cc4ccc3c(=O)oc4=O)cc2)cc(Br)c1-n1c(=O)c2cc(Br)c(c(N)c2N)c1=O,589.4131227267809,3.570328115357063,56.17417319407677,0.895146,199,1.0,1.0,1.0,0.0,0.0,0.0,0.0,0.0,0.0,0.0,1.0,0.0,0.0,0.0,1.0,0.0,0.0,1.0,0.0,0.0,0.0,0.0,1.0,0.0,1.0,0.0,0.0,1.0,0.0,0.0,0.0,0.0,1.0,1.0,0.0,0.0,1.0,0.0,0.0,1.0,0.0,1.0,0.0,0.0,0.0,0.0,0.0,1.0,0.0,0.0,0.0,0.0,0.0,0.0,1.0,1.0,0.0,0.0,1.0,0.0,0.0,0.0,0.0,0.0
200,Polyimide,Po_0236,Nc1cc2c(Br)cc1c(=O)n(-c1ccc(Oc3ccc(-c4cc5ccc4c(=O)oc5=O)cc3F)cc1)c2=O,603.924068171438,3.571421287542453,56.93011435005827,0.895115,200,1.0,1.0,1.0,0.0,0.0,0.0,0.0,0.0,0.0,0.0,1.0,0.0,0.0,0.0,1.0,0.0,0.0,1.0,0.0,0.0,0.0,0.0,1.0,0.0,1.0,0.0,0.0,1.0,0.0,0.0,0.0,0.0,1.0,1.0,0.0,0.0,1.0,0.0,0.0,1.0,0.0,1.0,0.0,0.0,0.0,0.0,0.0,1.0,0.0,0.0,0.0,0.0,0.0,0.0,1.0,1.0,0.0,0.0,1.0,0.0,0.0,0.0,0.0,0.0
201,Polyimide,Po_0115,CCc1c(Br)c(Oc2ccc(-c3cc4ccc3c(=O)oc4=O)cc2)c(Br)c(CC)c1-n1c(=O)c2ccc(cc2)c1=O,584.2347441677108,3.570921755350145,55.68604335333457,0.895088,201,1.0,1.0,1.0,0.0,0.0,0.0,0.0,0.0,0.0,0.0,1.0,0.0,0.0,0.0,1.0,0.0,0.0,1.0,0.0,0.0,0.0,0.0,1.0,0.0,1.0,0.0,0.0,1.0,0.0,0.0,0.0,0.0,1.0,1.0,0.0,0.0,1.0,0.0,0.0,1.0,0.0,1.0,0.0,0.0,0.0,0.0,0.0,1.0,0.0,0.0,0.0,0.0,0.0,0.0,1.0,1.0,0.0,0.0,1.0,0.0,0.0,0.0,0.0,0.0
202,Polyimide,Po_0093,COc1cc(-c2cc3ccc2c(=O)oc3=O)ccc1Oc1ccc(-n2c(=O)c3ccc(c(Cl)c3)c2=O)cc1,585.4383477536157,3.571622837122686,56.009444819884514,0.895046,202,1.0,1.0,1.0,0.0,0.0,0.0,0.0,0.0,0.0,0.0,1.0,0.0,0.0,0.0,1.0,0.0,0.0,1.0,0.0,0.0,0.0,0.0,1.0,0.0,1.0,0.0,0.0,1.0,0.0,0.0,0.0,0.0,1.0,1.0,0.0,0.0,1.0,0.0,0.0,1.0,0.0,1.0,0.0,0.0,0.0,0.0,0.0,1.0,0.0,0.0,0.0,0.0,0.0,0.0,1.0,1.0,0.0,0.0,1.0,0.0,0.0,0.0,0.0,0.0
203,Polyimide,Po_0145,N#Cc1c(Br)c2c(N)c(N)c1c(=O)n(-c1c(N)cc(Oc3ccc(-c4cc5ccc4c(=O)oc5=O)cc3)cc1N)c2=O,575.8833090596613,3.5745103916890524,56.14378853921298,0.894815,203,1.0,1.0,1.0,0.0,0.0,0.0,0.0,0.0,0.0,0.0,1.0,0.0,0.0,0.0,1.0,0.0,0.0,1.0,0.0,0.0,0.0,0.0,1.0,0.0,1.0,0.0,0.0,1.0,0.0,0.0,0.0,0.0,1.0,1.0,0.0,0.0,1.0,0.0,0.0,1.0,0.0,1.0,0.0,0.0,0.0,0.0,0.0,1.0,0.0,0.0,0.0,0.0,0.0,0.0,1.0,1.0,0.0,0.0,1.0,0.0,0.0,0.0,0.0,0.0
204,Polybenzoxazole,Po_0110,N#Cc1c(-c2nc3ccccc3o2)cc2nc(-c3ccccc3)oc2c1F,738.1317516322539,2.276245404790695,33.485312930916194,0.894713,204,,,,,,,,,,,,,,,,,,,,,,,,,,,,,,,,,,,,,,,,,,,,,,,,,,,,,,,,,,,,,,,,
205,Polybenzoxazole,Po_0003,Nc1cc(-c2nc3ccccc3o2)cc2nc(-c3ccccc3)oc12,728.673526052124,2.3152856883688306,33.66506124088438,0.894505,205,,,,,,,,,,,,,,,,,,,,,,,,,,,,,,,,,,,,,,,,,,,,,,,,,,,,,,,,,,,,,,,,
206,Polyimide,Po_0235,CCc1c(OC)c2ccc1c(=O)n(-c1ccc(Oc3c(Br)cc(-c4cc5ccc4c(=O)oc5=O)cc3Br)cc1)c2=O,605.3934461408573,3.5840273468649912,56.586076157456624,0.894278,206,1.0,1.0,1.0,0.0,0.0,0.0,0.0,0.0,0.0,0.0,1.0,0.0,0.0,0.0,1.0,0.0,0.0,1.0,0.0,0.0,0.0,0.0,1.0,0.0,1.0,0.0,0.0,1.0,0.0,0.0,0.0,0.0,1.0,1.0,0.0,0.0,1.0,0.0,0.0,1.0,0.0,1.0,0.0,0.0,0.0,0.0,0.0,1.0,0.0,0.0,0.0,0.0,0.0,0.0,1.0,1.0,0.0,0.0,1.0,0.0,0.0,0.0,0.0,0.0
207,Polyimide,Po_0178,COc1cc(-c2cc3ccc2c(=O)oc3=O)ccc1Oc1ccc(-n2c(=O)c3ccc(c(Br)c3)c2=O)cc1,588.588849588836,3.5835209357663547,56.38741880055213,0.894263,207,1.0,1.0,1.0,0.0,0.0,0.0,0.0,0.0,0.0,0.0,1.0,0.0,0.0,0.0,1.0,0.0,0.0,1.0,0.0,0.0,0.0,0.0,1.0,0.0,1.0,0.0,0.0,1.0,0.0,0.0,0.0,0.0,1.0,1.0,0.0,0.0,1.0,0.0,0.0,1.0,0.0,1.0,0.0,0.0,0.0,0.0,0.0,1.0,0.0,0.0,0.0,0.0,0.0,0.0,1.0,1.0,0.0,0.0,1.0,0.0,0.0,0.0,0.0,0.0
208,Polyimide,Po_0221,Nc1cc2ccc1c(=O)n(-c1cc(Br)c(Oc3ccc(-c4cc5ccc4c(=O)oc5=O)cc3)c(Br)c1Cl)c2=O,599.9173549784175,3.5844763967496,56.114235518944874,0.894234,208,1.0,1.0,1.0,0.0,0.0,0.0,0.0,0.0,0.0,0.0,1.0,0.0,0.0,0.0,1.0,0.0,0.0,1.0,0.0,0.0,0.0,0.0,1.0,0.0,1.0,0.0,0.0,1.0,0.0,0.0,0.0,0.0,1.0,1.0,0.0,0.0,1.0,0.0,0.0,1.0,0.0,1.0,0.0,0.0,0.0,0.0,0.0,1.0,0.0,0.0,0.0,0.0,0.0,0.0,1.0,1.0,0.0,0.0,1.0,0.0,0.0,0.0,0.0,0.0
209,Polyimide,Po_0239,Nc1cc2c(Cl)cc1c(=O)n(-c1ccc(Oc3ccc(-c4cc5ccc4c(=O)oc5=O)cc3)cc1C(F)(F)F)c2=O,605.66068652684,3.5853838422443656,56.319465441022516,0.894188,209,1.0,1.0,1.0,0.0,0.0,0.0,0.0,0.0,0.0,0.0,1.0,0.0,0.0,0.0,1.0,0.0,0.0,1.0,0.0,0.0,0.0,0.0,1.0,0.0,1.0,0.0,0.0,1.0,0.0,0.0,0.0,0.0,1.0,1.0,0.0,0.0,1.0,0.0,0.0,1.0,0.0,1.0,0.0,0.0,0.0,0.0,0.0,1.0,0.0,0.0,0.0,0.0,0.0,0.0,1.0,1.0,0.0,0.0,1.0,0.0,0.0,0.0,0.0,0.0
210,Polybenzoxazole,Po_0030,CCc1c(-c2nc3ccccc3o2)ccc2oc(-c3ccccc3)nc12,708.3751753535144,2.1176340008896615,32.648555904486734,0.894123,210,,,,,,,,,,,,,,,,,,,,,,,,,,,,,,,,,,,,,,,,,,,,,,,,,,,,,,,,,,,,,,,,
211,Polybenzoxazole,Po_0089,Cc1cc(C#N)c(-c2nc3cc(-c4nc5ccccc5o4)ccc3o2)cc1N,728.1214853559061,1.9834935474138589,32.04964482229323,0.893985,211,,,,,,,,,,,,,,,,,,,,,,,,,,,,,,,,,,,,,,,,,,,,,,,,,,,,,,,,,,,,,,,,
212,Polybenzoxazole,Po_0184,CCc1c(F)c(Br)c(C)c(Br)c1-c1nc2cc(-c3nc4ccccc4o3)ccc2o1,730.1044739757313,1.998949073580016,32.04680285320171,0.893947,212,,,,,,,,,,,,,,,,,,,,,,,,,,,,,,,,,,,,,,,,,,,,,,,,,,,,,,,,,,,,,,,,
213,Polyimide,Po_0155,Nc1cc(Oc2ccc(-c3cc4ccc3c(=O)oc4=O)cc2)ccc1-n1c(=O)c2c(N)c(Cl)c(c(Br)c2F)c1=O,575.2932425397004,3.5890466425417724,56.88614482202815,0.893844,213,1.0,1.0,1.0,0.0,0.0,0.0,0.0,0.0,0.0,0.0,1.0,0.0,0.0,0.0,1.0,0.0,0.0,1.0,0.0,0.0,0.0,0.0,1.0,0.0,1.0,0.0,0.0,1.0,0.0,0.0,0.0,0.0,1.0,1.0,0.0,0.0,1.0,0.0,0.0,1.0,0.0,1.0,0.0,0.0,0.0,0.0,0.0,1.0,0.0,0.0,0.0,0.0,0.0,0.0,1.0,1.0,0.0,0.0,1.0,0.0,0.0,0.0,0.0,0.0
214,Polyimide,Po_0042,Nc1c(F)c2ccc1c(=O)n(-c1ccc(Oc3ccc(-c4cc5ccc4c(=O)oc5=O)cc3)cc1F)c2=O,612.0606898005168,3.591650103040685,57.36806437566737,0.893785,214,1.0,1.0,1.0,0.0,0.0,0.0,0.0,0.0,0.0,0.0,1.0,0.0,0.0,0.0,1.0,0.0,0.0,1.0,0.0,0.0,0.0,0.0,1.0,0.0,1.0,0.0,0.0,1.0,0.0,0.0,0.0,0.0,1.0,1.0,0.0,0.0,1.0,0.0,0.0,1.0,0.0,1.0,0.0,0.0,0.0,0.0,0.0,1.0,0.0,0.0,0.0,0.0,0.0,0.0,1.0,1.0,0.0,0.0,1.0,0.0,0.0,0.0,0.0,0.0
215,Polybenzoxazole,Po_0078,CCc1cccc(-c2nc3cc(-c4nc5ccccc5o4)ccc3o2)c1S(N)(=O)=O,735.7680021557624,2.3705039324028645,33.882922485994,0.89373,215,,,,,,,,,,,,,,,,,,,,,,,,,,,,,,,,,,,,,,,,,,,,,,,,,,,,,,,,,,,,,,,,
216,Polyimide,Po_0202,COc1c(-n2c(=O)c3cc(C)c(c(OC)c3)c2=O)ccc(Oc2ccc(-c3cc4ccc3c(=O)oc4=O)cc2)c1C,583.6386503059937,3.5912991331652035,56.167230232930876,0.893727,216,1.0,1.0,1.0,0.0,0.0,0.0,0.0,0.0,0.0,0.0,1.0,0.0,0.0,0.0,1.0,0.0,0.0,1.0,0.0,0.0,0.0,0.0,1.0,0.0,1.0,0.0,0.0,1.0,0.0,0.0,0.0,0.0,1.0,1.0,0.0,0.0,1.0,0.0,0.0,1.0,0.0,1.0,0.0,0.0,0.0,0.0,0.0,1.0,0.0,0.0,0.0,0.0,0.0,0.0,1.0,1.0,0.0,0.0,1.0,0.0,0.0,0.0,0.0,0.0
217,Polybenzoxazole,Po_0018,Nc1ccc(-c2nc3cc(-c4nc5cc(N)c(N)c(N)c5o4)ccc3o2)cc1,716.1630054611031,2.5700940738642375,34.87563272131841,0.893656,217,,,,,,,,,,,,,,,,,,,,,,,,,,,,,,,,,,,,,,,,,,,,,,,,,,,,,,,,,,,,,,,,
218,Polyimide,Po_0224,Cc1c(-c2cc3ccc2c(=O)oc3=O)ccc(Oc2ccc(-n3c(=O)c4ccc(c(Br)c4)c3=O)cc2)c1Cl,569.2913960636187,3.592369186231958,55.99778232076602,0.893594,218,1.0,1.0,1.0,0.0,0.0,0.0,0.0,0.0,0.0,0.0,1.0,0.0,0.0,0.0,1.0,0.0,0.0,1.0,0.0,0.0,0.0,0.0,1.0,0.0,1.0,0.0,0.0,1.0,0.0,0.0,0.0,0.0,1.0,1.0,0.0,0.0,1.0,0.0,0.0,1.0,0.0,1.0,0.0,0.0,0.0,0.0,0.0,1.0,0.0,0.0,0.0,0.0,0.0,0.0,1.0,1.0,0.0,0.0,1.0,0.0,0.0,0.0,0.0,0.0
219,Polybenzoxazole,Po_0023,CCc1cc(-c2nc3cc(-c4nc5ccccc5o4)ccc3o2)cc(S(N)(=O)=O)c1,723.7119006605404,2.447497404597695,34.24509897648536,0.893424,219,,,,,,,,,,,,,,,,,,,,,,,,,,,,,,,,,,,,,,,,,,,,,,,,,,,,,,,,,,,,,,,,
220,Polyimide,Po_0149,Nc1cc(Oc2ccc(-n3c(=O)c4c(N)c(Br)c(c(Br)c4F)c3=O)cc2)ccc1-c1cc2ccc1c(=O)oc2=O,565.6470619529026,3.5960882387697497,55.47572211547211,0.893328,220,1.0,1.0,1.0,0.0,0.0,0.0,0.0,0.0,0.0,0.0,1.0,0.0,0.0,0.0,1.0,0.0,0.0,1.0,0.0,0.0,0.0,0.0,1.0,0.0,1.0,0.0,0.0,1.0,0.0,0.0,0.0,0.0,1.0,1.0,0.0,0.0,1.0,0.0,0.0,1.0,0.0,1.0,0.0,0.0,0.0,0.0,0.0,1.0,0.0,0.0,0.0,0.0,0.0,0.0,1.0,1.0,0.0,0.0,1.0,0.0,0.0,0.0,0.0,0.0
221,Polybenzoxazole,Po_0025,CCc1cccc(-c2nc3cc(-c4nc5c(Br)cccc5o4)ccc3o2)c1,712.4142416249254,1.8544478782656384,32.00044426615039,0.893325,221,,,,,,,,,,,,,,,,,,,,,,,,,,,,,,,,,,,,,,,,,,,,,,,,,,,,,,,,,,,,,,,,
222,Polybenzoxazole,Po_0001,c1ccc2oc(-c3ccc4oc(-c5ccccc5)nc4c3)nc2c1,716.0298068306145,2.130016985645939,32.643848908381685,0.893237,222,,,,,,,,,,,,,,,,,,,,,,,,,,,,,,,,,,,,,,,,,,,,,,,,,,,,,,,,,,,,,,,,
223,Polybenzoxazole,Po_0081,N#Cc1cc(N)c(Cl)c(-c2nc3cc(-c4nc5ccccc5o4)ccc3o2)c1F,711.541421579858,1.916118990068298,31.990670307531758,0.893195,223,,,,,,,,,,,,,,,,,,,,,,,,,,,,,,,,,,,,,,,,,,,,,,,,,,,,,,,,,,,,,,,,
224,Polyimide,Po_0133,Nc1c(Cl)c2c(F)c(Br)c1c(=O)n(-c1ccc(Oc3ccc(-c4cc5ccc4c(=O)oc5=O)cc3)cc1)c2=O,615.4534351625189,3.602003006293796,56.3756886266664,0.893101,224,1.0,1.0,1.0,0.0,0.0,0.0,0.0,0.0,0.0,0.0,1.0,0.0,0.0,0.0,1.0,0.0,0.0,1.0,0.0,0.0,0.0,0.0,1.0,0.0,1.0,0.0,0.0,1.0,0.0,0.0,0.0,0.0,1.0,1.0,0.0,0.0,1.0,0.0,0.0,1.0,0.0,1.0,0.0,0.0,0.0,0.0,0.0,1.0,0.0,0.0,0.0,0.0,0.0,0.0,1.0,1.0,0.0,0.0,1.0,0.0,0.0,0.0,0.0,0.0
225,Polybenzoxazole,Po_0062,N#Cc1cc(C#N)cc(-c2nc3cc(-c4nc5ccccc5o4)ccc3o2)c1,719.1841036139265,2.257972733547191,33.27218584600699,0.893085,225,,,,,,,,,,,,,,,,,,,,,,,,,,,,,,,,,,,,,,,,,,,,,,,,,,,,,,,,,,,,,,,,
226,Polyimide,Po_0229,Nc1cc(-n2c(=O)c3c(N)c(F)c(c(Br)c3N)c2=O)ccc1Oc1ccc(-c2cc3ccc2c(=O)oc3=O)cc1Br,604.9745851031225,3.605712870346777,54.70805260634311,0.892831,226,1.0,1.0,1.0,0.0,0.0,0.0,0.0,0.0,0.0,0.0,1.0,0.0,0.0,0.0,1.0,0.0,0.0,1.0,0.0,0.0,0.0,0.0,1.0,0.0,1.0,0.0,0.0,1.0,0.0,0.0,0.0,0.0,1.0,1.0,0.0,0.0,1.0,0.0,0.0,1.0,0.0,1.0,0.0,0.0,0.0,0.0,0.0,1.0,0.0,0.0,0.0,0.0,0.0,0.0,1.0,1.0,0.0,0.0,1.0,0.0,0.0,0.0,0.0,0.0
227,Polybenzoxazole,Po_0042,Fc1cc(-c2nc3cc(-c4nc5ccccc5o4)ccc3o2)ccc1Br,712.4923072776384,2.1826827998833926,32.86403975784498,0.892661,227,,,,,,,,,,,,,,,,,,,,,,,,,,,,,,,,,,,,,,,,,,,,,,,,,,,,,,,,,,,,,,,,
228,Polyimide,Po_0026,O=c1oc(=O)c2ccc1cc2-c1ccc(Oc2ccc(-n3c(=O)c4ccc(cc4)c3=O)cc2)c(Br)c1,599.0577458517624,3.6098127271128555,57.47192036145126,0.892542,228,1.0,1.0,1.0,0.0,0.0,0.0,0.0,0.0,0.0,0.0,1.0,0.0,0.0,0.0,1.0,0.0,0.0,1.0,0.0,0.0,0.0,0.0,1.0,0.0,1.0,0.0,0.0,1.0,0.0,0.0,0.0,0.0,1.0,1.0,0.0,0.0,1.0,0.0,0.0,1.0,0.0,1.0,0.0,0.0,0.0,0.0,0.0,1.0,0.0,0.0,0.0,0.0,0.0,0.0,1.0,1.0,0.0,0.0,1.0,0.0,0.0,0.0,0.0,0.0
229,Polyimide,Po_0222,Nc1c(S(N)(=O)=O)c2c(F)c(Br)c1c(=O)n(-c1ccc(Oc3ccc(-c4cc5ccc4c(=O)oc5=O)cc3Br)cc1)c2=O,584.8335228663195,3.609603497843699,55.820626947514135,0.892511,229,1.0,1.0,1.0,0.0,0.0,0.0,0.0,0.0,0.0,0.0,1.0,0.0,0.0,0.0,1.0,0.0,0.0,1.0,0.0,0.0,0.0,0.0,1.0,0.0,1.0,0.0,0.0,1.0,0.0,0.0,0.0,0.0,1.0,1.0,0.0,0.0,1.0,0.0,0.0,1.0,0.0,1.0,0.0,0.0,0.0,0.0,0.0,1.0,0.0,0.0,0.0,0.0,0.0,0.0,1.0,1.0,0.0,0.0,1.0,0.0,0.0,0.0,0.0,0.0
230,Polybenzoxazole,Po_0174,Cc1cc(N)c(C(F)(F)F)cc1-c1nc2cc(-c3nc4ccccc4o3)ccc2o1,730.9228432822819,2.0180656484247868,32.02237899233869,0.892418,230,,,,,,,,,,,,,,,,,,,,,,,,,,,,,,,,,,,,,,,,,,,,,,,,,,,,,,,,,,,,,,,,
231,Polybenzoxazole,Po_0204,COc1c(F)cc(-c2nc3cc(-c4nc5ccccc5o4)ccc3o2)cc1S(N)(=O)=O,728.5604362336903,2.3008417937372605,33.43105445729853,0.892348,231,,,,,,,,,,,,,,,,,,,,,,,,,,,,,,,,,,,,,,,,,,,,,,,,,,,,,,,,,,,,,,,,
232,Polyimide,Po_0157,COc1cc2ccc1c(=O)n(-c1ccc(Oc3ccc(-c4c(N)c5ccc4c(=O)oc5=O)cc3)cc1)c2=O,577.2379190677341,3.6157561877721998,58.6833701757011,0.892071,232,1.0,1.0,1.0,0.0,0.0,0.0,0.0,0.0,0.0,0.0,1.0,0.0,0.0,0.0,1.0,0.0,0.0,1.0,0.0,0.0,0.0,0.0,1.0,0.0,1.0,0.0,0.0,1.0,0.0,0.0,0.0,0.0,1.0,1.0,0.0,0.0,1.0,0.0,0.0,1.0,0.0,1.0,0.0,0.0,0.0,0.0,0.0,1.0,0.0,0.0,0.0,0.0,0.0,0.0,1.0,1.0,0.0,0.0,1.0,0.0,0.0,0.0,0.0,0.0
233,Polybenzoxazole,Po_0094,Nc1ccc(-c2nc3cc(-c4nc5ccccc5o4)cc(Br)c3o2)cc1N,750.4720211073202,2.376901836774825,33.783798575344065,0.891984,233,,,,,,,,,,,,,,,,,,,,,,,,,,,,,,,,,,,,,,,,,,,,,,,,,,,,,,,,,,,,,,,,
234,Polyimide,Po_0205,Nc1c(-n2c(=O)c3ccc(c(S(N)(=O)=O)c3S(N)(=O)=O)c2=O)ccc(Oc2ccc(-c3cc4ccc3c(=O)oc4=O)cc2)c1Br,598.8764310216787,3.6187842764896088,55.555410861940175,0.891944,234,1.0,1.0,1.0,0.0,0.0,0.0,0.0,0.0,0.0,0.0,1.0,0.0,0.0,0.0,1.0,0.0,0.0,1.0,0.0,0.0,0.0,0.0,1.0,0.0,1.0,0.0,0.0,1.0,0.0,0.0,0.0,0.0,1.0,1.0,0.0,0.0,1.0,0.0,0.0,1.0,0.0,1.0,0.0,0.0,0.0,0.0,0.0,1.0,0.0,0.0,0.0,0.0,0.0,0.0,1.0,1.0,0.0,0.0,1.0,0.0,0.0,0.0,0.0,0.0
235,Polybenzoxazole,Po_0115,Nc1cc(F)cc(-c2nc3cc(-c4nc5ccccc5o4)ccc3o2)c1,706.5678757722006,1.8754886452315704,31.89304094371896,0.891891,235,,,,,,,,,,,,,,,,,,,,,,,,,,,,,,,,,,,,,,,,,,,,,,,,,,,,,,,,,,,,,,,,
236,Polyimide,Po_0123,COc1cc(-n2c(=O)c3ccc(cc3)c2=O)ccc1Oc1ccc(-c2cc3ccc2c(=O)oc3=O)cc1Br,594.3467235340347,3.6222490926243243,57.53908583573461,0.8917,236,1.0,1.0,1.0,0.0,0.0,0.0,0.0,0.0,0.0,0.0,1.0,0.0,0.0,0.0,1.0,0.0,0.0,1.0,0.0,0.0,0.0,0.0,1.0,0.0,1.0,0.0,0.0,1.0,0.0,0.0,0.0,0.0,1.0,1.0,0.0,0.0,1.0,0.0,0.0,1.0,0.0,1.0,0.0,0.0,0.0,0.0,0.0,1.0,0.0,0.0,0.0,0.0,0.0,0.0,1.0,1.0,0.0,0.0,1.0,0.0,0.0,0.0,0.0,0.0
237,Polybenzoxazole,Po_0034,N#Cc1cc(-c2nc3ccccc3o2)cc2nc(-c3ccccc3)oc12,727.5851032806871,2.3767663987061534,33.75380874779969,0.891589,237,,,,,,,,,,,,,,,,,,,,,,,,,,,,,,,,,,,,,,,,,,,,,,,,,,,,,,,,,,,,,,,,
238,Polyimide,Po_0234,COc1c(-c2ccc(Oc3ccc(-n4c(=O)c5ccc(cc5)c4=O)cc3)cc2Br)c2ccc1c(=O)oc2=O,583.0633519264179,3.6268941993462454,56.01825094347775,0.891352,238,1.0,1.0,1.0,0.0,0.0,0.0,0.0,0.0,0.0,0.0,1.0,0.0,0.0,0.0,1.0,0.0,0.0,1.0,0.0,0.0,0.0,0.0,1.0,0.0,1.0,0.0,0.0,1.0,0.0,0.0,0.0,0.0,1.0,1.0,0.0,0.0,1.0,0.0,0.0,1.0,0.0,1.0,0.0,0.0,0.0,0.0,0.0,1.0,0.0,0.0,0.0,0.0,0.0,0.0,1.0,1.0,0.0,0.0,1.0,0.0,0.0,0.0,0.0,0.0
239,Polyimide,Po_0079,Cc1cc(Oc2ccc(-n3c(=O)c4ccc(c(N)c4)c3=O)cc2)ccc1-c1cc2c(N)cc1c(=O)oc2=O,570.4411752914641,3.6265443743193453,54.85737986920638,0.891322,239,1.0,1.0,1.0,0.0,0.0,0.0,0.0,0.0,0.0,0.0,1.0,0.0,0.0,0.0,1.0,0.0,0.0,1.0,0.0,0.0,0.0,0.0,1.0,0.0,1.0,0.0,0.0,1.0,0.0,0.0,0.0,0.0,1.0,1.0,0.0,0.0,1.0,0.0,0.0,1.0,0.0,1.0,0.0,0.0,0.0,0.0,0.0,1.0,0.0,0.0,0.0,0.0,0.0,0.0,1.0,1.0,0.0,0.0,1.0,0.0,0.0,0.0,0.0,0.0
240,Polybenzoxazole,Po_0005,Nc1cccc2nc(-c3cc(N)c4oc(-c5ccccc5)nc4c3)oc12,718.9762061661972,2.3211128671435426,33.4472630912654,0.89121,240,,,,,,,,,,,,,,,,,,,,,,,,,,,,,,,,,,,,,,,,,,,,,,,,,,,,,,,,,,,,,,,,
241,Polybenzoxazole,Po_0164,N#Cc1c(F)c(N)c(Cl)c(-c2nc3cc(-c4nc5ccccc5o4)ccc3o2)c1F,717.0853744416531,2.1701131890251193,32.6714973854561,0.890933,241,,,,,,,,,,,,,,,,,,,,,,,,,,,,,,,,,,,,,,,,,,,,,,,,,,,,,,,,,,,,,,,,
242,Polybenzoxazole,Po_0228,Nc1ccc2oc(-c3ccc4oc(-c5ccc(S(N)(=O)=O)cc5)nc4c3)nc2c1,721.0584577010101,2.1584606472360712,32.60890026249528,0.890876,242,,,,,,,,,,,,,,,,,,,,,,,,,,,,,,,,,,,,,,,,,,,,,,,,,,,,,,,,,,,,,,,,
243,Polybenzoxazole,Po_0028,Fc1cc(-c2nc3ccccc3o2)cc2nc(-c3ccccc3)oc12,716.4615667790506,2.123683437120886,32.42855453122906,0.890789,243,,,,,,,,,,,,,,,,,,,,,,,,,,,,,,,,,,,,,,,,,,,,,,,,,,,,,,,,,,,,,,,,
244,Polyimide,Po_0081,O=c1oc(=O)c2ccc1cc2-c1ccc(Oc2ccc(-n3c(=O)c4ccc(c(Br)c4)c3=O)cc2)cc1,595.6511993641185,3.6374487109004496,57.31712072012205,0.89069,244,1.0,1.0,1.0,0.0,0.0,0.0,0.0,0.0,0.0,0.0,1.0,0.0,0.0,0.0,1.0,0.0,0.0,1.0,0.0,0.0,0.0,0.0,1.0,0.0,1.0,0.0,0.0,1.0,0.0,0.0,0.0,0.0,1.0,1.0,0.0,0.0,1.0,0.0,0.0,1.0,0.0,1.0,0.0,0.0,0.0,0.0,0.0,1.0,0.0,0.0,0.0,0.0,0.0,0.0,1.0,1.0,0.0,0.0,1.0,0.0,0.0,0.0,0.0,0.0
245,Polyimide,Po_0189,COc1cc2ccc1c(=O)n(-c1ccc(Oc3c(Br)cc(-c4cc5ccc4c(=O)oc5=O)cc3Br)cc1)c2=O,627.9005929173626,3.6416494025831767,57.08686418732756,0.89048,245,1.0,1.0,1.0,0.0,0.0,0.0,0.0,0.0,0.0,0.0,1.0,0.0,0.0,0.0,1.0,0.0,0.0,1.0,0.0,0.0,0.0,0.0,1.0,0.0,1.0,0.0,0.0,1.0,0.0,0.0,0.0,0.0,1.0,1.0,0.0,0.0,1.0,0.0,0.0,1.0,0.0,1.0,0.0,0.0,0.0,0.0,0.0,1.0,0.0,0.0,0.0,0.0,0.0,0.0,1.0,1.0,0.0,0.0,1.0,0.0,0.0,0.0,0.0,0.0
246,Polybenzoxazole,Po_0198,Cc1cc(-c2nc3cc(-c4nc5ccccc5o4)ccc3o2)c(Br)c(N)c1Cl,725.4715840332085,2.412514571038599,33.84805122535239,0.890462,246,,,,,,,,,,,,,,,,,,,,,,,,,,,,,,,,,,,,,,,,,,,,,,,,,,,,,,,,,,,,,,,,
247,Polyimide,Po_0041,Cc1cc(Oc2ccc(-c3cc4ccc3c(=O)oc4=O)cc2)ccc1-n1c(=O)c2cc(N)c(c(Br)c2F)c1=O,632.8139925158921,3.644538806066103,57.46064729537752,0.890294,247,1.0,1.0,1.0,0.0,0.0,0.0,0.0,0.0,0.0,0.0,1.0,0.0,0.0,0.0,1.0,0.0,0.0,1.0,0.0,0.0,0.0,0.0,1.0,0.0,1.0,0.0,0.0,1.0,0.0,0.0,0.0,0.0,1.0,1.0,0.0,0.0,1.0,0.0,0.0,1.0,0.0,1.0,0.0,0.0,0.0,0.0,0.0,1.0,0.0,0.0,0.0,0.0,0.0,0.0,1.0,1.0,0.0,0.0,1.0,0.0,0.0,0.0,0.0,0.0
248,Polyimide,Po_0137,Nc1cc2c(F)cc1c(=O)n(-c1cc(Cl)c(Oc3ccc(-c4cc5ccc4c(=O)oc5=O)cc3)c(Cl)c1)c2=O,571.0610866945814,3.642799427366532,57.161350851239256,0.890241,248,1.0,1.0,1.0,0.0,0.0,0.0,0.0,0.0,0.0,0.0,1.0,0.0,0.0,0.0,1.0,0.0,0.0,1.0,0.0,0.0,0.0,0.0,1.0,0.0,1.0,0.0,0.0,1.0,0.0,0.0,0.0,0.0,1.0,1.0,0.0,0.0,1.0,0.0,0.0,1.0,0.0,1.0,0.0,0.0,0.0,0.0,0.0,1.0,0.0,0.0,0.0,0.0,0.0,0.0,1.0,1.0,0.0,0.0,1.0,0.0,0.0,0.0,0.0,0.0
249,Polybenzoxazole,Po_0067,CCc1c(-c2nc3cc(-c4nc5ccccc5o4)ccc3o2)ccc(Br)c1F,711.8217784173974,2.2844515287030527,33.1872919507534,0.890186,249,,,,,,,,,,,,,,,,,,,,,,,,,,,,,,,,,,,,,,,,,,,,,,,,,,,,,,,,,,,,,,,,
250,Polybenzoxazole,Po_0031,Cc1ccc(-c2nc3cc(-c4nc5ccccc5o4)ccc3o2)cc1F,721.4436866166265,2.392228131056527,33.72408709947291,0.890161,250,,,,,,,,,,,,,,,,,,,,,,,,,,,,,,,,,,,,,,,,,,,,,,,,,,,,,,,,,,,,,,,,
251,Polyimide,Po_0086,Nc1c(S(N)(=O)=O)c2c(F)cc1c(=O)n(-c1ccc(Oc3ccc(-c4cc5ccc4c(=O)oc5=O)cc3)c(Cl)c1)c2=O,585.9270821209423,3.6486873528893633,56.00308566257253,0.88991,251,1.0,1.0,1.0,0.0,0.0,0.0,0.0,0.0,0.0,0.0,1.0,0.0,0.0,0.0,1.0,0.0,0.0,1.0,0.0,0.0,0.0,0.0,1.0,0.0,1.0,0.0,0.0,1.0,0.0,0.0,0.0,0.0,1.0,1.0,0.0,0.0,1.0,0.0,0.0,1.0,0.0,1.0,0.0,0.0,0.0,0.0,0.0,1.0,0.0,0.0,0.0,0.0,0.0,0.0,1.0,1.0,0.0,0.0,1.0,0.0,0.0,0.0,0.0,0.0
252,Polyimide,Po_0150,N#Cc1cc(Oc2ccc(-c3cc4ccc3c(=O)oc4=O)cc2)ccc1-n1c(=O)c2ccc(c(Br)c2)c1=O,601.2201074493181,3.652967043912988,56.80249537629055,0.889671,252,1.0,1.0,1.0,0.0,0.0,0.0,0.0,0.0,0.0,0.0,1.0,0.0,0.0,0.0,1.0,0.0,0.0,1.0,0.0,0.0,0.0,0.0,1.0,0.0,1.0,0.0,0.0,1.0,0.0,0.0,0.0,0.0,1.0,1.0,0.0,0.0,1.0,0.0,0.0,1.0,0.0,1.0,0.0,0.0,0.0,0.0,0.0,1.0,0.0,0.0,0.0,0.0,0.0,0.0,1.0,1.0,0.0,0.0,1.0,0.0,0.0,0.0,0.0,0.0
253,Polybenzoxazole,Po_0093,N#Cc1cc(N)c(Br)c(-c2nc3cc(-c4nc5ccccc5o4)ccc3o2)c1,724.5947029257485,2.0411156398740045,31.925357670184965,0.889586,253,,,,,,,,,,,,,,,,,,,,,,,,,,,,,,,,,,,,,,,,,,,,,,,,,,,,,,,,,,,,,,,,
254,Polybenzoxazole,Po_0232,Nc1ccc(Br)c2nc(-c3ccc4oc(-c5ccccc5)nc4c3)oc12,710.5308854908179,1.888902246061562,31.7197719056026,0.889582,254,,,,,,,,,,,,,,,,,,,,,,,,,,,,,,,,,,,,,,,,,,,,,,,,,,,,,,,,,,,,,,,,
255,Polybenzoxazole,Po_0186,FC(F)(F)c1cccc(-c2nc3cc(-c4nc5cc(Cl)ccc5o4)ccc3o2)c1,731.7878120213286,2.263469740213833,33.03489519805792,0.889558,255,,,,,,,,,,,,,,,,,,,,,,,,,,,,,,,,,,,,,,,,,,,,,,,,,,,,,,,,,,,,,,,,
256,Polybenzoxazole,Po_0056,N#Cc1c(N)cc(Cl)c(Cl)c1-c1nc2cc(-c3nc4ccccc4o3)ccc2o1,703.1804690822727,2.041346918569429,31.914150228581722,0.889415,256,,,,,,,,,,,,,,,,,,,,,,,,,,,,,,,,,,,,,,,,,,,,,,,,,,,,,,,,,,,,,,,,
257,Polyimide,Po_0087,CCc1c(Oc2ccc(-n3c(=O)c4ccc(cc4)c3=O)cc2)cc(S(N)(=O)=O)c(-c2cc3ccc2c(=O)oc3=O)c1C#N,596.7000077493182,3.6566975297864652,56.754079730769845,0.88941,257,1.0,1.0,1.0,0.0,0.0,0.0,0.0,0.0,0.0,0.0,1.0,0.0,0.0,0.0,1.0,0.0,0.0,1.0,0.0,0.0,0.0,0.0,1.0,0.0,1.0,0.0,0.0,1.0,0.0,0.0,0.0,0.0,1.0,1.0,0.0,0.0,1.0,0.0,0.0,1.0,0.0,1.0,0.0,0.0,0.0,0.0,0.0,1.0,0.0,0.0,0.0,0.0,0.0,0.0,1.0,1.0,0.0,0.0,1.0,0.0,0.0,0.0,0.0,0.0
258,Polyimide,Po_0082,CCc1c(-c2ccc(Oc3ccc(-n4c(=O)c5ccc(c(Br)c5)c4=O)cc3)cc2)c2ccc1c(=O)oc2=O,645.2733288527475,3.6591979638177476,56.715548469562414,0.889333,258,1.0,1.0,1.0,0.0,0.0,0.0,0.0,0.0,0.0,0.0,1.0,0.0,0.0,0.0,1.0,0.0,0.0,1.0,0.0,0.0,0.0,0.0,1.0,0.0,1.0,0.0,0.0,1.0,0.0,0.0,0.0,0.0,1.0,1.0,0.0,0.0,1.0,0.0,0.0,1.0,0.0,1.0,0.0,0.0,0.0,0.0,0.0,1.0,0.0,0.0,0.0,0.0,0.0,0.0,1.0,1.0,0.0,0.0,1.0,0.0,0.0,0.0,0.0,0.0
259,Polyimide,Po_0089,COc1cc(Oc2ccc(-c3cc4ccc3c(=O)oc4=O)cc2)ccc1-n1c(=O)c2ccc(cc2)c1=O,593.7326906924656,3.6583202979483853,58.67071325110682,0.889293,259,1.0,1.0,1.0,0.0,0.0,0.0,0.0,0.0,0.0,0.0,1.0,0.0,0.0,0.0,1.0,0.0,0.0,1.0,0.0,0.0,0.0,0.0,1.0,0.0,1.0,0.0,0.0,1.0,0.0,0.0,0.0,0.0,1.0,1.0,0.0,0.0,1.0,0.0,0.0,1.0,0.0,1.0,0.0,0.0,0.0,0.0,0.0,1.0,0.0,0.0,0.0,0.0,0.0,0.0,1.0,1.0,0.0,0.0,1.0,0.0,0.0,0.0,0.0,0.0
260,Polyimide,Po_0231,Nc1cc2c(C(F)(F)F)cc1c(=O)n(-c1ccc(Oc3ccc(-c4cc5cc(N)c4c(=O)oc5=O)cc3)cc1)c2=O,599.2581298356562,3.6615292860354676,57.61635387615109,0.889095,260,1.0,1.0,1.0,0.0,0.0,0.0,0.0,0.0,0.0,0.0,1.0,0.0,0.0,0.0,1.0,0.0,0.0,1.0,0.0,0.0,0.0,0.0,1.0,0.0,1.0,0.0,0.0,1.0,0.0,0.0,0.0,0.0,1.0,1.0,0.0,0.0,1.0,0.0,0.0,1.0,0.0,1.0,0.0,0.0,0.0,0.0,0.0,1.0,0.0,0.0,0.0,0.0,0.0,0.0,1.0,1.0,0.0,0.0,1.0,0.0,0.0,0.0,0.0,0.0
261,Polybenzoxazole,Po_0099,N#Cc1ccc(Br)c(-c2nc3cc(-c4nc5ccccc5o4)ccc3o2)c1,740.9602220664176,2.5274105031136003,34.31864355985012,0.88908,261,,,,,,,,,,,,,,,,,,,,,,,,,,,,,,,,,,,,,,,,,,,,,,,,,,,,,,,,,,,,,,,,
262,Polyimide,Po_0104,Nc1cc(Oc2ccc(-n3c(=O)c4ccc(cc4)c3=O)cc2)c(Br)cc1-c1cc2ccc1c(=O)oc2=O,608.5396492644732,3.663988785783043,56.607582222032626,0.888954,262,1.0,1.0,1.0,0.0,0.0,0.0,0.0,0.0,0.0,0.0,1.0,0.0,0.0,0.0,1.0,0.0,0.0,1.0,0.0,0.0,0.0,0.0,1.0,0.0,1.0,0.0,0.0,1.0,0.0,0.0,0.0,0.0,1.0,1.0,0.0,0.0,1.0,0.0,0.0,1.0,0.0,1.0,0.0,0.0,0.0,0.0,0.0,1.0,0.0,0.0,0.0,0.0,0.0,0.0,1.0,1.0,0.0,0.0,1.0,0.0,0.0,0.0,0.0,0.0
263,Polybenzoxazole,Po_0136,COc1cccc(-c2nc3cc(-c4nc5cccc(Cl)c5o4)ccc3o2)c1,724.2340831475055,2.210481909448571,32.71463251402786,0.888818,263,,,,,,,,,,,,,,,,,,,,,,,,,,,,,,,,,,,,,,,,,,,,,,,,,,,,,,,,,,,,,,,,
264,Polybenzoxazole,Po_0218,COc1ccc(-c2nc3cc(-c4nc5ccccc5o4)ccc3o2)c(F)c1F,718.2526512690067,2.3312857625888888,33.31554272243684,0.888776,264,,,,,,,,,,,,,,,,,,,,,,,,,,,,,,,,,,,,,,,,,,,,,,,,,,,,,,,,,,,,,,,,
265,Polybenzoxazole,Po_0131,Nc1cc(-c2nc3cc(-c4nc5ccccc5o4)ccc3o2)cc(Cl)c1Cl,741.988882405389,2.221877916537069,32.76801693314332,0.888774,265,,,,,,,,,,,,,,,,,,,,,,,,,,,,,,,,,,,,,,,,,,,,,,,,,,,,,,,,,,,,,,,,
266,Polybenzoxazole,Po_0212,CCc1cc(-c2nc3cc(-c4nc5ccccc5o4)ccc3o2)cc(S(N)(=O)=O)c1Cl,727.7466954903979,2.5084649259586613,34.200670872636856,0.888768,266,,,,,,,,,,,,,,,,,,,,,,,,,,,,,,,,,,,,,,,,,,,,,,,,,,,,,,,,,,,,,,,,
267,Polyimide,Po_0191,Cc1c(Br)c2cc(N)c1c(=O)n(-c1ccc(Oc3ccc(-c4cc5ccc4c(=O)oc5=O)cc3)cc1N)c2=O,585.6879721162225,3.666281036832978,56.97666804441745,0.888736,267,1.0,1.0,1.0,0.0,0.0,0.0,0.0,0.0,0.0,0.0,1.0,0.0,0.0,0.0,1.0,0.0,0.0,1.0,0.0,0.0,0.0,0.0,1.0,0.0,1.0,0.0,0.0,1.0,0.0,0.0,0.0,0.0,1.0,1.0,0.0,0.0,1.0,0.0,0.0,1.0,0.0,1.0,0.0,0.0,0.0,0.0,0.0,1.0,0.0,0.0,0.0,0.0,0.0,0.0,1.0,1.0,0.0,0.0,1.0,0.0,0.0,0.0,0.0,0.0
268,Polybenzoxazole,Po_0199,Fc1c(-c2nc3ccccc3o2)cc2nc(-c3ccccc3)oc2c1F,712.9925832021285,1.8034296033403512,31.651617137392186,0.888674,268,,,,,,,,,,,,,,,,,,,,,,,,,,,,,,,,,,,,,,,,,,,,,,,,,,,,,,,,,,,,,,,,
269,Polyimide,Po_0023,Nc1c(-n2c(=O)c3ccc(c(C(F)(F)F)c3)c2=O)ccc(Oc2ccc(-c3cc4ccc3c(=O)oc4=O)cc2)c1Br,599.0344979451687,3.6704065296859407,56.79366194457895,0.888503,269,1.0,1.0,1.0,0.0,0.0,0.0,0.0,0.0,0.0,0.0,1.0,0.0,0.0,0.0,1.0,0.0,0.0,1.0,0.0,0.0,0.0,0.0,1.0,0.0,1.0,0.0,0.0,1.0,0.0,0.0,0.0,0.0,1.0,1.0,0.0,0.0,1.0,0.0,0.0,1.0,0.0,1.0,0.0,0.0,0.0,0.0,0.0,1.0,0.0,0.0,0.0,0.0,0.0,0.0,1.0,1.0,0.0,0.0,1.0,0.0,0.0,0.0,0.0,0.0
270,Polybenzoxazole,Po_0148,N#Cc1ccc(-c2nc3cc(-c4nc5cc(N)ccc5o4)ccc3o2)cc1,707.6275056993849,2.1490924683863395,32.372605826022394,0.888346,270,,,,,,,,,,,,,,,,,,,,,,,,,,,,,,,,,,,,,,,,,,,,,,,,,,,,,,,,,,,,,,,,
271,Polybenzoxazole,Po_0223,Nc1cc(-c2nc3cc(-c4nc5ccccc5o4)ccc3o2)cc(F)c1N,743.8408526667379,2.390982965564805,33.57147071813121,0.888213,271,,,,,,,,,,,,,,,,,,,,,,,,,,,,,,,,,,,,,,,,,,,,,,,,,,,,,,,,,,,,,,,,
272,Polybenzoxazole,Po_0239,Cc1c(N)cc(Cl)c(C#N)c1-c1nc2cc(-c3nc4ccccc4o3)ccc2o1,740.005012485518,2.497538536462979,34.100108105841386,0.888157,272,,,,,,,,,,,,,,,,,,,,,,,,,,,,,,,,,,,,,,,,,,,,,,,,,,,,,,,,,,,,,,,,
273,Polybenzoxazole,Po_0222,Nc1ccccc1-c1nc2cc(-c3nc4cccc(N)c4o3)ccc2o1,724.0626249137227,2.0859120394753763,32.04038109390603,0.888133,273,,,,,,,,,,,,,,,,,,,,,,,,,,,,,,,,,,,,,,,,,,,,,,,,,,,,,,,,,,,,,,,,
274,Polybenzoxazole,Po_0045,N#Cc1cccc(-c2nc3cc(-c4nc5cc(Cl)ccc5o4)ccc3o2)c1,740.2852779949555,2.2191945138465474,32.699511715102304,0.888039,274,,,,,,,,,,,,,,,,,,,,,,,,,,,,,,,,,,,,,,,,,,,,,,,,,,,,,,,,,,,,,,,,
275,Polybenzoxazole,Po_0009,N#Cc1cccc(-c2nc3cc(-c4nc5ccccc5o4)ccc3o2)c1,721.8875485311698,2.4333811231586715,33.76821416688536,0.888006,275,,,,,,,,,,,,,,,,,,,,,,,,,,,,,,,,,,,,,,,,,,,,,,,,,,,,,,,,,,,,,,,,
276,Polyimide,Po_0141,Nc1cc(Oc2ccc(-c3cc4ccc3c(=O)oc4=O)cc2)ccc1-n1c(=O)c2cc(N)c(c(F)c2Br)c1=O,630.7824816086851,3.6789028201340113,57.28798534592599,0.888001,276,1.0,1.0,1.0,0.0,0.0,0.0,0.0,0.0,0.0,0.0,1.0,0.0,0.0,0.0,1.0,0.0,0.0,1.0,0.0,0.0,0.0,0.0,1.0,0.0,1.0,0.0,0.0,1.0,0.0,0.0,0.0,0.0,1.0,1.0,0.0,0.0,1.0,0.0,0.0,1.0,0.0,1.0,0.0,0.0,0.0,0.0,0.0,1.0,0.0,0.0,0.0,0.0,0.0,0.0,1.0,1.0,0.0,0.0,1.0,0.0,0.0,0.0,0.0,0.0
277,Polyimide,Po_0011,COc1cc(Oc2ccc(-n3c(=O)c4ccc(c(C#N)c4)c3=O)cc2)cc(C#N)c1-c1cc2ccc1c(=O)oc2=O,585.2687226506902,3.6784249044562105,57.697259511581045,0.887925,277,1.0,1.0,1.0,0.0,0.0,0.0,0.0,0.0,0.0,0.0,1.0,0.0,0.0,0.0,1.0,0.0,0.0,1.0,0.0,0.0,0.0,0.0,1.0,0.0,1.0,0.0,0.0,1.0,0.0,0.0,0.0,0.0,1.0,1.0,0.0,0.0,1.0,0.0,0.0,1.0,0.0,1.0,0.0,0.0,0.0,0.0,0.0,1.0,0.0,0.0,0.0,0.0,0.0,0.0,1.0,1.0,0.0,0.0,1.0,0.0,0.0,0.0,0.0,0.0
278,Polybenzoxazole,Po_0066,N#Cc1cc(Cl)cc(-c2nc3cc(-c4nc5ccccc5o4)ccc3o2)c1,743.2184209408422,2.498319421809215,34.08561730454958,0.887913,278,,,,,,,,,,,,,,,,,,,,,,,,,,,,,,,,,,,,,,,,,,,,,,,,,,,,,,,,,,,,,,,,
279,Polyimide,Po_0208,COc1cc(Oc2ccc(-c3cc4ccc3c(=O)oc4=O)cc2Cl)c(Cl)cc1-n1c(=O)c2ccc(cc2)c1=O,594.7387287223128,3.679418765335295,57.69479926239261,0.88789,279,1.0,1.0,1.0,0.0,0.0,0.0,0.0,0.0,0.0,0.0,1.0,0.0,0.0,0.0,1.0,0.0,0.0,1.0,0.0,0.0,0.0,0.0,1.0,0.0,1.0,0.0,0.0,1.0,0.0,0.0,0.0,0.0,1.0,1.0,0.0,0.0,1.0,0.0,0.0,1.0,0.0,1.0,0.0,0.0,0.0,0.0,0.0,1.0,0.0,0.0,0.0,0.0,0.0,0.0,1.0,1.0,0.0,0.0,1.0,0.0,0.0,0.0,0.0,0.0
280,Polyimide,Po_0218,Nc1cc2c(C(F)(F)F)cc1c(=O)n(-c1ccc(Oc3ccc(-c4cc5ccc4c(=O)oc5=O)cc3C(F)(F)F)cc1)c2=O,583.5528289316245,3.6789819870240392,55.03157777084241,0.887882,280,1.0,1.0,1.0,0.0,0.0,0.0,0.0,0.0,0.0,0.0,1.0,0.0,0.0,0.0,1.0,0.0,0.0,1.0,0.0,0.0,0.0,0.0,1.0,0.0,1.0,0.0,0.0,1.0,0.0,0.0,0.0,0.0,1.0,1.0,0.0,0.0,1.0,0.0,0.0,1.0,0.0,1.0,0.0,0.0,0.0,0.0,0.0,1.0,0.0,0.0,0.0,0.0,0.0,0.0,1.0,1.0,0.0,0.0,1.0,0.0,0.0,0.0,0.0,0.0
281,Polybenzoxazole,Po_0086,COc1cc(-c2nc3cc(F)ccc3o2)cc2nc(-c3ccccc3)oc12,738.1785260638579,2.223430714785515,32.70279187782717,0.8878,281,,,,,,,,,,,,,,,,,,,,,,,,,,,,,,,,,,,,,,,,,,,,,,,,,,,,,,,,,,,,,,,,
282,Polyimide,Po_0121,N#Cc1c(F)c2ccc1c(=O)n(-c1ccc(Oc3ccc(-c4cc5ccc4c(=O)oc5=O)cc3Cl)cc1)c2=O,610.3936836225153,3.684200097979601,55.02591354106512,0.887611,282,1.0,1.0,1.0,0.0,0.0,0.0,0.0,0.0,0.0,0.0,1.0,0.0,0.0,0.0,1.0,0.0,0.0,1.0,0.0,0.0,0.0,0.0,1.0,0.0,1.0,0.0,0.0,1.0,0.0,0.0,0.0,0.0,1.0,1.0,0.0,0.0,1.0,0.0,0.0,1.0,0.0,1.0,0.0,0.0,0.0,0.0,0.0,1.0,0.0,0.0,0.0,0.0,0.0,0.0,1.0,1.0,0.0,0.0,1.0,0.0,0.0,0.0,0.0,0.0
283,Polybenzoxazole,Po_0229,Fc1cccc(-c2nc3cc(-c4nc5ccccc5o4)ccc3o2)c1Cl,721.7047613085821,2.1617661128996333,32.365951512831245,0.887417,283,,,,,,,,,,,,,,,,,,,,,,,,,,,,,,,,,,,,,,,,,,,,,,,,,,,,,,,,,,,,,,,,
284,Polybenzoxazole,Po_0210,Nc1ccc(S(N)(=O)=O)c(-c2nc3cc(-c4nc5ccccc5o4)ccc3o2)c1,704.3231539733331,2.086455688454954,31.984147258027892,0.887342,284,,,,,,,,,,,,,,,,,,,,,,,,,,,,,,,,,,,,,,,,,,,,,,,,,,,,,,,,,,,,,,,,
285,Polybenzoxazole,Po_0058,CCc1cccc(-c2nc3cc(-c4nc5cc(N)ccc5o4)ccc3o2)c1,729.9366911355936,2.371636424635099,33.4003397799862,0.887219,285,,,,,,,,,,,,,,,,,,,,,,,,,,,,,,,,,,,,,,,,,,,,,,,,,,,,,,,,,,,,,,,,
286,Polybenzoxazole,Po_0183,Cc1c(-c2nc3cc(-c4nc5ccccc5o4)ccc3o2)cc(C(F)(F)F)c(N)c1Cl,735.377877003526,2.434299892954487,33.70028688855511,0.887042,286,,,,,,,,,,,,,,,,,,,,,,,,,,,,,,,,,,,,,,,,,,,,,,,,,,,,,,,,,,,,,,,,
287,Polybenzoxazole,Po_0068,N#Cc1cc(N)cc(-c2nc3cc(-c4nc5ccccc5o4)ccc3o2)c1N,722.7937972942221,2.1033681393011103,32.034579538800564,0.886892,287,,,,,,,,,,,,,,,,,,,,,,,,,,,,,,,,,,,,,,,,,,,,,,,,,,,,,,,,,,,,,,,,
288,Polyimide,Po_0033,Nc1cc2c(Br)cc1c(=O)n(-c1ccc(Oc3ccc(-c4cc5ccc4c(=O)oc5=O)cc3)cc1)c2=O,598.3659127445908,3.6949374931611163,56.052894310902765,0.886866,288,1.0,1.0,1.0,0.0,0.0,0.0,0.0,0.0,0.0,0.0,1.0,0.0,0.0,0.0,1.0,0.0,0.0,1.0,0.0,0.0,0.0,0.0,1.0,0.0,1.0,0.0,0.0,1.0,0.0,0.0,0.0,0.0,1.0,1.0,0.0,0.0,1.0,0.0,0.0,1.0,0.0,1.0,0.0,0.0,0.0,0.0,0.0,1.0,0.0,0.0,0.0,0.0,0.0,0.0,1.0,1.0,0.0,0.0,1.0,0.0,0.0,0.0,0.0,0.0
289,Polybenzoxazole,Po_0197,Cc1cc(N)c(C#N)c(-c2nc3cc(-c4nc5ccccc5o4)ccc3o2)c1,740.0511380253306,2.497685020663624,34.00133631782187,0.886831,289,,,,,,,,,,,,,,,,,,,,,,,,,,,,,,,,,,,,,,,,,,,,,,,,,,,,,,,,,,,,,,,,
290,Polyimide,Po_0195,Nc1cc2cc(Br)c1c(=O)n(-c1ccc(Oc3ccc(-c4cc5ccc4c(=O)oc5=O)cc3)cc1F)c2=O,587.7879321209948,3.696904132882312,55.825010682201025,0.886702,290,1.0,1.0,1.0,0.0,0.0,0.0,0.0,0.0,0.0,0.0,1.0,0.0,0.0,0.0,1.0,0.0,0.0,1.0,0.0,0.0,0.0,0.0,1.0,0.0,1.0,0.0,0.0,1.0,0.0,0.0,0.0,0.0,1.0,1.0,0.0,0.0,1.0,0.0,0.0,1.0,0.0,1.0,0.0,0.0,0.0,0.0,0.0,1.0,0.0,0.0,0.0,0.0,0.0,0.0,1.0,1.0,0.0,0.0,1.0,0.0,0.0,0.0,0.0,0.0
291,Polybenzoxazole,Po_0070,Cc1cc(-c2nc3cc(-c4nc5ccccc5o4)ccc3o2)cc(F)c1Br,719.9147944684574,2.0950028190890673,31.978285779861004,0.886698,291,,,,,,,,,,,,,,,,,,,,,,,,,,,,,,,,,,,,,,,,,,,,,,,,,,,,,,,,,,,,,,,,
292,Polybenzoxazole,Po_0216,COc1ccc(-c2nc3cc(-c4nc5ccccc5o4)cc(F)c3o2)cc1,726.8913185841056,2.3356181503175595,33.17779608660199,0.886652,292,,,,,,,,,,,,,,,,,,,,,,,,,,,,,,,,,,,,,,,,,,,,,,,,,,,,,,,,,,,,,,,,
293,Polybenzoxazole,Po_0080,N#Cc1c(N)c(Cl)cc(-c2nc3cc(-c4nc5ccccc5o4)ccc3o2)c1N,725.898446137542,2.223723436929854,32.59622944908578,0.886357,293,,,,,,,,,,,,,,,,,,,,,,,,,,,,,,,,,,,,,,,,,,,,,,,,,,,,,,,,,,,,,,,,
294,Polybenzoxazole,Po_0055,Nc1cccc(-c2nc3cc(-c4nc5cc(Cl)ccc5o4)ccc3o2)c1,720.7233316361171,2.4484571719855017,33.7174591538384,0.886324,294,,,,,,,,,,,,,,,,,,,,,,,,,,,,,,,,,,,,,,,,,,,,,,,,,,,,,,,,,,,,,,,,
295,Polybenzoxazole,Po_0016,Nc1ccc(-c2nc3cc(-c4nc5cccc(N)c5o4)ccc3o2)cc1,703.6152182422205,1.950327388673182,31.470333199335382,0.886254,295,,,,,,,,,,,,,,,,,,,,,,,,,,,,,,,,,,,,,,,,,,,,,,,,,,,,,,,,,,,,,,,,
296,Polybenzoxazole,Po_0182,FC(F)(F)c1cccc(-c2nc3cc(-c4nc5c(C(F)(F)F)cccc5o4)ccc3o2)c1,716.7716521232595,2.2038103482699913,32.488294842989376,0.886244,296,,,,,,,,,,,,,,,,,,,,,,,,,,,,,,,,,,,,,,,,,,,,,,,,,,,,,,,,,,,,,,,,
297,Polybenzoxazole,Po_0211,N#Cc1c(-c2nc3cc(-c4nc5ccccc5o4)ccc3o2)cc(N)c(Cl)c1Cl,708.020807149579,2.16382193258934,32.28814251283869,0.886238,297,,,,,,,,,,,,,,,,,,,,,,,,,,,,,,,,,,,,,,,,,,,,,,,,,,,,,,,,,,,,,,,,
298,Polybenzoxazole,Po_0202,COc1cc(-c2nc3cc(-c4nc5ccccc5o4)ccc3o2)c(Br)c(N)c1Cl,726.2334149000237,2.4610644039914553,33.77358230384851,0.886233,298,,,,,,,,,,,,,,,,,,,,,,,,,,,,,,,,,,,,,,,,,,,,,,,,,,,,,,,,,,,,,,,,
299,Polybenzoxazole,Po_0140,Nc1ccc2oc(-c3ccc4oc(-c5cccc(S(N)(=O)=O)c5)nc4c3)nc2c1,730.721100634139,2.2897619114482284,32.91295069943384,0.886179,299,,,,,,,,,,,,,,,,,,,,,,,,,,,,,,,,,,,,,,,,,,,,,,,,,,,,,,,,,,,,,,,,
300,Polybenzoxazole,Po_0102,N#Cc1cccc(-c2nc3cc(-c4nc5c(N)cccc5o4)ccc3o2)c1,725.4786959342991,2.1527107663940153,32.22424822459605,0.886132,300,,,,,,,,,,,,,,,,,,,,,,,,,,,,,,,,,,,,,,,,,,,,,,,,,,,,,,,,,,,,,,,,
301,Polyimide,Po_0054,COc1cc(-c2cc3ccc2c(=O)oc3=O)ccc1Oc1ccc(-n2c(=O)c3ccc(c(C)c3)c2=O)cc1,573.3774415967226,3.7054278281080264,56.16201197680879,0.886076,301,1.0,1.0,1.0,0.0,0.0,0.0,0.0,0.0,0.0,0.0,1.0,0.0,0.0,0.0,1.0,0.0,0.0,1.0,0.0,0.0,0.0,0.0,1.0,0.0,1.0,0.0,0.0,1.0,0.0,0.0,0.0,0.0,1.0,1.0,0.0,0.0,1.0,0.0,0.0,1.0,0.0,1.0,0.0,0.0,0.0,0.0,0.0,1.0,0.0,0.0,0.0,0.0,0.0,0.0,1.0,1.0,0.0,0.0,1.0,0.0,0.0,0.0,0.0,0.0
302,Polybenzoxazole,Po_0150,N#Cc1ccc(Br)c(-c2nc3cc(-c4nc5ccccc5o4)ccc3o2)c1Cl,789.060034215809,2.9554797071677084,36.21828771203909,0.885875,302,,,,,,,,,,,,,,,,,,,,,,,,,,,,,,,,,,,,,,,,,,,,,,,,,,,,,,,,,,,,,,,,
303,Polyimide,Po_0092,Cc1c(Cl)c(-n2c(=O)c3ccc(cc3)c2=O)c(N)c(Br)c1Oc1ccc(-c2cc3ccc2c(=O)oc3=O)cc1,627.9201724458615,3.711525066250642,55.71452498976614,0.885822,303,1.0,1.0,1.0,0.0,0.0,0.0,0.0,0.0,0.0,0.0,1.0,0.0,0.0,0.0,1.0,0.0,0.0,1.0,0.0,0.0,0.0,0.0,1.0,0.0,1.0,0.0,0.0,1.0,0.0,0.0,0.0,0.0,1.0,1.0,0.0,0.0,1.0,0.0,0.0,1.0,0.0,1.0,0.0,0.0,0.0,0.0,0.0,1.0,0.0,0.0,0.0,0.0,0.0,0.0,1.0,1.0,0.0,0.0,1.0,0.0,0.0,0.0,0.0,0.0
304,Polyimide,Po_0152,COc1cc(-n2c(=O)c3ccc(c(OC)c3C#N)c2=O)ccc1Oc1ccc(-c2cc3ccc2c(=O)oc3=O)cc1,557.7931113230721,3.7088366218274302,56.68672401288633,0.885766,304,1.0,1.0,1.0,0.0,0.0,0.0,0.0,0.0,0.0,0.0,1.0,0.0,0.0,0.0,1.0,0.0,0.0,1.0,0.0,0.0,0.0,0.0,1.0,0.0,1.0,0.0,0.0,1.0,0.0,0.0,0.0,0.0,1.0,1.0,0.0,0.0,1.0,0.0,0.0,1.0,0.0,1.0,0.0,0.0,0.0,0.0,0.0,1.0,0.0,0.0,0.0,0.0,0.0,0.0,1.0,1.0,0.0,0.0,1.0,0.0,0.0,0.0,0.0,0.0
305,Polybenzoxazole,Po_0134,N#Cc1cc(Cl)cc(-c2nc3cc(-c4nc5ccccc5o4)ccc3o2)c1Cl,731.1045055968211,2.3979287173174897,33.4192103870333,0.885718,305,,,,,,,,,,,,,,,,,,,,,,,,,,,,,,,,,,,,,,,,,,,,,,,,,,,,,,,,,,,,,,,,
306,Polyimide,Po_0068,Nc1cc(Oc2ccc(-n3c(=O)c4cc(Br)c(cc4N)c3=O)cc2)c(Cl)cc1-c1cc2ccc1c(=O)oc2=O,603.8331655196649,3.7129854833468525,58.2532793489868,0.885677,306,1.0,1.0,1.0,0.0,0.0,0.0,0.0,0.0,0.0,0.0,1.0,0.0,0.0,0.0,1.0,0.0,0.0,1.0,0.0,0.0,0.0,0.0,1.0,0.0,1.0,0.0,0.0,1.0,0.0,0.0,0.0,0.0,1.0,1.0,0.0,0.0,1.0,0.0,0.0,1.0,0.0,1.0,0.0,0.0,0.0,0.0,0.0,1.0,0.0,0.0,0.0,0.0,0.0,0.0,1.0,1.0,0.0,0.0,1.0,0.0,0.0,0.0,0.0,0.0
307,Polybenzoxazole,Po_0172,CCc1cccc(-c2nc3cc(-c4nc5cc(C)ccc5o4)ccc3o2)c1,739.144813638249,2.2798579606347085,32.81948675651841,0.885594,307,,,,,,,,,,,,,,,,,,,,,,,,,,,,,,,,,,,,,,,,,,,,,,,,,,,,,,,,,,,,,,,,
308,Polybenzoxazole,Po_0046,N#Cc1c(N)c(N)cc(-c2nc3cc(-c4nc5ccccc5o4)ccc3o2)c1N,721.4759136016729,2.2195646059730145,32.509772565770646,0.885481,308,,,,,,,,,,,,,,,,,,,,,,,,,,,,,,,,,,,,,,,,,,,,,,,,,,,,,,,,,,,,,,,,
309,Polybenzoxazole,Po_0004,Nc1cc(-c2nc3ccccc3o2)cc2nc(-c3cccc(Br)c3)oc12,703.024819117957,2.1503011450183047,32.157826850676756,0.885401,309,,,,,,,,,,,,,,,,,,,,,,,,,,,,,,,,,,,,,,,,,,,,,,,,,,,,,,,,,,,,,,,,
310,Polybenzoxazole,Po_0196,CCc1cc(C)c(-c2nc3cc(-c4nc5ccccc5o4)ccc3o2)cc1C(F)(F)F,705.9710665420638,1.9608953785572363,31.398645192285024,0.885299,310,,,,,,,,,,,,,,,,,,,,,,,,,,,,,,,,,,,,,,,,,,,,,,,,,,,,,,,,,,,,,,,,
311,Polybenzoxazole,Po_0227,CCc1cccc(-c2nc3cc(-c4nc5cc(N)c(N)cc5o4)ccc3o2)c1,735.0247461699704,2.497121146331659,33.883468208210935,0.885296,311,,,,,,,,,,,,,,,,,,,,,,,,,,,,,,,,,,,,,,,,,,,,,,,,,,,,,,,,,,,,,,,,
312,Polyimide,Po_0063,Nc1c(S(N)(=O)=O)c2c(F)c(Br)c1c(=O)n(-c1ccc(Oc3ccc(-c4cc5ccc4c(=O)oc5=O)cc3)cc1)c2=O,584.5577652252265,3.7181549863012338,55.847761179089176,0.885274,312,1.0,1.0,1.0,0.0,0.0,0.0,0.0,0.0,0.0,0.0,1.0,0.0,0.0,0.0,1.0,0.0,0.0,1.0,0.0,0.0,0.0,0.0,1.0,0.0,1.0,0.0,0.0,1.0,0.0,0.0,0.0,0.0,1.0,1.0,0.0,0.0,1.0,0.0,0.0,1.0,0.0,1.0,0.0,0.0,0.0,0.0,0.0,1.0,0.0,0.0,0.0,0.0,0.0,0.0,1.0,1.0,0.0,0.0,1.0,0.0,0.0,0.0,0.0,0.0
313,Polybenzoxazole,Po_0192,N#Cc1ccccc1-c1nc2cc(-c3nc4ccccc4o3)ccc2o1,747.2184035689758,2.448163896935286,33.62255257763034,0.885083,313,,,,,,,,,,,,,,,,,,,,,,,,,,,,,,,,,,,,,,,,,,,,,,,,,,,,,,,,,,,,,,,,
314,Polybenzoxazole,Po_0191,COc1cc(-c2nc3cc(N)ccc3o2)cc2nc(-c3ccccc3)oc12,741.9281741763615,2.2199365532101396,32.46705734640658,0.88489,314,,,,,,,,,,,,,,,,,,,,,,,,,,,,,,,,,,,,,,,,,,,,,,,,,,,,,,,,,,,,,,,,
315,Polybenzoxazole,Po_0048,COc1ccc(N)cc1-c1nc2cc(-c3nc4ccccc4o3)ccc2o1,746.095250889192,2.464481223235503,33.68719049289689,0.884857,315,,,,,,,,,,,,,,,,,,,,,,,,,,,,,,,,,,,,,,,,,,,,,,,,,,,,,,,,,,,,,,,,
316,Polyimide,Po_0217,Cc1cc(Oc2ccc(-c3cc4ccc3c(=O)oc4=O)cc2)cc(N)c1-n1c(=O)c2ccc(c(C(F)(F)F)c2)c1=O,613.5652258085457,3.725823886414975,58.129553464287376,0.884843,316,1.0,1.0,1.0,0.0,0.0,0.0,0.0,0.0,0.0,0.0,1.0,0.0,0.0,0.0,1.0,0.0,0.0,1.0,0.0,0.0,0.0,0.0,1.0,0.0,1.0,0.0,0.0,1.0,0.0,0.0,0.0,0.0,1.0,1.0,0.0,0.0,1.0,0.0,0.0,1.0,0.0,1.0,0.0,0.0,0.0,0.0,0.0,1.0,0.0,0.0,0.0,0.0,0.0,0.0,1.0,1.0,0.0,0.0,1.0,0.0,0.0,0.0,0.0,0.0
317,Polybenzoxazole,Po_0112,Cc1ccc(C(F)(F)F)cc1-c1nc2cc(-c3nc4ccccc4o3)ccc2o1,738.5054404137882,2.44816631796274,33.59851676296327,0.884761,317,,,,,,,,,,,,,,,,,,,,,,,,,,,,,,,,,,,,,,,,,,,,,,,,,,,,,,,,,,,,,,,,
318,Polyimide,Po_0238,Nc1c(S(N)(=O)=O)c2c(F)c(F)c1c(=O)n(-c1ccc(Oc3ccc(-c4cc5ccc4c(=O)oc5=O)cc3)c(Cl)c1)c2=O,584.3572728109491,3.7262004226793723,56.158271842922744,0.884737,318,1.0,1.0,1.0,0.0,0.0,0.0,0.0,0.0,0.0,0.0,1.0,0.0,0.0,0.0,1.0,0.0,0.0,1.0,0.0,0.0,0.0,0.0,1.0,0.0,1.0,0.0,0.0,1.0,0.0,0.0,0.0,0.0,1.0,1.0,0.0,0.0,1.0,0.0,0.0,1.0,0.0,1.0,0.0,0.0,0.0,0.0,0.0,1.0,0.0,0.0,0.0,0.0,0.0,0.0,1.0,1.0,0.0,0.0,1.0,0.0,0.0,0.0,0.0,0.0
319,Polybenzoxazole,Po_0084,CCc1c(F)c(Br)cc(Br)c1-c1nc2cc(-c3nc4ccccc4o3)ccc2o1,720.696072967813,2.1421536520649407,32.063446823793086,0.88469,319,,,,,,,,,,,,,,,,,,,,,,,,,,,,,,,,,,,,,,,,,,,,,,,,,,,,,,,,,,,,,,,,
320,Polybenzoxazole,Po_0176,COc1ccc(-c2nc3cc(-c4nc5ccccc5o4)cc(F)c3o2)cc1F,721.4691203091385,2.231001092478475,32.50065525516221,0.884597,320,,,,,,,,,,,,,,,,,,,,,,,,,,,,,,,,,,,,,,,,,,,,,,,,,,,,,,,,,,,,,,,,
321,Polybenzoxazole,Po_0224,Fc1cccc(-c2nc3cc(-c4nc5c(F)cccc5o4)ccc3o2)c1,722.8259409535115,2.337561982802737,33.01868853708565,0.8844,321,,,,,,,,,,,,,,,,,,,,,,,,,,,,,,,,,,,,,,,,,,,,,,,,,,,,,,,,,,,,,,,,
322,Polyimide,Po_0127,CCc1cc(Oc2ccc(-n3c(=O)c4ccc(cc4)c3=O)cc2)c(Br)cc1-c1cc2ccc1c(=O)oc2=O,624.8829903904333,3.736212526823885,56.27551441689647,0.884171,322,1.0,1.0,1.0,0.0,0.0,0.0,0.0,0.0,0.0,0.0,1.0,0.0,0.0,0.0,1.0,0.0,0.0,1.0,0.0,0.0,0.0,0.0,1.0,0.0,1.0,0.0,0.0,1.0,0.0,0.0,0.0,0.0,1.0,1.0,0.0,0.0,1.0,0.0,0.0,1.0,0.0,1.0,0.0,0.0,0.0,0.0,0.0,1.0,0.0,0.0,0.0,0.0,0.0,0.0,1.0,1.0,0.0,0.0,1.0,0.0,0.0,0.0,0.0,0.0
323,Polybenzoxazole,Po_0139,N#Cc1cc(N)c(N)c(-c2nc3cc(-c4nc5ccccc5o4)ccc3o2)c1Br,717.0873071144139,2.1807426137769053,32.20461614021411,0.883999,323,,,,,,,,,,,,,,,,,,,,,,,,,,,,,,,,,,,,,,,,,,,,,,,,,,,,,,,,,,,,,,,,
324,Polyimide,Po_0163,CCc1cc(-c2cc3ccc2c(=O)oc3=O)c(N)cc1Oc1ccc(-n2c(=O)c3cc(Br)c(cc3N)c2=O)cc1,612.0704078223571,3.7385947158051094,58.77376769144685,0.883988,324,1.0,1.0,1.0,0.0,0.0,0.0,0.0,0.0,0.0,0.0,1.0,0.0,0.0,0.0,1.0,0.0,0.0,1.0,0.0,0.0,0.0,0.0,1.0,0.0,1.0,0.0,0.0,1.0,0.0,0.0,0.0,0.0,1.0,1.0,0.0,0.0,1.0,0.0,0.0,1.0,0.0,1.0,0.0,0.0,0.0,0.0,0.0,1.0,0.0,0.0,0.0,0.0,0.0,0.0,1.0,1.0,0.0,0.0,1.0,0.0,0.0,0.0,0.0,0.0
325,Polybenzoxazole,Po_0079,Cc1c(N)c(C#N)c(N)c(-c2nc3cc(-c4nc5ccccc5o4)ccc3o2)c1N,714.9090498364689,1.7255791648735401,31.294256220577456,0.88391,325,,,,,,,,,,,,,,,,,,,,,,,,,,,,,,,,,,,,,,,,,,,,,,,,,,,,,,,,,,,,,,,,
326,Polybenzoxazole,Po_0147,Nc1ccc(Cl)c(-c2nc3cc(-c4nc5ccccc5o4)ccc3o2)c1,729.6704203794868,2.242164828521333,32.50044301642131,0.883852,326,,,,,,,,,,,,,,,,,,,,,,,,,,,,,,,,,,,,,,,,,,,,,,,,,,,,,,,,,,,,,,,,
327,Polybenzoxazole,Po_0008,Clc1ccc2oc(-c3cc(Br)c4oc(-c5ccccc5)nc4c3)nc2c1,718.3994077666446,2.2223869119801005,32.37573228099194,0.883505,327,,,,,,,,,,,,,,,,,,,,,,,,,,,,,,,,,,,,,,,,,,,,,,,,,,,,,,,,,,,,,,,,
328,Polybenzoxazole,Po_0104,N#Cc1cc2oc(-c3ccccc3)nc2c(C#N)c1-c1nc2ccccc2o1,729.0285335863448,2.264160200566348,32.57678314323241,0.883403,328,,,,,,,,,,,,,,,,,,,,,,,,,,,,,,,,,,,,,,,,,,,,,,,,,,,,,,,,,,,,,,,,
329,Polybenzoxazole,Po_0101,Nc1cccc2oc(-c3ccc4oc(-c5cccc(F)c5)nc4c3)nc12,694.8574655664543,1.952735464802126,31.25550430996372,0.883387,329,,,,,,,,,,,,,,,,,,,,,,,,,,,,,,,,,,,,,,,,,,,,,,,,,,,,,,,,,,,,,,,,
330,Polybenzoxazole,Po_0206,NS(=O)(=O)c1c(-c2nc3ccccc3o2)cc2nc(-c3ccccc3)oc2c1S(N)(=O)=O,730.8220280416032,2.4327292838350534,33.416898714426836,0.883367,330,,,,,,,,,,,,,,,,,,,,,,,,,,,,,,,,,,,,,,,,,,,,,,,,,,,,,,,,,,,,,,,,
331,Polybenzoxazole,Po_0159,Fc1cc(C(F)(F)F)cc(-c2nc3cc(-c4nc5ccccc5o4)ccc3o2)c1Br,726.0502071873425,2.4045466773865067,33.27348752504017,0.883333,331,,,,,,,,,,,,,,,,,,,,,,,,,,,,,,,,,,,,,,,,,,,,,,,,,,,,,,,,,,,,,,,,
332,Polybenzoxazole,Po_0221,Nc1cc(-c2nc3cc(-c4nc5ccccc5o4)cc(Br)c3o2)cc(Br)c1N,733.1106300466997,2.3565593853428988,33.032570647715126,0.883321,332,,,,,,,,,,,,,,,,,,,,,,,,,,,,,,,,,,,,,,,,,,,,,,,,,,,,,,,,,,,,,,,,
333,Polyimide,Po_0135,Nc1c(-c2cc3ccc2c(=O)oc3=O)ccc(Oc2ccc(-n3c(=O)c4cc(Br)c(cc4N)c3=O)cc2)c1Br,600.676403053463,3.7490314633689046,56.9438519746488,0.883266,333,1.0,1.0,1.0,0.0,0.0,0.0,0.0,0.0,0.0,0.0,1.0,0.0,0.0,0.0,1.0,0.0,0.0,1.0,0.0,0.0,0.0,0.0,1.0,0.0,1.0,0.0,0.0,1.0,0.0,0.0,0.0,0.0,1.0,1.0,0.0,0.0,1.0,0.0,0.0,1.0,0.0,1.0,0.0,0.0,0.0,0.0,0.0,1.0,0.0,0.0,0.0,0.0,0.0,0.0,1.0,1.0,0.0,0.0,1.0,0.0,0.0,0.0,0.0,0.0
334,Polyimide,Po_0113,COc1cc(-c2cc3ccc2c(=O)oc3=O)c(C#N)cc1Oc1ccc(-n2c(=O)c3ccc(c(F)c3)c2=O)cc1,582.2677534874858,3.749546820428944,56.205448024032236,0.883172,334,1.0,1.0,1.0,0.0,0.0,0.0,0.0,0.0,0.0,0.0,1.0,0.0,0.0,0.0,1.0,0.0,0.0,1.0,0.0,0.0,0.0,0.0,1.0,0.0,1.0,0.0,0.0,1.0,0.0,0.0,0.0,0.0,1.0,1.0,0.0,0.0,1.0,0.0,0.0,1.0,0.0,1.0,0.0,0.0,0.0,0.0,0.0,1.0,0.0,0.0,0.0,0.0,0.0,0.0,1.0,1.0,0.0,0.0,1.0,0.0,0.0,0.0,0.0,0.0
335,Polybenzoxazole,Po_0091,N#Cc1cc(N)cc(-c2nc3cc(-c4nc5ccccc5o4)ccc3o2)c1Br,696.570901956996,1.9445028567394618,31.2389082889563,0.883166,335,,,,,,,,,,,,,,,,,,,,,,,,,,,,,,,,,,,,,,,,,,,,,,,,,,,,,,,,,,,,,,,,
336,Polyimide,Po_0040,COc1cc2cc(-c3ccc(Oc4ccc(-n5c(=O)c6cc(Br)c(cc6N)c5=O)cc4)cc3)c1c(=O)oc2=O,603.8215568267634,3.753798768676557,57.85770802170733,0.882956,336,1.0,1.0,1.0,0.0,0.0,0.0,0.0,0.0,0.0,0.0,1.0,0.0,0.0,0.0,1.0,0.0,0.0,1.0,0.0,0.0,0.0,0.0,1.0,0.0,1.0,0.0,0.0,1.0,0.0,0.0,0.0,0.0,1.0,1.0,0.0,0.0,1.0,0.0,0.0,1.0,0.0,1.0,0.0,0.0,0.0,0.0,0.0,1.0,0.0,0.0,0.0,0.0,0.0,0.0,1.0,1.0,0.0,0.0,1.0,0.0,0.0,0.0,0.0,0.0
337,Polyimide,Po_0213,Nc1cc2c(C(F)(F)F)cc1c(=O)n(-c1ccc(Oc3ccc(-c4cc5ccc4c(=O)oc5=O)cc3)cc1)c2=O,597.5443502027467,3.7537118321692096,55.52023800500271,0.882945,337,1.0,1.0,1.0,0.0,0.0,0.0,0.0,0.0,0.0,0.0,1.0,0.0,0.0,0.0,1.0,0.0,0.0,1.0,0.0,0.0,0.0,0.0,1.0,0.0,1.0,0.0,0.0,1.0,0.0,0.0,0.0,0.0,1.0,1.0,0.0,0.0,1.0,0.0,0.0,1.0,0.0,1.0,0.0,0.0,0.0,0.0,0.0,1.0,0.0,0.0,0.0,0.0,0.0,0.0,1.0,1.0,0.0,0.0,1.0,0.0,0.0,0.0,0.0,0.0
338,Polyimide,Po_0036,Nc1cc2c(F)cc1c(=O)n(-c1ccc(Oc3ccc(-c4cc5ccc4c(=O)oc5=O)cc3)c(Cl)c1)c2=O,598.1152257911363,3.7564732073589466,56.39036456638962,0.882762,338,1.0,1.0,1.0,0.0,0.0,0.0,0.0,0.0,0.0,0.0,1.0,0.0,0.0,0.0,1.0,0.0,0.0,1.0,0.0,0.0,0.0,0.0,1.0,0.0,1.0,0.0,0.0,1.0,0.0,0.0,0.0,0.0,1.0,1.0,0.0,0.0,1.0,0.0,0.0,1.0,0.0,1.0,0.0,0.0,0.0,0.0,0.0,1.0,0.0,0.0,0.0,0.0,0.0,0.0,1.0,1.0,0.0,0.0,1.0,0.0,0.0,0.0,0.0,0.0
339,Polyimide,Po_0096,O=c1oc(=O)c2ccc1cc2-c1c(Br)cc(Oc2ccc(-n3c(=O)c4ccc(cc4)c3=O)cc2)c(Br)c1Br,574.2167769436226,3.7562777962775384,57.74792704553257,0.88269,339,1.0,1.0,1.0,0.0,0.0,0.0,0.0,0.0,0.0,0.0,1.0,0.0,0.0,0.0,1.0,0.0,0.0,1.0,0.0,0.0,0.0,0.0,1.0,0.0,1.0,0.0,0.0,1.0,0.0,0.0,0.0,0.0,1.0,1.0,0.0,0.0,1.0,0.0,0.0,1.0,0.0,1.0,0.0,0.0,0.0,0.0,0.0,1.0,0.0,0.0,0.0,0.0,0.0,0.0,1.0,1.0,0.0,0.0,1.0,0.0,0.0,0.0,0.0,0.0
340,Polybenzoxazole,Po_0010,Nc1cccc2nc(-c3ccc4oc(-c5ccccc5)nc4c3)oc12,734.0078262169249,2.527127938852646,33.80750699881585,0.882282,340,,,,,,,,,,,,,,,,,,,,,,,,,,,,,,,,,,,,,,,,,,,,,,,,,,,,,,,,,,,,,,,,
341,Polybenzoxazole,Po_0160,Cc1ccc(-c2nc3cc(-c4nc5ccccc5o4)ccc3o2)c(C#N)c1N,742.478857599209,2.315458852675942,32.74393626878802,0.882214,341,,,,,,,,,,,,,,,,,,,,,,,,,,,,,,,,,,,,,,,,,,,,,,,,,,,,,,,,,,,,,,,,
342,Polybenzoxazole,Po_0032,N#Cc1cccc2oc(-c3ccc4oc(-c5cccc(N)c5)nc4c3)nc12,726.4579899220289,2.1728120210554596,32.02902834838722,0.882189,342,,,,,,,,,,,,,,,,,,,,,,,,,,,,,,,,,,,,,,,,,,,,,,,,,,,,,,,,,,,,,,,,
343,Polybenzoxazole,Po_0105,CCc1cc(-c2nc3cc(-c4nc5ccccc5o4)ccc3o2)ccc1Br,719.1551405643621,2.3617576998397203,32.9704419914242,0.882143,343,,,,,,,,,,,,,,,,,,,,,,,,,,,,,,,,,,,,,,,,,,,,,,,,,,,,,,,,,,,,,,,,
344,Polybenzoxazole,Po_0035,CCc1cccc(-c2nc3cc(-c4nc5ccccc5o4)cc(CC)c3o2)c1,742.818440542996,2.4321722465857243,33.30809489968497,0.881955,344,,,,,,,,,,,,,,,,,,,,,,,,,,,,,,,,,,,,,,,,,,,,,,,,,,,,,,,,,,,,,,,,
345,Polybenzoxazole,Po_0137,Nc1cccc2nc(-c3ccc4oc(-c5cccc(Cl)c5)nc4c3)oc12,725.0709050849717,2.283390320332843,32.55491601970386,0.881829,345,,,,,,,,,,,,,,,,,,,,,,,,,,,,,,,,,,,,,,,,,,,,,,,,,,,,,,,,,,,,,,,,
346,Polybenzoxazole,Po_0177,Cc1cc(N)cc(-c2nc3cc(-c4nc5ccccc5o4)ccc3o2)c1,709.1463463031579,2.0548030161251036,31.403576196404156,0.881712,346,,,,,,,,,,,,,,,,,,,,,,,,,,,,,,,,,,,,,,,,,,,,,,,,,,,,,,,,,,,,,,,,
347,Polybenzoxazole,Po_0085,N#Cc1c(N)ccc(Cl)c1-c1nc2cc(-c3nc4ccccc4o3)ccc2o1,728.5126005019248,2.4750970653386877,33.49080653922506,0.881527,347,,,,,,,,,,,,,,,,,,,,,,,,,,,,,,,,,,,,,,,,,,,,,,,,,,,,,,,,,,,,,,,,
348,Polyimide,Po_0088,Nc1cc2c(Br)c(C(F)(F)F)c1c(=O)n(-c1ccc(Oc3ccc(-c4cc5ccc4c(=O)oc5=O)cc3)cc1)c2=O,578.5262496113547,3.7743744728188826,58.43035718723078,0.881502,348,1.0,1.0,1.0,0.0,0.0,0.0,0.0,0.0,0.0,0.0,1.0,0.0,0.0,0.0,1.0,0.0,0.0,1.0,0.0,0.0,0.0,0.0,1.0,0.0,1.0,0.0,0.0,1.0,0.0,0.0,0.0,0.0,1.0,1.0,0.0,0.0,1.0,0.0,0.0,1.0,0.0,1.0,0.0,0.0,0.0,0.0,0.0,1.0,0.0,0.0,0.0,0.0,0.0,0.0,1.0,1.0,0.0,0.0,1.0,0.0,0.0,0.0,0.0,0.0
349,Polybenzoxazole,Po_0019,N#Cc1c(N)ccc(-c2nc3cc(-c4nc5ccccc5o4)ccc3o2)c1N,746.216134061323,2.665511684124326,34.43002860405348,0.881359,349,,,,,,,,,,,,,,,,,,,,,,,,,,,,,,,,,,,,,,,,,,,,,,,,,,,,,,,,,,,,,,,,
350,Polybenzoxazole,Po_0020,FC(F)(F)c1ccc(-c2nc3cc(-c4nc5ccccc5o4)cc(Br)c3o2)cc1,686.2568515458605,1.9796631686914368,31.100967595775053,0.881322,350,,,,,,,,,,,,,,,,,,,,,,,,,,,,,,,,,,,,,,,,,,,,,,,,,,,,,,,,,,,,,,,,
351,Polyimide,Po_0102,COc1cc(-n2c(=O)c3cc(N)c(c(Br)c3F)c2=O)ccc1Oc1ccc(-c2cc3ccc2c(=O)oc3=O)cc1,602.1566808920555,3.7800602732784063,55.84430032317884,0.881201,351,1.0,1.0,1.0,0.0,0.0,0.0,0.0,0.0,0.0,0.0,1.0,0.0,0.0,0.0,1.0,0.0,0.0,1.0,0.0,0.0,0.0,0.0,1.0,0.0,1.0,0.0,0.0,1.0,0.0,0.0,0.0,0.0,1.0,1.0,0.0,0.0,1.0,0.0,0.0,1.0,0.0,1.0,0.0,0.0,0.0,0.0,0.0,1.0,0.0,0.0,0.0,0.0,0.0,0.0,1.0,1.0,0.0,0.0,1.0,0.0,0.0,0.0,0.0,0.0
352,Polybenzoxazole,Po_0114,N#Cc1ccc2oc(-c3cc(Br)c4oc(-c5ccccc5)nc4c3)nc2c1,731.4733526556685,2.254665068181768,32.3626678442877,0.881182,352,,,,,,,,,,,,,,,,,,,,,,,,,,,,,,,,,,,,,,,,,,,,,,,,,,,,,,,,,,,,,,,,
353,Polybenzoxazole,Po_0126,FC(F)(F)c1ccc(Br)c(-c2nc3cc(-c4nc5ccccc5o4)ccc3o2)c1,721.9100248965162,2.539152993304856,33.77365785449179,0.881027,353,,,,,,,,,,,,,,,,,,,,,,,,,,,,,,,,,,,,,,,,,,,,,,,,,,,,,,,,,,,,,,,,
354,Polybenzoxazole,Po_0171,Cc1cc(Cl)c(-c2nc3cc(-c4nc5ccccc5o4)ccc3o2)c(C#N)c1N,718.4474887615168,2.4380039119191697,33.2583217819149,0.880898,354,,,,,,,,,,,,,,,,,,,,,,,,,,,,,,,,,,,,,,,,,,,,,,,,,,,,,,,,,,,,,,,,
355,Polybenzoxazole,Po_0163,N#Cc1c(N)c(-c2nc3cc(-c4nc5ccccc5o4)ccc3o2)cc(N)c1Br,709.244647147437,2.19459548258575,32.040706165593505,0.880888,355,,,,,,,,,,,,,,,,,,,,,,,,,,,,,,,,,,,,,,,,,,,,,,,,,,,,,,,,,,,,,,,,
356,Polybenzoxazole,Po_0144,Nc1cc(-c2nc3cc(-c4nc5ccccc5o4)ccc3o2)c(N)c(Cl)c1Cl,737.410735414903,2.3517218000015383,32.816186387546395,0.880759,356,,,,,,,,,,,,,,,,,,,,,,,,,,,,,,,,,,,,,,,,,,,,,,,,,,,,,,,,,,,,,,,,
357,Polybenzoxazole,Po_0120,COc1c(-c2nc3ccccc3o2)cc2nc(-c3ccccc3)oc2c1OC,707.0697663755528,2.201384111444483,32.03269771115655,0.880328,357,,,,,,,,,,,,,,,,,,,,,,,,,,,,,,,,,,,,,,,,,,,,,,,,,,,,,,,,,,,,,,,,
358,Polybenzoxazole,Po_0092,N#Cc1cccc(-c2nc3cc(-c4nc5cccc(Br)c5o4)ccc3o2)c1,710.0790246153532,2.049111185654149,31.247947592652658,0.880017,358,,,,,,,,,,,,,,,,,,,,,,,,,,,,,,,,,,,,,,,,,,,,,,,,,,,,,,,,,,,,,,,,
359,Polyimide,Po_0173,N#Cc1cc(Oc2ccc(-c3cc4ccc3c(=O)oc4=O)cc2)cc(C#N)c1-n1c(=O)c2ccc(c(Br)c2)c1=O,620.2317201856974,3.8020498130288156,57.41040632227195,0.879774,359,1.0,1.0,1.0,0.0,0.0,0.0,0.0,0.0,0.0,0.0,1.0,0.0,0.0,0.0,1.0,0.0,0.0,1.0,0.0,0.0,0.0,0.0,1.0,0.0,1.0,0.0,0.0,1.0,0.0,0.0,0.0,0.0,1.0,1.0,0.0,0.0,1.0,0.0,0.0,1.0,0.0,1.0,0.0,0.0,0.0,0.0,0.0,1.0,0.0,0.0,0.0,0.0,0.0,0.0,1.0,1.0,0.0,0.0,1.0,0.0,0.0,0.0,0.0,0.0
360,Polyimide,Po_0132,Nc1cc2cc(F)c1c(=O)n(-c1ccc(Oc3ccc(-c4cc5ccc4c(=O)oc5=O)cc3)c(Br)c1F)c2=O,621.4646852516261,3.8085891595238843,56.493968455581246,0.87934,360,1.0,1.0,1.0,0.0,0.0,0.0,0.0,0.0,0.0,0.0,1.0,0.0,0.0,0.0,1.0,0.0,0.0,1.0,0.0,0.0,0.0,0.0,1.0,0.0,1.0,0.0,0.0,1.0,0.0,0.0,0.0,0.0,1.0,1.0,0.0,0.0,1.0,0.0,0.0,1.0,0.0,1.0,0.0,0.0,0.0,0.0,0.0,1.0,0.0,0.0,0.0,0.0,0.0,0.0,1.0,1.0,0.0,0.0,1.0,0.0,0.0,0.0,0.0,0.0
361,Polybenzoxazole,Po_0108,Nc1cc(-c2nc3cc(-c4nc5ccccc5o4)ccc3o2)ccc1Cl,733.286626614283,2.3196087869240203,32.52278963099724,0.878987,361,,,,,,,,,,,,,,,,,,,,,,,,,,,,,,,,,,,,,,,,,,,,,,,,,,,,,,,,,,,,,,,,
362,Polybenzoxazole,Po_0203,Cc1c(C#N)cc(C(F)(F)F)cc1-c1nc2cc(-c3nc4ccccc4o3)ccc2o1,718.0924698024671,2.0336843030602516,31.0929345507096,0.878981,362,,,,,,,,,,,,,,,,,,,,,,,,,,,,,,,,,,,,,,,,,,,,,,,,,,,,,,,,,,,,,,,,
363,Polyimide,Po_0130,Nc1c(F)c2c(Br)c(C(F)(F)F)c1c(=O)n(-c1ccc(Oc3ccc(-c4cc5ccc4c(=O)oc5=O)cc3)cc1)c2=O,607.212157855217,3.8145592150333614,56.142677541453885,0.878913,363,1.0,1.0,1.0,0.0,0.0,0.0,0.0,0.0,0.0,0.0,1.0,0.0,0.0,0.0,1.0,0.0,0.0,1.0,0.0,0.0,0.0,0.0,1.0,0.0,1.0,0.0,0.0,1.0,0.0,0.0,0.0,0.0,1.0,1.0,0.0,0.0,1.0,0.0,0.0,1.0,0.0,1.0,0.0,0.0,0.0,0.0,0.0,1.0,0.0,0.0,0.0,0.0,0.0,0.0,1.0,1.0,0.0,0.0,1.0,0.0,0.0,0.0,0.0,0.0
364,Polybenzoxazole,Po_0127,COc1cccc(-c2nc3cc(-c4nc5cccc(Br)c5o4)ccc3o2)c1,708.0979234283792,2.200060330968795,31.916424971943336,0.878866,364,,,,,,,,,,,,,,,,,,,,,,,,,,,,,,,,,,,,,,,,,,,,,,,,,,,,,,,,,,,,,,,,
365,Polybenzoxazole,Po_0125,COc1ccc2oc(-c3cc(F)c4oc(-c5ccccc5)nc4c3)nc2c1,692.7579851745031,1.9754685416808784,30.90942026219632,0.878771,365,,,,,,,,,,,,,,,,,,,,,,,,,,,,,,,,,,,,,,,,,,,,,,,,,,,,,,,,,,,,,,,,
366,Polybenzoxazole,Po_0029,N#Cc1c(N)cccc1-c1nc2cc(-c3nc4ccccc4o3)ccc2o1,740.1924112324888,2.419887200657025,32.99580036139644,0.87861,366,,,,,,,,,,,,,,,,,,,,,,,,,,,,,,,,,,,,,,,,,,,,,,,,,,,,,,,,,,,,,,,,
367,Polyimide,Po_0020,N#Cc1cc(Oc2ccc(-n3c(=O)c4ccc(cc4)c3=O)c(N)c2)ccc1-c1cc2ccc1c(=O)oc2=O,613.7275613975718,3.8226243604955115,57.2005925165076,0.87839,367,1.0,1.0,1.0,0.0,0.0,0.0,0.0,0.0,0.0,0.0,1.0,0.0,0.0,0.0,1.0,0.0,0.0,1.0,0.0,0.0,0.0,0.0,1.0,0.0,1.0,0.0,0.0,1.0,0.0,0.0,0.0,0.0,1.0,1.0,0.0,0.0,1.0,0.0,0.0,1.0,0.0,1.0,0.0,0.0,0.0,0.0,0.0,1.0,0.0,0.0,0.0,0.0,0.0,0.0,1.0,1.0,0.0,0.0,1.0,0.0,0.0,0.0,0.0,0.0
368,Polybenzoxazole,Po_0117,COc1cc2oc(-c3ccccc3)nc2cc1-c1nc2ccccc2o1,729.9028690801321,2.358451797813534,32.66324364039803,0.87827,368,,,,,,,,,,,,,,,,,,,,,,,,,,,,,,,,,,,,,,,,,,,,,,,,,,,,,,,,,,,,,,,,
369,Polybenzoxazole,Po_0063,Cc1cc(-c2nc3cc(-c4nc5ccccc5o4)ccc3o2)c(N)c(C#N)c1N,681.5871372287213,1.856942692561748,30.868811321942655,0.878225,369,,,,,,,,,,,,,,,,,,,,,,,,,,,,,,,,,,,,,,,,,,,,,,,,,,,,,,,,,,,,,,,,
370,Polybenzoxazole,Po_0219,Cc1cc(N)cc(-c2nc3cc(-c4nc5ccccc5o4)ccc3o2)c1C(F)(F)F,713.7576247156933,2.2062212038131173,31.894873091881248,0.87817,370,,,,,,,,,,,,,,,,,,,,,,,,,,,,,,,,,,,,,,,,,,,,,,,,,,,,,,,,,,,,,,,,
371,Polybenzoxazole,Po_0220,Fc1cc(-c2nc3cc(-c4nc5ccccc5o4)cc(F)c3o2)ccc1C(F)(F)F,759.1239209114083,2.3373703126592416,32.548941683624236,0.878156,371,,,,,,,,,,,,,,,,,,,,,,,,,,,,,,,,,,,,,,,,,,,,,,,,,,,,,,,,,,,,,,,,
372,Polybenzoxazole,Po_0141,CCc1c(F)c(Br)c(N)c(Br)c1-c1nc2cc(-c3nc4ccccc4o3)ccc2o1,702.2617051561597,1.8941648167622267,30.847013742238907,0.877943,372,,,,,,,,,,,,,,,,,,,,,,,,,,,,,,,,,,,,,,,,,,,,,,,,,,,,,,,,,,,,,,,,
373,Polybenzoxazole,Po_0187,Nc1c(Cl)ccc(-c2nc3cc(-c4nc5ccccc5o4)ccc3o2)c1Br,736.3108054738046,2.1326301110004224,31.494083503062758,0.877737,373,,,,,,,,,,,,,,,,,,,,,,,,,,,,,,,,,,,,,,,,,,,,,,,,,,,,,,,,,,,,,,,,
374,Polybenzoxazole,Po_0052,COc1cccc(-c2nc3cc(-c4nc5ccccc5o4)ccc3o2)c1,741.8949180433576,2.4561693683087285,33.11011055125559,0.877716,374,,,,,,,,,,,,,,,,,,,,,,,,,,,,,,,,,,,,,,,,,,,,,,,,,,,,,,,,,,,,,,,,
375,Polybenzoxazole,Po_0234,Fc1c(-c2nc3cc(-c4nc5ccccc5o4)ccc3o2)ccc(C(F)(F)F)c1F,708.1210656268032,2.057460195171527,31.11214884377841,0.877649,375,,,,,,,,,,,,,,,,,,,,,,,,,,,,,,,,,,,,,,,,,,,,,,,,,,,,,,,,,,,,,,,,
376,Polybenzoxazole,Po_0061,CCc1c(N)cc(-c2nc3cc(-c4nc5ccccc5o4)ccc3o2)cc1C#N,714.2482902524112,2.3449634290536956,32.538591571359035,0.877503,376,,,,,,,,,,,,,,,,,,,,,,,,,,,,,,,,,,,,,,,,,,,,,,,,,,,,,,,,,,,,,,,,
377,Polyimide,Po_0045,Nc1cc2c(-c3ccc(Oc4ccc(-n5c(=O)c6ccc(c(N)c6)c5=O)cc4)cc3)cc1c(=O)oc2=O,601.196620582878,3.8402962943771914,57.97790106020393,0.877183,377,1.0,1.0,1.0,0.0,0.0,0.0,0.0,0.0,0.0,0.0,1.0,0.0,0.0,0.0,1.0,0.0,0.0,1.0,0.0,0.0,0.0,0.0,1.0,0.0,1.0,0.0,0.0,1.0,0.0,0.0,0.0,0.0,1.0,1.0,0.0,0.0,1.0,0.0,0.0,1.0,0.0,1.0,0.0,0.0,0.0,0.0,0.0,1.0,0.0,0.0,0.0,0.0,0.0,0.0,1.0,1.0,0.0,0.0,1.0,0.0,0.0,0.0,0.0,0.0
378,Polybenzoxazole,Po_0153,Nc1cccc(-c2nc3c(Br)c(-c4nc5ccccc5o4)ccc3o2)c1,703.8088761413512,2.3916180828676676,32.730104359420345,0.876943,378,,,,,,,,,,,,,,,,,,,,,,,,,,,,,,,,,,,,,,,,,,,,,,,,,,,,,,,,,,,,,,,,
379,Polybenzoxazole,Po_0083,Nc1ccc2oc(-c3cc(N)c4oc(-c5ccccc5)nc4c3)nc2c1,720.0081710719777,2.2633327252225266,32.079176103718986,0.876821,379,,,,,,,,,,,,,,,,,,,,,,,,,,,,,,,,,,,,,,,,,,,,,,,,,,,,,,,,,,,,,,,,
380,Polybenzoxazole,Po_0194,Cc1cc(N)c(N)c(-c2nc3cc(-c4nc5ccccc5o4)ccc3o2)c1,696.2780400678331,1.7083931623326012,30.758516454426363,0.876761,380,,,,,,,,,,,,,,,,,,,,,,,,,,,,,,,,,,,,,,,,,,,,,,,,,,,,,,,,,,,,,,,,
381,Polybenzoxazole,Po_0038,N#Cc1c(N)cc(Cl)cc1-c1nc2cc(-c3nc4ccccc4o3)ccc2o1,688.7571785345311,1.9256466811679982,30.747604394893596,0.876612,381,,,,,,,,,,,,,,,,,,,,,,,,,,,,,,,,,,,,,,,,,,,,,,,,,,,,,,,,,,,,,,,,
382,Polybenzoxazole,Po_0236,CCc1cccc(-c2nc3cc(-c4nc5ccccc5o4)cc(N)c3o2)c1,716.5929066886049,2.286562680722457,32.17480745688287,0.876547,382,,,,,,,,,,,,,,,,,,,,,,,,,,,,,,,,,,,,,,,,,,,,,,,,,,,,,,,,,,,,,,,,
383,Polybenzoxazole,Po_0181,Cc1c(N)cc(-c2nc3cc(-c4nc5ccccc5o4)ccc3o2)c(C#N)c1N,713.5576721040482,2.3073541835937506,32.25568451804156,0.876238,383,,,,,,,,,,,,,,,,,,,,,,,,,,,,,,,,,,,,,,,,,,,,,,,,,,,,,,,,,,,,,,,,
384,Polybenzoxazole,Po_0151,CCc1cc2oc(-c3ccccc3)nc2c(CC)c1-c1nc2ccccc2o1,714.1861627324367,2.2254405766418803,31.837781896425803,0.876127,384,,,,,,,,,,,,,,,,,,,,,,,,,,,,,,,,,,,,,,,,,,,,,,,,,,,,,,,,,,,,,,,,
385,Polybenzoxazole,Po_0013,Fc1cccc(-c2nc3cc(-c4nc5ccccc5o4)ccc3o2)c1,729.6433345231173,2.375045933395992,32.56897242891581,0.875907,385,,,,,,,,,,,,,,,,,,,,,,,,,,,,,,,,,,,,,,,,,,,,,,,,,,,,,,,,,,,,,,,,
386,Polybenzoxazole,Po_0071,COc1ccc(-c2nc3cc(-c4nc5cccc(N)c5o4)ccc3o2)cc1,740.8838481306939,2.385418361311615,32.555863444007414,0.875042,386,,,,,,,,,,,,,,,,,,,,,,,,,,,,,,,,,,,,,,,,,,,,,,,,,,,,,,,,,,,,,,,,
387,Polyimide,Po_0025,N#Cc1cc(-c2cc3ccc2c(=O)oc3=O)ccc1Oc1ccc(-n2c(=O)c3c(N)c(C#N)c(c(F)c3Br)c2=O)cc1,616.7814076808118,3.8749523755374864,57.68556799890085,0.874907,387,1.0,1.0,1.0,0.0,0.0,0.0,0.0,0.0,0.0,0.0,1.0,0.0,0.0,0.0,1.0,0.0,0.0,1.0,0.0,0.0,0.0,0.0,1.0,0.0,1.0,0.0,0.0,1.0,0.0,0.0,0.0,0.0,1.0,1.0,0.0,0.0,1.0,0.0,0.0,1.0,0.0,1.0,0.0,0.0,0.0,0.0,0.0,1.0,0.0,0.0,0.0,0.0,0.0,0.0,1.0,1.0,0.0,0.0,1.0,0.0,0.0,0.0,0.0,0.0
388,Polyimide,Po_0057,O=c1oc(=O)c2ccc1cc2-c1ccc(Oc2ccc(-n3c(=O)c4ccc(cc4)c3=O)cc2)c(Cl)c1,630.9421696572555,3.878720201150855,57.44937862987904,0.87468,388,1.0,1.0,1.0,0.0,0.0,0.0,0.0,0.0,0.0,0.0,1.0,0.0,0.0,0.0,1.0,0.0,0.0,1.0,0.0,0.0,0.0,0.0,1.0,0.0,1.0,0.0,0.0,1.0,0.0,0.0,0.0,0.0,1.0,1.0,0.0,0.0,1.0,0.0,0.0,1.0,0.0,1.0,0.0,0.0,0.0,0.0,0.0,1.0,0.0,0.0,0.0,0.0,0.0,0.0,1.0,1.0,0.0,0.0,1.0,0.0,0.0,0.0,0.0,0.0
389,Polyimide,Po_0080,O=c1oc(=O)c2ccc1cc2-c1cc(Br)c(Oc2ccc(-n3c(=O)c4cc(F)c(c(Br)c4)c3=O)cc2)cc1Br,608.3897320602623,3.8837648971682643,57.81251636735612,0.874302,389,1.0,1.0,1.0,0.0,0.0,0.0,0.0,0.0,0.0,0.0,1.0,0.0,0.0,0.0,1.0,0.0,0.0,1.0,0.0,0.0,0.0,0.0,1.0,0.0,1.0,0.0,0.0,1.0,0.0,0.0,0.0,0.0,1.0,1.0,0.0,0.0,1.0,0.0,0.0,1.0,0.0,1.0,0.0,0.0,0.0,0.0,0.0,1.0,0.0,0.0,0.0,0.0,0.0,0.0,1.0,1.0,0.0,0.0,1.0,0.0,0.0,0.0,0.0,0.0
390,Polybenzoxazole,Po_0012,Nc1cccc2nc(-c3ccc4oc(-c5ccccc5Br)nc4c3)oc12,715.6109398330381,2.320927687740451,32.17773308573013,0.874295,390,,,,,,,,,,,,,,,,,,,,,,,,,,,,,,,,,,,,,,,,,,,,,,,,,,,,,,,,,,,,,,,,
391,Polybenzoxazole,Po_0195,Fc1cc(Br)cc(-c2nc3cc(-c4nc5ccccc5o4)ccc3o2)c1,727.1577783505345,2.4888700106774055,33.00617908034021,0.874147,391,,,,,,,,,,,,,,,,,,,,,,,,,,,,,,,,,,,,,,,,,,,,,,,,,,,,,,,,,,,,,,,,
392,Polybenzoxazole,Po_0096,NS(=O)(=O)c1cc(S(N)(=O)=O)c(S(N)(=O)=O)cc1-c1nc2cc(-c3nc4ccccc4o3)ccc2o1,714.2572861762197,2.474007480611322,32.90121155824129,0.873735,392,,,,,,,,,,,,,,,,,,,,,,,,,,,,,,,,,,,,,,,,,,,,,,,,,,,,,,,,,,,,,,,,
393,Polybenzoxazole,Po_0149,COc1cc(Br)c(-c2nc3cc(-c4nc5ccccc5o4)ccc3o2)cc1C(F)(F)F,742.1685196734627,2.50159745356268,33.03694080021254,0.873712,393,,,,,,,,,,,,,,,,,,,,,,,,,,,,,,,,,,,,,,,,,,,,,,,,,,,,,,,,,,,,,,,,
394,Polybenzoxazole,Po_0064,Cc1c(C#N)cc(C#N)cc1-c1nc2cc(-c3nc4ccccc4o3)ccc2o1,730.4441808212304,2.3285082534495967,32.14539521506995,0.873362,394,,,,,,,,,,,,,,,,,,,,,,,,,,,,,,,,,,,,,,,,,,,,,,,,,,,,,,,,,,,,,,,,
395,Polybenzoxazole,Po_0075,FC(F)(F)c1cccc(-c2nc3cc(-c4nc5ccccc5o4)ccc3o2)c1,744.967890247896,2.44557873141088,32.68867576654531,0.872803,395,,,,,,,,,,,,,,,,,,,,,,,,,,,,,,,,,,,,,,,,,,,,,,,,,,,,,,,,,,,,,,,,
396,Polybenzoxazole,Po_0179,CCc1ccc(-c2nc3cc(-c4nc5ccccc5o4)ccc3o2)cc1F,710.0189741384382,2.2565198184741164,31.741504459437344,0.872771,396,,,,,,,,,,,,,,,,,,,,,,,,,,,,,,,,,,,,,,,,,,,,,,,,,,,,,,,,,,,,,,,,
397,Polybenzoxazole,Po_0043,CCc1cc(Br)c(F)cc1-c1nc2cc(-c3nc4ccccc4o3)ccc2o1,697.0550850627702,1.9330564210895695,30.457541088438543,0.872748,397,,,,,,,,,,,,,,,,,,,,,,,,,,,,,,,,,,,,,,,,,,,,,,,,,,,,,,,,,,,,,,,,
398,Polybenzoxazole,Po_0213,Fc1cc(Br)cc(-c2nc3cc(-c4nc5ccccc5o4)ccc3o2)c1C(F)(F)F,730.4377292895748,2.4561174387194664,32.72939434820938,0.872641,398,,,,,,,,,,,,,,,,,,,,,,,,,,,,,,,,,,,,,,,,,,,,,,,,,,,,,,,,,,,,,,,,
399,Polyimide,Po_0162,Nc1cc2ccc1c(=O)n(-c1ccc(Oc3ccc(-c4cc5ccc4c(=O)oc5=O)cc3)c(Br)c1)c2=O,621.1678571636808,3.9127928871940516,57.603076401916816,0.872393,399,1.0,1.0,1.0,0.0,0.0,0.0,0.0,0.0,0.0,0.0,1.0,0.0,0.0,0.0,1.0,0.0,0.0,1.0,0.0,0.0,0.0,0.0,1.0,0.0,1.0,0.0,0.0,1.0,0.0,0.0,0.0,0.0,1.0,1.0,0.0,0.0,1.0,0.0,0.0,1.0,0.0,1.0,0.0,0.0,0.0,0.0,0.0,1.0,0.0,0.0,0.0,0.0,0.0,0.0,1.0,1.0,0.0,0.0,1.0,0.0,0.0,0.0,0.0,0.0
400,Polybenzoxazole,Po_0069,Brc1cccc(-c2nc3cc(-c4nc5ccccc5o4)cc(Br)c3o2)c1,737.8441183692838,2.3738063219397016,32.298459224169484,0.872384,400,,,,,,,,,,,,,,,,,,,,,,,,,,,,,,,,,,,,,,,,,,,,,,,,,,,,,,,,,,,,,,,,
401,Polybenzoxazole,Po_0041,N#Cc1cccc2oc(-c3ccc4oc(-c5cccc(F)c5)nc4c3)nc12,732.4286762765223,2.363807776287185,32.24402230443649,0.872324,401,,,,,,,,,,,,,,,,,,,,,,,,,,,,,,,,,,,,,,,,,,,,,,,,,,,,,,,,,,,,,,,,
402,Polybenzoxazole,Po_0076,Cc1c(C)c(-c2nc3cc(-c4nc5ccccc5o4)ccc3o2)c(N)c(C#N)c1N,718.4052853966832,2.36824903655811,32.266407076806296,0.872323,402,,,,,,,,,,,,,,,,,,,,,,,,,,,,,,,,,,,,,,,,,,,,,,,,,,,,,,,,,,,,,,,,
403,Polyimide,Po_0159,NS(=O)(=O)c1cc2cc(-c3ccc(Oc4ccc(-n5c(=O)c6ccc(cc6)c5=O)cc4)c(Cl)c3)c1c(=O)oc2=O,592.420871371569,3.914402646116177,55.73569923268699,0.872217,403,1.0,1.0,1.0,0.0,0.0,0.0,0.0,0.0,0.0,0.0,1.0,0.0,0.0,0.0,1.0,0.0,0.0,1.0,0.0,0.0,0.0,0.0,1.0,0.0,1.0,0.0,0.0,1.0,0.0,0.0,0.0,0.0,1.0,1.0,0.0,0.0,1.0,0.0,0.0,1.0,0.0,1.0,0.0,0.0,0.0,0.0,0.0,1.0,0.0,0.0,0.0,0.0,0.0,0.0,1.0,1.0,0.0,0.0,1.0,0.0,0.0,0.0,0.0,0.0
404,Polybenzoxazole,Po_0123,NS(=O)(=O)c1cccc(F)c1-c1nc2cc(-c3nc4ccccc4o3)ccc2o1,727.5368749939086,2.604106880842477,33.433579948902725,0.872163,404,,,,,,,,,,,,,,,,,,,,,,,,,,,,,,,,,,,,,,,,,,,,,,,,,,,,,,,,,,,,,,,,
405,Polyimide,Po_0003,Nc1cc2ccc1c(=O)n(-c1ccc(Oc3ccc(-c4cc5ccc4c(=O)oc5=O)cc3)cc1)c2=O,620.8650931043899,3.919201852332231,56.823670232313205,0.871965,405,1.0,1.0,1.0,0.0,0.0,0.0,0.0,0.0,0.0,0.0,1.0,0.0,0.0,0.0,1.0,0.0,0.0,1.0,0.0,0.0,0.0,0.0,1.0,0.0,1.0,0.0,0.0,1.0,0.0,0.0,0.0,0.0,1.0,1.0,0.0,0.0,1.0,0.0,0.0,1.0,0.0,1.0,0.0,0.0,0.0,0.0,0.0,1.0,0.0,0.0,0.0,0.0,0.0,0.0,1.0,1.0,0.0,0.0,1.0,0.0,0.0,0.0,0.0,0.0
406,Polybenzoxazole,Po_0146,Nc1cc(-c2nc3ccccc3o2)cc2nc(-c3ccc(Cl)cc3)oc12,731.7902159757616,2.4308099005181742,32.551827396067075,0.871961,406,,,,,,,,,,,,,,,,,,,,,,,,,,,,,,,,,,,,,,,,,,,,,,,,,,,,,,,,,,,,,,,,
407,Polybenzoxazole,Po_0027,Fc1cccc(-c2nc3c(Br)c(-c4nc5ccccc5o4)ccc3o2)c1,707.0928354945044,2.1951948596040434,31.37071161112299,0.871914,407,,,,,,,,,,,,,,,,,,,,,,,,,,,,,,,,,,,,,,,,,,,,,,,,,,,,,,,,,,,,,,,,
408,Polyimide,Po_0019,Nc1cc2c(F)c(Br)c1c(=O)n(-c1ccc(Oc3ccc(-c4cc5ccc4c(=O)oc5=O)cc3)cc1)c2=O,620.3351719791192,3.920372978087525,55.69721216678994,0.871886,408,1.0,1.0,1.0,0.0,0.0,0.0,0.0,0.0,0.0,0.0,1.0,0.0,0.0,0.0,1.0,0.0,0.0,1.0,0.0,0.0,0.0,0.0,1.0,0.0,1.0,0.0,0.0,1.0,0.0,0.0,0.0,0.0,1.0,1.0,0.0,0.0,1.0,0.0,0.0,1.0,0.0,1.0,0.0,0.0,0.0,0.0,0.0,1.0,0.0,0.0,0.0,0.0,0.0,0.0,1.0,1.0,0.0,0.0,1.0,0.0,0.0,0.0,0.0,0.0
409,Polybenzoxazole,Po_0074,N#Cc1ccc(-c2nc3cc(-c4nc5ccccc5o4)ccc3o2)c(N)c1C#N,740.3539152676461,2.5383093391910223,33.07386914093851,0.871756,409,,,,,,,,,,,,,,,,,,,,,,,,,,,,,,,,,,,,,,,,,,,,,,,,,,,,,,,,,,,,,,,,
410,Polybenzoxazole,Po_0135,CCc1cc(N)c2oc(-c3ccc4oc(-c5ccccc5)nc4c3)nc2c1,707.6747650963817,1.7950339102961914,30.365481487174936,0.871524,410,,,,,,,,,,,,,,,,,,,,,,,,,,,,,,,,,,,,,,,,,,,,,,,,,,,,,,,,,,,,,,,,
411,Polybenzoxazole,Po_0238,CCc1cc(Br)cc(-c2nc3cc(-c4nc5ccccc5o4)ccc3o2)c1CC,719.2644302881387,2.485284772449411,32.7829763253232,0.871408,411,,,,,,,,,,,,,,,,,,,,,,,,,,,,,,,,,,,,,,,,,,,,,,,,,,,,,,,,,,,,,,,,
412,Polybenzoxazole,Po_0103,Nc1ccc2oc(-c3ccc4oc(-c5ccccc5Cl)nc4c3)nc2c1,726.0461214044275,2.3997476828892075,32.35230807157914,0.87137,412,,,,,,,,,,,,,,,,,,,,,,,,,,,,,,,,,,,,,,,,,,,,,,,,,,,,,,,,,,,,,,,,
413,Polybenzoxazole,Po_0180,Nc1cc(-c2nc3cc(-c4nc5ccccc5o4)ccc3o2)c(C(F)(F)F)c(Cl)c1Cl,734.833334793282,2.534079240140678,33.02106698787761,0.871333,413,,,,,,,,,,,,,,,,,,,,,,,,,,,,,,,,,,,,,,,,,,,,,,,,,,,,,,,,,,,,,,,,
414,Polybenzoxazole,Po_0051,NS(=O)(=O)c1c(-c2nc3cc(-c4nc5ccccc5o4)ccc3o2)cccc1C(F)(F)F,715.162201053026,2.352236079560311,32.10077981238196,0.871181,414,,,,,,,,,,,,,,,,,,,,,,,,,,,,,,,,,,,,,,,,,,,,,,,,,,,,,,,,,,,,,,,,
415,Polybenzoxazole,Po_0200,N#Cc1cc(-c2nc3cc(-c4nc5ccccc5o4)ccc3o2)cc(C#N)c1S(N)(=O)=O,705.0755175248173,2.357000444637434,32.09117759481788,0.870733,415,,,,,,,,,,,,,,,,,,,,,,,,,,,,,,,,,,,,,,,,,,,,,,,,,,,,,,,,,,,,,,,,
416,Polybenzoxazole,Po_0240,CCc1cc(F)c(CC)c(-c2nc3cc(-c4nc5ccccc5o4)ccc3o2)c1CC,709.3193504412105,2.1611361675771557,31.10954463215206,0.870703,416,,,,,,,,,,,,,,,,,,,,,,,,,,,,,,,,,,,,,,,,,,,,,,,,,,,,,,,,,,,,,,,,
417,Polybenzoxazole,Po_0097,Nc1ccc2oc(-c3cc4nc(-c5ccccc5)oc4cc3N)nc2c1,713.8695684427988,2.447151719891631,32.5371685846916,0.870672,417,,,,,,,,,,,,,,,,,,,,,,,,,,,,,,,,,,,,,,,,,,,,,,,,,,,,,,,,,,,,,,,,
418,Polybenzoxazole,Po_0154,CCc1c(-c2nc3cc(-c4nc5ccccc5o4)ccc3o2)cc(F)c(Br)c1C,738.646697892891,2.2936520157213915,31.756775837501536,0.870505,418,,,,,,,,,,,,,,,,,,,,,,,,,,,,,,,,,,,,,,,,,,,,,,,,,,,,,,,,,,,,,,,,
419,Polybenzoxazole,Po_0024,COc1cc(-c2nc3ccccc3o2)cc2nc(-c3ccccc3)oc12,751.4495905876886,2.3936372687481144,32.219863405795024,0.870016,419,,,,,,,,,,,,,,,,,,,,,,,,,,,,,,,,,,,,,,,,,,,,,,,,,,,,,,,,,,,,,,,,
420,Polybenzoxazole,Po_0014,Cc1cccc2oc(-c3ccc4oc(-c5cccc(C#N)c5)nc4c3)nc12,753.1966876846742,2.785192243889708,34.154869735588974,0.869713,420,,,,,,,,,,,,,,,,,,,,,,,,,,,,,,,,,,,,,,,,,,,,,,,,,,,,,,,,,,,,,,,,
421,Polybenzoxazole,Po_0036,N#Cc1ccc(N)cc1-c1nc2cc(-c3nc4ccccc4o3)ccc2o1,719.622318551501,2.3786800698192123,32.10724302564442,0.869506,421,,,,,,,,,,,,,,,,,,,,,,,,,,,,,,,,,,,,,,,,,,,,,,,,,,,,,,,,,,,,,,,,
422,Polybenzoxazole,Po_0015,Nc1ccc(-c2nc3cc(-c4nc5ccccc5o4)cc(Br)c3o2)cc1,732.6650554814053,2.437583284998794,32.39086894523772,0.869363,422,,,,,,,,,,,,,,,,,,,,,,,,,,,,,,,,,,,,,,,,,,,,,,,,,,,,,,,,,,,,,,,,
423,Polybenzoxazole,Po_0049,N#Cc1c(-c2nc3cc(-c4nc5ccccc5o4)ccc3o2)cc(N)cc1C(F)(F)F,740.8970528707159,2.6737702055786916,33.569836082430655,0.869338,423,,,,,,,,,,,,,,,,,,,,,,,,,,,,,,,,,,,,,,,,,,,,,,,,,,,,,,,,,,,,,,,,
424,Polybenzoxazole,Po_0017,Nc1ccc(-c2nc3cc(-c4nc5ccc(N)c(N)c5o4)ccc3o2)cc1,707.030914009,2.469433580566048,32.545385136349786,0.869294,424,,,,,,,,,,,,,,,,,,,,,,,,,,,,,,,,,,,,,,,,,,,,,,,,,,,,,,,,,,,,,,,,
425,Polybenzoxazole,Po_0142,COc1cc2oc(-c3cccc(C)c3)nc2cc1-c1nc2ccccc2o1,756.1928640391885,2.586541494610924,33.12452981535176,0.869218,425,,,,,,,,,,,,,,,,,,,,,,,,,,,,,,,,,,,,,,,,,,,,,,,,,,,,,,,,,,,,,,,,
426,Polybenzoxazole,Po_0226,Cc1cc(C#N)c(Cl)c(-c2nc3cc(-c4nc5ccccc5o4)ccc3o2)c1Br,730.9134469004293,2.559522989891739,32.98131655487222,0.869106,426,,,,,,,,,,,,,,,,,,,,,,,,,,,,,,,,,,,,,,,,,,,,,,,,,,,,,,,,,,,,,,,,
427,Polybenzoxazole,Po_0107,N#Cc1c(Br)c(-c2nc3ccccc3o2)cc2nc(-c3ccccc3)oc12,704.0640660960873,2.3218388542471877,31.771527182886707,0.868814,427,,,,,,,,,,,,,,,,,,,,,,,,,,,,,,,,,,,,,,,,,,,,,,,,,,,,,,,,,,,,,,,,
428,Polybenzoxazole,Po_0207,Nc1cc(-c2nc3ccccc3o2)cc2nc(-c3ccc(Cl)c(Br)c3)oc12,743.6041251583541,2.4482165277166867,32.40249453560204,0.868811,428,,,,,,,,,,,,,,,,,,,,,,,,,,,,,,,,,,,,,,,,,,,,,,,,,,,,,,,,,,,,,,,,
429,Polybenzoxazole,Po_0209,COc1c(C#N)ccc(Br)c1-c1nc2cc(-c3nc4ccccc4o3)ccc2o1,696.210158298535,1.7542875431592624,30.15757685942127,0.868748,429,,,,,,,,,,,,,,,,,,,,,,,,,,,,,,,,,,,,,,,,,,,,,,,,,,,,,,,,,,,,,,,,
430,Polybenzoxazole,Po_0002,N#Cc1cc2oc(-c3ccccc3)nc2cc1-c1nc2ccccc2o1,702.2329503966399,2.095147460235221,30.63200758599827,0.868733,430,,,,,,,,,,,,,,,,,,,,,,,,,,,,,,,,,,,,,,,,,,,,,,,,,,,,,,,,,,,,,,,,
431,Polybenzoxazole,Po_0077,N#Cc1cc(-c2nc3ccccc3o2)cc2nc(-c3ccc(F)cc3)oc12,717.2908030517309,2.1648016824892045,30.96685092899945,0.868558,431,,,,,,,,,,,,,,,,,,,,,,,,,,,,,,,,,,,,,,,,,,,,,,,,,,,,,,,,,,,,,,,,
432,Polybenzoxazole,Po_0167,COc1c(C#N)cc(C#N)c(C)c1-c1nc2cc(-c3nc4ccccc4o3)ccc2o1,710.5243687074562,2.2728210173259256,31.486914095431217,0.868289,432,,,,,,,,,,,,,,,,,,,,,,,,,,,,,,,,,,,,,,,,,,,,,,,,,,,,,,,,,,,,,,,,
433,Polybenzoxazole,Po_0073,Nc1c(F)cccc1-c1nc2cc(-c3nc4ccccc4o3)ccc2o1,709.6018641974296,2.354015491000426,31.846699996684148,0.867673,433,,,,,,,,,,,,,,,,,,,,,,,,,,,,,,,,,,,,,,,,,,,,,,,,,,,,,,,,,,,,,,,,
434,Polybenzoxazole,Po_0122,Nc1cc(N)c2oc(-c3ccc4oc(-c5cccc(Br)c5)nc4c3)nc2c1,700.5416858930517,1.951156140766693,30.06338261854669,0.867494,434,,,,,,,,,,,,,,,,,,,,,,,,,,,,,,,,,,,,,,,,,,,,,,,,,,,,,,,,,,,,,,,,
435,Polybenzoxazole,Po_0054,Nc1c(Cl)c(-c2nc3ccccc3o2)cc2nc(-c3ccccc3)oc12,718.4484673381072,2.275819735539998,31.44051807230612,0.867473,435,,,,,,,,,,,,,,,,,,,,,,,,,,,,,,,,,,,,,,,,,,,,,,,,,,,,,,,,,,,,,,,,
436,Polybenzoxazole,Po_0217,CCc1ccc(F)c(C#N)c1-c1nc2cc(-c3nc4ccccc4o3)ccc2o1,728.9375551790151,2.457399950071427,32.34784899947338,0.867468,436,,,,,,,,,,,,,,,,,,,,,,,,,,,,,,,,,,,,,,,,,,,,,,,,,,,,,,,,,,,,,,,,
437,Polyimide,Po_0072,Nc1cc2c(F)cc1c(=O)n(-c1ccc(Oc3ccc(-c4cc5ccc4c(=O)oc5=O)cc3)c(Cl)c1Cl)c2=O,591.6087867972672,3.992671035237731,58.10102074276941,0.866997,437,1.0,1.0,1.0,0.0,0.0,0.0,0.0,0.0,0.0,0.0,1.0,0.0,0.0,0.0,1.0,0.0,0.0,1.0,0.0,0.0,0.0,0.0,1.0,0.0,1.0,0.0,0.0,1.0,0.0,0.0,0.0,0.0,1.0,1.0,0.0,0.0,1.0,0.0,0.0,1.0,0.0,1.0,0.0,0.0,0.0,0.0,0.0,1.0,0.0,0.0,0.0,0.0,0.0,0.0,1.0,1.0,0.0,0.0,1.0,0.0,0.0,0.0,0.0,0.0
438,Polybenzoxazole,Po_0050,Nc1cc(N)c2oc(-c3ccc4oc(-c5ccccc5)nc4c3)nc2c1,726.4200582285487,1.9646708965912614,30.023893355998243,0.866975,438,,,,,,,,,,,,,,,,,,,,,,,,,,,,,,,,,,,,,,,,,,,,,,,,,,,,,,,,,,,,,,,,
439,Polybenzoxazole,Po_0231,Nc1cc(N)c(S(N)(=O)=O)c(-c2nc3cc(-c4nc5ccccc5o4)ccc3o2)c1,717.1941338890822,2.235956213620863,31.168570516976445,0.866504,439,,,,,,,,,,,,,,,,,,,,,,,,,,,,,,,,,,,,,,,,,,,,,,,,,,,,,,,,,,,,,,,,
440,Polybenzoxazole,Po_0156,CCc1c(F)c(Br)c(F)c(Br)c1-c1nc2cc(-c3nc4ccccc4o3)ccc2o1,712.4988910492822,2.0203143109928385,30.087120819501,0.86646,440,,,,,,,,,,,,,,,,,,,,,,,,,,,,,,,,,,,,,,,,,,,,,,,,,,,,,,,,,,,,,,,,
441,Polybenzoxazole,Po_0037,Cc1cccc(-c2nc3cc(-c4nc5ccccc5o4)cc(F)c3o2)c1,718.7267282325065,2.093610833912518,30.444561211794706,0.866341,441,,,,,,,,,,,,,,,,,,,,,,,,,,,,,,,,,,,,,,,,,,,,,,,,,,,,,,,,,,,,,,,,
442,Polybenzoxazole,Po_0190,N#Cc1c(N)c(N)c(-c2nc3cc(-c4nc5ccccc5o4)ccc3o2)c(N)c1C#N,713.5534098560954,2.6320792309922783,33.13654882878783,0.866335,442,,,,,,,,,,,,,,,,,,,,,,,,,,,,,,,,,,,,,,,,,,,,,,,,,,,,,,,,,,,,,,,,
443,Polybenzoxazole,Po_0039,N#Cc1cc(N)cc(-c2nc3cc(-c4nc5ccccc5o4)ccc3o2)c1,712.018760234111,2.4535053947664447,32.24135367887842,0.866303,443,,,,,,,,,,,,,,,,,,,,,,,,,,,,,,,,,,,,,,,,,,,,,,,,,,,,,,,,,,,,,,,,
444,Polyimide,Po_0212,COc1c(C#N)c2ccc1c(=O)n(-c1ccc(Oc3ccc(-c4cc5ccc4c(=O)oc5=O)cc3)c(C(F)(F)F)c1)c2=O,603.8922357388151,4.004473063339178,57.67606749598294,0.866244,444,1.0,1.0,1.0,0.0,0.0,0.0,0.0,0.0,0.0,0.0,1.0,0.0,0.0,0.0,1.0,0.0,0.0,1.0,0.0,0.0,0.0,0.0,1.0,0.0,1.0,0.0,0.0,1.0,0.0,0.0,0.0,0.0,1.0,1.0,0.0,0.0,1.0,0.0,0.0,1.0,0.0,1.0,0.0,0.0,0.0,0.0,0.0,1.0,0.0,0.0,0.0,0.0,0.0,0.0,1.0,1.0,0.0,0.0,1.0,0.0,0.0,0.0,0.0,0.0
445,Polybenzoxazole,Po_0072,COc1cccc(-c2nc3cc(-c4nc5cccc(N)c5o4)ccc3o2)c1,738.56735330433,2.5568071061675175,32.749841750412415,0.866202,445,,,,,,,,,,,,,,,,,,,,,,,,,,,,,,,,,,,,,,,,,,,,,,,,,,,,,,,,,,,,,,,,
446,Polybenzoxazole,Po_0007,NS(=O)(=O)c1cc(-c2nc3ccccc3o2)cc2nc(-c3ccccc3)oc12,726.3902650412607,2.2434054116594226,31.17022069057713,0.866032,446,,,,,,,,,,,,,,,,,,,,,,,,,,,,,,,,,,,,,,,,,,,,,,,,,,,,,,,,,,,,,,,,
447,PEEK,PE_0100,Cc1cc(Oc2ccc(Oc3ccc(C(=O)c4ccc(Br)cc4)cc3)cc2)c(F)cc1C(=O)c1ccccc1,545.6075831053852,2.887131002400426,34.36296017864957,0.8653,447,1.0,1.0,1.0,0.0,0.0,1.0,0.0,0.0,0.0,1.0,1.0,0.0,0.0,0.0,1.0,0.0,0.0,1.0,0.0,0.0,0.0,0.0,1.0,0.0,0.0,0.0,0.0,0.0,0.0,0.0,0.0,0.0,0.0,1.0,0.0,0.0,1.0,0.0,0.0,1.0,0.0,1.0,0.0,0.0,0.0,0.0,0.0,1.0,0.0,0.0,0.0,0.0,0.0,0.0,0.0,1.0,0.0,0.0,0.0,0.0,0.0,1.0,0.0,0.0
448,Polybenzoxazole,Po_0168,FC(F)(F)c1cccc(-c2nc3cc(-c4nc5cccc(Br)c5o4)ccc3o2)c1,719.600809640355,2.406040265392746,31.905598203320174,0.864993,448,,,,,,,,,,,,,,,,,,,,,,,,,,,,,,,,,,,,,,,,,,,,,,,,,,,,,,,,,,,,,,,,
449,Polybenzoxazole,Po_0119,Fc1cc(-c2nc3ccccc3o2)cc2nc(-c3ccc(C(F)(F)F)cc3)oc12,725.9564804988506,2.3363597088678305,31.531149645370373,0.864647,449,,,,,,,,,,,,,,,,,,,,,,,,,,,,,,,,,,,,,,,,,,,,,,,,,,,,,,,,,,,,,,,,
450,Polybenzoxazole,Po_0155,Nc1cccc(-c2nc3cc(-c4nc5cc(Br)ccc5o4)ccc3o2)c1,728.1375305379713,2.6521431236125426,33.08746535005297,0.864346,450,,,,,,,,,,,,,,,,,,,,,,,,,,,,,,,,,,,,,,,,,,,,,,,,,,,,,,,,,,,,,,,,
451,Polybenzoxazole,Po_0006,Brc1cc(-c2nc3ccccc3o2)cc2nc(-c3ccccc3)oc12,708.8332149731325,2.4050521003350847,31.827569147556275,0.864016,451,,,,,,,,,,,,,,,,,,,,,,,,,,,,,,,,,,,,,,,,,,,,,,,,,,,,,,,,,,,,,,,,
452,Polybenzoxazole,Po_0138,Nc1cccc(-c2nc3cc(-c4nc5ccc(N)cc5o4)ccc3o2)c1,713.9387627638553,2.2832218888549307,31.213469154171534,0.863951,452,,,,,,,,,,,,,,,,,,,,,,,,,,,,,,,,,,,,,,,,,,,,,,,,,,,,,,,,,,,,,,,,
453,Polybenzoxazole,Po_0106,NS(=O)(=O)c1cccc2oc(-c3ccc4oc(-c5ccccc5)nc4c3)nc12,742.4036339552885,2.6857864608579405,33.21307072525224,0.863781,453,,,,,,,,,,,,,,,,,,,,,,,,,,,,,,,,,,,,,,,,,,,,,,,,,,,,,,,,,,,,,,,,
454,Polybenzoxazole,Po_0132,Nc1ccc(-c2nc3cc(-c4nc5ccccc5o4)ccc3o2)c(N)c1F,734.8221860606957,2.5595269583502405,32.57945021805283,0.863748,454,,,,,,,,,,,,,,,,,,,,,,,,,,,,,,,,,,,,,,,,,,,,,,,,,,,,,,,,,,,,,,,,
455,Polybenzoxazole,Po_0047,N#Cc1cc(N)cc(-c2nc3cc(-c4nc5ccccc5o4)ccc3o2)c1F,720.7298077628561,2.383822186467514,31.69509523530032,0.863668,455,,,,,,,,,,,,,,,,,,,,,,,,,,,,,,,,,,,,,,,,,,,,,,,,,,,,,,,,,,,,,,,,
456,Polybenzoxazole,Po_0233,N#Cc1c(N)cc2nc(-c3ccc4oc(-c5ccccc5)nc4c3)oc2c1C#N,728.9518884228429,2.725422476403338,33.39866310656992,0.86361,456,,,,,,,,,,,,,,,,,,,,,,,,,,,,,,,,,,,,,,,,,,,,,,,,,,,,,,,,,,,,,,,,
457,Polybenzoxazole,Po_0098,Nc1cccc2oc(-c3cc(N)c4oc(-c5ccccc5)nc4c3)nc12,690.1973814974294,2.0117816468889465,29.830655352014794,0.863601,457,,,,,,,,,,,,,,,,,,,,,,,,,,,,,,,,,,,,,,,,,,,,,,,,,,,,,,,,,,,,,,,,
458,Polybenzoxazole,Po_0060,N#Cc1cc(N)c(C#N)c(-c2nc3cc(-c4nc5ccccc5o4)ccc3o2)c1F,729.2422861011657,2.4189429205111392,31.858825937968202,0.863511,458,,,,,,,,,,,,,,,,,,,,,,,,,,,,,,,,,,,,,,,,,,,,,,,,,,,,,,,,,,,,,,,,
459,Polybenzoxazole,Po_0201,N#Cc1cc(-c2nc3cc(-c4nc5ccccc5o4)ccc3o2)cc(N)c1F,741.8130816938365,2.872368246084593,34.11789456287788,0.863406,459,,,,,,,,,,,,,,,,,,,,,,,,,,,,,,,,,,,,,,,,,,,,,,,,,,,,,,,,,,,,,,,,
460,Polybenzoxazole,Po_0185,CCc1cc(S(N)(=O)=O)cc(-c2nc3cc(-c4nc5ccccc5o4)ccc3o2)c1S(N)(=O)=O,749.0514220052822,2.5613742623929783,32.558535006457795,0.863349,460,,,,,,,,,,,,,,,,,,,,,,,,,,,,,,,,,,,,,,,,,,,,,,,,,,,,,,,,,,,,,,,,
461,Polybenzoxazole,Po_0082,Nc1cc(-c2nc3cc(S(N)(=O)=O)ccc3o2)cc2nc(-c3ccccc3)oc12,664.9381122947526,1.5034292271789045,29.69947932119212,0.862623,461,,,,,,,,,,,,,,,,,,,,,,,,,,,,,,,,,,,,,,,,,,,,,,,,,,,,,,,,,,,,,,,,
462,Polybenzoxazole,Po_0053,N#Cc1c(C(F)(F)F)cc(N)c(N)c1-c1nc2cc(-c3nc4ccccc4o3)ccc2o1,715.4887583562416,2.543595882070873,32.39660454281822,0.862368,462,,,,,,,,,,,,,,,,,,,,,,,,,,,,,,,,,,,,,,,,,,,,,,,,,,,,,,,,,,,,,,,,
463,Polybenzoxazole,Po_0178,Fc1cccc(-c2nc3cc(-c4nc5ccccc5o4)cc(Cl)c3o2)c1,726.85698663551,2.3277026496562097,31.25093448367006,0.861488,463,,,,,,,,,,,,,,,,,,,,,,,,,,,,,,,,,,,,,,,,,,,,,,,,,,,,,,,,,,,,,,,,
464,Polybenzoxazole,Po_0109,N#Cc1cc(N)c(-c2nc3cc(-c4nc5ccccc5o4)ccc3o2)c(N)c1C#N,723.4747706163182,2.4787146007134564,32.00189795949795,0.861433,464,,,,,,,,,,,,,,,,,,,,,,,,,,,,,,,,,,,,,,,,,,,,,,,,,,,,,,,,,,,,,,,,
465,Polybenzoxazole,Po_0205,COc1ccc2nc(-c3ccc4oc(-c5cccc(F)c5)nc4c3)oc2c1,721.2400695099498,2.686572438610729,33.016215915559926,0.8611,465,,,,,,,,,,,,,,,,,,,,,,,,,,,,,,,,,,,,,,,,,,,,,,,,,,,,,,,,,,,,,,,,
466,Polybenzoxazole,Po_0235,Nc1c(-c2nc3cc(-c4nc5ccccc5o4)ccc3o2)ccc(Cl)c1F,739.4470728032455,2.6712754085494343,32.938273724155884,0.861084,466,,,,,,,,,,,,,,,,,,,,,,,,,,,,,,,,,,,,,,,,,,,,,,,,,,,,,,,,,,,,,,,,
467,Polybenzoxazole,Po_0129,N#Cc1cccc2nc(-c3ccc4oc(-c5cccc(F)c5)nc4c3)oc12,717.2010248603024,2.2898314785651,30.957305050939656,0.860096,467,,,,,,,,,,,,,,,,,,,,,,,,,,,,,,,,,,,,,,,,,,,,,,,,,,,,,,,,,,,,,,,,
468,Polybenzoxazole,Po_0044,Cc1cc(-c2nc3ccccc3o2)cc2nc(-c3cccc(N)c3)oc12,722.4459632697677,2.487728979838285,31.941784725442364,0.86003,468,,,,,,,,,,,,,,,,,,,,,,,,,,,,,,,,,,,,,,,,,,,,,,,,,,,,,,,,,,,,,,,,
469,Polybenzoxazole,Po_0175,COc1ccc(-c2nc3cc(-c4nc5ccccc5o4)ccc3o2)cc1F,752.8418467219088,2.667526625004951,32.777539298123095,0.859192,469,,,,,,,,,,,,,,,,,,,,,,,,,,,,,,,,,,,,,,,,,,,,,,,,,,,,,,,,,,,,,,,,
470,Polybenzoxazole,Po_0152,N#Cc1cc(N)c(N)c(-c2nc3cc(-c4nc5ccccc5o4)ccc3o2)c1N,721.326849152995,2.4705811989051827,31.737451467122415,0.858449,470,,,,,,,,,,,,,,,,,,,,,,,,,,,,,,,,,,,,,,,,,,,,,,,,,,,,,,,,,,,,,,,,
471,Polybenzoxazole,Po_0116,Cc1cc(C#N)c(-c2nc3cc(-c4nc5ccccc5o4)ccc3o2)c(C)c1N,753.5379514653881,2.5972145593494576,32.27513362576997,0.857181,471,,,,,,,,,,,,,,,,,,,,,,,,,,,,,,,,,,,,,,,,,,,,,,,,,,,,,,,,,,,,,,,,
472,Polybenzoxazole,Po_0157,Nc1c(-c2nc3cc(-c4nc5ccccc5o4)ccc3o2)cc(Cl)c(Cl)c1N,726.6219848089635,2.4584100696542355,31.563666089382515,0.856944,472,,,,,,,,,,,,,,,,,,,,,,,,,,,,,,,,,,,,,,,,,,,,,,,,,,,,,,,,,,,,,,,,
473,PEEK,PE_0180,CCc1cc(N)ccc1C(=O)c1ccc(Oc2ccc(Oc3ccc(C(=O)c4ccccc4)cc3)cc2)cc1,513.289608719237,2.8546670667135463,33.5079343658316,0.855703,473,1.0,1.0,1.0,0.0,0.0,1.0,0.0,0.0,0.0,1.0,1.0,0.0,0.0,0.0,1.0,0.0,0.0,1.0,0.0,0.0,0.0,0.0,1.0,0.0,0.0,0.0,0.0,0.0,0.0,0.0,0.0,0.0,0.0,1.0,0.0,0.0,1.0,0.0,0.0,1.0,0.0,1.0,0.0,0.0,0.0,0.0,0.0,1.0,0.0,0.0,0.0,0.0,0.0,0.0,0.0,1.0,0.0,0.0,0.0,0.0,0.0,1.0,0.0,0.0
474,Polybenzoxazole,Po_0059,Nc1ccc2oc(-c3ccc4oc(-c5ccccc5)nc4c3)nc2c1,723.8027479591174,2.4395313529229914,31.31859080052572,0.854935,474,,,,,,,,,,,,,,,,,,,,,,,,,,,,,,,,,,,,,,,,,,,,,,,,,,,,,,,,,,,,,,,,
475,Polybenzoxazole,Po_0208,N#Cc1cccc(S(N)(=O)=O)c1-c1nc2cc(-c3nc4ccccc4o3)ccc2o1,728.0558686791042,2.3984943283872253,31.111982445107817,0.854916,475,,,,,,,,,,,,,,,,,,,,,,,,,,,,,,,,,,,,,,,,,,,,,,,,,,,,,,,,,,,,,,,,
476,Polybenzoxazole,Po_0040,N#Cc1c(Cl)cc(N)cc1-c1nc2cc(-c3nc4ccccc4o3)ccc2o1,733.693563423507,2.6699988534244614,32.39611038728102,0.853939,476,,,,,,,,,,,,,,,,,,,,,,,,,,,,,,,,,,,,,,,,,,,,,,,,,,,,,,,,,,,,,,,,
477,Polybenzoxazole,Po_0162,Nc1c(Cl)c(Cl)cc(-c2nc3cc(-c4nc5ccccc5o4)ccc3o2)c1S(N)(=O)=O,740.5755597559269,2.861494059545565,33.31511528083009,0.853427,477,,,,,,,,,,,,,,,,,,,,,,,,,,,,,,,,,,,,,,,,,,,,,,,,,,,,,,,,,,,,,,,,
478,PEEK,PE_0095,Nc1cc(C(=O)c2ccccc2)ccc1Oc1ccc(Oc2ccc(C(=O)c3cccc(N)c3N)cc2)cc1,515.3382278495161,3.1472635191016485,34.74370251865617,0.852704,478,1.0,1.0,1.0,0.0,0.0,1.0,0.0,0.0,0.0,1.0,1.0,0.0,0.0,0.0,1.0,0.0,0.0,1.0,0.0,0.0,0.0,0.0,1.0,0.0,0.0,0.0,0.0,0.0,0.0,0.0,0.0,0.0,0.0,1.0,0.0,0.0,1.0,0.0,0.0,1.0,0.0,1.0,0.0,0.0,0.0,0.0,0.0,1.0,0.0,0.0,0.0,0.0,0.0,0.0,0.0,1.0,0.0,0.0,0.0,0.0,0.0,1.0,0.0,0.0
479,Polybenzoxazole,Po_0130,Nc1cc(-c2nc3ccccc3o2)cc2nc(-c3ccc(Br)c(F)c3)oc12,730.7358356063107,2.6574741136015043,32.2033272797998,0.852203,479,,,,,,,,,,,,,,,,,,,,,,,,,,,,,,,,,,,,,,,,,,,,,,,,,,,,,,,,,,,,,,,,
480,Polybenzoxazole,Po_0170,Nc1cccc(-c2nc3cc(-c4nc5ccccc5o4)cc(Br)c3o2)c1,717.2663665427477,2.397306915100704,30.893744489840465,0.852083,480,,,,,,,,,,,,,,,,,,,,,,,,,,,,,,,,,,,,,,,,,,,,,,,,,,,,,,,,,,,,,,,,
481,Polybenzoxazole,Po_0145,Nc1ccc(-c2nc3cc(-c4nc5cccc(N)c5o4)ccc3o2)cc1Cl,724.417029990424,2.4871777645473654,31.190622576990773,0.850052,481,,,,,,,,,,,,,,,,,,,,,,,,,,,,,,,,,,,,,,,,,,,,,,,,,,,,,,,,,,,,,,,,
482,PEEK,PE_0154,Cc1ccc(N)c(C(=O)c2ccc(Oc3ccc(Oc4ccc(C(=O)c5ccccc5)cc4)cc3)cc2)c1C(F)(F)F,517.1945527542632,2.8886030982328843,33.167434409135595,0.848957,482,1.0,1.0,1.0,0.0,0.0,1.0,0.0,0.0,0.0,1.0,1.0,0.0,0.0,0.0,1.0,0.0,0.0,1.0,0.0,0.0,0.0,0.0,1.0,0.0,0.0,0.0,0.0,0.0,0.0,0.0,0.0,0.0,0.0,1.0,0.0,0.0,1.0,0.0,0.0,1.0,0.0,1.0,0.0,0.0,0.0,0.0,0.0,1.0,0.0,0.0,0.0,0.0,0.0,0.0,0.0,1.0,0.0,0.0,0.0,0.0,0.0,1.0,0.0,0.0
483,PEEK,PE_0227,Cc1cc(C(=O)c2ccccc2N)ccc1Oc1ccc(Oc2ccc(C(=O)c3ccccc3)cc2)cc1,502.5386754545673,2.83693744783734,32.90633327008487,0.848682,483,1.0,1.0,1.0,0.0,0.0,1.0,0.0,0.0,0.0,1.0,1.0,0.0,0.0,0.0,1.0,0.0,0.0,1.0,0.0,0.0,0.0,0.0,1.0,0.0,0.0,0.0,0.0,0.0,0.0,0.0,0.0,0.0,0.0,1.0,0.0,0.0,1.0,0.0,0.0,1.0,0.0,1.0,0.0,0.0,0.0,0.0,0.0,1.0,0.0,0.0,0.0,0.0,0.0,0.0,0.0,1.0,0.0,0.0,0.0,0.0,0.0,1.0,0.0,0.0
484,PEEK,PE_0060,O=C(c1ccccc1)c1ccc(Oc2ccc(Oc3ccc(C(=O)c4ccccc4)cc3Br)c(Br)c2)cc1,520.027859635145,3.123029671693314,34.27595518616353,0.848148,484,1.0,1.0,1.0,0.0,0.0,1.0,0.0,0.0,0.0,1.0,1.0,0.0,0.0,0.0,1.0,0.0,0.0,1.0,0.0,0.0,0.0,0.0,1.0,0.0,0.0,0.0,0.0,0.0,0.0,0.0,0.0,0.0,0.0,1.0,0.0,0.0,1.0,0.0,0.0,1.0,0.0,1.0,0.0,0.0,0.0,0.0,0.0,1.0,0.0,0.0,0.0,0.0,0.0,0.0,0.0,1.0,0.0,0.0,0.0,0.0,0.0,1.0,0.0,0.0
485,Polybenzoxazole,Po_0166,N#Cc1c(F)cccc1-c1nc2cc(-c3nc4ccccc4o3)ccc2o1,712.176874041097,2.511939119118281,31.121993284212266,0.847483,485,,,,,,,,,,,,,,,,,,,,,,,,,,,,,,,,,,,,,,,,,,,,,,,,,,,,,,,,,,,,,,,,
486,PEEK,PE_0223,O=C(c1ccccc1)c1ccc(Oc2ccc(Oc3ccc(C(=O)c4ccc(C(F)(F)F)c(F)c4)c(F)c3)cc2)cc1,532.4013855961113,3.0856086914307923,33.968794941491836,0.846692,486,1.0,1.0,1.0,0.0,0.0,1.0,0.0,0.0,0.0,1.0,1.0,0.0,0.0,0.0,1.0,0.0,0.0,1.0,0.0,0.0,0.0,0.0,1.0,0.0,0.0,0.0,0.0,0.0,0.0,0.0,0.0,0.0,0.0,1.0,0.0,0.0,1.0,0.0,0.0,1.0,0.0,1.0,0.0,0.0,0.0,0.0,0.0,1.0,0.0,0.0,0.0,0.0,0.0,0.0,0.0,1.0,0.0,0.0,0.0,0.0,0.0,1.0,0.0,0.0
487,PEEK,PE_0005,Nc1ccc(C(=O)c2ccc(Oc3ccc(Oc4ccc(C(=O)c5cccc(N)c5)cc4)cc3)cc2)cc1,531.0183552995621,3.3224327174782506,35.085508416577966,0.845779,487,1.0,1.0,1.0,0.0,0.0,1.0,0.0,0.0,0.0,1.0,1.0,0.0,0.0,0.0,1.0,0.0,0.0,1.0,0.0,0.0,0.0,0.0,1.0,0.0,0.0,0.0,0.0,0.0,0.0,0.0,0.0,0.0,0.0,1.0,0.0,0.0,1.0,0.0,0.0,1.0,0.0,1.0,0.0,0.0,0.0,0.0,0.0,1.0,0.0,0.0,0.0,0.0,0.0,0.0,0.0,1.0,0.0,0.0,0.0,0.0,0.0,1.0,0.0,0.0
488,PEEK,PE_0058,COc1cc(C(=O)c2cccc(F)c2)ccc1Oc1ccc(Oc2ccc(C(=O)c3ccccc3)cc2)cc1,525.6490444279915,3.31670332607901,34.8158475919621,0.842505,488,1.0,1.0,1.0,0.0,0.0,1.0,0.0,0.0,0.0,1.0,1.0,0.0,0.0,0.0,1.0,0.0,0.0,1.0,0.0,0.0,0.0,0.0,1.0,0.0,0.0,0.0,0.0,0.0,0.0,0.0,0.0,0.0,0.0,1.0,0.0,0.0,1.0,0.0,0.0,1.0,0.0,1.0,0.0,0.0,0.0,0.0,0.0,1.0,0.0,0.0,0.0,0.0,0.0,0.0,0.0,1.0,0.0,0.0,0.0,0.0,0.0,1.0,0.0,0.0
489,PEEK,PE_0115,Nc1ccc(C(=O)c2ccc(Oc3ccc(Oc4ccc(C(=O)c5ccccc5)cc4)cc3)c(N)c2)c(N)c1,491.2520320569947,3.11241689433465,33.79008995288204,0.841862,489,1.0,1.0,1.0,0.0,0.0,1.0,0.0,0.0,0.0,1.0,1.0,0.0,0.0,0.0,1.0,0.0,0.0,1.0,0.0,0.0,0.0,0.0,1.0,0.0,0.0,0.0,0.0,0.0,0.0,0.0,0.0,0.0,0.0,1.0,0.0,0.0,1.0,0.0,0.0,1.0,0.0,1.0,0.0,0.0,0.0,0.0,0.0,1.0,0.0,0.0,0.0,0.0,0.0,0.0,0.0,1.0,0.0,0.0,0.0,0.0,0.0,1.0,0.0,0.0
490,Polybenzoxazole,Po_0090,N#Cc1c(F)c(-c2nc3cc(-c4nc5ccccc5o4)ccc3o2)c(Cl)c(N)c1Cl,730.3503085321271,2.661546809820288,31.438990874315216,0.84174,490,,,,,,,,,,,,,,,,,,,,,,,,,,,,,,,,,,,,,,,,,,,,,,,,,,,,,,,,,,,,,,,,
491,PEEK,PE_0112,Cc1cc(Oc2ccc(Oc3ccc(C(=O)c4ccccc4)cc3F)cc2)ccc1C(=O)c1ccccc1,546.6535026055835,3.2574907189051387,34.411569127790955,0.841265,491,1.0,1.0,1.0,0.0,0.0,1.0,0.0,0.0,0.0,1.0,1.0,0.0,0.0,0.0,1.0,0.0,0.0,1.0,0.0,0.0,0.0,0.0,1.0,0.0,0.0,0.0,0.0,0.0,0.0,0.0,0.0,0.0,0.0,1.0,0.0,0.0,1.0,0.0,0.0,1.0,0.0,1.0,0.0,0.0,0.0,0.0,0.0,1.0,0.0,0.0,0.0,0.0,0.0,0.0,0.0,1.0,0.0,0.0,0.0,0.0,0.0,1.0,0.0,0.0
492,PEEK,PE_0183,Cc1cc(Br)c(C(F)(F)F)cc1C(=O)c1ccc(Oc2ccc(Oc3ccc(C(=O)c4ccccc4)cc3)cc2)cc1,525.6780440030363,2.9753916809584955,32.95514617540784,0.84045,492,1.0,1.0,1.0,0.0,0.0,1.0,0.0,0.0,0.0,1.0,1.0,0.0,0.0,0.0,1.0,0.0,0.0,1.0,0.0,0.0,0.0,0.0,1.0,0.0,0.0,0.0,0.0,0.0,0.0,0.0,0.0,0.0,0.0,1.0,0.0,0.0,1.0,0.0,0.0,1.0,0.0,1.0,0.0,0.0,0.0,0.0,0.0,1.0,0.0,0.0,0.0,0.0,0.0,0.0,0.0,1.0,0.0,0.0,0.0,0.0,0.0,1.0,0.0,0.0
493,PEEK,PE_0196,O=C(c1ccccc1)c1ccc(Oc2ccc(Oc3ccc(C(=O)c4ccc(C(F)(F)F)c(F)c4)cc3)c(C(F)(F)F)c2)cc1,567.7616825868963,3.2108731627467026,34.07907559572461,0.840074,493,1.0,1.0,1.0,0.0,0.0,1.0,0.0,0.0,0.0,1.0,1.0,0.0,0.0,0.0,1.0,0.0,0.0,1.0,0.0,0.0,0.0,0.0,1.0,0.0,0.0,0.0,0.0,0.0,0.0,0.0,0.0,0.0,0.0,1.0,0.0,0.0,1.0,0.0,0.0,1.0,0.0,1.0,0.0,0.0,0.0,0.0,0.0,1.0,0.0,0.0,0.0,0.0,0.0,0.0,0.0,1.0,0.0,0.0,0.0,0.0,0.0,1.0,0.0,0.0
494,PEEK,PE_0129,CCc1cc(C(=O)c2cccc(N)c2)ccc1Oc1ccc(Oc2ccc(C(=O)c3ccccc3)cc2)cc1,555.8814729352324,2.9519971694772473,32.71441741808123,0.839068,494,1.0,1.0,1.0,0.0,0.0,1.0,0.0,0.0,0.0,1.0,1.0,0.0,0.0,0.0,1.0,0.0,0.0,1.0,0.0,0.0,0.0,0.0,1.0,0.0,0.0,0.0,0.0,0.0,0.0,0.0,0.0,0.0,0.0,1.0,0.0,0.0,1.0,0.0,0.0,1.0,0.0,1.0,0.0,0.0,0.0,0.0,0.0,1.0,0.0,0.0,0.0,0.0,0.0,0.0,0.0,1.0,0.0,0.0,0.0,0.0,0.0,1.0,0.0,0.0
495,PEEK,PE_0182,COc1ccc(C(=O)c2ccc(Oc3ccc(Oc4ccc(C(=O)c5ccccc5)cc4)cc3)cc2)cc1C(F)(F)F,530.3270788082538,3.11627408440812,33.54081891703347,0.838919,495,1.0,1.0,1.0,0.0,0.0,1.0,0.0,0.0,0.0,1.0,1.0,0.0,0.0,0.0,1.0,0.0,0.0,1.0,0.0,0.0,0.0,0.0,1.0,0.0,0.0,0.0,0.0,0.0,0.0,0.0,0.0,0.0,0.0,1.0,0.0,0.0,1.0,0.0,0.0,1.0,0.0,1.0,0.0,0.0,0.0,0.0,0.0,1.0,0.0,0.0,0.0,0.0,0.0,0.0,0.0,1.0,0.0,0.0,0.0,0.0,0.0,1.0,0.0,0.0
496,PEEK,PE_0094,Nc1ccc(C(=O)c2cc(N)c(Oc3ccc(Oc4ccc(C(=O)c5ccccc5)cc4)cc3)cc2N)c(N)c1,521.3818841215952,3.3694304913558666,34.80635701179424,0.838811,496,1.0,1.0,1.0,0.0,0.0,1.0,0.0,0.0,0.0,1.0,1.0,0.0,0.0,0.0,1.0,0.0,0.0,1.0,0.0,0.0,0.0,0.0,1.0,0.0,0.0,0.0,0.0,0.0,0.0,0.0,0.0,0.0,0.0,1.0,0.0,0.0,1.0,0.0,0.0,1.0,0.0,1.0,0.0,0.0,0.0,0.0,0.0,1.0,0.0,0.0,0.0,0.0,0.0,0.0,0.0,1.0,0.0,0.0,0.0,0.0,0.0,1.0,0.0,0.0
497,PEEK,PE_0208,O=C(c1ccc(Oc2ccc(Oc3ccc(C(=O)c4ccccc4)cc3F)cc2F)cc1)c1ccc(F)c(F)c1,527.7647609683745,3.3366614670579233,34.6284377642831,0.8387,497,1.0,1.0,1.0,0.0,0.0,1.0,0.0,0.0,0.0,1.0,1.0,0.0,0.0,0.0,1.0,0.0,0.0,1.0,0.0,0.0,0.0,0.0,1.0,0.0,0.0,0.0,0.0,0.0,0.0,0.0,0.0,0.0,0.0,1.0,0.0,0.0,1.0,0.0,0.0,1.0,0.0,1.0,0.0,0.0,0.0,0.0,0.0,1.0,0.0,0.0,0.0,0.0,0.0,0.0,0.0,1.0,0.0,0.0,0.0,0.0,0.0,1.0,0.0,0.0
498,PEEK,PE_0019,Nc1ccccc1C(=O)c1ccc(Oc2ccc(Oc3ccc(C(=O)c4ccccc4)cc3)cc2)c(Br)c1,503.7268956101698,3.1549455092801453,33.71243924175205,0.838251,498,1.0,1.0,1.0,0.0,0.0,1.0,0.0,0.0,0.0,1.0,1.0,0.0,0.0,0.0,1.0,0.0,0.0,1.0,0.0,0.0,0.0,0.0,1.0,0.0,0.0,0.0,0.0,0.0,0.0,0.0,0.0,0.0,0.0,1.0,0.0,0.0,1.0,0.0,0.0,1.0,0.0,1.0,0.0,0.0,0.0,0.0,0.0,1.0,0.0,0.0,0.0,0.0,0.0,0.0,0.0,1.0,0.0,0.0,0.0,0.0,0.0,1.0,0.0,0.0
499,PEEK,PE_0014,Nc1ccc(C(=O)c2ccc(Oc3ccc(Oc4ccc(C(=O)c5ccccc5)cc4)cc3)cc2)c(N)c1,489.9985637115656,3.0161303784811064,32.992159992903424,0.837613,499,1.0,1.0,1.0,0.0,0.0,1.0,0.0,0.0,0.0,1.0,1.0,0.0,0.0,0.0,1.0,0.0,0.0,1.0,0.0,0.0,0.0,0.0,1.0,0.0,0.0,0.0,0.0,0.0,0.0,0.0,0.0,0.0,0.0,1.0,0.0,0.0,1.0,0.0,0.0,1.0,0.0,1.0,0.0,0.0,0.0,0.0,0.0,1.0,0.0,0.0,0.0,0.0,0.0,0.0,0.0,1.0,0.0,0.0,0.0,0.0,0.0,1.0,0.0,0.0
500,PEEK,PE_0098,O=C(c1ccccc1)c1ccc(Oc2ccc(Oc3ccc(C(=O)c4cccc(F)c4)c(F)c3)cc2)cc1F,506.05571510542484,3.1171249356574147,33.45161541572609,0.837337,500,1.0,1.0,1.0,0.0,0.0,1.0,0.0,0.0,0.0,1.0,1.0,0.0,0.0,0.0,1.0,0.0,0.0,1.0,0.0,0.0,0.0,0.0,1.0,0.0,0.0,0.0,0.0,0.0,0.0,0.0,0.0,0.0,0.0,1.0,0.0,0.0,1.0,0.0,0.0,1.0,0.0,1.0,0.0,0.0,0.0,0.0,0.0,1.0,0.0,0.0,0.0,0.0,0.0,0.0,0.0,1.0,0.0,0.0,0.0,0.0,0.0,1.0,0.0,0.0
501,PEEK,PE_0048,Nc1cccc(C(=O)c2ccc(Oc3ccc(Oc4ccc(C(=O)c5ccccc5)cc4N)c(N)c3)cc2)c1,552.7547110938324,3.5499761486940504,35.567493464457065,0.837223,501,1.0,1.0,1.0,0.0,0.0,1.0,0.0,0.0,0.0,1.0,1.0,0.0,0.0,0.0,1.0,0.0,0.0,1.0,0.0,0.0,0.0,0.0,1.0,0.0,0.0,0.0,0.0,0.0,0.0,0.0,0.0,0.0,0.0,1.0,0.0,0.0,1.0,0.0,0.0,1.0,0.0,1.0,0.0,0.0,0.0,0.0,0.0,1.0,0.0,0.0,0.0,0.0,0.0,0.0,0.0,1.0,0.0,0.0,0.0,0.0,0.0,1.0,0.0,0.0
502,PEEK,PE_0218,CCc1cccc(Cl)c1C(=O)c1ccc(Oc2ccc(Oc3ccc(C(=O)c4ccccc4)cc3)cc2)cc1,533.3615644147723,2.822760954302229,31.907914241932115,0.836747,502,1.0,1.0,1.0,0.0,0.0,1.0,0.0,0.0,0.0,1.0,1.0,0.0,0.0,0.0,1.0,0.0,0.0,1.0,0.0,0.0,0.0,0.0,1.0,0.0,0.0,0.0,0.0,0.0,0.0,0.0,0.0,0.0,0.0,1.0,0.0,0.0,1.0,0.0,0.0,1.0,0.0,1.0,0.0,0.0,0.0,0.0,0.0,1.0,0.0,0.0,0.0,0.0,0.0,0.0,0.0,1.0,0.0,0.0,0.0,0.0,0.0,1.0,0.0,0.0
503,PEEK,PE_0167,O=C(c1ccc(Cl)cc1)c1ccc(Oc2ccc(Oc3ccc(C(=O)c4cccc(C(F)(F)F)c4)cc3)cc2)cc1,520.8885522214383,3.050758407003776,33.01307504355283,0.836139,503,1.0,1.0,1.0,0.0,0.0,1.0,0.0,0.0,0.0,1.0,1.0,0.0,0.0,0.0,1.0,0.0,0.0,1.0,0.0,0.0,0.0,0.0,1.0,0.0,0.0,0.0,0.0,0.0,0.0,0.0,0.0,0.0,0.0,1.0,0.0,0.0,1.0,0.0,0.0,1.0,0.0,1.0,0.0,0.0,0.0,0.0,0.0,1.0,0.0,0.0,0.0,0.0,0.0,0.0,0.0,1.0,0.0,0.0,0.0,0.0,0.0,1.0,0.0,0.0
504,PEEK,PE_0231,COc1cc(OC)c(C(F)(F)F)cc1C(=O)c1ccc(Oc2ccc(Oc3ccc(C(=O)c4ccccc4)cc3)cc2)cc1,510.0579677701955,3.0109627357181257,32.79845042800421,0.835773,504,1.0,1.0,1.0,0.0,0.0,1.0,0.0,0.0,0.0,1.0,1.0,0.0,0.0,0.0,1.0,0.0,0.0,1.0,0.0,0.0,0.0,0.0,1.0,0.0,0.0,0.0,0.0,0.0,0.0,0.0,0.0,0.0,0.0,1.0,0.0,0.0,1.0,0.0,0.0,1.0,0.0,1.0,0.0,0.0,0.0,0.0,0.0,1.0,0.0,0.0,0.0,0.0,0.0,0.0,0.0,1.0,0.0,0.0,0.0,0.0,0.0,1.0,0.0,0.0
505,PEEK,PE_0228,COc1ccccc1C(=O)c1ccc(Oc2ccc(Oc3ccc(C(=O)c4ccccc4)cc3)cc2)cc1,511.3923914746656,2.85723914772252,32.02810616583075,0.835771,505,1.0,1.0,1.0,0.0,0.0,1.0,0.0,0.0,0.0,1.0,1.0,0.0,0.0,0.0,1.0,0.0,0.0,1.0,0.0,0.0,0.0,0.0,1.0,0.0,0.0,0.0,0.0,0.0,0.0,0.0,0.0,0.0,0.0,1.0,0.0,0.0,1.0,0.0,0.0,1.0,0.0,1.0,0.0,0.0,0.0,0.0,0.0,1.0,0.0,0.0,0.0,0.0,0.0,0.0,0.0,1.0,0.0,0.0,0.0,0.0,0.0,1.0,0.0,0.0
506,PEEK,PE_0092,CCc1ccccc1C(=O)c1ccc(Oc2ccc(Oc3ccc(C(=O)c4ccccc4)cc3)cc2)cc1,544.5254078756722,3.1609671128522248,33.48938388103841,0.835387,506,1.0,1.0,1.0,0.0,0.0,1.0,0.0,0.0,0.0,1.0,1.0,0.0,0.0,0.0,1.0,0.0,0.0,1.0,0.0,0.0,0.0,0.0,1.0,0.0,0.0,0.0,0.0,0.0,0.0,0.0,0.0,0.0,0.0,1.0,0.0,0.0,1.0,0.0,0.0,1.0,0.0,1.0,0.0,0.0,0.0,0.0,0.0,1.0,0.0,0.0,0.0,0.0,0.0,0.0,0.0,1.0,0.0,0.0,0.0,0.0,0.0,1.0,0.0,0.0
507,PEEK,PE_0074,Nc1cccc(C(=O)c2ccc(Oc3ccc(Oc4ccc(C(=O)c5ccccc5)cc4)cc3)c(Br)c2)c1,513.0849482336254,3.1859574621499074,33.6394455408857,0.835367,507,1.0,1.0,1.0,0.0,0.0,1.0,0.0,0.0,0.0,1.0,1.0,0.0,0.0,0.0,1.0,0.0,0.0,1.0,0.0,0.0,0.0,0.0,1.0,0.0,0.0,0.0,0.0,0.0,0.0,0.0,0.0,0.0,0.0,1.0,0.0,0.0,1.0,0.0,0.0,1.0,0.0,1.0,0.0,0.0,0.0,0.0,0.0,1.0,0.0,0.0,0.0,0.0,0.0,0.0,0.0,1.0,0.0,0.0,0.0,0.0,0.0,1.0,0.0,0.0
508,PEEK,PE_0118,CCc1cc(Oc2ccc(Oc3ccc(C(=O)c4ccccc4)cc3)cc2)cc(N)c1C(=O)c1ccccc1,506.25131694917474,2.6943813708296696,31.188763403241857,0.835352,508,1.0,1.0,1.0,0.0,0.0,1.0,0.0,0.0,0.0,1.0,1.0,0.0,0.0,0.0,1.0,0.0,0.0,1.0,0.0,0.0,0.0,0.0,1.0,0.0,0.0,0.0,0.0,0.0,0.0,0.0,0.0,0.0,0.0,1.0,0.0,0.0,1.0,0.0,0.0,1.0,0.0,1.0,0.0,0.0,0.0,0.0,0.0,1.0,0.0,0.0,0.0,0.0,0.0,0.0,0.0,1.0,0.0,0.0,0.0,0.0,0.0,1.0,0.0,0.0
509,PEEK,PE_0150,CCc1ccc(C(=O)c2ccc(Oc3ccc(Oc4ccc(C(=O)c5ccccc5)cc4Br)c(Br)c3)cc2)cc1,524.923666733335,3.1799698961729295,33.57215312809733,0.835029,509,1.0,1.0,1.0,0.0,0.0,1.0,0.0,0.0,0.0,1.0,1.0,0.0,0.0,0.0,1.0,0.0,0.0,1.0,0.0,0.0,0.0,0.0,1.0,0.0,0.0,0.0,0.0,0.0,0.0,0.0,0.0,0.0,0.0,1.0,0.0,0.0,1.0,0.0,0.0,1.0,0.0,1.0,0.0,0.0,0.0,0.0,0.0,1.0,0.0,0.0,0.0,0.0,0.0,0.0,0.0,1.0,0.0,0.0,0.0,0.0,0.0,1.0,0.0,0.0
510,PEEK,PE_0044,N#Cc1ccc(C(=O)c2ccc(Oc3ccc(Oc4ccc(C(=O)c5cccc(F)c5)cc4)cc3)cc2)cc1,506.87917364624053,3.198611373245515,33.652253775820796,0.834594,510,1.0,1.0,1.0,0.0,0.0,1.0,0.0,0.0,0.0,1.0,1.0,0.0,0.0,0.0,1.0,0.0,0.0,1.0,0.0,0.0,0.0,0.0,1.0,0.0,0.0,0.0,0.0,0.0,0.0,0.0,0.0,0.0,0.0,1.0,0.0,0.0,1.0,0.0,0.0,1.0,0.0,1.0,0.0,0.0,0.0,0.0,0.0,1.0,0.0,0.0,0.0,0.0,0.0,0.0,0.0,1.0,0.0,0.0,0.0,0.0,0.0,1.0,0.0,0.0
511,PEEK,PE_0003,Nc1cccc(C(=O)c2ccc(Oc3ccc(Oc4ccc(C(=O)c5ccccc5)cc4)cc3)cc2)c1,512.2745185585527,3.437914720483987,34.79897230814023,0.834018,511,1.0,1.0,1.0,0.0,0.0,1.0,0.0,0.0,0.0,1.0,1.0,0.0,0.0,0.0,1.0,0.0,0.0,1.0,0.0,0.0,0.0,0.0,1.0,0.0,0.0,0.0,0.0,0.0,0.0,0.0,0.0,0.0,0.0,1.0,0.0,0.0,1.0,0.0,0.0,1.0,0.0,1.0,0.0,0.0,0.0,0.0,0.0,1.0,0.0,0.0,0.0,0.0,0.0,0.0,0.0,1.0,0.0,0.0,0.0,0.0,0.0,1.0,0.0,0.0
512,PEEK,PE_0078,O=C(c1ccccc1)c1ccc(Oc2ccc(Oc3ccc(C(=O)c4cccc(C(F)(F)F)c4)cc3C(F)(F)F)cc2)cc1,557.9627995809149,3.340415953224522,34.2485366199808,0.833642,512,1.0,1.0,1.0,0.0,0.0,1.0,0.0,0.0,0.0,1.0,1.0,0.0,0.0,0.0,1.0,0.0,0.0,1.0,0.0,0.0,0.0,0.0,1.0,0.0,0.0,0.0,0.0,0.0,0.0,0.0,0.0,0.0,0.0,1.0,0.0,0.0,1.0,0.0,0.0,1.0,0.0,1.0,0.0,0.0,0.0,0.0,0.0,1.0,0.0,0.0,0.0,0.0,0.0,0.0,0.0,1.0,0.0,0.0,0.0,0.0,0.0,1.0,0.0,0.0
513,PEEK,PE_0018,O=C(c1ccccc1)c1ccc(Oc2ccc(Oc3ccc(C(=O)c4ccccc4)cc3)c(Br)c2)cc1,537.8969459679098,3.3542446907099976,34.31352173214222,0.833433,513,1.0,1.0,1.0,0.0,0.0,1.0,0.0,0.0,0.0,1.0,1.0,0.0,0.0,0.0,1.0,0.0,0.0,1.0,0.0,0.0,0.0,0.0,1.0,0.0,0.0,0.0,0.0,0.0,0.0,0.0,0.0,0.0,0.0,1.0,0.0,0.0,1.0,0.0,0.0,1.0,0.0,1.0,0.0,0.0,0.0,0.0,0.0,1.0,0.0,0.0,0.0,0.0,0.0,0.0,0.0,1.0,0.0,0.0,0.0,0.0,0.0,1.0,0.0,0.0
514,PEEK,PE_0011,Cc1ccccc1C(=O)c1ccc(Oc2ccc(Oc3ccc(C(=O)c4ccccc4)cc3)cc2)cc1,513.7564292287038,3.2421750473217035,33.76979322093406,0.833367,514,1.0,1.0,1.0,0.0,0.0,1.0,0.0,0.0,0.0,1.0,1.0,0.0,0.0,0.0,1.0,0.0,0.0,1.0,0.0,0.0,0.0,0.0,1.0,0.0,0.0,0.0,0.0,0.0,0.0,0.0,0.0,0.0,0.0,1.0,0.0,0.0,1.0,0.0,0.0,1.0,0.0,1.0,0.0,0.0,0.0,0.0,0.0,1.0,0.0,0.0,0.0,0.0,0.0,0.0,0.0,1.0,0.0,0.0,0.0,0.0,0.0,1.0,0.0,0.0
515,PEEK,PE_0170,N#Cc1cc(Br)ccc1C(=O)c1ccc(Oc2ccc(Oc3ccc(C(=O)c4ccccc4)cc3)cc2)cc1,548.3785191778195,3.375980687519452,34.39114743108939,0.833107,515,1.0,1.0,1.0,0.0,0.0,1.0,0.0,0.0,0.0,1.0,1.0,0.0,0.0,0.0,1.0,0.0,0.0,1.0,0.0,0.0,0.0,0.0,1.0,0.0,0.0,0.0,0.0,0.0,0.0,0.0,0.0,0.0,0.0,1.0,0.0,0.0,1.0,0.0,0.0,1.0,0.0,1.0,0.0,0.0,0.0,0.0,0.0,1.0,0.0,0.0,0.0,0.0,0.0,0.0,0.0,1.0,0.0,0.0,0.0,0.0,0.0,1.0,0.0,0.0
516,PEEK,PE_0214,Nc1cc(N)c(C(=O)c2ccc(Oc3ccc(Oc4ccc(C(=O)c5ccccc5)cc4)cc3)cc2N)cc1Cl,506.4036748039598,3.064001106726153,32.85921771954153,0.832986,516,1.0,1.0,1.0,0.0,0.0,1.0,0.0,0.0,0.0,1.0,1.0,0.0,0.0,0.0,1.0,0.0,0.0,1.0,0.0,0.0,0.0,0.0,1.0,0.0,0.0,0.0,0.0,0.0,0.0,0.0,0.0,0.0,0.0,1.0,0.0,0.0,1.0,0.0,0.0,1.0,0.0,1.0,0.0,0.0,0.0,0.0,0.0,1.0,0.0,0.0,0.0,0.0,0.0,0.0,0.0,1.0,0.0,0.0,0.0,0.0,0.0,1.0,0.0,0.0
517,PEEK,PE_0215,N#Cc1c(F)cc(C(=O)c2ccc(Oc3ccc(Oc4ccc(C(=O)c5ccccc5)cc4)cc3)cc2)cc1Cl,520.0548488649818,3.09668132288909,33.00544942592349,0.832964,517,1.0,1.0,1.0,0.0,0.0,1.0,0.0,0.0,0.0,1.0,1.0,0.0,0.0,0.0,1.0,0.0,0.0,1.0,0.0,0.0,0.0,0.0,1.0,0.0,0.0,0.0,0.0,0.0,0.0,0.0,0.0,0.0,0.0,1.0,0.0,0.0,1.0,0.0,0.0,1.0,0.0,1.0,0.0,0.0,0.0,0.0,0.0,1.0,0.0,0.0,0.0,0.0,0.0,0.0,0.0,1.0,0.0,0.0,0.0,0.0,0.0,1.0,0.0,0.0
518,PEEK,PE_0236,COc1cc(Oc2ccc(Oc3ccc(C(=O)c4ccccc4)cc3)cc2)ccc1C(=O)c1ccccc1C,484.8239140929398,2.862196063018323,31.860547116362465,0.832656,518,1.0,1.0,1.0,0.0,0.0,1.0,0.0,0.0,0.0,1.0,1.0,0.0,0.0,0.0,1.0,0.0,0.0,1.0,0.0,0.0,0.0,0.0,1.0,0.0,0.0,0.0,0.0,0.0,0.0,0.0,0.0,0.0,0.0,1.0,0.0,0.0,1.0,0.0,0.0,1.0,0.0,1.0,0.0,0.0,0.0,0.0,0.0,1.0,0.0,0.0,0.0,0.0,0.0,0.0,0.0,1.0,0.0,0.0,0.0,0.0,0.0,1.0,0.0,0.0
519,PEEK,PE_0037,COc1cc(C(=O)c2ccc(Oc3ccc(Oc4ccc(C(=O)c5ccccc5)cc4F)cc3)cc2)cc(F)c1F,536.0910070502849,3.3528128721775996,34.190552318426,0.831872,519,1.0,1.0,1.0,0.0,0.0,1.0,0.0,0.0,0.0,1.0,1.0,0.0,0.0,0.0,1.0,0.0,0.0,1.0,0.0,0.0,0.0,0.0,1.0,0.0,0.0,0.0,0.0,0.0,0.0,0.0,0.0,0.0,0.0,1.0,0.0,0.0,1.0,0.0,0.0,1.0,0.0,1.0,0.0,0.0,0.0,0.0,0.0,1.0,0.0,0.0,0.0,0.0,0.0,0.0,0.0,1.0,0.0,0.0,0.0,0.0,0.0,1.0,0.0,0.0
520,PEEK,PE_0233,Cc1ccccc1C(=O)c1ccc(Oc2ccc(Oc3ccc(C(=O)c4ccccc4Cl)cc3)cc2)cc1,540.798623742091,3.3970085514046313,34.367991224960434,0.831335,520,1.0,1.0,1.0,0.0,0.0,1.0,0.0,0.0,0.0,1.0,1.0,0.0,0.0,0.0,1.0,0.0,0.0,1.0,0.0,0.0,0.0,0.0,1.0,0.0,0.0,0.0,0.0,0.0,0.0,0.0,0.0,0.0,0.0,1.0,0.0,0.0,1.0,0.0,0.0,1.0,0.0,1.0,0.0,0.0,0.0,0.0,0.0,1.0,0.0,0.0,0.0,0.0,0.0,0.0,0.0,1.0,0.0,0.0,0.0,0.0,0.0,1.0,0.0,0.0
521,PEEK,PE_0056,CCc1ccccc1C(=O)c1ccc(Oc2ccc(Oc3ccc(C(=O)c4ccc(Br)cc4)cc3)cc2)cc1,554.8126759646328,3.2672109378041974,33.70543468631937,0.831261,521,1.0,1.0,1.0,0.0,0.0,1.0,0.0,0.0,0.0,1.0,1.0,0.0,0.0,0.0,1.0,0.0,0.0,1.0,0.0,0.0,0.0,0.0,1.0,0.0,0.0,0.0,0.0,0.0,0.0,0.0,0.0,0.0,0.0,1.0,0.0,0.0,1.0,0.0,0.0,1.0,0.0,1.0,0.0,0.0,0.0,0.0,0.0,1.0,0.0,0.0,0.0,0.0,0.0,0.0,0.0,1.0,0.0,0.0,0.0,0.0,0.0,1.0,0.0,0.0
522,PEEK,PE_0088,Cc1cc(Oc2ccc(C(=O)c3ccccc3)c(N)c2)ccc1Oc1ccc(C(=O)c2ccccc2)cc1,510.72534533139975,3.3162705894466407,33.97907197954649,0.831171,522,1.0,1.0,1.0,0.0,0.0,1.0,0.0,0.0,0.0,1.0,1.0,0.0,0.0,0.0,1.0,0.0,0.0,1.0,0.0,0.0,0.0,0.0,1.0,0.0,0.0,0.0,0.0,0.0,0.0,0.0,0.0,0.0,0.0,1.0,0.0,0.0,1.0,0.0,0.0,1.0,0.0,1.0,0.0,0.0,0.0,0.0,0.0,1.0,0.0,0.0,0.0,0.0,0.0,0.0,0.0,1.0,0.0,0.0,0.0,0.0,0.0,1.0,0.0,0.0
523,PEEK,PE_0235,Nc1c(C(=O)c2ccccc2)cc(F)c(Oc2ccc(Oc3ccc(C(=O)c4ccccc4)cc3)cc2)c1N,496.4002829461489,3.2490382483800286,33.63834391872382,0.830846,523,1.0,1.0,1.0,0.0,0.0,1.0,0.0,0.0,0.0,1.0,1.0,0.0,0.0,0.0,1.0,0.0,0.0,1.0,0.0,0.0,0.0,0.0,1.0,0.0,0.0,0.0,0.0,0.0,0.0,0.0,0.0,0.0,0.0,1.0,0.0,0.0,1.0,0.0,0.0,1.0,0.0,1.0,0.0,0.0,0.0,0.0,0.0,1.0,0.0,0.0,0.0,0.0,0.0,0.0,0.0,1.0,0.0,0.0,0.0,0.0,0.0,1.0,0.0,0.0
524,PEEK,PE_0199,Cc1cc(Oc2ccc(Oc3ccc(C(=O)c4c(Cl)cccc4Cl)cc3)cc2)ccc1C(=O)c1ccccc1,527.3703462083121,3.281854190017131,33.751588987418245,0.830658,524,1.0,1.0,1.0,0.0,0.0,1.0,0.0,0.0,0.0,1.0,1.0,0.0,0.0,0.0,1.0,0.0,0.0,1.0,0.0,0.0,0.0,0.0,1.0,0.0,0.0,0.0,0.0,0.0,0.0,0.0,0.0,0.0,0.0,1.0,0.0,0.0,1.0,0.0,0.0,1.0,0.0,1.0,0.0,0.0,0.0,0.0,0.0,1.0,0.0,0.0,0.0,0.0,0.0,0.0,0.0,1.0,0.0,0.0,0.0,0.0,0.0,1.0,0.0,0.0
525,PEEK,PE_0079,Nc1ccc(C(=O)c2ccc(Oc3ccc(Oc4ccc(C(=O)c5ccccc5)cc4)cc3)cc2Br)c(N)c1,544.1329337891613,3.1650174320945146,33.14631224211967,0.83054,525,1.0,1.0,1.0,0.0,0.0,1.0,0.0,0.0,0.0,1.0,1.0,0.0,0.0,0.0,1.0,0.0,0.0,1.0,0.0,0.0,0.0,0.0,1.0,0.0,0.0,0.0,0.0,0.0,0.0,0.0,0.0,0.0,0.0,1.0,0.0,0.0,1.0,0.0,0.0,1.0,0.0,1.0,0.0,0.0,0.0,0.0,0.0,1.0,0.0,0.0,0.0,0.0,0.0,0.0,0.0,1.0,0.0,0.0,0.0,0.0,0.0,1.0,0.0,0.0
526,PEEK,PE_0232,N#Cc1cc(C(=O)c2ccccc2C#N)ccc1Oc1ccc(Oc2ccc(C(=O)c3ccccc3)cc2)cc1,512.8829207589979,3.3324963450470575,33.98579734326443,0.830213,526,1.0,1.0,1.0,0.0,0.0,1.0,0.0,0.0,0.0,1.0,1.0,0.0,0.0,0.0,1.0,0.0,0.0,1.0,0.0,0.0,0.0,0.0,1.0,0.0,0.0,0.0,0.0,0.0,0.0,0.0,0.0,0.0,0.0,1.0,0.0,0.0,1.0,0.0,0.0,1.0,0.0,1.0,0.0,0.0,0.0,0.0,0.0,1.0,0.0,0.0,0.0,0.0,0.0,0.0,0.0,1.0,0.0,0.0,0.0,0.0,0.0,1.0,0.0,0.0
527,PEEK,PE_0113,Nc1cc(Oc2ccc(C(=O)c3ccccc3)cc2)ccc1Oc1ccc(C(=O)c2c(Cl)cccc2Cl)cc1,531.4253911870933,3.0959834416560157,32.728499358495256,0.829453,527,1.0,1.0,1.0,0.0,0.0,1.0,0.0,0.0,0.0,1.0,1.0,0.0,0.0,0.0,1.0,0.0,0.0,1.0,0.0,0.0,0.0,0.0,1.0,0.0,0.0,0.0,0.0,0.0,0.0,0.0,0.0,0.0,0.0,1.0,0.0,0.0,1.0,0.0,0.0,1.0,0.0,1.0,0.0,0.0,0.0,0.0,0.0,1.0,0.0,0.0,0.0,0.0,0.0,0.0,0.0,1.0,0.0,0.0,0.0,0.0,0.0,1.0,0.0,0.0
528,PEEK,PE_0159,Nc1cc(C(=O)c2ccccc2N)ccc1Oc1ccc(Oc2ccc(C(=O)c3ccccc3)cc2)cc1,535.484650723109,3.282586491279895,33.6490313531624,0.829328,528,1.0,1.0,1.0,0.0,0.0,1.0,0.0,0.0,0.0,1.0,1.0,0.0,0.0,0.0,1.0,0.0,0.0,1.0,0.0,0.0,0.0,0.0,1.0,0.0,0.0,0.0,0.0,0.0,0.0,0.0,0.0,0.0,0.0,1.0,0.0,0.0,1.0,0.0,0.0,1.0,0.0,1.0,0.0,0.0,0.0,0.0,0.0,1.0,0.0,0.0,0.0,0.0,0.0,0.0,0.0,1.0,0.0,0.0,0.0,0.0,0.0,1.0,0.0,0.0
529,PEEK,PE_0033,O=C(c1ccccc1)c1ccc(Oc2ccc(Oc3ccc(C(=O)c4ccccc4)cc3F)c(Cl)c2Cl)cc1,549.34062151602,3.463964088033227,34.532147636663616,0.829128,529,1.0,1.0,1.0,0.0,0.0,1.0,0.0,0.0,0.0,1.0,1.0,0.0,0.0,0.0,1.0,0.0,0.0,1.0,0.0,0.0,0.0,0.0,1.0,0.0,0.0,0.0,0.0,0.0,0.0,0.0,0.0,0.0,0.0,1.0,0.0,0.0,1.0,0.0,0.0,1.0,0.0,1.0,0.0,0.0,0.0,0.0,0.0,1.0,0.0,0.0,0.0,0.0,0.0,0.0,0.0,1.0,0.0,0.0,0.0,0.0,0.0,1.0,0.0,0.0
530,PEEK,PE_0220,Nc1cc(C(=O)c2ccccc2)ccc1Oc1ccc(Oc2ccc(C(=O)c3ccccc3)cc2)cc1Cl,474.66423865499365,3.11427320766088,32.85535996177376,0.828814,530,1.0,1.0,1.0,0.0,0.0,1.0,0.0,0.0,0.0,1.0,1.0,0.0,0.0,0.0,1.0,0.0,0.0,1.0,0.0,0.0,0.0,0.0,1.0,0.0,0.0,0.0,0.0,0.0,0.0,0.0,0.0,0.0,0.0,1.0,0.0,0.0,1.0,0.0,0.0,1.0,0.0,1.0,0.0,0.0,0.0,0.0,0.0,1.0,0.0,0.0,0.0,0.0,0.0,0.0,0.0,1.0,0.0,0.0,0.0,0.0,0.0,1.0,0.0,0.0
531,PEEK,PE_0023,CCc1ccc(C(=O)c2ccc(Oc3ccc(Oc4ccc(C(=O)c5ccccc5)cc4)cc3)cc2)c(N)c1,509.29016122358405,2.9650202431023738,32.03180124220828,0.828601,531,1.0,1.0,1.0,0.0,0.0,1.0,0.0,0.0,0.0,1.0,1.0,0.0,0.0,0.0,1.0,0.0,0.0,1.0,0.0,0.0,0.0,0.0,1.0,0.0,0.0,0.0,0.0,0.0,0.0,0.0,0.0,0.0,0.0,1.0,0.0,0.0,1.0,0.0,0.0,1.0,0.0,1.0,0.0,0.0,0.0,0.0,0.0,1.0,0.0,0.0,0.0,0.0,0.0,0.0,0.0,1.0,0.0,0.0,0.0,0.0,0.0,1.0,0.0,0.0
532,PEEK,PE_0110,O=C(c1ccccc1)c1ccc(Oc2ccc(Oc3ccc(C(=O)c4cccc(C(F)(F)F)c4)cc3F)cc2)cc1,516.7510247683231,3.072627084801532,32.5551492169579,0.828519,532,1.0,1.0,1.0,0.0,0.0,1.0,0.0,0.0,0.0,1.0,1.0,0.0,0.0,0.0,1.0,0.0,0.0,1.0,0.0,0.0,0.0,0.0,1.0,0.0,0.0,0.0,0.0,0.0,0.0,0.0,0.0,0.0,0.0,1.0,0.0,0.0,1.0,0.0,0.0,1.0,0.0,1.0,0.0,0.0,0.0,0.0,0.0,1.0,0.0,0.0,0.0,0.0,0.0,0.0,0.0,1.0,0.0,0.0,0.0,0.0,0.0,1.0,0.0,0.0
533,PEEK,PE_0080,O=C(c1ccccc1)c1ccc(Oc2ccc(Oc3ccc(C(=O)c4ccccc4)cc3F)cc2Br)cc1,526.134292517786,3.0651443284690374,32.47150786600949,0.828023,533,1.0,1.0,1.0,0.0,0.0,1.0,0.0,0.0,0.0,1.0,1.0,0.0,0.0,0.0,1.0,0.0,0.0,1.0,0.0,0.0,0.0,0.0,1.0,0.0,0.0,0.0,0.0,0.0,0.0,0.0,0.0,0.0,0.0,1.0,0.0,0.0,1.0,0.0,0.0,1.0,0.0,1.0,0.0,0.0,0.0,0.0,0.0,1.0,0.0,0.0,0.0,0.0,0.0,0.0,0.0,1.0,0.0,0.0,0.0,0.0,0.0,1.0,0.0,0.0
534,PEEK,PE_0229,COc1cccc(OC)c1C(=O)c1ccc(Oc2ccc(Oc3ccc(C(=O)c4ccccc4)cc3)cc2)cc1,521.9715794382345,3.274241939328338,33.52028538130166,0.828016,534,1.0,1.0,1.0,0.0,0.0,1.0,0.0,0.0,0.0,1.0,1.0,0.0,0.0,0.0,1.0,0.0,0.0,1.0,0.0,0.0,0.0,0.0,1.0,0.0,0.0,0.0,0.0,0.0,0.0,0.0,0.0,0.0,0.0,1.0,0.0,0.0,1.0,0.0,0.0,1.0,0.0,1.0,0.0,0.0,0.0,0.0,0.0,1.0,0.0,0.0,0.0,0.0,0.0,0.0,0.0,1.0,0.0,0.0,0.0,0.0,0.0,1.0,0.0,0.0
535,PEEK,PE_0036,O=C(c1ccc(Oc2ccc(Oc3ccc(C(=O)c4ccccc4)cc3F)cc2)cc1)c1ccc(F)c(F)c1,547.736465831428,3.552090917234213,34.8651505438819,0.827681,535,1.0,1.0,1.0,0.0,0.0,1.0,0.0,0.0,0.0,1.0,1.0,0.0,0.0,0.0,1.0,0.0,0.0,1.0,0.0,0.0,0.0,0.0,1.0,0.0,0.0,0.0,0.0,0.0,0.0,0.0,0.0,0.0,0.0,1.0,0.0,0.0,1.0,0.0,0.0,1.0,0.0,1.0,0.0,0.0,0.0,0.0,0.0,1.0,0.0,0.0,0.0,0.0,0.0,0.0,0.0,1.0,0.0,0.0,0.0,0.0,0.0,1.0,0.0,0.0
536,PEEK,PE_0084,O=C(c1ccccc1)c1ccc(Oc2ccc(Oc3ccc(C(=O)c4cccc(F)c4)cc3)c(Br)c2)cc1,523.4858567926312,3.1918510924049843,33.07367945844623,0.827573,536,1.0,1.0,1.0,0.0,0.0,1.0,0.0,0.0,0.0,1.0,1.0,0.0,0.0,0.0,1.0,0.0,0.0,1.0,0.0,0.0,0.0,0.0,1.0,0.0,0.0,0.0,0.0,0.0,0.0,0.0,0.0,0.0,0.0,1.0,0.0,0.0,1.0,0.0,0.0,1.0,0.0,1.0,0.0,0.0,0.0,0.0,0.0,1.0,0.0,0.0,0.0,0.0,0.0,0.0,0.0,1.0,0.0,0.0,0.0,0.0,0.0,1.0,0.0,0.0
537,PEEK,PE_0071,Cc1ccc(N)c(C(=O)c2ccc(Oc3ccc(Oc4ccc(C(=O)c5ccccc5)cc4)cc3)cc2)c1,537.6231897775792,3.3191418322428548,33.6442270534206,0.826847,537,1.0,1.0,1.0,0.0,0.0,1.0,0.0,0.0,0.0,1.0,1.0,0.0,0.0,0.0,1.0,0.0,0.0,1.0,0.0,0.0,0.0,0.0,1.0,0.0,0.0,0.0,0.0,0.0,0.0,0.0,0.0,0.0,0.0,1.0,0.0,0.0,1.0,0.0,0.0,1.0,0.0,1.0,0.0,0.0,0.0,0.0,0.0,1.0,0.0,0.0,0.0,0.0,0.0,0.0,0.0,1.0,0.0,0.0,0.0,0.0,0.0,1.0,0.0,0.0
538,PEEK,PE_0234,COc1ccc(C)c(OC)c1C(=O)c1ccc(Oc2ccc(Oc3ccc(C(=O)c4ccccc4)cc3)cc2)cc1,499.1281697053619,3.0769598403066487,32.47369432397661,0.826846,538,1.0,1.0,1.0,0.0,0.0,1.0,0.0,0.0,0.0,1.0,1.0,0.0,0.0,0.0,1.0,0.0,0.0,1.0,0.0,0.0,0.0,0.0,1.0,0.0,0.0,0.0,0.0,0.0,0.0,0.0,0.0,0.0,0.0,1.0,0.0,0.0,1.0,0.0,0.0,1.0,0.0,1.0,0.0,0.0,0.0,0.0,0.0,1.0,0.0,0.0,0.0,0.0,0.0,0.0,0.0,1.0,0.0,0.0,0.0,0.0,0.0,1.0,0.0,0.0
539,PEEK,PE_0124,Nc1c(C(=O)c2ccccc2)cc(Br)c(Oc2ccc(Oc3ccc(C(=O)c4ccccc4)cc3)cc2)c1F,540.7193544721334,3.38638491885788,33.955474776980445,0.826542,539,1.0,1.0,1.0,0.0,0.0,1.0,0.0,0.0,0.0,1.0,1.0,0.0,0.0,0.0,1.0,0.0,0.0,1.0,0.0,0.0,0.0,0.0,1.0,0.0,0.0,0.0,0.0,0.0,0.0,0.0,0.0,0.0,0.0,1.0,0.0,0.0,1.0,0.0,0.0,1.0,0.0,1.0,0.0,0.0,0.0,0.0,0.0,1.0,0.0,0.0,0.0,0.0,0.0,0.0,0.0,1.0,0.0,0.0,0.0,0.0,0.0,1.0,0.0,0.0
540,PEEK,PE_0029,Cc1ccccc1C(=O)c1ccc(Oc2ccc(Oc3ccc(C(=O)c4ccccc4)cc3)cc2)c(F)c1,530.825570011462,3.403487841165205,34.03811373246669,0.826408,540,1.0,1.0,1.0,0.0,0.0,1.0,0.0,0.0,0.0,1.0,1.0,0.0,0.0,0.0,1.0,0.0,0.0,1.0,0.0,0.0,0.0,0.0,1.0,0.0,0.0,0.0,0.0,0.0,0.0,0.0,0.0,0.0,0.0,1.0,0.0,0.0,1.0,0.0,0.0,1.0,0.0,1.0,0.0,0.0,0.0,0.0,0.0,1.0,0.0,0.0,0.0,0.0,0.0,0.0,0.0,1.0,0.0,0.0,0.0,0.0,0.0,1.0,0.0,0.0
541,PEEK,PE_0178,COc1cccc(C(=O)c2ccc(Oc3ccc(Oc4ccc(C(=O)c5ccccc5)cc4)cc3)cc2N)c1,504.7624212227056,3.084438745375072,32.46528132130491,0.826342,541,1.0,1.0,1.0,0.0,0.0,1.0,0.0,0.0,0.0,1.0,1.0,0.0,0.0,0.0,1.0,0.0,0.0,1.0,0.0,0.0,0.0,0.0,1.0,0.0,0.0,0.0,0.0,0.0,0.0,0.0,0.0,0.0,0.0,1.0,0.0,0.0,1.0,0.0,0.0,1.0,0.0,1.0,0.0,0.0,0.0,0.0,0.0,1.0,0.0,0.0,0.0,0.0,0.0,0.0,0.0,1.0,0.0,0.0,0.0,0.0,0.0,1.0,0.0,0.0
542,PEEK,PE_0149,COc1cccc(C(=O)c2ccc(Oc3ccc(Oc4ccc(C(=O)c5ccccc5)c(N)c4)cc3)cc2)c1,538.4485656540774,3.3969228867161,33.98358868256672,0.826194,542,1.0,1.0,1.0,0.0,0.0,1.0,0.0,0.0,0.0,1.0,1.0,0.0,0.0,0.0,1.0,0.0,0.0,1.0,0.0,0.0,0.0,0.0,1.0,0.0,0.0,0.0,0.0,0.0,0.0,0.0,0.0,0.0,0.0,1.0,0.0,0.0,1.0,0.0,0.0,1.0,0.0,1.0,0.0,0.0,0.0,0.0,0.0,1.0,0.0,0.0,0.0,0.0,0.0,0.0,0.0,1.0,0.0,0.0,0.0,0.0,0.0,1.0,0.0,0.0
543,PEEK,PE_0217,Nc1c(C(=O)c2ccc(Cl)cc2)ccc(Oc2ccc(Oc3ccc(C(=O)c4ccccc4)cc3)cc2)c1Br,544.0304282878598,3.5016971427673016,34.500347753788226,0.826148,543,1.0,1.0,1.0,0.0,0.0,1.0,0.0,0.0,0.0,1.0,1.0,0.0,0.0,0.0,1.0,0.0,0.0,1.0,0.0,0.0,0.0,0.0,1.0,0.0,0.0,0.0,0.0,0.0,0.0,0.0,0.0,0.0,0.0,1.0,0.0,0.0,1.0,0.0,0.0,1.0,0.0,1.0,0.0,0.0,0.0,0.0,0.0,1.0,0.0,0.0,0.0,0.0,0.0,0.0,0.0,1.0,0.0,0.0,0.0,0.0,0.0,1.0,0.0,0.0
544,PEEK,PE_0002,N#Cc1ccc(C(=O)c2ccc(Oc3ccc(Oc4ccc(C(=O)c5ccccc5)cc4)cc3)cc2)cc1,510.5712333358815,3.0480916344081495,32.26137536623566,0.826145,544,1.0,1.0,1.0,0.0,0.0,1.0,0.0,0.0,0.0,1.0,1.0,0.0,0.0,0.0,1.0,0.0,0.0,1.0,0.0,0.0,0.0,0.0,1.0,0.0,0.0,0.0,0.0,0.0,0.0,0.0,0.0,0.0,0.0,1.0,0.0,0.0,1.0,0.0,0.0,1.0,0.0,1.0,0.0,0.0,0.0,0.0,0.0,1.0,0.0,0.0,0.0,0.0,0.0,0.0,0.0,1.0,0.0,0.0,0.0,0.0,0.0,1.0,0.0,0.0
545,PEEK,PE_0216,Nc1cc(Oc2ccc(Oc3ccc(C(=O)c4ccccc4)cc3)cc2)ccc1C(=O)c1cccc(Cl)c1,510.71385583492366,3.1833518280564665,32.867578537501984,0.825212,545,1.0,1.0,1.0,0.0,0.0,1.0,0.0,0.0,0.0,1.0,1.0,0.0,0.0,0.0,1.0,0.0,0.0,1.0,0.0,0.0,0.0,0.0,1.0,0.0,0.0,0.0,0.0,0.0,0.0,0.0,0.0,0.0,0.0,1.0,0.0,0.0,1.0,0.0,0.0,1.0,0.0,1.0,0.0,0.0,0.0,0.0,0.0,1.0,0.0,0.0,0.0,0.0,0.0,0.0,0.0,1.0,0.0,0.0,0.0,0.0,0.0,1.0,0.0,0.0
546,PEEK,PE_0171,Nc1cc(Oc2ccc(C(=O)c3ccccc3)cc2)ccc1Oc1ccc(C(=O)c2ccccc2)cc1,545.668209768528,3.2766677778625324,33.29593126375306,0.825104,546,1.0,1.0,1.0,0.0,0.0,1.0,0.0,0.0,0.0,1.0,1.0,0.0,0.0,0.0,1.0,0.0,0.0,1.0,0.0,0.0,0.0,0.0,1.0,0.0,0.0,0.0,0.0,0.0,0.0,0.0,0.0,0.0,0.0,1.0,0.0,0.0,1.0,0.0,0.0,1.0,0.0,1.0,0.0,0.0,0.0,0.0,0.0,1.0,0.0,0.0,0.0,0.0,0.0,0.0,0.0,1.0,0.0,0.0,0.0,0.0,0.0,1.0,0.0,0.0
547,PEEK,PE_0082,Cc1cc(Oc2ccc(C(=O)c3ccc(F)c(F)c3)cc2)ccc1Oc1ccc(C(=O)c2ccccc2)cc1F,491.76193156382914,2.8295396388772613,31.11610161344853,0.82508,547,1.0,1.0,1.0,0.0,0.0,1.0,0.0,0.0,0.0,1.0,1.0,0.0,0.0,0.0,1.0,0.0,0.0,1.0,0.0,0.0,0.0,0.0,1.0,0.0,0.0,0.0,0.0,0.0,0.0,0.0,0.0,0.0,0.0,1.0,0.0,0.0,1.0,0.0,0.0,1.0,0.0,1.0,0.0,0.0,0.0,0.0,0.0,1.0,0.0,0.0,0.0,0.0,0.0,0.0,0.0,1.0,0.0,0.0,0.0,0.0,0.0,1.0,0.0,0.0
548,PEEK,PE_0184,Cc1cc(C#N)c(N)c(C(=O)c2ccc(Oc3ccc(Oc4ccc(C(=O)c5ccccc5)cc4)cc3)cc2)c1,525.2560144621958,3.459614752420261,34.21397196740498,0.824948,548,1.0,1.0,1.0,0.0,0.0,1.0,0.0,0.0,0.0,1.0,1.0,0.0,0.0,0.0,1.0,0.0,0.0,1.0,0.0,0.0,0.0,0.0,1.0,0.0,0.0,0.0,0.0,0.0,0.0,0.0,0.0,0.0,0.0,1.0,0.0,0.0,1.0,0.0,0.0,1.0,0.0,1.0,0.0,0.0,0.0,0.0,0.0,1.0,0.0,0.0,0.0,0.0,0.0,0.0,0.0,1.0,0.0,0.0,0.0,0.0,0.0,1.0,0.0,0.0
549,PEEK,PE_0222,Nc1cc(Oc2ccc(C(=O)c3ccccc3)cc2)cc(Cl)c1Oc1ccc(C(=O)c2c(N)cc(Cl)cc2N)cc1,522.4135299801342,2.9977409321261588,31.906737876029606,0.824941,549,1.0,1.0,1.0,0.0,0.0,1.0,0.0,0.0,0.0,1.0,1.0,0.0,0.0,0.0,1.0,0.0,0.0,1.0,0.0,0.0,0.0,0.0,1.0,0.0,0.0,0.0,0.0,0.0,0.0,0.0,0.0,0.0,0.0,1.0,0.0,0.0,1.0,0.0,0.0,1.0,0.0,1.0,0.0,0.0,0.0,0.0,0.0,1.0,0.0,0.0,0.0,0.0,0.0,0.0,0.0,1.0,0.0,0.0,0.0,0.0,0.0,1.0,0.0,0.0
550,PEEK,PE_0132,O=C(c1ccccc1)c1ccc(Oc2ccc(Oc3ccc(C(=O)c4ccc(Br)cc4C(F)(F)F)cc3)cc2)cc1,560.2905513001846,3.0931082027882217,32.34839763858775,0.824808,550,1.0,1.0,1.0,0.0,0.0,1.0,0.0,0.0,0.0,1.0,1.0,0.0,0.0,0.0,1.0,0.0,0.0,1.0,0.0,0.0,0.0,0.0,1.0,0.0,0.0,0.0,0.0,0.0,0.0,0.0,0.0,0.0,0.0,1.0,0.0,0.0,1.0,0.0,0.0,1.0,0.0,1.0,0.0,0.0,0.0,0.0,0.0,1.0,0.0,0.0,0.0,0.0,0.0,0.0,0.0,1.0,0.0,0.0,0.0,0.0,0.0,1.0,0.0,0.0
551,PEEK,PE_0117,O=C(c1ccccc1)c1ccc(Oc2ccc(Oc3ccc(C(=O)c4ccc(Br)c(Cl)c4)cc3F)cc2)cc1,488.7243706590611,3.039726968776679,32.14064863229272,0.824655,551,1.0,1.0,1.0,0.0,0.0,1.0,0.0,0.0,0.0,1.0,1.0,0.0,0.0,0.0,1.0,0.0,0.0,1.0,0.0,0.0,0.0,0.0,1.0,0.0,0.0,0.0,0.0,0.0,0.0,0.0,0.0,0.0,0.0,1.0,0.0,0.0,1.0,0.0,0.0,1.0,0.0,1.0,0.0,0.0,0.0,0.0,0.0,1.0,0.0,0.0,0.0,0.0,0.0,0.0,0.0,1.0,0.0,0.0,0.0,0.0,0.0,1.0,0.0,0.0
552,PEEK,PE_0142,COc1cc(Oc2ccc(Oc3ccc(C(=O)c4ccc(C#N)cc4)cc3)cc2)ccc1C(=O)c1ccccc1,490.6851559074038,3.046557398227534,32.05666567090581,0.823127,552,1.0,1.0,1.0,0.0,0.0,1.0,0.0,0.0,0.0,1.0,1.0,0.0,0.0,0.0,1.0,0.0,0.0,1.0,0.0,0.0,0.0,0.0,1.0,0.0,0.0,0.0,0.0,0.0,0.0,0.0,0.0,0.0,0.0,1.0,0.0,0.0,1.0,0.0,0.0,1.0,0.0,1.0,0.0,0.0,0.0,0.0,0.0,1.0,0.0,0.0,0.0,0.0,0.0,0.0,0.0,1.0,0.0,0.0,0.0,0.0,0.0,1.0,0.0,0.0
553,PEEK,PE_0028,O=C(c1ccccc1)c1ccc(Oc2ccc(Oc3ccc(C(=O)c4cccc(F)c4C(F)(F)F)cc3)cc2)cc1,491.4608418303158,3.1086683246811466,32.36564480546077,0.823125,553,1.0,1.0,1.0,0.0,0.0,1.0,0.0,0.0,0.0,1.0,1.0,0.0,0.0,0.0,1.0,0.0,0.0,1.0,0.0,0.0,0.0,0.0,1.0,0.0,0.0,0.0,0.0,0.0,0.0,0.0,0.0,0.0,0.0,1.0,0.0,0.0,1.0,0.0,0.0,1.0,0.0,1.0,0.0,0.0,0.0,0.0,0.0,1.0,0.0,0.0,0.0,0.0,0.0,0.0,0.0,1.0,0.0,0.0,0.0,0.0,0.0,1.0,0.0,0.0
554,PEEK,PE_0211,Nc1ccc(C(=O)c2ccc(Oc3ccc(Oc4ccc(C(=O)c5ccccc5)cc4)cc3)cc2Cl)c(N)c1,479.4625309051788,2.6754340347791894,30.222873887487214,0.82312,554,1.0,1.0,1.0,0.0,0.0,1.0,0.0,0.0,0.0,1.0,1.0,0.0,0.0,0.0,1.0,0.0,0.0,1.0,0.0,0.0,0.0,0.0,1.0,0.0,0.0,0.0,0.0,0.0,0.0,0.0,0.0,0.0,0.0,1.0,0.0,0.0,1.0,0.0,0.0,1.0,0.0,1.0,0.0,0.0,0.0,0.0,0.0,1.0,0.0,0.0,0.0,0.0,0.0,0.0,0.0,1.0,0.0,0.0,0.0,0.0,0.0,1.0,0.0,0.0
555,PEEK,PE_0008,O=C(c1ccccc1)c1ccc(Oc2ccc(Oc3ccc(C(=O)c4ccc(Br)cc4)cc3F)cc2)cc1,536.4499440669375,3.4414873951277065,33.960197482495424,0.822892,555,1.0,1.0,1.0,0.0,0.0,1.0,0.0,0.0,0.0,1.0,1.0,0.0,0.0,0.0,1.0,0.0,0.0,1.0,0.0,0.0,0.0,0.0,1.0,0.0,0.0,0.0,0.0,0.0,0.0,0.0,0.0,0.0,0.0,1.0,0.0,0.0,1.0,0.0,0.0,1.0,0.0,1.0,0.0,0.0,0.0,0.0,0.0,1.0,0.0,0.0,0.0,0.0,0.0,0.0,0.0,1.0,0.0,0.0,0.0,0.0,0.0,1.0,0.0,0.0
556,PEEK,PE_0165,Nc1c(Br)c(Oc2ccc(Oc3ccc(C(=O)c4ccccc4)cc3)cc2)cc(Cl)c1C(=O)c1ccccc1,515.3010014709538,3.1294027651918133,32.408219342348346,0.822754,556,1.0,1.0,1.0,0.0,0.0,1.0,0.0,0.0,0.0,1.0,1.0,0.0,0.0,0.0,1.0,0.0,0.0,1.0,0.0,0.0,0.0,0.0,1.0,0.0,0.0,0.0,0.0,0.0,0.0,0.0,0.0,0.0,0.0,1.0,0.0,0.0,1.0,0.0,0.0,1.0,0.0,1.0,0.0,0.0,0.0,0.0,0.0,1.0,0.0,0.0,0.0,0.0,0.0,0.0,0.0,1.0,0.0,0.0,0.0,0.0,0.0,1.0,0.0,0.0
557,PEEK,PE_0086,Nc1c(C(=O)c2ccccc2)ccc(Oc2ccc(Oc3ccc(C(=O)c4ccccc4)cc3)cc2)c1F,570.9602509273526,3.8063232385242376,35.733306643269366,0.822449,557,1.0,1.0,1.0,0.0,0.0,1.0,0.0,0.0,0.0,1.0,1.0,0.0,0.0,0.0,1.0,0.0,0.0,1.0,0.0,0.0,0.0,0.0,1.0,0.0,0.0,0.0,0.0,0.0,0.0,0.0,0.0,0.0,0.0,1.0,0.0,0.0,1.0,0.0,0.0,1.0,0.0,1.0,0.0,0.0,0.0,0.0,0.0,1.0,0.0,0.0,0.0,0.0,0.0,0.0,0.0,1.0,0.0,0.0,0.0,0.0,0.0,1.0,0.0,0.0
558,PEEK,PE_0052,Nc1cc(C(=O)c2ccc(Oc3ccc(Oc4ccc(C(=O)c5ccccc5)cc4)c(N)c3)cc2)ccc1F,521.2504649797055,3.5290301772708097,34.368814922176036,0.822335,558,1.0,1.0,1.0,0.0,0.0,1.0,0.0,0.0,0.0,1.0,1.0,0.0,0.0,0.0,1.0,0.0,0.0,1.0,0.0,0.0,0.0,0.0,1.0,0.0,0.0,0.0,0.0,0.0,0.0,0.0,0.0,0.0,0.0,1.0,0.0,0.0,1.0,0.0,0.0,1.0,0.0,1.0,0.0,0.0,0.0,0.0,0.0,1.0,0.0,0.0,0.0,0.0,0.0,0.0,0.0,1.0,0.0,0.0,0.0,0.0,0.0,1.0,0.0,0.0
559,PEEK,PE_0012,Cc1cc(Oc2ccc(Oc3ccc(C(=O)c4ccccc4)cc3)cc2F)c(F)cc1C(=O)c1ccccc1,537.6152320179552,3.4166732986394104,33.79242719467771,0.822321,559,1.0,1.0,1.0,0.0,0.0,1.0,0.0,0.0,0.0,1.0,1.0,0.0,0.0,0.0,1.0,0.0,0.0,1.0,0.0,0.0,0.0,0.0,1.0,0.0,0.0,0.0,0.0,0.0,0.0,0.0,0.0,0.0,0.0,1.0,0.0,0.0,1.0,0.0,0.0,1.0,0.0,1.0,0.0,0.0,0.0,0.0,0.0,1.0,0.0,0.0,0.0,0.0,0.0,0.0,0.0,1.0,0.0,0.0,0.0,0.0,0.0,1.0,0.0,0.0
560,PEEK,PE_0050,CCc1ccc(C(=O)c2ccc(Oc3ccc(Oc4ccc(C(=O)c5ccccc5)cc4F)cc3)cc2)cc1F,536.1948937103435,3.301655745389489,33.21648343399173,0.822296,560,1.0,1.0,1.0,0.0,0.0,1.0,0.0,0.0,0.0,1.0,1.0,0.0,0.0,0.0,1.0,0.0,0.0,1.0,0.0,0.0,0.0,0.0,1.0,0.0,0.0,0.0,0.0,0.0,0.0,0.0,0.0,0.0,0.0,1.0,0.0,0.0,1.0,0.0,0.0,1.0,0.0,1.0,0.0,0.0,0.0,0.0,0.0,1.0,0.0,0.0,0.0,0.0,0.0,0.0,0.0,1.0,0.0,0.0,0.0,0.0,0.0,1.0,0.0,0.0
561,PEEK,PE_0175,COc1cc(C(=O)c2cc(N)c(Oc3ccc(Oc4ccc(C(=O)c5ccccc5)cc4)cc3)cc2N)c(N)cc1N,520.9420297923341,3.2140463607595184,32.78241554296623,0.822178,561,1.0,1.0,1.0,0.0,0.0,1.0,0.0,0.0,0.0,1.0,1.0,0.0,0.0,0.0,1.0,0.0,0.0,1.0,0.0,0.0,0.0,0.0,1.0,0.0,0.0,0.0,0.0,0.0,0.0,0.0,0.0,0.0,0.0,1.0,0.0,0.0,1.0,0.0,0.0,1.0,0.0,1.0,0.0,0.0,0.0,0.0,0.0,1.0,0.0,0.0,0.0,0.0,0.0,0.0,0.0,1.0,0.0,0.0,0.0,0.0,0.0,1.0,0.0,0.0
562,PEEK,PE_0055,O=C(c1ccccc1)c1ccc(Oc2ccc(Oc3ccc(C(=O)c4ccc(Br)cc4)cc3)cc2)cc1,565.2552626189396,3.8257961107914653,35.79640179425439,0.821964,562,1.0,1.0,1.0,0.0,0.0,1.0,0.0,0.0,0.0,1.0,1.0,0.0,0.0,0.0,1.0,0.0,0.0,1.0,0.0,0.0,0.0,0.0,1.0,0.0,0.0,0.0,0.0,0.0,0.0,0.0,0.0,0.0,0.0,1.0,0.0,0.0,1.0,0.0,0.0,1.0,0.0,1.0,0.0,0.0,0.0,0.0,0.0,1.0,0.0,0.0,0.0,0.0,0.0,0.0,0.0,1.0,0.0,0.0,0.0,0.0,0.0,1.0,0.0,0.0
563,PEEK,PE_0237,N#Cc1ccc(C(=O)c2ccc(Oc3ccc(Oc4ccc(C(=O)c5ccccc5)cc4)cc3)c(Br)c2)cc1C#N,505.3247804146388,3.165815230544767,32.521012499590135,0.82167,563,1.0,1.0,1.0,0.0,0.0,1.0,0.0,0.0,0.0,1.0,1.0,0.0,0.0,0.0,1.0,0.0,0.0,1.0,0.0,0.0,0.0,0.0,1.0,0.0,0.0,0.0,0.0,0.0,0.0,0.0,0.0,0.0,0.0,1.0,0.0,0.0,1.0,0.0,0.0,1.0,0.0,1.0,0.0,0.0,0.0,0.0,0.0,1.0,0.0,0.0,0.0,0.0,0.0,0.0,0.0,1.0,0.0,0.0,0.0,0.0,0.0,1.0,0.0,0.0
564,PEEK,PE_0197,Nc1cc(C(=O)c2ccccc2)ccc1Oc1ccc(Oc2ccc(C(=O)c3ccccc3)cc2N)c(N)c1,536.0551275507281,3.1757751113176496,32.534835911187606,0.821598,564,1.0,1.0,1.0,0.0,0.0,1.0,0.0,0.0,0.0,1.0,1.0,0.0,0.0,0.0,1.0,0.0,0.0,1.0,0.0,0.0,0.0,0.0,1.0,0.0,0.0,0.0,0.0,0.0,0.0,0.0,0.0,0.0,0.0,1.0,0.0,0.0,1.0,0.0,0.0,1.0,0.0,1.0,0.0,0.0,0.0,0.0,0.0,1.0,0.0,0.0,0.0,0.0,0.0,0.0,0.0,1.0,0.0,0.0,0.0,0.0,0.0,1.0,0.0,0.0
565,PEEK,PE_0141,N#Cc1ccc(C(=O)c2ccc(Oc3ccc(Oc4ccc(C(=O)c5ccccc5)cc4C#N)cc3)cc2)cc1C#N,567.1274902945225,3.706328070165877,35.15932239027293,0.821444,565,1.0,1.0,1.0,0.0,0.0,1.0,0.0,0.0,0.0,1.0,1.0,0.0,0.0,0.0,1.0,0.0,0.0,1.0,0.0,0.0,0.0,0.0,1.0,0.0,0.0,0.0,0.0,0.0,0.0,0.0,0.0,0.0,0.0,1.0,0.0,0.0,1.0,0.0,0.0,1.0,0.0,1.0,0.0,0.0,0.0,0.0,0.0,1.0,0.0,0.0,0.0,0.0,0.0,0.0,0.0,1.0,0.0,0.0,0.0,0.0,0.0,1.0,0.0,0.0
566,PEEK,PE_0162,Cc1cc(Oc2ccc(Oc3ccc(C(=O)c4ccccc4)cc3)cc2)cc(F)c1C(=O)c1cccc(F)c1,526.2384214327184,3.616680231981146,34.69456563379975,0.820896,566,1.0,1.0,1.0,0.0,0.0,1.0,0.0,0.0,0.0,1.0,1.0,0.0,0.0,0.0,1.0,0.0,0.0,1.0,0.0,0.0,0.0,0.0,1.0,0.0,0.0,0.0,0.0,0.0,0.0,0.0,0.0,0.0,0.0,1.0,0.0,0.0,1.0,0.0,0.0,1.0,0.0,1.0,0.0,0.0,0.0,0.0,0.0,1.0,0.0,0.0,0.0,0.0,0.0,0.0,0.0,1.0,0.0,0.0,0.0,0.0,0.0,1.0,0.0,0.0
567,PEEK,PE_0128,O=C(c1ccccc1)c1ccc(Oc2ccc(Oc3ccc(C(=O)c4cccc(C(F)(F)F)c4)cc3Br)cc2)cc1,531.183288269433,3.5321143540454973,34.267481615488556,0.820895,567,1.0,1.0,1.0,0.0,0.0,1.0,0.0,0.0,0.0,1.0,1.0,0.0,0.0,0.0,1.0,0.0,0.0,1.0,0.0,0.0,0.0,0.0,1.0,0.0,0.0,0.0,0.0,0.0,0.0,0.0,0.0,0.0,0.0,1.0,0.0,0.0,1.0,0.0,0.0,1.0,0.0,1.0,0.0,0.0,0.0,0.0,0.0,1.0,0.0,0.0,0.0,0.0,0.0,0.0,0.0,1.0,0.0,0.0,0.0,0.0,0.0,1.0,0.0,0.0
568,PEEK,PE_0051,Cc1ccccc1C(=O)c1ccc(Oc2ccc(Oc3ccc(C(=O)c4ccccc4)c(Cl)c3)cc2)cc1,496.8298734493342,3.0081562023483293,31.659725792927414,0.820532,568,1.0,1.0,1.0,0.0,0.0,1.0,0.0,0.0,0.0,1.0,1.0,0.0,0.0,0.0,1.0,0.0,0.0,1.0,0.0,0.0,0.0,0.0,1.0,0.0,0.0,0.0,0.0,0.0,0.0,0.0,0.0,0.0,0.0,1.0,0.0,0.0,1.0,0.0,0.0,1.0,0.0,1.0,0.0,0.0,0.0,0.0,0.0,1.0,0.0,0.0,0.0,0.0,0.0,0.0,0.0,1.0,0.0,0.0,0.0,0.0,0.0,1.0,0.0,0.0
569,PEEK,PE_0219,N#Cc1cc(Oc2ccc(Oc3ccc(C(=O)c4ccccc4)cc3)cc2)ccc1C(=O)c1ccc(Br)cc1,510.85036408922264,3.2526123295298737,32.844839279388,0.820294,569,1.0,1.0,1.0,0.0,0.0,1.0,0.0,0.0,0.0,1.0,1.0,0.0,0.0,0.0,1.0,0.0,0.0,1.0,0.0,0.0,0.0,0.0,1.0,0.0,0.0,0.0,0.0,0.0,0.0,0.0,0.0,0.0,0.0,1.0,0.0,0.0,1.0,0.0,0.0,1.0,0.0,1.0,0.0,0.0,0.0,0.0,0.0,1.0,0.0,0.0,0.0,0.0,0.0,0.0,0.0,1.0,0.0,0.0,0.0,0.0,0.0,1.0,0.0,0.0
570,PEEK,PE_0200,COc1cc(Oc2ccc(Oc3ccc(C(=O)c4ccccc4)cc3)c(N)c2)ccc1C(=O)c1ccccc1,535.1256607702713,3.410671231696401,33.55406719236677,0.819519,570,1.0,1.0,1.0,0.0,0.0,1.0,0.0,0.0,0.0,1.0,1.0,0.0,0.0,0.0,1.0,0.0,0.0,1.0,0.0,0.0,0.0,0.0,1.0,0.0,0.0,0.0,0.0,0.0,0.0,0.0,0.0,0.0,0.0,1.0,0.0,0.0,1.0,0.0,0.0,1.0,0.0,1.0,0.0,0.0,0.0,0.0,0.0,1.0,0.0,0.0,0.0,0.0,0.0,0.0,0.0,1.0,0.0,0.0,0.0,0.0,0.0,1.0,0.0,0.0
571,PEEK,PE_0131,N#Cc1ccc(C(=O)c2ccc(Oc3ccc(Oc4ccc(C(=O)c5ccccc5)cc4N)cc3)cc2)cc1C#N,541.2469284180803,3.4290641278963703,33.62666269525736,0.819317,571,1.0,1.0,1.0,0.0,0.0,1.0,0.0,0.0,0.0,1.0,1.0,0.0,0.0,0.0,1.0,0.0,0.0,1.0,0.0,0.0,0.0,0.0,1.0,0.0,0.0,0.0,0.0,0.0,0.0,0.0,0.0,0.0,0.0,1.0,0.0,0.0,1.0,0.0,0.0,1.0,0.0,1.0,0.0,0.0,0.0,0.0,0.0,1.0,0.0,0.0,0.0,0.0,0.0,0.0,0.0,1.0,0.0,0.0,0.0,0.0,0.0,1.0,0.0,0.0
572,PEEK,PE_0202,NS(=O)(=O)c1ccc(C(=O)c2ccc(Oc3ccc(Oc4ccc(C(=O)c5ccccc5)cc4)cc3)cc2)cc1,497.50194060857615,2.9092398911304604,31.054526010943654,0.819071,572,1.0,1.0,1.0,0.0,0.0,1.0,0.0,0.0,0.0,1.0,1.0,0.0,0.0,0.0,1.0,0.0,0.0,1.0,0.0,0.0,0.0,0.0,1.0,0.0,0.0,0.0,0.0,0.0,0.0,0.0,0.0,0.0,0.0,1.0,0.0,0.0,1.0,0.0,0.0,1.0,0.0,1.0,0.0,0.0,0.0,0.0,0.0,1.0,0.0,0.0,0.0,0.0,0.0,0.0,0.0,1.0,0.0,0.0,0.0,0.0,0.0,1.0,0.0,0.0
573,PEEK,PE_0068,O=C(c1ccc(Oc2ccc(Oc3ccc(C(=O)c4ccccc4Cl)cc3)cc2)cc1)c1ccc(C(F)(F)F)cc1,513.1831331037903,3.348700309420423,33.22260685363286,0.818961,573,1.0,1.0,1.0,0.0,0.0,1.0,0.0,0.0,0.0,1.0,1.0,0.0,0.0,0.0,1.0,0.0,0.0,1.0,0.0,0.0,0.0,0.0,1.0,0.0,0.0,0.0,0.0,0.0,0.0,0.0,0.0,0.0,0.0,1.0,0.0,0.0,1.0,0.0,0.0,1.0,0.0,1.0,0.0,0.0,0.0,0.0,0.0,1.0,0.0,0.0,0.0,0.0,0.0,0.0,0.0,1.0,0.0,0.0,0.0,0.0,0.0,1.0,0.0,0.0
574,PEEK,PE_0119,CCc1ccc(C(=O)c2ccc(Oc3ccc(Oc4ccc(C(=O)c5ccccc5N)cc4)cc3)cc2)cc1,508.6598049498631,3.200253885079403,32.45972248355762,0.818614,574,1.0,1.0,1.0,0.0,0.0,1.0,0.0,0.0,0.0,1.0,1.0,0.0,0.0,0.0,1.0,0.0,0.0,1.0,0.0,0.0,0.0,0.0,1.0,0.0,0.0,0.0,0.0,0.0,0.0,0.0,0.0,0.0,0.0,1.0,0.0,0.0,1.0,0.0,0.0,1.0,0.0,1.0,0.0,0.0,0.0,0.0,0.0,1.0,0.0,0.0,0.0,0.0,0.0,0.0,0.0,1.0,0.0,0.0,0.0,0.0,0.0,1.0,0.0,0.0
575,PEEK,PE_0143,Nc1cc(Cl)cc(N)c1C(=O)c1ccc(Oc2ccc(Oc3ccc(C(=O)c4ccccc4)cc3)cc2)cc1,493.65734070132805,3.711604848948948,35.02839648241797,0.818483,575,1.0,1.0,1.0,0.0,0.0,1.0,0.0,0.0,0.0,1.0,1.0,0.0,0.0,0.0,1.0,0.0,0.0,1.0,0.0,0.0,0.0,0.0,1.0,0.0,0.0,0.0,0.0,0.0,0.0,0.0,0.0,0.0,0.0,1.0,0.0,0.0,1.0,0.0,0.0,1.0,0.0,1.0,0.0,0.0,0.0,0.0,0.0,1.0,0.0,0.0,0.0,0.0,0.0,0.0,0.0,1.0,0.0,0.0,0.0,0.0,0.0,1.0,0.0,0.0
576,PEEK,PE_0163,Nc1cc(Oc2ccc(Oc3ccc(C(=O)c4ccccc4)cc3)cc2)c(F)c(F)c1C(=O)c1ccccc1,550.0903831986623,3.6048925957345226,34.423523309939696,0.81829,576,1.0,1.0,1.0,0.0,0.0,1.0,0.0,0.0,0.0,1.0,1.0,0.0,0.0,0.0,1.0,0.0,0.0,1.0,0.0,0.0,0.0,0.0,1.0,0.0,0.0,0.0,0.0,0.0,0.0,0.0,0.0,0.0,0.0,1.0,0.0,0.0,1.0,0.0,0.0,1.0,0.0,1.0,0.0,0.0,0.0,0.0,0.0,1.0,0.0,0.0,0.0,0.0,0.0,0.0,0.0,1.0,0.0,0.0,0.0,0.0,0.0,1.0,0.0,0.0
577,PEEK,PE_0161,Nc1cccc(C(=O)c2ccc(Oc3ccc(Oc4ccc(C(=O)c5ccccc5)cc4)c(Cl)c3)cc2)c1,550.7689208938045,3.2308734599375653,32.499122392057295,0.817571,577,1.0,1.0,1.0,0.0,0.0,1.0,0.0,0.0,0.0,1.0,1.0,0.0,0.0,0.0,1.0,0.0,0.0,1.0,0.0,0.0,0.0,0.0,1.0,0.0,0.0,0.0,0.0,0.0,0.0,0.0,0.0,0.0,0.0,1.0,0.0,0.0,1.0,0.0,0.0,1.0,0.0,1.0,0.0,0.0,0.0,0.0,0.0,1.0,0.0,0.0,0.0,0.0,0.0,0.0,0.0,1.0,0.0,0.0,0.0,0.0,0.0,1.0,0.0,0.0
578,PEEK,PE_0188,Nc1ccccc1C(=O)c1cc(N)c(Oc2ccc(Oc3ccc(C(=O)c4ccccc4)cc3)cc2)c(Cl)c1,531.2099493147902,3.488651654790956,33.781345150815724,0.817311,578,1.0,1.0,1.0,0.0,0.0,1.0,0.0,0.0,0.0,1.0,1.0,0.0,0.0,0.0,1.0,0.0,0.0,1.0,0.0,0.0,0.0,0.0,1.0,0.0,0.0,0.0,0.0,0.0,0.0,0.0,0.0,0.0,0.0,1.0,0.0,0.0,1.0,0.0,0.0,1.0,0.0,1.0,0.0,0.0,0.0,0.0,0.0,1.0,0.0,0.0,0.0,0.0,0.0,0.0,0.0,1.0,0.0,0.0,0.0,0.0,0.0,1.0,0.0,0.0
579,PEEK,PE_0212,Nc1ccccc1C(=O)c1ccc(Oc2ccc(Oc3ccc(C(=O)c4cccc(Br)c4)cc3)cc2)cc1,514.8583465876967,3.165786783841733,32.181070341208965,0.817293,579,1.0,1.0,1.0,0.0,0.0,1.0,0.0,0.0,0.0,1.0,1.0,0.0,0.0,0.0,1.0,0.0,0.0,1.0,0.0,0.0,0.0,0.0,1.0,0.0,0.0,0.0,0.0,0.0,0.0,0.0,0.0,0.0,0.0,1.0,0.0,0.0,1.0,0.0,0.0,1.0,0.0,1.0,0.0,0.0,0.0,0.0,0.0,1.0,0.0,0.0,0.0,0.0,0.0,0.0,0.0,1.0,0.0,0.0,0.0,0.0,0.0,1.0,0.0,0.0
580,PEEK,PE_0204,Nc1cc(Oc2ccc(C(=O)c3ccccc3)cc2)ccc1Oc1ccc(C(=O)c2cccc(F)c2)cc1,520.8289409707936,3.3637884204307764,33.12283896564198,0.816733,580,1.0,1.0,1.0,0.0,0.0,1.0,0.0,0.0,0.0,1.0,1.0,0.0,0.0,0.0,1.0,0.0,0.0,1.0,0.0,0.0,0.0,0.0,1.0,0.0,0.0,0.0,0.0,0.0,0.0,0.0,0.0,0.0,0.0,1.0,0.0,0.0,1.0,0.0,0.0,1.0,0.0,1.0,0.0,0.0,0.0,0.0,0.0,1.0,0.0,0.0,0.0,0.0,0.0,0.0,0.0,1.0,0.0,0.0,0.0,0.0,0.0,1.0,0.0,0.0
581,PEEK,PE_0040,CCc1cc(Oc2ccc(C(=O)c3ccccc3)cc2)ccc1Oc1ccc(C(=O)c2ccccc2)cc1F,507.9086295295265,2.971586840774206,31.151146405332437,0.816398,581,1.0,1.0,1.0,0.0,0.0,1.0,0.0,0.0,0.0,1.0,1.0,0.0,0.0,0.0,1.0,0.0,0.0,1.0,0.0,0.0,0.0,0.0,1.0,0.0,0.0,0.0,0.0,0.0,0.0,0.0,0.0,0.0,0.0,1.0,0.0,0.0,1.0,0.0,0.0,1.0,0.0,1.0,0.0,0.0,0.0,0.0,0.0,1.0,0.0,0.0,0.0,0.0,0.0,0.0,0.0,1.0,0.0,0.0,0.0,0.0,0.0,1.0,0.0,0.0
582,PEEK,PE_0238,Nc1ccccc1C(=O)c1ccc(Oc2ccc(Oc3ccc(C(=O)c4ccccc4)cc3)cc2F)cc1,534.6223565899927,3.478622007467754,33.64088916584685,0.816142,582,1.0,1.0,1.0,0.0,0.0,1.0,0.0,0.0,0.0,1.0,1.0,0.0,0.0,0.0,1.0,0.0,0.0,1.0,0.0,0.0,0.0,0.0,1.0,0.0,0.0,0.0,0.0,0.0,0.0,0.0,0.0,0.0,0.0,1.0,0.0,0.0,1.0,0.0,0.0,1.0,0.0,1.0,0.0,0.0,0.0,0.0,0.0,1.0,0.0,0.0,0.0,0.0,0.0,0.0,0.0,1.0,0.0,0.0,0.0,0.0,0.0,1.0,0.0,0.0
583,PEEK,PE_0101,Nc1c(S(N)(=O)=O)ccc(F)c1C(=O)c1ccc(Oc2ccc(Oc3ccc(C(=O)c4ccccc4)cc3)cc2)cc1,497.8781523851085,3.217687486614474,32.37170373635879,0.816078,583,1.0,1.0,1.0,0.0,0.0,1.0,0.0,0.0,0.0,1.0,1.0,0.0,0.0,0.0,1.0,0.0,0.0,1.0,0.0,0.0,0.0,0.0,1.0,0.0,0.0,0.0,0.0,0.0,0.0,0.0,0.0,0.0,0.0,1.0,0.0,0.0,1.0,0.0,0.0,1.0,0.0,1.0,0.0,0.0,0.0,0.0,0.0,1.0,0.0,0.0,0.0,0.0,0.0,0.0,0.0,1.0,0.0,0.0,0.0,0.0,0.0,1.0,0.0,0.0
584,PEEK,PE_0160,N#Cc1ccc(C(=O)c2ccc(Oc3ccc(Oc4ccc(C(=O)c5ccccc5)cc4)c(Cl)c3)cc2)cc1C#N,520.8108426957864,3.2112820600681764,32.29374256253404,0.815845,584,1.0,1.0,1.0,0.0,0.0,1.0,0.0,0.0,0.0,1.0,1.0,0.0,0.0,0.0,1.0,0.0,0.0,1.0,0.0,0.0,0.0,0.0,1.0,0.0,0.0,0.0,0.0,0.0,0.0,0.0,0.0,0.0,0.0,1.0,0.0,0.0,1.0,0.0,0.0,1.0,0.0,1.0,0.0,0.0,0.0,0.0,0.0,1.0,0.0,0.0,0.0,0.0,0.0,0.0,0.0,1.0,0.0,0.0,0.0,0.0,0.0,1.0,0.0,0.0
585,PEEK,PE_0034,COc1cc(C(=O)c2ccc(Oc3ccc(Oc4ccc(C(=O)c5ccccc5)cc4)cc3)cc2N)c(N)cc1N,555.4504368076678,3.457190376222116,33.4975971902193,0.815828,585,1.0,1.0,1.0,0.0,0.0,1.0,0.0,0.0,0.0,1.0,1.0,0.0,0.0,0.0,1.0,0.0,0.0,1.0,0.0,0.0,0.0,0.0,1.0,0.0,0.0,0.0,0.0,0.0,0.0,0.0,0.0,0.0,0.0,1.0,0.0,0.0,1.0,0.0,0.0,1.0,0.0,1.0,0.0,0.0,0.0,0.0,0.0,1.0,0.0,0.0,0.0,0.0,0.0,0.0,0.0,1.0,0.0,0.0,0.0,0.0,0.0,1.0,0.0,0.0
586,PEEK,PE_0104,N#Cc1ccc(C(=O)c2ccc(Oc3ccc(Oc4ccc(C(=O)c5ccccc5)cc4)cc3)cc2)cc1C#N,555.186529273835,3.28556636962975,32.610415599788176,0.815439,586,1.0,1.0,1.0,0.0,0.0,1.0,0.0,0.0,0.0,1.0,1.0,0.0,0.0,0.0,1.0,0.0,0.0,1.0,0.0,0.0,0.0,0.0,1.0,0.0,0.0,0.0,0.0,0.0,0.0,0.0,0.0,0.0,0.0,1.0,0.0,0.0,1.0,0.0,0.0,1.0,0.0,1.0,0.0,0.0,0.0,0.0,0.0,1.0,0.0,0.0,0.0,0.0,0.0,0.0,0.0,1.0,0.0,0.0,0.0,0.0,0.0,1.0,0.0,0.0
587,PEEK,PE_0190,N#Cc1ccc(C(=O)c2ccc(Oc3ccc(Oc4ccc(C(=O)c5ccccc5)cc4)c(C#N)c3C#N)cc2)cc1C#N,500.0293437779044,3.077557899343781,31.611718185036615,0.815331,587,1.0,1.0,1.0,0.0,0.0,1.0,0.0,0.0,0.0,1.0,1.0,0.0,0.0,0.0,1.0,0.0,0.0,1.0,0.0,0.0,0.0,0.0,1.0,0.0,0.0,0.0,0.0,0.0,0.0,0.0,0.0,0.0,0.0,1.0,0.0,0.0,1.0,0.0,0.0,1.0,0.0,1.0,0.0,0.0,0.0,0.0,0.0,1.0,0.0,0.0,0.0,0.0,0.0,0.0,0.0,1.0,0.0,0.0,0.0,0.0,0.0,1.0,0.0,0.0
588,PEEK,PE_0020,Cc1cc(C(=O)c2ccccc2)ccc1Oc1ccc(Oc2ccc(C(=O)c3ccccc3N)cc2)cc1,521.2371476284159,3.077774472450459,31.558064467654155,0.814942,588,1.0,1.0,1.0,0.0,0.0,1.0,0.0,0.0,0.0,1.0,1.0,0.0,0.0,0.0,1.0,0.0,0.0,1.0,0.0,0.0,0.0,0.0,1.0,0.0,0.0,0.0,0.0,0.0,0.0,0.0,0.0,0.0,0.0,1.0,0.0,0.0,1.0,0.0,0.0,1.0,0.0,1.0,0.0,0.0,0.0,0.0,0.0,1.0,0.0,0.0,0.0,0.0,0.0,0.0,0.0,1.0,0.0,0.0,0.0,0.0,0.0,1.0,0.0,0.0
589,PEEK,PE_0191,COc1cccc(C(=O)c2ccc(Oc3ccc(Oc4ccc(C(=O)c5ccccc5)cc4)cc3)cc2)c1N,533.7550003294532,3.5873197987820777,34.08629025767597,0.814825,589,1.0,1.0,1.0,0.0,0.0,1.0,0.0,0.0,0.0,1.0,1.0,0.0,0.0,0.0,1.0,0.0,0.0,1.0,0.0,0.0,0.0,0.0,1.0,0.0,0.0,0.0,0.0,0.0,0.0,0.0,0.0,0.0,0.0,1.0,0.0,0.0,1.0,0.0,0.0,1.0,0.0,1.0,0.0,0.0,0.0,0.0,0.0,1.0,0.0,0.0,0.0,0.0,0.0,0.0,0.0,1.0,0.0,0.0,0.0,0.0,0.0,1.0,0.0,0.0
590,PEEK,PE_0151,COc1cc(C(=O)c2ccccc2)cc(F)c1Oc1ccc(Oc2ccc(C(=O)c3ccc(F)c(F)c3)cc2)cc1,509.8695845096726,3.263872381389959,32.48321598238301,0.814706,590,1.0,1.0,1.0,0.0,0.0,1.0,0.0,0.0,0.0,1.0,1.0,0.0,0.0,0.0,1.0,0.0,0.0,1.0,0.0,0.0,0.0,0.0,1.0,0.0,0.0,0.0,0.0,0.0,0.0,0.0,0.0,0.0,0.0,1.0,0.0,0.0,1.0,0.0,0.0,1.0,0.0,1.0,0.0,0.0,0.0,0.0,0.0,1.0,0.0,0.0,0.0,0.0,0.0,0.0,0.0,1.0,0.0,0.0,0.0,0.0,0.0,1.0,0.0,0.0
591,PEEK,PE_0015,Nc1cccc(C(=O)c2ccc(Oc3ccc(Oc4ccc(C(=O)c5ccccc5)cc4)cc3)cc2F)c1,509.54520267985896,3.1334335887597704,31.810422329592175,0.814426,591,1.0,1.0,1.0,0.0,0.0,1.0,0.0,0.0,0.0,1.0,1.0,0.0,0.0,0.0,1.0,0.0,0.0,1.0,0.0,0.0,0.0,0.0,1.0,0.0,0.0,0.0,0.0,0.0,0.0,0.0,0.0,0.0,0.0,1.0,0.0,0.0,1.0,0.0,0.0,1.0,0.0,1.0,0.0,0.0,0.0,0.0,0.0,1.0,0.0,0.0,0.0,0.0,0.0,0.0,0.0,1.0,0.0,0.0,0.0,0.0,0.0,1.0,0.0,0.0
592,PEEK,PE_0096,O=C(c1ccccc1)c1ccc(Oc2ccc(Oc3ccc(C(=O)c4c(Cl)cccc4Cl)cc3)cc2)cc1,538.6010199856755,3.6342674270508595,34.2870499213332,0.814419,592,1.0,1.0,1.0,0.0,0.0,1.0,0.0,0.0,0.0,1.0,1.0,0.0,0.0,0.0,1.0,0.0,0.0,1.0,0.0,0.0,0.0,0.0,1.0,0.0,0.0,0.0,0.0,0.0,0.0,0.0,0.0,0.0,0.0,1.0,0.0,0.0,1.0,0.0,0.0,1.0,0.0,1.0,0.0,0.0,0.0,0.0,0.0,1.0,0.0,0.0,0.0,0.0,0.0,0.0,0.0,1.0,0.0,0.0,0.0,0.0,0.0,1.0,0.0,0.0
593,PEEK,PE_0091,O=C(c1ccccc1)c1ccc(Oc2ccc(Oc3ccc(C(=O)c4cccc(F)c4)c(C(F)(F)F)c3)cc2)cc1,550.5668344924529,3.4477456729433102,33.329663147879764,0.814185,593,1.0,1.0,1.0,0.0,0.0,1.0,0.0,0.0,0.0,1.0,1.0,0.0,0.0,0.0,1.0,0.0,0.0,1.0,0.0,0.0,0.0,0.0,1.0,0.0,0.0,0.0,0.0,0.0,0.0,0.0,0.0,0.0,0.0,1.0,0.0,0.0,1.0,0.0,0.0,1.0,0.0,1.0,0.0,0.0,0.0,0.0,0.0,1.0,0.0,0.0,0.0,0.0,0.0,0.0,0.0,1.0,0.0,0.0,0.0,0.0,0.0,1.0,0.0,0.0
594,PEEK,PE_0063,Cc1cccc(C(=O)c2ccc(Oc3ccc(Oc4ccc(C(=O)c5ccccc5)cc4)cc3)cc2)c1N,520.9707191510593,3.449123279277265,33.353411500711616,0.81412,594,1.0,1.0,1.0,0.0,0.0,1.0,0.0,0.0,0.0,1.0,1.0,0.0,0.0,0.0,1.0,0.0,0.0,1.0,0.0,0.0,0.0,0.0,1.0,0.0,0.0,0.0,0.0,0.0,0.0,0.0,0.0,0.0,0.0,1.0,0.0,0.0,1.0,0.0,0.0,1.0,0.0,1.0,0.0,0.0,0.0,0.0,0.0,1.0,0.0,0.0,0.0,0.0,0.0,0.0,0.0,1.0,0.0,0.0,0.0,0.0,0.0,1.0,0.0,0.0
595,PEEK,PE_0064,O=C(c1ccccc1)c1ccc(Oc2ccc(Oc3ccc(C(=O)c4cccc(C(F)(F)F)c4)cc3)cc2)cc1,511.68490831063974,3.4065186125103297,33.14739448119318,0.814081,595,1.0,1.0,1.0,0.0,0.0,1.0,0.0,0.0,0.0,1.0,1.0,0.0,0.0,0.0,1.0,0.0,0.0,1.0,0.0,0.0,0.0,0.0,1.0,0.0,0.0,0.0,0.0,0.0,0.0,0.0,0.0,0.0,0.0,1.0,0.0,0.0,1.0,0.0,0.0,1.0,0.0,1.0,0.0,0.0,0.0,0.0,0.0,1.0,0.0,0.0,0.0,0.0,0.0,0.0,0.0,1.0,0.0,0.0,0.0,0.0,0.0,1.0,0.0,0.0
596,PEEK,PE_0146,Nc1cccc(C(=O)c2ccc(Oc3ccc(Oc4ccc(C(=O)c5ccccc5)cc4Br)c(Br)c3)cc2)c1,494.415310897148,3.20852742836206,32.174707150774495,0.813989,596,1.0,1.0,1.0,0.0,0.0,1.0,0.0,0.0,0.0,1.0,1.0,0.0,0.0,0.0,1.0,0.0,0.0,1.0,0.0,0.0,0.0,0.0,1.0,0.0,0.0,0.0,0.0,0.0,0.0,0.0,0.0,0.0,0.0,1.0,0.0,0.0,1.0,0.0,0.0,1.0,0.0,1.0,0.0,0.0,0.0,0.0,0.0,1.0,0.0,0.0,0.0,0.0,0.0,0.0,0.0,1.0,0.0,0.0,0.0,0.0,0.0,1.0,0.0,0.0
597,PEEK,PE_0069,Nc1cc(Oc2ccc(Oc3ccc(C(=O)c4ccccc4)cc3)cc2)ccc1C(=O)c1ccccc1,510.07004139856093,3.3109364056849206,32.664469715925534,0.813988,597,1.0,1.0,1.0,0.0,0.0,1.0,0.0,0.0,0.0,1.0,1.0,0.0,0.0,0.0,1.0,0.0,0.0,1.0,0.0,0.0,0.0,0.0,1.0,0.0,0.0,0.0,0.0,0.0,0.0,0.0,0.0,0.0,0.0,1.0,0.0,0.0,1.0,0.0,0.0,1.0,0.0,1.0,0.0,0.0,0.0,0.0,0.0,1.0,0.0,0.0,0.0,0.0,0.0,0.0,0.0,1.0,0.0,0.0,0.0,0.0,0.0,1.0,0.0,0.0
598,PEEK,PE_0207,NS(=O)(=O)c1ccc(C(=O)c2ccc(Oc3ccc(Oc4ccc(C(=O)c5ccccc5)cc4)cc3Cl)cc2)cc1,513.8829484429699,3.6464381345496077,34.32311210573967,0.813796,598,1.0,1.0,1.0,0.0,0.0,1.0,0.0,0.0,0.0,1.0,1.0,0.0,0.0,0.0,1.0,0.0,0.0,1.0,0.0,0.0,0.0,0.0,1.0,0.0,0.0,0.0,0.0,0.0,0.0,0.0,0.0,0.0,0.0,1.0,0.0,0.0,1.0,0.0,0.0,1.0,0.0,1.0,0.0,0.0,0.0,0.0,0.0,1.0,0.0,0.0,0.0,0.0,0.0,0.0,0.0,1.0,0.0,0.0,0.0,0.0,0.0,1.0,0.0,0.0
599,PEEK,PE_0111,N#Cc1ccc(C(=O)c2ccc(Oc3ccc(Oc4ccc(C(=O)c5ccccc5)cc4)cc3)cc2)cc1F,542.7805243803622,3.478402350571891,33.45707848848126,0.81378,599,1.0,1.0,1.0,0.0,0.0,1.0,0.0,0.0,0.0,1.0,1.0,0.0,0.0,0.0,1.0,0.0,0.0,1.0,0.0,0.0,0.0,0.0,1.0,0.0,0.0,0.0,0.0,0.0,0.0,0.0,0.0,0.0,0.0,1.0,0.0,0.0,1.0,0.0,0.0,1.0,0.0,1.0,0.0,0.0,0.0,0.0,0.0,1.0,0.0,0.0,0.0,0.0,0.0,0.0,0.0,1.0,0.0,0.0,0.0,0.0,0.0,1.0,0.0,0.0
600,PEEK,PE_0173,COc1ccccc1C(=O)c1ccc(Oc2ccc(Oc3ccc(C(=O)c4ccccc4)cc3N)cc2)cc1,531.2426002744885,3.6228707319328275,34.16949772800838,0.813539,600,1.0,1.0,1.0,0.0,0.0,1.0,0.0,0.0,0.0,1.0,1.0,0.0,0.0,0.0,1.0,0.0,0.0,1.0,0.0,0.0,0.0,0.0,1.0,0.0,0.0,0.0,0.0,0.0,0.0,0.0,0.0,0.0,0.0,1.0,0.0,0.0,1.0,0.0,0.0,1.0,0.0,1.0,0.0,0.0,0.0,0.0,0.0,1.0,0.0,0.0,0.0,0.0,0.0,0.0,0.0,1.0,0.0,0.0,0.0,0.0,0.0,1.0,0.0,0.0
601,PEEK,PE_0106,Nc1ccc(C(=O)c2c(N)cc(Oc3ccc(Oc4ccc(C(=O)c5ccccc5)cc4)cc3)cc2N)c(N)c1,531.2620006990717,3.5911567326683222,34.009134947895305,0.813515,601,1.0,1.0,1.0,0.0,0.0,1.0,0.0,0.0,0.0,1.0,1.0,0.0,0.0,0.0,1.0,0.0,0.0,1.0,0.0,0.0,0.0,0.0,1.0,0.0,0.0,0.0,0.0,0.0,0.0,0.0,0.0,0.0,0.0,1.0,0.0,0.0,1.0,0.0,0.0,1.0,0.0,1.0,0.0,0.0,0.0,0.0,0.0,1.0,0.0,0.0,0.0,0.0,0.0,0.0,0.0,1.0,0.0,0.0,0.0,0.0,0.0,1.0,0.0,0.0
602,PEEK,PE_0039,Nc1cccc(C(=O)c2ccc(Oc3ccc(Oc4ccc(C(=O)c5ccccc5)cc4N)cc3)cc2)c1,508.6571186845201,3.3310209623283726,32.72450992422465,0.813427,602,1.0,1.0,1.0,0.0,0.0,1.0,0.0,0.0,0.0,1.0,1.0,0.0,0.0,0.0,1.0,0.0,0.0,1.0,0.0,0.0,0.0,0.0,1.0,0.0,0.0,0.0,0.0,0.0,0.0,0.0,0.0,0.0,0.0,1.0,0.0,0.0,1.0,0.0,0.0,1.0,0.0,1.0,0.0,0.0,0.0,0.0,0.0,1.0,0.0,0.0,0.0,0.0,0.0,0.0,0.0,1.0,0.0,0.0,0.0,0.0,0.0,1.0,0.0,0.0
603,PEEK,PE_0001,O=C(c1ccc(Oc2ccc(cc2)Oc2ccc(cc2)C(=O)c2ccccc2)cc1)c1ccccc1,527.6337311482689,3.4358042882182556,33.22155839044474,0.813331,603,1.0,1.0,1.0,0.0,0.0,1.0,0.0,0.0,0.0,1.0,1.0,0.0,0.0,0.0,1.0,0.0,0.0,1.0,0.0,0.0,0.0,0.0,1.0,0.0,0.0,0.0,0.0,0.0,0.0,0.0,0.0,0.0,0.0,1.0,0.0,0.0,1.0,0.0,0.0,1.0,0.0,1.0,0.0,0.0,0.0,0.0,0.0,1.0,0.0,0.0,0.0,0.0,0.0,0.0,0.0,1.0,0.0,0.0,0.0,0.0,0.0,1.0,0.0,0.0
604,PEEK,PE_0062,O=C(c1ccc(Br)cc1)c1ccc(Oc2ccc(Oc3ccc(C(=O)c4ccccc4C(F)(F)F)cc3)cc2)cc1,531.7060996883449,3.357455091645088,32.8246033179305,0.813306,604,1.0,1.0,1.0,0.0,0.0,1.0,0.0,0.0,0.0,1.0,1.0,0.0,0.0,0.0,1.0,0.0,0.0,1.0,0.0,0.0,0.0,0.0,1.0,0.0,0.0,0.0,0.0,0.0,0.0,0.0,0.0,0.0,0.0,1.0,0.0,0.0,1.0,0.0,0.0,1.0,0.0,1.0,0.0,0.0,0.0,0.0,0.0,1.0,0.0,0.0,0.0,0.0,0.0,0.0,0.0,1.0,0.0,0.0,0.0,0.0,0.0,1.0,0.0,0.0
605,PEEK,PE_0144,Nc1cccc(C(=O)c2ccc(Oc3ccc(Oc4ccc(C(=O)c5ccc(N)c(Br)c5)cc4)cc3)cc2)c1,531.3615541986918,3.1612696561538574,31.797229177096533,0.812683,605,1.0,1.0,1.0,0.0,0.0,1.0,0.0,0.0,0.0,1.0,1.0,0.0,0.0,0.0,1.0,0.0,0.0,1.0,0.0,0.0,0.0,0.0,1.0,0.0,0.0,0.0,0.0,0.0,0.0,0.0,0.0,0.0,0.0,1.0,0.0,0.0,1.0,0.0,0.0,1.0,0.0,1.0,0.0,0.0,0.0,0.0,0.0,1.0,0.0,0.0,0.0,0.0,0.0,0.0,0.0,1.0,0.0,0.0,0.0,0.0,0.0,1.0,0.0,0.0
606,PEEK,PE_0077,Nc1cc(N)cc(C(=O)c2ccc(Oc3ccc(Oc4ccc(C(=O)c5ccccc5)cc4)cc3)cc2F)c1,544.0924370720202,3.1718750509333966,31.82654356047176,0.812486,606,1.0,1.0,1.0,0.0,0.0,1.0,0.0,0.0,0.0,1.0,1.0,0.0,0.0,0.0,1.0,0.0,0.0,1.0,0.0,0.0,0.0,0.0,1.0,0.0,0.0,0.0,0.0,0.0,0.0,0.0,0.0,0.0,0.0,1.0,0.0,0.0,1.0,0.0,0.0,1.0,0.0,1.0,0.0,0.0,0.0,0.0,0.0,1.0,0.0,0.0,0.0,0.0,0.0,0.0,0.0,1.0,0.0,0.0,0.0,0.0,0.0,1.0,0.0,0.0
607,PEEK,PE_0139,Nc1cc(Oc2ccc(C(=O)c3c(Cl)cccc3Cl)cc2)c(N)cc1Oc1ccc(C(=O)c2ccccc2)cc1,529.2447335623227,3.432075052002732,33.12962575831841,0.812372,607,1.0,1.0,1.0,0.0,0.0,1.0,0.0,0.0,0.0,1.0,1.0,0.0,0.0,0.0,1.0,0.0,0.0,1.0,0.0,0.0,0.0,0.0,1.0,0.0,0.0,0.0,0.0,0.0,0.0,0.0,0.0,0.0,0.0,1.0,0.0,0.0,1.0,0.0,0.0,1.0,0.0,1.0,0.0,0.0,0.0,0.0,0.0,1.0,0.0,0.0,0.0,0.0,0.0,0.0,0.0,1.0,0.0,0.0,0.0,0.0,0.0,1.0,0.0,0.0
608,PEEK,PE_0089,O=C(c1ccccc1)c1ccc(Oc2ccc(Oc3ccc(C(=O)c4c(Cl)cc(C(F)(F)F)c(F)c4C(F)(F)F)cc3)cc2)cc1,552.0264684208228,3.413885481610012,32.99863677170135,0.812039,608,1.0,1.0,1.0,0.0,0.0,1.0,0.0,0.0,0.0,1.0,1.0,0.0,0.0,0.0,1.0,0.0,0.0,1.0,0.0,0.0,0.0,0.0,1.0,0.0,0.0,0.0,0.0,0.0,0.0,0.0,0.0,0.0,0.0,1.0,0.0,0.0,1.0,0.0,0.0,1.0,0.0,1.0,0.0,0.0,0.0,0.0,0.0,1.0,0.0,0.0,0.0,0.0,0.0,0.0,0.0,1.0,0.0,0.0,0.0,0.0,0.0,1.0,0.0,0.0
609,PEEK,PE_0103,Nc1ccc(C(=O)c2ccc(Oc3ccc(Oc4ccc(C(=O)c5ccccc5)cc4)cc3)cc2Br)c(N)c1N,514.7777163050011,3.4653671440931006,33.25742716404001,0.811671,609,1.0,1.0,1.0,0.0,0.0,1.0,0.0,0.0,0.0,1.0,1.0,0.0,0.0,0.0,1.0,0.0,0.0,1.0,0.0,0.0,0.0,0.0,1.0,0.0,0.0,0.0,0.0,0.0,0.0,0.0,0.0,0.0,0.0,1.0,0.0,0.0,1.0,0.0,0.0,1.0,0.0,1.0,0.0,0.0,0.0,0.0,0.0,1.0,0.0,0.0,0.0,0.0,0.0,0.0,0.0,1.0,0.0,0.0,0.0,0.0,0.0,1.0,0.0,0.0
610,PEEK,PE_0172,Nc1cc(C(=O)c2ccc(Oc3ccc(Oc4ccc(C(=O)c5ccccc5)cc4)cc3F)cc2)ccc1F,509.7712634890004,3.132196235318195,31.589571645091553,0.811567,610,1.0,1.0,1.0,0.0,0.0,1.0,0.0,0.0,0.0,1.0,1.0,0.0,0.0,0.0,1.0,0.0,0.0,1.0,0.0,0.0,0.0,0.0,1.0,0.0,0.0,0.0,0.0,0.0,0.0,0.0,0.0,0.0,0.0,1.0,0.0,0.0,1.0,0.0,0.0,1.0,0.0,1.0,0.0,0.0,0.0,0.0,0.0,1.0,0.0,0.0,0.0,0.0,0.0,0.0,0.0,1.0,0.0,0.0,0.0,0.0,0.0,1.0,0.0,0.0
611,PEEK,PE_0030,O=C(c1ccccc1)c1ccc(Oc2cc(Br)c(Oc3ccc(C(=O)c4ccccc4)cc3)cc2Cl)cc1,508.9003428006205,3.2575425961996314,32.20343747544308,0.811382,611,1.0,1.0,1.0,0.0,0.0,1.0,0.0,0.0,0.0,1.0,1.0,0.0,0.0,0.0,1.0,0.0,0.0,1.0,0.0,0.0,0.0,0.0,1.0,0.0,0.0,0.0,0.0,0.0,0.0,0.0,0.0,0.0,0.0,1.0,0.0,0.0,1.0,0.0,0.0,1.0,0.0,1.0,0.0,0.0,0.0,0.0,0.0,1.0,0.0,0.0,0.0,0.0,0.0,0.0,0.0,1.0,0.0,0.0,0.0,0.0,0.0,1.0,0.0,0.0
612,PEEK,PE_0205,Nc1ccc(C(=O)c2ccc(Oc3ccc(Oc4ccc(C(=O)c5ccccc5)cc4N)c(N)c3)cc2)cc1,509.615124272108,3.026263931169667,31.033127200086867,0.811208,612,1.0,1.0,1.0,0.0,0.0,1.0,0.0,0.0,0.0,1.0,1.0,0.0,0.0,0.0,1.0,0.0,0.0,1.0,0.0,0.0,0.0,0.0,1.0,0.0,0.0,0.0,0.0,0.0,0.0,0.0,0.0,0.0,0.0,1.0,0.0,0.0,1.0,0.0,0.0,1.0,0.0,1.0,0.0,0.0,0.0,0.0,0.0,1.0,0.0,0.0,0.0,0.0,0.0,0.0,0.0,1.0,0.0,0.0,0.0,0.0,0.0,1.0,0.0,0.0
613,PEEK,PE_0026,Nc1cccc(C(=O)c2ccc(Oc3cc(Br)c(Oc4ccc(C(=O)c5ccccc5)cc4)cc3Br)cc2)c1,544.0340788879305,3.651309705317122,34.12400490554589,0.811156,613,1.0,1.0,1.0,0.0,0.0,1.0,0.0,0.0,0.0,1.0,1.0,0.0,0.0,0.0,1.0,0.0,0.0,1.0,0.0,0.0,0.0,0.0,1.0,0.0,0.0,0.0,0.0,0.0,0.0,0.0,0.0,0.0,0.0,1.0,0.0,0.0,1.0,0.0,0.0,1.0,0.0,1.0,0.0,0.0,0.0,0.0,0.0,1.0,0.0,0.0,0.0,0.0,0.0,0.0,0.0,1.0,0.0,0.0,0.0,0.0,0.0,1.0,0.0,0.0
614,PEEK,PE_0076,O=C(c1ccccc1)c1ccc(Oc2ccc(Oc3ccc(C(=O)c4cccc(C(F)(F)F)c4)c(C(F)(F)F)c3)cc2)cc1,530.4325926545843,3.4884102068685343,33.29348305573698,0.810814,614,1.0,1.0,1.0,0.0,0.0,1.0,0.0,0.0,0.0,1.0,1.0,0.0,0.0,0.0,1.0,0.0,0.0,1.0,0.0,0.0,0.0,0.0,1.0,0.0,0.0,0.0,0.0,0.0,0.0,0.0,0.0,0.0,0.0,1.0,0.0,0.0,1.0,0.0,0.0,1.0,0.0,1.0,0.0,0.0,0.0,0.0,0.0,1.0,0.0,0.0,0.0,0.0,0.0,0.0,0.0,1.0,0.0,0.0,0.0,0.0,0.0,1.0,0.0,0.0
615,PEEK,PE_0206,N#Cc1cc(C#N)c(C(=O)c2ccc(Oc3ccc(Oc4ccc(C(=O)c5ccccc5)cc4C#N)cc3)cc2)cc1C#N,512.1179218436173,3.4117547252472824,32.92771358782021,0.810809,615,1.0,1.0,1.0,0.0,0.0,1.0,0.0,0.0,0.0,1.0,1.0,0.0,0.0,0.0,1.0,0.0,0.0,1.0,0.0,0.0,0.0,0.0,1.0,0.0,0.0,0.0,0.0,0.0,0.0,0.0,0.0,0.0,0.0,1.0,0.0,0.0,1.0,0.0,0.0,1.0,0.0,1.0,0.0,0.0,0.0,0.0,0.0,1.0,0.0,0.0,0.0,0.0,0.0,0.0,0.0,1.0,0.0,0.0,0.0,0.0,0.0,1.0,0.0,0.0
616,PEEK,PE_0169,O=C(c1ccccc1)c1ccc(Oc2ccc(Oc3ccc(C(=O)c4ccccc4)c(F)c3F)c(Br)c2)cc1,517.0853139171061,3.2887303843992357,32.29944009563963,0.810707,616,1.0,1.0,1.0,0.0,0.0,1.0,0.0,0.0,0.0,1.0,1.0,0.0,0.0,0.0,1.0,0.0,0.0,1.0,0.0,0.0,0.0,0.0,1.0,0.0,0.0,0.0,0.0,0.0,0.0,0.0,0.0,0.0,0.0,1.0,0.0,0.0,1.0,0.0,0.0,1.0,0.0,1.0,0.0,0.0,0.0,0.0,0.0,1.0,0.0,0.0,0.0,0.0,0.0,0.0,0.0,1.0,0.0,0.0,0.0,0.0,0.0,1.0,0.0,0.0
617,PEEK,PE_0087,O=C(c1ccccc1)c1ccc(Oc2ccc(Oc3ccc(C(=O)c4ccc(Br)cc4)cc3Cl)cc2)cc1,552.4113306507895,3.8215239687988247,34.934396671250894,0.810676,617,1.0,1.0,1.0,0.0,0.0,1.0,0.0,0.0,0.0,1.0,1.0,0.0,0.0,0.0,1.0,0.0,0.0,1.0,0.0,0.0,0.0,0.0,1.0,0.0,0.0,0.0,0.0,0.0,0.0,0.0,0.0,0.0,0.0,1.0,0.0,0.0,1.0,0.0,0.0,1.0,0.0,1.0,0.0,0.0,0.0,0.0,0.0,1.0,0.0,0.0,0.0,0.0,0.0,0.0,0.0,1.0,0.0,0.0,0.0,0.0,0.0,1.0,0.0,0.0
618,PEEK,PE_0007,O=C(c1ccccc1)c1ccc(Oc2ccc(Oc3ccc(C(=O)c4ccccc4)cc3F)cc2)cc1,473.37384548563915,2.9582253572655346,30.688031482117612,0.810277,618,1.0,1.0,1.0,0.0,0.0,1.0,0.0,0.0,0.0,1.0,1.0,0.0,0.0,0.0,1.0,0.0,0.0,1.0,0.0,0.0,0.0,0.0,1.0,0.0,0.0,0.0,0.0,0.0,0.0,0.0,0.0,0.0,0.0,1.0,0.0,0.0,1.0,0.0,0.0,1.0,0.0,1.0,0.0,0.0,0.0,0.0,0.0,1.0,0.0,0.0,0.0,0.0,0.0,0.0,0.0,1.0,0.0,0.0,0.0,0.0,0.0,1.0,0.0,0.0
619,PEEK,PE_0189,CCc1cc(Br)cc(C)c1C(=O)c1ccc(Oc2ccc(Oc3ccc(C(=O)c4ccccc4)cc3)cc2)cc1,499.382044653796,3.1118307216597274,31.403767768303776,0.81026,619,1.0,1.0,1.0,0.0,0.0,1.0,0.0,0.0,0.0,1.0,1.0,0.0,0.0,0.0,1.0,0.0,0.0,1.0,0.0,0.0,0.0,0.0,1.0,0.0,0.0,0.0,0.0,0.0,0.0,0.0,0.0,0.0,0.0,1.0,0.0,0.0,1.0,0.0,0.0,1.0,0.0,1.0,0.0,0.0,0.0,0.0,0.0,1.0,0.0,0.0,0.0,0.0,0.0,0.0,0.0,1.0,0.0,0.0,0.0,0.0,0.0,1.0,0.0,0.0
620,PEEK,PE_0108,O=C(c1ccccc1)c1ccc(Oc2ccc(Oc3ccc(C(=O)c4cccc(C(F)(F)F)c4)cc3)cc2F)cc1,554.010390824648,3.8329883086480874,34.94809308250877,0.810106,620,1.0,1.0,1.0,0.0,0.0,1.0,0.0,0.0,0.0,1.0,1.0,0.0,0.0,0.0,1.0,0.0,0.0,1.0,0.0,0.0,0.0,0.0,1.0,0.0,0.0,0.0,0.0,0.0,0.0,0.0,0.0,0.0,0.0,1.0,0.0,0.0,1.0,0.0,0.0,1.0,0.0,1.0,0.0,0.0,0.0,0.0,0.0,1.0,0.0,0.0,0.0,0.0,0.0,0.0,0.0,1.0,0.0,0.0,0.0,0.0,0.0,1.0,0.0,0.0
621,PEEK,PE_0083,Cc1c(C#N)cccc1C(=O)c1ccc(Oc2ccc(Oc3ccc(C(=O)c4ccccc4)cc3)cc2)cc1,518.2310998769257,3.3259449368517413,32.431677222138475,0.810005,621,1.0,1.0,1.0,0.0,0.0,1.0,0.0,0.0,0.0,1.0,1.0,0.0,0.0,0.0,1.0,0.0,0.0,1.0,0.0,0.0,0.0,0.0,1.0,0.0,0.0,0.0,0.0,0.0,0.0,0.0,0.0,0.0,0.0,1.0,0.0,0.0,1.0,0.0,0.0,1.0,0.0,1.0,0.0,0.0,0.0,0.0,0.0,1.0,0.0,0.0,0.0,0.0,0.0,0.0,0.0,1.0,0.0,0.0,0.0,0.0,0.0,1.0,0.0,0.0
622,PEEK,PE_0090,N#Cc1ccc(C(=O)c2ccc(Oc3ccc(Oc4ccc(C(=O)c5ccccc5)cc4)cc3Br)c(Br)c2)cc1,549.7275152131483,3.623116754942663,33.891662477637595,0.809981,622,1.0,1.0,1.0,0.0,0.0,1.0,0.0,0.0,0.0,1.0,1.0,0.0,0.0,0.0,1.0,0.0,0.0,1.0,0.0,0.0,0.0,0.0,1.0,0.0,0.0,0.0,0.0,0.0,0.0,0.0,0.0,0.0,0.0,1.0,0.0,0.0,1.0,0.0,0.0,1.0,0.0,1.0,0.0,0.0,0.0,0.0,0.0,1.0,0.0,0.0,0.0,0.0,0.0,0.0,0.0,1.0,0.0,0.0,0.0,0.0,0.0,1.0,0.0,0.0
623,PEEK,PE_0049,CCc1cc(N)c(C(=O)c2ccc(Oc3ccc(Oc4ccc(C(=O)c5ccccc5)cc4)cc3)cc2)c(CC)c1,495.2905441418156,3.5049769570464027,33.34331662429602,0.809826,623,1.0,1.0,1.0,0.0,0.0,1.0,0.0,0.0,0.0,1.0,1.0,0.0,0.0,0.0,1.0,0.0,0.0,1.0,0.0,0.0,0.0,0.0,1.0,0.0,0.0,0.0,0.0,0.0,0.0,0.0,0.0,0.0,0.0,1.0,0.0,0.0,1.0,0.0,0.0,1.0,0.0,1.0,0.0,0.0,0.0,0.0,0.0,1.0,0.0,0.0,0.0,0.0,0.0,0.0,0.0,1.0,0.0,0.0,0.0,0.0,0.0,1.0,0.0,0.0
624,PEEK,PE_0004,Nc1cccc(C(=O)c2ccc(Oc3ccc(Oc4ccc(C(=O)c5ccccc5)cc4)c(Br)c3)cc2)c1,546.6458430205737,3.7324046260284818,34.41441234719258,0.809642,624,1.0,1.0,1.0,0.0,0.0,1.0,0.0,0.0,0.0,1.0,1.0,0.0,0.0,0.0,1.0,0.0,0.0,1.0,0.0,0.0,0.0,0.0,1.0,0.0,0.0,0.0,0.0,0.0,0.0,0.0,0.0,0.0,0.0,1.0,0.0,0.0,1.0,0.0,0.0,1.0,0.0,1.0,0.0,0.0,0.0,0.0,0.0,1.0,0.0,0.0,0.0,0.0,0.0,0.0,0.0,1.0,0.0,0.0,0.0,0.0,0.0,1.0,0.0,0.0
625,PEEK,PE_0156,Cc1ccccc1C(=O)c1ccc(Oc2ccc(Oc3ccc(C(=O)c4ccccc4)cc3)cc2)c(F)c1F,516.8218881302867,3.1930351896590126,31.72442285369481,0.809416,625,1.0,1.0,1.0,0.0,0.0,1.0,0.0,0.0,0.0,1.0,1.0,0.0,0.0,0.0,1.0,0.0,0.0,1.0,0.0,0.0,0.0,0.0,1.0,0.0,0.0,0.0,0.0,0.0,0.0,0.0,0.0,0.0,0.0,1.0,0.0,0.0,1.0,0.0,0.0,1.0,0.0,1.0,0.0,0.0,0.0,0.0,0.0,1.0,0.0,0.0,0.0,0.0,0.0,0.0,0.0,1.0,0.0,0.0,0.0,0.0,0.0,1.0,0.0,0.0
626,PEEK,PE_0017,Nc1ccc(C(=O)c2ccc(Oc3ccc(Oc4ccc(C(=O)c5ccccc5)cc4)cc3)cc2N)c(N)c1,524.8499843419386,3.5150469344394795,33.3259754413087,0.809408,626,1.0,1.0,1.0,0.0,0.0,1.0,0.0,0.0,0.0,1.0,1.0,0.0,0.0,0.0,1.0,0.0,0.0,1.0,0.0,0.0,0.0,0.0,1.0,0.0,0.0,0.0,0.0,0.0,0.0,0.0,0.0,0.0,0.0,1.0,0.0,0.0,1.0,0.0,0.0,1.0,0.0,1.0,0.0,0.0,0.0,0.0,0.0,1.0,0.0,0.0,0.0,0.0,0.0,0.0,0.0,1.0,0.0,0.0,0.0,0.0,0.0,1.0,0.0,0.0
627,PEEK,PE_0032,O=C(c1ccccc1)c1ccc(Oc2ccc(Oc3ccc(C(=O)c4ccccc4Br)cc3)cc2)c(F)c1,490.3280789122442,3.055740441611737,31.059686843222686,0.809214,627,1.0,1.0,1.0,0.0,0.0,1.0,0.0,0.0,0.0,1.0,1.0,0.0,0.0,0.0,1.0,0.0,0.0,1.0,0.0,0.0,0.0,0.0,1.0,0.0,0.0,0.0,0.0,0.0,0.0,0.0,0.0,0.0,0.0,1.0,0.0,0.0,1.0,0.0,0.0,1.0,0.0,1.0,0.0,0.0,0.0,0.0,0.0,1.0,0.0,0.0,0.0,0.0,0.0,0.0,0.0,1.0,0.0,0.0,0.0,0.0,0.0,1.0,0.0,0.0
628,PEEK,PE_0177,Cc1ccccc1C(=O)c1ccc(Oc2cc(N)c(Oc3ccc(C(=O)c4ccccc4)cc3)cc2N)cc1,522.7198221198779,3.788421480039072,34.65980387347503,0.808941,628,1.0,1.0,1.0,0.0,0.0,1.0,0.0,0.0,0.0,1.0,1.0,0.0,0.0,0.0,1.0,0.0,0.0,1.0,0.0,0.0,0.0,0.0,1.0,0.0,0.0,0.0,0.0,0.0,0.0,0.0,0.0,0.0,0.0,1.0,0.0,0.0,1.0,0.0,0.0,1.0,0.0,1.0,0.0,0.0,0.0,0.0,0.0,1.0,0.0,0.0,0.0,0.0,0.0,0.0,0.0,1.0,0.0,0.0,0.0,0.0,0.0,1.0,0.0,0.0
629,PEEK,PE_0061,Nc1cccc(F)c1C(=O)c1ccc(Oc2ccc(Oc3ccc(C(=O)c4ccccc4)cc3)cc2)cc1,523.329185074323,3.702465236067398,34.22892271468726,0.808934,629,1.0,1.0,1.0,0.0,0.0,1.0,0.0,0.0,0.0,1.0,1.0,0.0,0.0,0.0,1.0,0.0,0.0,1.0,0.0,0.0,0.0,0.0,1.0,0.0,0.0,0.0,0.0,0.0,0.0,0.0,0.0,0.0,0.0,1.0,0.0,0.0,1.0,0.0,0.0,1.0,0.0,1.0,0.0,0.0,0.0,0.0,0.0,1.0,0.0,0.0,0.0,0.0,0.0,0.0,0.0,1.0,0.0,0.0,0.0,0.0,0.0,1.0,0.0,0.0
630,PEEK,PE_0021,O=C(c1ccccc1)c1ccc(Oc2ccc(Oc3ccc(C(=O)c4ccccc4)c(F)c3F)cc2)cc1,494.9381379465393,3.6792164874038757,34.14074137152413,0.808835,630,1.0,1.0,1.0,0.0,0.0,1.0,0.0,0.0,0.0,1.0,1.0,0.0,0.0,0.0,1.0,0.0,0.0,1.0,0.0,0.0,0.0,0.0,1.0,0.0,0.0,0.0,0.0,0.0,0.0,0.0,0.0,0.0,0.0,1.0,0.0,0.0,1.0,0.0,0.0,1.0,0.0,1.0,0.0,0.0,0.0,0.0,0.0,1.0,0.0,0.0,0.0,0.0,0.0,0.0,0.0,1.0,0.0,0.0,0.0,0.0,0.0,1.0,0.0,0.0
631,PEEK,PE_0059,Cc1cc(Oc2ccc(Oc3ccc(C(=O)c4ccc(F)cc4)cc3)cc2)c(F)cc1C(=O)c1ccccc1,523.2349465632265,3.404440692445249,32.727466439532996,0.808781,631,1.0,1.0,1.0,0.0,0.0,1.0,0.0,0.0,0.0,1.0,1.0,0.0,0.0,0.0,1.0,0.0,0.0,1.0,0.0,0.0,0.0,0.0,1.0,0.0,0.0,0.0,0.0,0.0,0.0,0.0,0.0,0.0,0.0,1.0,0.0,0.0,1.0,0.0,0.0,1.0,0.0,1.0,0.0,0.0,0.0,0.0,0.0,1.0,0.0,0.0,0.0,0.0,0.0,0.0,0.0,1.0,0.0,0.0,0.0,0.0,0.0,1.0,0.0,0.0
632,PEEK,PE_0203,Nc1ccc(F)cc1C(=O)c1ccc(Oc2ccc(Oc3ccc(C(=O)c4ccccc4)cc3)cc2)cc1,507.28706142303866,3.111721393958402,31.276374298912497,0.808715,632,1.0,1.0,1.0,0.0,0.0,1.0,0.0,0.0,0.0,1.0,1.0,0.0,0.0,0.0,1.0,0.0,0.0,1.0,0.0,0.0,0.0,0.0,1.0,0.0,0.0,0.0,0.0,0.0,0.0,0.0,0.0,0.0,0.0,1.0,0.0,0.0,1.0,0.0,0.0,1.0,0.0,1.0,0.0,0.0,0.0,0.0,0.0,1.0,0.0,0.0,0.0,0.0,0.0,0.0,0.0,1.0,0.0,0.0,0.0,0.0,0.0,1.0,0.0,0.0
633,PEEK,PE_0194,O=C(c1ccc(Oc2ccc(Oc3ccc(C(=O)c4ccccc4Cl)cc3)cc2)cc1)c1cccc(F)c1,517.535547151457,3.490006253495198,33.150144355389784,0.808638,633,1.0,1.0,1.0,0.0,0.0,1.0,0.0,0.0,0.0,1.0,1.0,0.0,0.0,0.0,1.0,0.0,0.0,1.0,0.0,0.0,0.0,0.0,1.0,0.0,0.0,0.0,0.0,0.0,0.0,0.0,0.0,0.0,0.0,1.0,0.0,0.0,1.0,0.0,0.0,1.0,0.0,1.0,0.0,0.0,0.0,0.0,0.0,1.0,0.0,0.0,0.0,0.0,0.0,0.0,0.0,1.0,0.0,0.0,0.0,0.0,0.0,1.0,0.0,0.0
634,PEEK,PE_0133,COc1ccc(C(=O)c2ccc(Oc3ccc(Oc4ccc(C(=O)c5ccccc5)c(N)c4F)cc3)cc2)cc1,496.99529879574845,3.1403414183567184,31.41353745331403,0.808441,634,1.0,1.0,1.0,0.0,0.0,1.0,0.0,0.0,0.0,1.0,1.0,0.0,0.0,0.0,1.0,0.0,0.0,1.0,0.0,0.0,0.0,0.0,1.0,0.0,0.0,0.0,0.0,0.0,0.0,0.0,0.0,0.0,0.0,1.0,0.0,0.0,1.0,0.0,0.0,1.0,0.0,1.0,0.0,0.0,0.0,0.0,0.0,1.0,0.0,0.0,0.0,0.0,0.0,0.0,0.0,1.0,0.0,0.0,0.0,0.0,0.0,1.0,0.0,0.0
635,PEEK,PE_0099,Nc1cccc(C(=O)c2ccc(Oc3ccc(Oc4ccc(C(=O)c5ccccc5)cc4)cc3)cc2N)c1,506.64727185662304,3.2953982807494446,32.153835004422284,0.808158,635,1.0,1.0,1.0,0.0,0.0,1.0,0.0,0.0,0.0,1.0,1.0,0.0,0.0,0.0,1.0,0.0,0.0,1.0,0.0,0.0,0.0,0.0,1.0,0.0,0.0,0.0,0.0,0.0,0.0,0.0,0.0,0.0,0.0,1.0,0.0,0.0,1.0,0.0,0.0,1.0,0.0,1.0,0.0,0.0,0.0,0.0,0.0,1.0,0.0,0.0,0.0,0.0,0.0,0.0,0.0,1.0,0.0,0.0,0.0,0.0,0.0,1.0,0.0,0.0
636,PEEK,PE_0072,Cc1cccc(C(=O)c2ccc(Oc3ccc(Oc4ccc(C(=O)c5ccccc5)cc4)cc3Br)cc2)c1,493.1110126824746,3.267577462607322,32.02070649158835,0.80797,636,1.0,1.0,1.0,0.0,0.0,1.0,0.0,0.0,0.0,1.0,1.0,0.0,0.0,0.0,1.0,0.0,0.0,1.0,0.0,0.0,0.0,0.0,1.0,0.0,0.0,0.0,0.0,0.0,0.0,0.0,0.0,0.0,0.0,1.0,0.0,0.0,1.0,0.0,0.0,1.0,0.0,1.0,0.0,0.0,0.0,0.0,0.0,1.0,0.0,0.0,0.0,0.0,0.0,0.0,0.0,1.0,0.0,0.0,0.0,0.0,0.0,1.0,0.0,0.0
637,PEEK,PE_0174,CCc1cc(Oc2ccc(C(=O)c3ccccc3)cc2)ccc1Oc1ccc(C(=O)c2ccc(C#N)cc2)cc1,507.4185714335948,3.4932246945596477,33.1096177941394,0.807727,637,1.0,1.0,1.0,0.0,0.0,1.0,0.0,0.0,0.0,1.0,1.0,0.0,0.0,0.0,1.0,0.0,0.0,1.0,0.0,0.0,0.0,0.0,1.0,0.0,0.0,0.0,0.0,0.0,0.0,0.0,0.0,0.0,0.0,1.0,0.0,0.0,1.0,0.0,0.0,1.0,0.0,1.0,0.0,0.0,0.0,0.0,0.0,1.0,0.0,0.0,0.0,0.0,0.0,0.0,0.0,1.0,0.0,0.0,0.0,0.0,0.0,1.0,0.0,0.0
638,PEEK,PE_0130,O=C(c1ccc(Oc2ccc(Oc3ccc(C(=O)c4ccccc4)cc3F)cc2)cc1)c1ccc(Cl)c(F)c1,507.10033781911716,3.514939760637362,33.21035020795556,0.807617,638,1.0,1.0,1.0,0.0,0.0,1.0,0.0,0.0,0.0,1.0,1.0,0.0,0.0,0.0,1.0,0.0,0.0,1.0,0.0,0.0,0.0,0.0,1.0,0.0,0.0,0.0,0.0,0.0,0.0,0.0,0.0,0.0,0.0,1.0,0.0,0.0,1.0,0.0,0.0,1.0,0.0,1.0,0.0,0.0,0.0,0.0,0.0,1.0,0.0,0.0,0.0,0.0,0.0,0.0,0.0,1.0,0.0,0.0,0.0,0.0,0.0,1.0,0.0,0.0
639,PEEK,PE_0065,N#Cc1ccc(C(=O)c2ccc(Oc3ccc(Oc4ccc(C(=O)c5ccccc5)cc4)cc3)c(Br)c2)cc1,522.0691389412342,3.126903368054812,31.244294129488758,0.807494,639,1.0,1.0,1.0,0.0,0.0,1.0,0.0,0.0,0.0,1.0,1.0,0.0,0.0,0.0,1.0,0.0,0.0,1.0,0.0,0.0,0.0,0.0,1.0,0.0,0.0,0.0,0.0,0.0,0.0,0.0,0.0,0.0,0.0,1.0,0.0,0.0,1.0,0.0,0.0,1.0,0.0,1.0,0.0,0.0,0.0,0.0,0.0,1.0,0.0,0.0,0.0,0.0,0.0,0.0,0.0,1.0,0.0,0.0,0.0,0.0,0.0,1.0,0.0,0.0
640,PEEK,PE_0123,Nc1cc(C(=O)c2ccc(Oc3ccc(Oc4ccc(C(=O)c5ccccc5)cc4Cl)cc3)cc2)ccc1F,548.3922553246281,3.9090926439701144,35.13529153807298,0.807488,640,1.0,1.0,1.0,0.0,0.0,1.0,0.0,0.0,0.0,1.0,1.0,0.0,0.0,0.0,1.0,0.0,0.0,1.0,0.0,0.0,0.0,0.0,1.0,0.0,0.0,0.0,0.0,0.0,0.0,0.0,0.0,0.0,0.0,1.0,0.0,0.0,1.0,0.0,0.0,1.0,0.0,1.0,0.0,0.0,0.0,0.0,0.0,1.0,0.0,0.0,0.0,0.0,0.0,0.0,0.0,1.0,0.0,0.0,0.0,0.0,0.0,1.0,0.0,0.0
641,PEEK,PE_0022,CCc1ccc(C(=O)c2ccc(Oc3ccc(Oc4ccc(C(=O)c5ccccc5)c(F)c4F)cc3)cc2)cc1,508.9560529109294,3.508914555670271,33.16640045672447,0.807464,641,1.0,1.0,1.0,0.0,0.0,1.0,0.0,0.0,0.0,1.0,1.0,0.0,0.0,0.0,1.0,0.0,0.0,1.0,0.0,0.0,0.0,0.0,1.0,0.0,0.0,0.0,0.0,0.0,0.0,0.0,0.0,0.0,0.0,1.0,0.0,0.0,1.0,0.0,0.0,1.0,0.0,1.0,0.0,0.0,0.0,0.0,0.0,1.0,0.0,0.0,0.0,0.0,0.0,0.0,0.0,1.0,0.0,0.0,0.0,0.0,0.0,1.0,0.0,0.0
642,PEEK,PE_0107,Cc1ccccc1C(=O)c1cc(C)c(Oc2ccc(Oc3ccc(C(=O)c4ccccc4)cc3)cc2)c(F)c1,540.386995709738,3.46783657303369,32.93019871952388,0.807439,642,1.0,1.0,1.0,0.0,0.0,1.0,0.0,0.0,0.0,1.0,1.0,0.0,0.0,0.0,1.0,0.0,0.0,1.0,0.0,0.0,0.0,0.0,1.0,0.0,0.0,0.0,0.0,0.0,0.0,0.0,0.0,0.0,0.0,1.0,0.0,0.0,1.0,0.0,0.0,1.0,0.0,1.0,0.0,0.0,0.0,0.0,0.0,1.0,0.0,0.0,0.0,0.0,0.0,0.0,0.0,1.0,0.0,0.0,0.0,0.0,0.0,1.0,0.0,0.0
643,PEEK,PE_0186,N#Cc1ccc(C(=O)c2ccc(Oc3ccc(Oc4ccc(C(=O)c5ccccc5)cc4)cc3C#N)cc2)cc1C#N,491.33967616171157,3.161887724597449,31.44952900675794,0.807359,643,1.0,1.0,1.0,0.0,0.0,1.0,0.0,0.0,0.0,1.0,1.0,0.0,0.0,0.0,1.0,0.0,0.0,1.0,0.0,0.0,0.0,0.0,1.0,0.0,0.0,0.0,0.0,0.0,0.0,0.0,0.0,0.0,0.0,1.0,0.0,0.0,1.0,0.0,0.0,1.0,0.0,1.0,0.0,0.0,0.0,0.0,0.0,1.0,0.0,0.0,0.0,0.0,0.0,0.0,0.0,1.0,0.0,0.0,0.0,0.0,0.0,1.0,0.0,0.0
644,PEEK,PE_0024,O=C(c1ccccc1)c1ccc(Oc2ccc(Oc3ccc(C(=O)c4cccc(F)c4)cc3)cc2)cc1,548.490352445188,4.148060325074858,36.29438252361219,0.807012,644,1.0,1.0,1.0,0.0,0.0,1.0,0.0,0.0,0.0,1.0,1.0,0.0,0.0,0.0,1.0,0.0,0.0,1.0,0.0,0.0,0.0,0.0,1.0,0.0,0.0,0.0,0.0,0.0,0.0,0.0,0.0,0.0,0.0,1.0,0.0,0.0,1.0,0.0,0.0,1.0,0.0,1.0,0.0,0.0,0.0,0.0,0.0,1.0,0.0,0.0,0.0,0.0,0.0,0.0,0.0,1.0,0.0,0.0,0.0,0.0,0.0,1.0,0.0,0.0
645,PEEK,PE_0224,Nc1ccc(C(F)(F)F)cc1C(=O)c1ccc(Oc2ccc(Oc3ccc(C(=O)c4ccccc4)cc3)cc2)cc1,556.7306527447749,3.724515169364413,34.1722495696497,0.80701,645,1.0,1.0,1.0,0.0,0.0,1.0,0.0,0.0,0.0,1.0,1.0,0.0,0.0,0.0,1.0,0.0,0.0,1.0,0.0,0.0,0.0,0.0,1.0,0.0,0.0,0.0,0.0,0.0,0.0,0.0,0.0,0.0,0.0,1.0,0.0,0.0,1.0,0.0,0.0,1.0,0.0,1.0,0.0,0.0,0.0,0.0,0.0,1.0,0.0,0.0,0.0,0.0,0.0,0.0,0.0,1.0,0.0,0.0,0.0,0.0,0.0,1.0,0.0,0.0
646,PEEK,PE_0041,O=C(c1ccccc1)c1ccc(Oc2ccc(Oc3ccc(C(=O)c4c(Cl)ccc(F)c4C(F)(F)F)cc3)cc2)cc1,527.5670921287247,3.220020347212372,31.667376918410636,0.806993,646,1.0,1.0,1.0,0.0,0.0,1.0,0.0,0.0,0.0,1.0,1.0,0.0,0.0,0.0,1.0,0.0,0.0,1.0,0.0,0.0,0.0,0.0,1.0,0.0,0.0,0.0,0.0,0.0,0.0,0.0,0.0,0.0,0.0,1.0,0.0,0.0,1.0,0.0,0.0,1.0,0.0,1.0,0.0,0.0,0.0,0.0,0.0,1.0,0.0,0.0,0.0,0.0,0.0,0.0,0.0,1.0,0.0,0.0,0.0,0.0,0.0,1.0,0.0,0.0
647,PEEK,PE_0192,Nc1ccccc1C(=O)c1ccc(Oc2ccc(Oc3ccc(C(=O)c4ccccc4)cc3)cc2)cc1Cl,518.8369437190677,3.5122877007245648,33.13036128476969,0.806907,647,1.0,1.0,1.0,0.0,0.0,1.0,0.0,0.0,0.0,1.0,1.0,0.0,0.0,0.0,1.0,0.0,0.0,1.0,0.0,0.0,0.0,0.0,1.0,0.0,0.0,0.0,0.0,0.0,0.0,0.0,0.0,0.0,0.0,1.0,0.0,0.0,1.0,0.0,0.0,1.0,0.0,1.0,0.0,0.0,0.0,0.0,0.0,1.0,0.0,0.0,0.0,0.0,0.0,0.0,0.0,1.0,0.0,0.0,0.0,0.0,0.0,1.0,0.0,0.0
648,PEEK,PE_0240,N#Cc1cc(Oc2ccc(Oc3ccc(C(=O)c4ccc(Br)cc4)c(C#N)c3)cc2)ccc1C(=O)c1ccccc1,508.0972529034097,3.1287913388770985,31.210446197074692,0.806712,648,1.0,1.0,1.0,0.0,0.0,1.0,0.0,0.0,0.0,1.0,1.0,0.0,0.0,0.0,1.0,0.0,0.0,1.0,0.0,0.0,0.0,0.0,1.0,0.0,0.0,0.0,0.0,0.0,0.0,0.0,0.0,0.0,0.0,1.0,0.0,0.0,1.0,0.0,0.0,1.0,0.0,1.0,0.0,0.0,0.0,0.0,0.0,1.0,0.0,0.0,0.0,0.0,0.0,0.0,0.0,1.0,0.0,0.0,0.0,0.0,0.0,1.0,0.0,0.0
649,PEEK,PE_0195,O=C(c1ccccc1)c1ccc(Oc2ccc(Oc3ccc(C(=O)c4ccc(Br)cc4)cc3F)c(F)c2)cc1,500.7185092772316,3.3024796659471676,32.08673784076652,0.806683,649,1.0,1.0,1.0,0.0,0.0,1.0,0.0,0.0,0.0,1.0,1.0,0.0,0.0,0.0,1.0,0.0,0.0,1.0,0.0,0.0,0.0,0.0,1.0,0.0,0.0,0.0,0.0,0.0,0.0,0.0,0.0,0.0,0.0,1.0,0.0,0.0,1.0,0.0,0.0,1.0,0.0,1.0,0.0,0.0,0.0,0.0,0.0,1.0,0.0,0.0,0.0,0.0,0.0,0.0,0.0,1.0,0.0,0.0,0.0,0.0,0.0,1.0,0.0,0.0
650,PEEK,PE_0158,Cc1ccccc1C(=O)c1ccc(Oc2ccc(Oc3ccc(C(=O)c4ccccc4)cc3)c(N)c2)cc1,523.0227739210185,3.5412468547705878,33.2523810587167,0.806657,650,1.0,1.0,1.0,0.0,0.0,1.0,0.0,0.0,0.0,1.0,1.0,0.0,0.0,0.0,1.0,0.0,0.0,1.0,0.0,0.0,0.0,0.0,1.0,0.0,0.0,0.0,0.0,0.0,0.0,0.0,0.0,0.0,0.0,1.0,0.0,0.0,1.0,0.0,0.0,1.0,0.0,1.0,0.0,0.0,0.0,0.0,0.0,1.0,0.0,0.0,0.0,0.0,0.0,0.0,0.0,1.0,0.0,0.0,0.0,0.0,0.0,1.0,0.0,0.0
651,PEEK,PE_0097,Nc1cc(Cl)ccc1C(=O)c1ccc(Oc2ccc(Oc3ccc(C(=O)c4ccccc4)cc3)cc2)cc1,531.6508216883934,3.1619600028405137,31.304038681150836,0.806064,651,1.0,1.0,1.0,0.0,0.0,1.0,0.0,0.0,0.0,1.0,1.0,0.0,0.0,0.0,1.0,0.0,0.0,1.0,0.0,0.0,0.0,0.0,1.0,0.0,0.0,0.0,0.0,0.0,0.0,0.0,0.0,0.0,0.0,1.0,0.0,0.0,1.0,0.0,0.0,1.0,0.0,1.0,0.0,0.0,0.0,0.0,0.0,1.0,0.0,0.0,0.0,0.0,0.0,0.0,0.0,1.0,0.0,0.0,0.0,0.0,0.0,1.0,0.0,0.0
652,PEEK,PE_0053,CCc1cc(C(=O)c2ccccc2)ccc1Oc1ccc(Oc2ccc(C(=O)c3ccccc3)cc2F)cc1,538.733242533006,3.724233948780279,34.1056919181452,0.806004,652,1.0,1.0,1.0,0.0,0.0,1.0,0.0,0.0,0.0,1.0,1.0,0.0,0.0,0.0,1.0,0.0,0.0,1.0,0.0,0.0,0.0,0.0,1.0,0.0,0.0,0.0,0.0,0.0,0.0,0.0,0.0,0.0,0.0,1.0,0.0,0.0,1.0,0.0,0.0,1.0,0.0,1.0,0.0,0.0,0.0,0.0,0.0,1.0,0.0,0.0,0.0,0.0,0.0,0.0,0.0,1.0,0.0,0.0,0.0,0.0,0.0,1.0,0.0,0.0
653,PEEK,PE_0102,Nc1ccccc1C(=O)c1ccc(Oc2ccc(Oc3ccc(C(=O)c4ccccc4)c(N)c3)cc2)cc1,513.1507167551264,3.557984302960828,33.291406009999136,0.805926,653,1.0,1.0,1.0,0.0,0.0,1.0,0.0,0.0,0.0,1.0,1.0,0.0,0.0,0.0,1.0,0.0,0.0,1.0,0.0,0.0,0.0,0.0,1.0,0.0,0.0,0.0,0.0,0.0,0.0,0.0,0.0,0.0,0.0,1.0,0.0,0.0,1.0,0.0,0.0,1.0,0.0,1.0,0.0,0.0,0.0,0.0,0.0,1.0,0.0,0.0,0.0,0.0,0.0,0.0,0.0,1.0,0.0,0.0,0.0,0.0,0.0,1.0,0.0,0.0
654,PEEK,PE_0153,Nc1cc(Oc2ccc(Oc3ccc(C(=O)c4ccccc4)cc3)cc2)ccc1C(=O)c1ccccc1Br,562.8690490001544,3.712437543776814,34.01423003522634,0.805745,654,1.0,1.0,1.0,0.0,0.0,1.0,0.0,0.0,0.0,1.0,1.0,0.0,0.0,0.0,1.0,0.0,0.0,1.0,0.0,0.0,0.0,0.0,1.0,0.0,0.0,0.0,0.0,0.0,0.0,0.0,0.0,0.0,0.0,1.0,0.0,0.0,1.0,0.0,0.0,1.0,0.0,1.0,0.0,0.0,0.0,0.0,0.0,1.0,0.0,0.0,0.0,0.0,0.0,0.0,0.0,1.0,0.0,0.0,0.0,0.0,0.0,1.0,0.0,0.0
655,PEEK,PE_0164,Nc1c(C(=O)c2ccccc2)ccc(Oc2ccc(Oc3ccc(C(=O)c4ccccc4)cc3)cc2)c1Br,516.9028763412929,3.5837263516933864,33.40226298840122,0.805743,655,1.0,1.0,1.0,0.0,0.0,1.0,0.0,0.0,0.0,1.0,1.0,0.0,0.0,0.0,1.0,0.0,0.0,1.0,0.0,0.0,0.0,0.0,1.0,0.0,0.0,0.0,0.0,0.0,0.0,0.0,0.0,0.0,0.0,1.0,0.0,0.0,1.0,0.0,0.0,1.0,0.0,1.0,0.0,0.0,0.0,0.0,0.0,1.0,0.0,0.0,0.0,0.0,0.0,0.0,0.0,1.0,0.0,0.0,0.0,0.0,0.0,1.0,0.0,0.0
656,PEEK,PE_0016,N#Cc1ccc(C(=O)c2ccc(Oc3ccc(Oc4ccc(C(=O)c5ccccc5)c(F)c4)cc3)cc2)cc1,568.2884751243636,3.5595589897062587,33.228595221953185,0.805491,656,1.0,1.0,1.0,0.0,0.0,1.0,0.0,0.0,0.0,1.0,1.0,0.0,0.0,0.0,1.0,0.0,0.0,1.0,0.0,0.0,0.0,0.0,1.0,0.0,0.0,0.0,0.0,0.0,0.0,0.0,0.0,0.0,0.0,1.0,0.0,0.0,1.0,0.0,0.0,1.0,0.0,1.0,0.0,0.0,0.0,0.0,0.0,1.0,0.0,0.0,0.0,0.0,0.0,0.0,0.0,1.0,0.0,0.0,0.0,0.0,0.0,1.0,0.0,0.0
657,PEEK,PE_0025,O=C(c1ccccc1)c1ccc(Oc2ccc(Oc3ccc(C(=O)c4cccc(F)c4)c(F)c3)cc2)cc1,521.5601139255317,3.2548672281629196,31.713352449684994,0.80521,657,1.0,1.0,1.0,0.0,0.0,1.0,0.0,0.0,0.0,1.0,1.0,0.0,0.0,0.0,1.0,0.0,0.0,1.0,0.0,0.0,0.0,0.0,1.0,0.0,0.0,0.0,0.0,0.0,0.0,0.0,0.0,0.0,0.0,1.0,0.0,0.0,1.0,0.0,0.0,1.0,0.0,1.0,0.0,0.0,0.0,0.0,0.0,1.0,0.0,0.0,0.0,0.0,0.0,0.0,0.0,1.0,0.0,0.0,0.0,0.0,0.0,1.0,0.0,0.0
658,PEEK,PE_0070,O=C(c1ccccc1)c1ccc(Oc2ccc(Oc3ccc(C(=O)c4ccccc4)c(Br)c3)cc2)c(F)c1,545.2511318752206,3.615935202268183,33.48762267895653,0.805039,658,1.0,1.0,1.0,0.0,0.0,1.0,0.0,0.0,0.0,1.0,1.0,0.0,0.0,0.0,1.0,0.0,0.0,1.0,0.0,0.0,0.0,0.0,1.0,0.0,0.0,0.0,0.0,0.0,0.0,0.0,0.0,0.0,0.0,1.0,0.0,0.0,1.0,0.0,0.0,1.0,0.0,1.0,0.0,0.0,0.0,0.0,0.0,1.0,0.0,0.0,0.0,0.0,0.0,0.0,0.0,1.0,0.0,0.0,0.0,0.0,0.0,1.0,0.0,0.0
659,PEEK,PE_0114,Nc1cccc(C(=O)c2ccc(Oc3ccc(Oc4ccc(C(=O)c5ccccc5)cc4)cc3)c(Cl)c2)c1,508.7900705731542,3.6046751230570564,33.38252134124369,0.803959,659,1.0,1.0,1.0,0.0,0.0,1.0,0.0,0.0,0.0,1.0,1.0,0.0,0.0,0.0,1.0,0.0,0.0,1.0,0.0,0.0,0.0,0.0,1.0,0.0,0.0,0.0,0.0,0.0,0.0,0.0,0.0,0.0,0.0,1.0,0.0,0.0,1.0,0.0,0.0,1.0,0.0,1.0,0.0,0.0,0.0,0.0,0.0,1.0,0.0,0.0,0.0,0.0,0.0,0.0,0.0,1.0,0.0,0.0,0.0,0.0,0.0,1.0,0.0,0.0
660,PEEK,PE_0213,Nc1c(C(=O)c2ccccc2)ccc(Oc2ccc(Oc3ccc(C(=O)c4ccccc4)cc3)cc2)c1C(F)(F)F,512.6127449303408,3.4400275456337392,32.54356707842022,0.80381,660,1.0,1.0,1.0,0.0,0.0,1.0,0.0,0.0,0.0,1.0,1.0,0.0,0.0,0.0,1.0,0.0,0.0,1.0,0.0,0.0,0.0,0.0,1.0,0.0,0.0,0.0,0.0,0.0,0.0,0.0,0.0,0.0,0.0,1.0,0.0,0.0,1.0,0.0,0.0,1.0,0.0,1.0,0.0,0.0,0.0,0.0,0.0,1.0,0.0,0.0,0.0,0.0,0.0,0.0,0.0,1.0,0.0,0.0,0.0,0.0,0.0,1.0,0.0,0.0
661,PEEK,PE_0045,O=C(c1ccc(Oc2ccc(Oc3ccc(C(=O)c4ccccc4)c(F)c3F)cc2)cc1)c1cccc(F)c1,485.4091374221022,3.4414517946735472,32.56848204255264,0.803493,661,1.0,1.0,1.0,0.0,0.0,1.0,0.0,0.0,0.0,1.0,1.0,0.0,0.0,0.0,1.0,0.0,0.0,1.0,0.0,0.0,0.0,0.0,1.0,0.0,0.0,0.0,0.0,0.0,0.0,0.0,0.0,0.0,0.0,1.0,0.0,0.0,1.0,0.0,0.0,1.0,0.0,1.0,0.0,0.0,0.0,0.0,0.0,1.0,0.0,0.0,0.0,0.0,0.0,0.0,0.0,1.0,0.0,0.0,0.0,0.0,0.0,1.0,0.0,0.0
662,PEEK,PE_0181,Nc1cc(Oc2ccc(C(=O)c3ccccc3)cc2)ccc1Oc1ccc(C(=O)c2ccccc2)cc1N,510.8819165404844,3.5045959881105984,32.833980183528325,0.803351,662,1.0,1.0,1.0,0.0,0.0,1.0,0.0,0.0,0.0,1.0,1.0,0.0,0.0,0.0,1.0,0.0,0.0,1.0,0.0,0.0,0.0,0.0,1.0,0.0,0.0,0.0,0.0,0.0,0.0,0.0,0.0,0.0,0.0,1.0,0.0,0.0,1.0,0.0,0.0,1.0,0.0,1.0,0.0,0.0,0.0,0.0,0.0,1.0,0.0,0.0,0.0,0.0,0.0,0.0,0.0,1.0,0.0,0.0,0.0,0.0,0.0,1.0,0.0,0.0
663,PEEK,PE_0116,N#Cc1ccc(C(=O)c2ccc(Oc3ccc(Oc4ccc(C(=O)c5ccccc5)cc4)cc3)cc2C#N)cc1,525.9896215949191,3.550877343885388,33.04538666732011,0.803291,663,1.0,1.0,1.0,0.0,0.0,1.0,0.0,0.0,0.0,1.0,1.0,0.0,0.0,0.0,1.0,0.0,0.0,1.0,0.0,0.0,0.0,0.0,1.0,0.0,0.0,0.0,0.0,0.0,0.0,0.0,0.0,0.0,0.0,1.0,0.0,0.0,1.0,0.0,0.0,1.0,0.0,1.0,0.0,0.0,0.0,0.0,0.0,1.0,0.0,0.0,0.0,0.0,0.0,0.0,0.0,1.0,0.0,0.0,0.0,0.0,0.0,1.0,0.0,0.0
664,PEEK,PE_0157,Nc1cc(Oc2ccc(C(=O)c3ccccc3)cc2)ccc1Oc1ccc(C(=O)c2c(N)cc(Cl)cc2N)cc1,519.1326609191576,3.6930672412859336,33.744084720549026,0.803042,664,1.0,1.0,1.0,0.0,0.0,1.0,0.0,0.0,0.0,1.0,1.0,0.0,0.0,0.0,1.0,0.0,0.0,1.0,0.0,0.0,0.0,0.0,1.0,0.0,0.0,0.0,0.0,0.0,0.0,0.0,0.0,0.0,0.0,1.0,0.0,0.0,1.0,0.0,0.0,1.0,0.0,1.0,0.0,0.0,0.0,0.0,0.0,1.0,0.0,0.0,0.0,0.0,0.0,0.0,0.0,1.0,0.0,0.0,0.0,0.0,0.0,1.0,0.0,0.0
665,PEEK,PE_0046,Nc1cc(C(=O)c2ccc(Oc3ccc(Oc4ccc(C(=O)c5ccccc5)cc4)cc3)cc2)ccc1F,519.2334777883821,3.5474087927110904,33.00758770374929,0.802933,665,1.0,1.0,1.0,0.0,0.0,1.0,0.0,0.0,0.0,1.0,1.0,0.0,0.0,0.0,1.0,0.0,0.0,1.0,0.0,0.0,0.0,0.0,1.0,0.0,0.0,0.0,0.0,0.0,0.0,0.0,0.0,0.0,0.0,1.0,0.0,0.0,1.0,0.0,0.0,1.0,0.0,1.0,0.0,0.0,0.0,0.0,0.0,1.0,0.0,0.0,0.0,0.0,0.0,0.0,0.0,1.0,0.0,0.0,0.0,0.0,0.0,1.0,0.0,0.0
666,PEEK,PE_0209,N#Cc1cc(C(=O)c2ccccc2)ccc1Oc1ccc(Oc2ccc(C(=O)c3ccccc3)cc2)cc1,521.267741277277,3.265970164152198,31.58646396521955,0.802775,666,1.0,1.0,1.0,0.0,0.0,1.0,0.0,0.0,0.0,1.0,1.0,0.0,0.0,0.0,1.0,0.0,0.0,1.0,0.0,0.0,0.0,0.0,1.0,0.0,0.0,0.0,0.0,0.0,0.0,0.0,0.0,0.0,0.0,1.0,0.0,0.0,1.0,0.0,0.0,1.0,0.0,1.0,0.0,0.0,0.0,0.0,0.0,1.0,0.0,0.0,0.0,0.0,0.0,0.0,0.0,1.0,0.0,0.0,0.0,0.0,0.0,1.0,0.0,0.0
667,PEEK,PE_0147,Cc1cc(Br)ccc1C(=O)c1ccc(Oc2ccc(Oc3ccc(C(=O)c4ccccc4)cc3)cc2)cc1,537.3539262773672,3.2431047903651944,31.45713994020712,0.802752,667,1.0,1.0,1.0,0.0,0.0,1.0,0.0,0.0,0.0,1.0,1.0,0.0,0.0,0.0,1.0,0.0,0.0,1.0,0.0,0.0,0.0,0.0,1.0,0.0,0.0,0.0,0.0,0.0,0.0,0.0,0.0,0.0,0.0,1.0,0.0,0.0,1.0,0.0,0.0,1.0,0.0,1.0,0.0,0.0,0.0,0.0,0.0,1.0,0.0,0.0,0.0,0.0,0.0,0.0,0.0,1.0,0.0,0.0,0.0,0.0,0.0,1.0,0.0,0.0
668,PEEK,PE_0013,Nc1ccccc1C(=O)c1ccc(Oc2ccc(Oc3ccc(C(=O)c4ccccc4)cc3)cc2)cc1,545.6774889493201,3.7143700668036987,33.80311106505035,0.802686,668,1.0,1.0,1.0,0.0,0.0,1.0,0.0,0.0,0.0,1.0,1.0,0.0,0.0,0.0,1.0,0.0,0.0,1.0,0.0,0.0,0.0,0.0,1.0,0.0,0.0,0.0,0.0,0.0,0.0,0.0,0.0,0.0,0.0,1.0,0.0,0.0,1.0,0.0,0.0,1.0,0.0,1.0,0.0,0.0,0.0,0.0,0.0,1.0,0.0,0.0,0.0,0.0,0.0,0.0,0.0,1.0,0.0,0.0,0.0,0.0,0.0,1.0,0.0,0.0
669,PEEK,PE_0125,O=C(c1ccccc1)c1ccc(Oc2cc(Cl)c(Oc3ccc(C(=O)c4ccccc4)cc3)c(Cl)c2Br)cc1,530.6224486746038,3.4780706102007115,32.623199964216845,0.802568,669,1.0,1.0,1.0,0.0,0.0,1.0,0.0,0.0,0.0,1.0,1.0,0.0,0.0,0.0,1.0,0.0,0.0,1.0,0.0,0.0,0.0,0.0,1.0,0.0,0.0,0.0,0.0,0.0,0.0,0.0,0.0,0.0,0.0,1.0,0.0,0.0,1.0,0.0,0.0,1.0,0.0,1.0,0.0,0.0,0.0,0.0,0.0,1.0,0.0,0.0,0.0,0.0,0.0,0.0,0.0,1.0,0.0,0.0,0.0,0.0,0.0,1.0,0.0,0.0
670,PEEK,PE_0109,COc1cc(N)cc(C(=O)c2ccc(Oc3ccc(Oc4ccc(C(=O)c5ccccc5)cc4)cc3)cc2)c1,488.54409170786954,3.0042725005170126,30.279549891583965,0.8022,670,1.0,1.0,1.0,0.0,0.0,1.0,0.0,0.0,0.0,1.0,1.0,0.0,0.0,0.0,1.0,0.0,0.0,1.0,0.0,0.0,0.0,0.0,1.0,0.0,0.0,0.0,0.0,0.0,0.0,0.0,0.0,0.0,0.0,1.0,0.0,0.0,1.0,0.0,0.0,1.0,0.0,1.0,0.0,0.0,0.0,0.0,0.0,1.0,0.0,0.0,0.0,0.0,0.0,0.0,0.0,1.0,0.0,0.0,0.0,0.0,0.0,1.0,0.0,0.0
671,PEEK,PE_0166,O=C(c1ccccc1)c1ccc(Oc2ccc(Oc3ccc(C(=O)c4ccc(Br)cc4)cc3Cl)c(Br)c2)cc1,501.18790167081556,3.5269531626386263,32.830907762971464,0.801649,671,1.0,1.0,1.0,0.0,0.0,1.0,0.0,0.0,0.0,1.0,1.0,0.0,0.0,0.0,1.0,0.0,0.0,1.0,0.0,0.0,0.0,0.0,1.0,0.0,0.0,0.0,0.0,0.0,0.0,0.0,0.0,0.0,0.0,1.0,0.0,0.0,1.0,0.0,0.0,1.0,0.0,1.0,0.0,0.0,0.0,0.0,0.0,1.0,0.0,0.0,0.0,0.0,0.0,0.0,0.0,1.0,0.0,0.0,0.0,0.0,0.0,1.0,0.0,0.0
672,PEEK,PE_0075,O=C(c1ccccc1)c1ccc(Oc2ccc(Oc3ccc(C(=O)c4ccc(C(F)(F)F)c(F)c4)cc3)cc2)cc1,536.6612686504238,3.5543603903065004,32.92297485539312,0.80154,672,1.0,1.0,1.0,0.0,0.0,1.0,0.0,0.0,0.0,1.0,1.0,0.0,0.0,0.0,1.0,0.0,0.0,1.0,0.0,0.0,0.0,0.0,1.0,0.0,0.0,0.0,0.0,0.0,0.0,0.0,0.0,0.0,0.0,1.0,0.0,0.0,1.0,0.0,0.0,1.0,0.0,1.0,0.0,0.0,0.0,0.0,0.0,1.0,0.0,0.0,0.0,0.0,0.0,0.0,0.0,1.0,0.0,0.0,0.0,0.0,0.0,1.0,0.0,0.0
673,PEEK,PE_0027,O=C(c1ccccc1)c1ccc(Oc2ccc(Oc3ccc(C(=O)c4ccccc4)cc3F)cc2Cl)cc1,510.21310842575815,3.2718675261481978,31.52124559031572,0.801352,673,1.0,1.0,1.0,0.0,0.0,1.0,0.0,0.0,0.0,1.0,1.0,0.0,0.0,0.0,1.0,0.0,0.0,1.0,0.0,0.0,0.0,0.0,1.0,0.0,0.0,0.0,0.0,0.0,0.0,0.0,0.0,0.0,0.0,1.0,0.0,0.0,1.0,0.0,0.0,1.0,0.0,1.0,0.0,0.0,0.0,0.0,0.0,1.0,0.0,0.0,0.0,0.0,0.0,0.0,0.0,1.0,0.0,0.0,0.0,0.0,0.0,1.0,0.0,0.0
674,PEEK,PE_0187,Nc1cccc(C(=O)c2ccc(Oc3ccc(Oc4ccc(C(=O)c5ccccc5)cc4Cl)cc3)cc2)c1,511.8634915063034,3.386118569423734,32.078450552481804,0.801191,674,1.0,1.0,1.0,0.0,0.0,1.0,0.0,0.0,0.0,1.0,1.0,0.0,0.0,0.0,1.0,0.0,0.0,1.0,0.0,0.0,0.0,0.0,1.0,0.0,0.0,0.0,0.0,0.0,0.0,0.0,0.0,0.0,0.0,1.0,0.0,0.0,1.0,0.0,0.0,1.0,0.0,1.0,0.0,0.0,0.0,0.0,0.0,1.0,0.0,0.0,0.0,0.0,0.0,0.0,0.0,1.0,0.0,0.0,0.0,0.0,0.0,1.0,0.0,0.0
675,PEEK,PE_0134,O=C(c1ccccc1)c1ccc(Oc2ccc(Oc3ccc(C(=O)c4ccc(C(F)(F)F)cc4)cc3Br)c(Br)c2)cc1,564.8839308077258,3.9615175885503446,34.90769316031782,0.801064,675,1.0,1.0,1.0,0.0,0.0,1.0,0.0,0.0,0.0,1.0,1.0,0.0,0.0,0.0,1.0,0.0,0.0,1.0,0.0,0.0,0.0,0.0,1.0,0.0,0.0,0.0,0.0,0.0,0.0,0.0,0.0,0.0,0.0,1.0,0.0,0.0,1.0,0.0,0.0,1.0,0.0,1.0,0.0,0.0,0.0,0.0,0.0,1.0,0.0,0.0,0.0,0.0,0.0,0.0,0.0,1.0,0.0,0.0,0.0,0.0,0.0,1.0,0.0,0.0
676,PEEK,PE_0221,O=C(c1ccccc1)c1ccc(Oc2ccc(Oc3ccc(C(=O)c4ccccc4)cc3)c(C(F)(F)F)c2Br)cc1,522.1887968363696,3.3033483419894067,31.605345914784827,0.800546,676,1.0,1.0,1.0,0.0,0.0,1.0,0.0,0.0,0.0,1.0,1.0,0.0,0.0,0.0,1.0,0.0,0.0,1.0,0.0,0.0,0.0,0.0,1.0,0.0,0.0,0.0,0.0,0.0,0.0,0.0,0.0,0.0,0.0,1.0,0.0,0.0,1.0,0.0,0.0,1.0,0.0,1.0,0.0,0.0,0.0,0.0,0.0,1.0,0.0,0.0,0.0,0.0,0.0,0.0,0.0,1.0,0.0,0.0,0.0,0.0,0.0,1.0,0.0,0.0
677,PEEK,PE_0201,Cc1cc(Oc2ccc(Oc3ccc(C(=O)c4ccccc4)cc3)cc2)c(F)c(C(F)(F)F)c1C(=O)c1ccccc1,531.3973230028105,3.4631057516377304,32.33358547866746,0.799712,677,1.0,1.0,1.0,0.0,0.0,1.0,0.0,0.0,0.0,1.0,1.0,0.0,0.0,0.0,1.0,0.0,0.0,1.0,0.0,0.0,0.0,0.0,1.0,0.0,0.0,0.0,0.0,0.0,0.0,0.0,0.0,0.0,0.0,1.0,0.0,0.0,1.0,0.0,0.0,1.0,0.0,1.0,0.0,0.0,0.0,0.0,0.0,1.0,0.0,0.0,0.0,0.0,0.0,0.0,0.0,1.0,0.0,0.0,0.0,0.0,0.0,1.0,0.0,0.0
678,PEEK,PE_0121,O=C(c1ccccc1)c1ccc(Oc2ccc(Oc3ccc(C(=O)c4ccc(C(F)(F)F)c(F)c4)cc3F)cc2)c(F)c1,554.6703655402284,3.5484743351260652,32.6610418496332,0.798584,678,1.0,1.0,1.0,0.0,0.0,1.0,0.0,0.0,0.0,1.0,1.0,0.0,0.0,0.0,1.0,0.0,0.0,1.0,0.0,0.0,0.0,0.0,1.0,0.0,0.0,0.0,0.0,0.0,0.0,0.0,0.0,0.0,0.0,1.0,0.0,0.0,1.0,0.0,0.0,1.0,0.0,1.0,0.0,0.0,0.0,0.0,0.0,1.0,0.0,0.0,0.0,0.0,0.0,0.0,0.0,1.0,0.0,0.0,0.0,0.0,0.0,1.0,0.0,0.0
679,PEEK,PE_0093,Nc1cccc(C(=O)c2ccc(Oc3ccc(Oc4ccc(C(=O)c5ccccc5)cc4)cc3)cc2Cl)c1,536.2499043309999,3.3699148430237176,31.777201432631824,0.798555,679,1.0,1.0,1.0,0.0,0.0,1.0,0.0,0.0,0.0,1.0,1.0,0.0,0.0,0.0,1.0,0.0,0.0,1.0,0.0,0.0,0.0,0.0,1.0,0.0,0.0,0.0,0.0,0.0,0.0,0.0,0.0,0.0,0.0,1.0,0.0,0.0,1.0,0.0,0.0,1.0,0.0,1.0,0.0,0.0,0.0,0.0,0.0,1.0,0.0,0.0,0.0,0.0,0.0,0.0,0.0,1.0,0.0,0.0,0.0,0.0,0.0,1.0,0.0,0.0
680,PEEK,PE_0054,Nc1ccccc1C(=O)c1ccc(Oc2ccc(Oc3ccc(C(=O)c4cccc(Cl)c4)cc3)cc2)cc1,471.5314801589993,3.2070269213792217,31.05653859909331,0.798541,680,1.0,1.0,1.0,0.0,0.0,1.0,0.0,0.0,0.0,1.0,1.0,0.0,0.0,0.0,1.0,0.0,0.0,1.0,0.0,0.0,0.0,0.0,1.0,0.0,0.0,0.0,0.0,0.0,0.0,0.0,0.0,0.0,0.0,1.0,0.0,0.0,1.0,0.0,0.0,1.0,0.0,1.0,0.0,0.0,0.0,0.0,0.0,1.0,0.0,0.0,0.0,0.0,0.0,0.0,0.0,1.0,0.0,0.0,0.0,0.0,0.0,1.0,0.0,0.0
681,PEEK,PE_0210,Nc1cc(F)c(C(=O)c2ccc(Oc3ccc(Oc4ccc(C(=O)c5ccccc5)cc4)cc3)cc2)c(N)c1F,502.8853821224665,3.235857926987215,31.133959211820653,0.798462,681,1.0,1.0,1.0,0.0,0.0,1.0,0.0,0.0,0.0,1.0,1.0,0.0,0.0,0.0,1.0,0.0,0.0,1.0,0.0,0.0,0.0,0.0,1.0,0.0,0.0,0.0,0.0,0.0,0.0,0.0,0.0,0.0,0.0,1.0,0.0,0.0,1.0,0.0,0.0,1.0,0.0,1.0,0.0,0.0,0.0,0.0,0.0,1.0,0.0,0.0,0.0,0.0,0.0,0.0,0.0,1.0,0.0,0.0,0.0,0.0,0.0,1.0,0.0,0.0
682,PEEK,PE_0185,Nc1cc(Oc2ccc(Oc3ccc(C(=O)c4ccccc4)cc3)cc2F)c(F)cc1C(=O)c1ccccc1,528.9304430574723,3.5645781169498125,32.734888273236365,0.798271,682,1.0,1.0,1.0,0.0,0.0,1.0,0.0,0.0,0.0,1.0,1.0,0.0,0.0,0.0,1.0,0.0,0.0,1.0,0.0,0.0,0.0,0.0,1.0,0.0,0.0,0.0,0.0,0.0,0.0,0.0,0.0,0.0,0.0,1.0,0.0,0.0,1.0,0.0,0.0,1.0,0.0,1.0,0.0,0.0,0.0,0.0,0.0,1.0,0.0,0.0,0.0,0.0,0.0,0.0,0.0,1.0,0.0,0.0,0.0,0.0,0.0,1.0,0.0,0.0
683,PEEK,PE_0035,O=C(c1ccc(Oc2ccc(Oc3ccc(C(=O)c4ccccc4)cc3F)cc2)cc1)c1cccc(F)c1,511.70621062513374,3.5430646376153514,32.641612500732215,0.798234,683,1.0,1.0,1.0,0.0,0.0,1.0,0.0,0.0,0.0,1.0,1.0,0.0,0.0,0.0,1.0,0.0,0.0,1.0,0.0,0.0,0.0,0.0,1.0,0.0,0.0,0.0,0.0,0.0,0.0,0.0,0.0,0.0,0.0,1.0,0.0,0.0,1.0,0.0,0.0,1.0,0.0,1.0,0.0,0.0,0.0,0.0,0.0,1.0,0.0,0.0,0.0,0.0,0.0,0.0,0.0,1.0,0.0,0.0,0.0,0.0,0.0,1.0,0.0,0.0
684,PEEK,PE_0126,NS(=O)(=O)c1ccc(Cl)c(C(=O)c2ccc(Oc3ccc(Oc4ccc(C(=O)c5ccccc5)cc4)cc3)cc2)c1,492.1992258239641,3.2045205489880875,30.97010826228627,0.798145,684,1.0,1.0,1.0,0.0,0.0,1.0,0.0,0.0,0.0,1.0,1.0,0.0,0.0,0.0,1.0,0.0,0.0,1.0,0.0,0.0,0.0,0.0,1.0,0.0,0.0,0.0,0.0,0.0,0.0,0.0,0.0,0.0,0.0,1.0,0.0,0.0,1.0,0.0,0.0,1.0,0.0,1.0,0.0,0.0,0.0,0.0,0.0,1.0,0.0,0.0,0.0,0.0,0.0,0.0,0.0,1.0,0.0,0.0,0.0,0.0,0.0,1.0,0.0,0.0
685,PEEK,PE_0006,Nc1cccc(C(=O)c2ccc(Oc3ccc(Oc4ccc(C(=O)c5ccc(C(F)(F)F)cc5)cc4)cc3)cc2)c1,558.9450671830238,3.9433663757857422,34.59126813299331,0.798021,685,1.0,1.0,1.0,0.0,0.0,1.0,0.0,0.0,0.0,1.0,1.0,0.0,0.0,0.0,1.0,0.0,0.0,1.0,0.0,0.0,0.0,0.0,1.0,0.0,0.0,0.0,0.0,0.0,0.0,0.0,0.0,0.0,0.0,1.0,0.0,0.0,1.0,0.0,0.0,1.0,0.0,1.0,0.0,0.0,0.0,0.0,0.0,1.0,0.0,0.0,0.0,0.0,0.0,0.0,0.0,1.0,0.0,0.0,0.0,0.0,0.0,1.0,0.0,0.0
686,PEEK,PE_0067,Cc1c(N)ccc(C(=O)c2ccc(Oc3ccc(Oc4ccc(C(=O)c5ccccc5)cc4)cc3)cc2N)c1N,547.9959236194604,3.8144165692342695,33.90496302569608,0.797392,686,1.0,1.0,1.0,0.0,0.0,1.0,0.0,0.0,0.0,1.0,1.0,0.0,0.0,0.0,1.0,0.0,0.0,1.0,0.0,0.0,0.0,0.0,1.0,0.0,0.0,0.0,0.0,0.0,0.0,0.0,0.0,0.0,0.0,1.0,0.0,0.0,1.0,0.0,0.0,1.0,0.0,1.0,0.0,0.0,0.0,0.0,0.0,1.0,0.0,0.0,0.0,0.0,0.0,0.0,0.0,1.0,0.0,0.0,0.0,0.0,0.0,1.0,0.0,0.0
687,PEEK,PE_0176,Nc1c(Cl)c(C(=O)c2ccccc2)c(N)c(Br)c1Oc1ccc(Oc2ccc(C(=O)c3ccccc3)cc2)cc1,535.0902443879665,3.975335973715172,34.713907555440656,0.797339,687,1.0,1.0,1.0,0.0,0.0,1.0,0.0,0.0,0.0,1.0,1.0,0.0,0.0,0.0,1.0,0.0,0.0,1.0,0.0,0.0,0.0,0.0,1.0,0.0,0.0,0.0,0.0,0.0,0.0,0.0,0.0,0.0,0.0,1.0,0.0,0.0,1.0,0.0,0.0,1.0,0.0,1.0,0.0,0.0,0.0,0.0,0.0,1.0,0.0,0.0,0.0,0.0,0.0,0.0,0.0,1.0,0.0,0.0,0.0,0.0,0.0,1.0,0.0,0.0
688,PEEK,PE_0009,Cc1cc(Oc2ccc(Oc3ccc(C(=O)c4ccccc4)cc3)cc2)c(F)cc1C(=O)c1ccccc1,544.5437412988297,3.7534012388169167,33.58946308666613,0.797226,688,1.0,1.0,1.0,0.0,0.0,1.0,0.0,0.0,0.0,1.0,1.0,0.0,0.0,0.0,1.0,0.0,0.0,1.0,0.0,0.0,0.0,0.0,1.0,0.0,0.0,0.0,0.0,0.0,0.0,0.0,0.0,0.0,0.0,1.0,0.0,0.0,1.0,0.0,0.0,1.0,0.0,1.0,0.0,0.0,0.0,0.0,0.0,1.0,0.0,0.0,0.0,0.0,0.0,0.0,0.0,1.0,0.0,0.0,0.0,0.0,0.0,1.0,0.0,0.0
689,PEEK,PE_0179,COc1ccc(C(=O)c2ccc(Oc3ccc(Oc4ccc(C(=O)c5ccccc5)cc4)cc3)c(N)c2)cc1,541.6581564145428,3.344971010744694,31.54605896146667,0.797186,689,1.0,1.0,1.0,0.0,0.0,1.0,0.0,0.0,0.0,1.0,1.0,0.0,0.0,0.0,1.0,0.0,0.0,1.0,0.0,0.0,0.0,0.0,1.0,0.0,0.0,0.0,0.0,0.0,0.0,0.0,0.0,0.0,0.0,1.0,0.0,0.0,1.0,0.0,0.0,1.0,0.0,1.0,0.0,0.0,0.0,0.0,0.0,1.0,0.0,0.0,0.0,0.0,0.0,0.0,0.0,1.0,0.0,0.0,0.0,0.0,0.0,1.0,0.0,0.0
690,PEEK,PE_0136,COc1cc(Oc2ccc(C(=O)c3ccccc3)cc2)ccc1Oc1ccc(C(=O)c2ccccc2Cl)cc1,501.99543802563187,3.3954881578799956,31.81607604913153,0.796898,690,1.0,1.0,1.0,0.0,0.0,1.0,0.0,0.0,0.0,1.0,1.0,0.0,0.0,0.0,1.0,0.0,0.0,1.0,0.0,0.0,0.0,0.0,1.0,0.0,0.0,0.0,0.0,0.0,0.0,0.0,0.0,0.0,0.0,1.0,0.0,0.0,1.0,0.0,0.0,1.0,0.0,1.0,0.0,0.0,0.0,0.0,0.0,1.0,0.0,0.0,0.0,0.0,0.0,0.0,0.0,1.0,0.0,0.0,0.0,0.0,0.0,1.0,0.0,0.0
691,PEEK,PE_0120,O=C(c1ccccc1)c1ccc(Oc2ccc(Oc3ccc(C(=O)c4ccc(C(F)(F)F)c(F)c4)cc3F)cc2)cc1,509.15528983994926,3.3840616426073167,31.720219787714335,0.796508,691,1.0,1.0,1.0,0.0,0.0,1.0,0.0,0.0,0.0,1.0,1.0,0.0,0.0,0.0,1.0,0.0,0.0,1.0,0.0,0.0,0.0,0.0,1.0,0.0,0.0,0.0,0.0,0.0,0.0,0.0,0.0,0.0,0.0,1.0,0.0,0.0,1.0,0.0,0.0,1.0,0.0,1.0,0.0,0.0,0.0,0.0,0.0,1.0,0.0,0.0,0.0,0.0,0.0,0.0,0.0,1.0,0.0,0.0,0.0,0.0,0.0,1.0,0.0,0.0
692,PEEK,PE_0140,COc1ccccc1C(=O)c1ccc(Oc2ccc(Oc3ccc(C(=O)c4ccccc4)cc3)cc2Br)cc1,537.4140219705565,3.6988017779431654,33.2525030354339,0.796311,692,1.0,1.0,1.0,0.0,0.0,1.0,0.0,0.0,0.0,1.0,1.0,0.0,0.0,0.0,1.0,0.0,0.0,1.0,0.0,0.0,0.0,0.0,1.0,0.0,0.0,0.0,0.0,0.0,0.0,0.0,0.0,0.0,0.0,1.0,0.0,0.0,1.0,0.0,0.0,1.0,0.0,1.0,0.0,0.0,0.0,0.0,0.0,1.0,0.0,0.0,0.0,0.0,0.0,0.0,0.0,1.0,0.0,0.0,0.0,0.0,0.0,1.0,0.0,0.0
693,PEEK,PE_0226,N#Cc1cc(C(=O)c2ccccc2)ccc1Oc1ccc(Oc2ccc(C(=O)c3ccccc3)cc2)cc1Br,523.4246407446009,3.287684932132646,31.188750896837245,0.796051,693,1.0,1.0,1.0,0.0,0.0,1.0,0.0,0.0,0.0,1.0,1.0,0.0,0.0,0.0,1.0,0.0,0.0,1.0,0.0,0.0,0.0,0.0,1.0,0.0,0.0,0.0,0.0,0.0,0.0,0.0,0.0,0.0,0.0,1.0,0.0,0.0,1.0,0.0,0.0,1.0,0.0,1.0,0.0,0.0,0.0,0.0,0.0,1.0,0.0,0.0,0.0,0.0,0.0,0.0,0.0,1.0,0.0,0.0,0.0,0.0,0.0,1.0,0.0,0.0
694,PEEK,PE_0137,Nc1cc(Oc2ccc(Oc3ccc(C(=O)c4ccccc4)cc3)cc2)ccc1C(=O)c1ccccc1F,517.3582873152965,3.4393717703786373,31.931048351422202,0.795756,694,1.0,1.0,1.0,0.0,0.0,1.0,0.0,0.0,0.0,1.0,1.0,0.0,0.0,0.0,1.0,0.0,0.0,1.0,0.0,0.0,0.0,0.0,1.0,0.0,0.0,0.0,0.0,0.0,0.0,0.0,0.0,0.0,0.0,1.0,0.0,0.0,1.0,0.0,0.0,1.0,0.0,1.0,0.0,0.0,0.0,0.0,0.0,1.0,0.0,0.0,0.0,0.0,0.0,0.0,0.0,1.0,0.0,0.0,0.0,0.0,0.0,1.0,0.0,0.0
695,PEEK,PE_0031,Cc1c(C(=O)c2ccccc2)cc(F)c(Oc2ccc(Oc3ccc(C(=O)c4ccccc4)cc3)cc2)c1C,522.3248053334917,3.365621966964226,31.4933775805372,0.794903,695,1.0,1.0,1.0,0.0,0.0,1.0,0.0,0.0,0.0,1.0,1.0,0.0,0.0,0.0,1.0,0.0,0.0,1.0,0.0,0.0,0.0,0.0,1.0,0.0,0.0,0.0,0.0,0.0,0.0,0.0,0.0,0.0,0.0,1.0,0.0,0.0,1.0,0.0,0.0,1.0,0.0,1.0,0.0,0.0,0.0,0.0,0.0,1.0,0.0,0.0,0.0,0.0,0.0,0.0,0.0,1.0,0.0,0.0,0.0,0.0,0.0,1.0,0.0,0.0
696,PEEK,PE_0198,Nc1cccc(C(=O)c2ccc(Oc3cc(Br)c(Oc4ccc(C(=O)c5ccccc5)cc4)c(Br)c3)cc2)c1,521.1031545745705,3.5142465369821885,32.234988877214164,0.794868,696,1.0,1.0,1.0,0.0,0.0,1.0,0.0,0.0,0.0,1.0,1.0,0.0,0.0,0.0,1.0,0.0,0.0,1.0,0.0,0.0,0.0,0.0,1.0,0.0,0.0,0.0,0.0,0.0,0.0,0.0,0.0,0.0,0.0,1.0,0.0,0.0,1.0,0.0,0.0,1.0,0.0,1.0,0.0,0.0,0.0,0.0,0.0,1.0,0.0,0.0,0.0,0.0,0.0,0.0,0.0,1.0,0.0,0.0,0.0,0.0,0.0,1.0,0.0,0.0
697,PEEK,PE_0042,O=C(c1ccccc1)c1ccc(Oc2ccc(Oc3ccc(C(=O)c4ccccc4Cl)cc3)cc2)cc1,529.7651781532161,3.595342625089685,32.62834708958225,0.794809,697,1.0,1.0,1.0,0.0,0.0,1.0,0.0,0.0,0.0,1.0,1.0,0.0,0.0,0.0,1.0,0.0,0.0,1.0,0.0,0.0,0.0,0.0,1.0,0.0,0.0,0.0,0.0,0.0,0.0,0.0,0.0,0.0,0.0,1.0,0.0,0.0,1.0,0.0,0.0,1.0,0.0,1.0,0.0,0.0,0.0,0.0,0.0,1.0,0.0,0.0,0.0,0.0,0.0,0.0,0.0,1.0,0.0,0.0,0.0,0.0,0.0,1.0,0.0,0.0
698,PEEK,PE_0168,Cc1ccccc1C(=O)c1ccc(Oc2ccc(Oc3ccc(C(=O)c4ccccc4)cc3)cc2)cc1N,492.38477574583226,3.179469773269358,30.566540030871323,0.794438,698,1.0,1.0,1.0,0.0,0.0,1.0,0.0,0.0,0.0,1.0,1.0,0.0,0.0,0.0,1.0,0.0,0.0,1.0,0.0,0.0,0.0,0.0,1.0,0.0,0.0,0.0,0.0,0.0,0.0,0.0,0.0,0.0,0.0,1.0,0.0,0.0,1.0,0.0,0.0,1.0,0.0,1.0,0.0,0.0,0.0,0.0,0.0,1.0,0.0,0.0,0.0,0.0,0.0,0.0,0.0,1.0,0.0,0.0,0.0,0.0,0.0,1.0,0.0,0.0
699,PEEK,PE_0193,Cc1ccccc1C(=O)c1ccc(Oc2ccc(Oc3ccc(C(=O)c4ccccc4)cc3F)cc2)cc1,501.18021565039106,3.2753321606485466,31.026070355867283,0.794359,699,1.0,1.0,1.0,0.0,0.0,1.0,0.0,0.0,0.0,1.0,1.0,0.0,0.0,0.0,1.0,0.0,0.0,1.0,0.0,0.0,0.0,0.0,1.0,0.0,0.0,0.0,0.0,0.0,0.0,0.0,0.0,0.0,0.0,1.0,0.0,0.0,1.0,0.0,0.0,1.0,0.0,1.0,0.0,0.0,0.0,0.0,0.0,1.0,0.0,0.0,0.0,0.0,0.0,0.0,0.0,1.0,0.0,0.0,0.0,0.0,0.0,1.0,0.0,0.0
700,PEEK,PE_0225,O=C(c1ccc(Oc2ccc(Oc3ccc(C(=O)c4c(Cl)cccc4Cl)cc3)cc2)cc1)c1ccccc1Cl,555.4745456094298,3.5146132226010995,32.116062233805216,0.79358,700,1.0,1.0,1.0,0.0,0.0,1.0,0.0,0.0,0.0,1.0,1.0,0.0,0.0,0.0,1.0,0.0,0.0,1.0,0.0,0.0,0.0,0.0,1.0,0.0,0.0,0.0,0.0,0.0,0.0,0.0,0.0,0.0,0.0,1.0,0.0,0.0,1.0,0.0,0.0,1.0,0.0,1.0,0.0,0.0,0.0,0.0,0.0,1.0,0.0,0.0,0.0,0.0,0.0,0.0,0.0,1.0,0.0,0.0,0.0,0.0,0.0,1.0,0.0,0.0
701,PEEK,PE_0010,COc1cc(Oc2ccc(C(=O)c3ccccc3)cc2F)ccc1Oc1ccc(C(=O)c2ccccc2)cc1,508.5989447293119,3.561534524327523,32.38772777443546,0.793568,701,1.0,1.0,1.0,0.0,0.0,1.0,0.0,0.0,0.0,1.0,1.0,0.0,0.0,0.0,1.0,0.0,0.0,1.0,0.0,0.0,0.0,0.0,1.0,0.0,0.0,0.0,0.0,0.0,0.0,0.0,0.0,0.0,0.0,1.0,0.0,0.0,1.0,0.0,0.0,1.0,0.0,1.0,0.0,0.0,0.0,0.0,0.0,1.0,0.0,0.0,0.0,0.0,0.0,0.0,0.0,1.0,0.0,0.0,0.0,0.0,0.0,1.0,0.0,0.0
702,PEEK,PE_0122,Nc1cccc(C(=O)c2ccc(Oc3ccc(Oc4ccc(C(=O)c5ccccc5)c(N)c4)cc3)cc2N)c1,533.3790980572111,3.6240885302006687,32.60410356168708,0.792608,702,1.0,1.0,1.0,0.0,0.0,1.0,0.0,0.0,0.0,1.0,1.0,0.0,0.0,0.0,1.0,0.0,0.0,1.0,0.0,0.0,0.0,0.0,1.0,0.0,0.0,0.0,0.0,0.0,0.0,0.0,0.0,0.0,0.0,1.0,0.0,0.0,1.0,0.0,0.0,1.0,0.0,1.0,0.0,0.0,0.0,0.0,0.0,1.0,0.0,0.0,0.0,0.0,0.0,0.0,0.0,1.0,0.0,0.0,0.0,0.0,0.0,1.0,0.0,0.0
703,PEEK,PE_0038,Nc1cccc(C(=O)c2ccc(Oc3ccc(Oc4ccc(C(=O)c5ccccc5)cc4)cc3Cl)cc2)c1,534.6306929600302,3.7574090469828323,33.17533391371503,0.791348,703,1.0,1.0,1.0,0.0,0.0,1.0,0.0,0.0,0.0,1.0,1.0,0.0,0.0,0.0,1.0,0.0,0.0,1.0,0.0,0.0,0.0,0.0,1.0,0.0,0.0,0.0,0.0,0.0,0.0,0.0,0.0,0.0,0.0,1.0,0.0,0.0,1.0,0.0,0.0,1.0,0.0,1.0,0.0,0.0,0.0,0.0,0.0,1.0,0.0,0.0,0.0,0.0,0.0,0.0,0.0,1.0,0.0,0.0,0.0,0.0,0.0,1.0,0.0,0.0
704,PEEK,PE_0138,COc1cc(C(=O)c2ccc(C)c(F)c2)ccc1Oc1ccc(Oc2ccc(C(=O)c3ccccc3)cc2)cc1,525.7670019193527,3.309138398290326,30.927286258129723,0.791163,704,1.0,1.0,1.0,0.0,0.0,1.0,0.0,0.0,0.0,1.0,1.0,0.0,0.0,0.0,1.0,0.0,0.0,1.0,0.0,0.0,0.0,0.0,1.0,0.0,0.0,0.0,0.0,0.0,0.0,0.0,0.0,0.0,0.0,1.0,0.0,0.0,1.0,0.0,0.0,1.0,0.0,1.0,0.0,0.0,0.0,0.0,0.0,1.0,0.0,0.0,0.0,0.0,0.0,0.0,0.0,1.0,0.0,0.0,0.0,0.0,0.0,1.0,0.0,0.0
705,PEEK,PE_0127,Nc1cc(Oc2ccc(Oc3ccc(C(=O)c4ccccc4)cc3)cc2)c(F)cc1C(=O)c1ccccc1,523.4644289469938,3.8268525445671373,33.50041845115294,0.79093,705,1.0,1.0,1.0,0.0,0.0,1.0,0.0,0.0,0.0,1.0,1.0,0.0,0.0,0.0,1.0,0.0,0.0,1.0,0.0,0.0,0.0,0.0,1.0,0.0,0.0,0.0,0.0,0.0,0.0,0.0,0.0,0.0,0.0,1.0,0.0,0.0,1.0,0.0,0.0,1.0,0.0,1.0,0.0,0.0,0.0,0.0,0.0,1.0,0.0,0.0,0.0,0.0,0.0,0.0,0.0,1.0,0.0,0.0,0.0,0.0,0.0,1.0,0.0,0.0
706,PEEK,PE_0085,Nc1cc(C(=O)c2ccccc2)ccc1Oc1ccc(Oc2ccc(C(=O)c3ccccc3)cc2)cc1,554.9917809209293,4.017611556196011,34.42393104732181,0.790815,706,1.0,1.0,1.0,0.0,0.0,1.0,0.0,0.0,0.0,1.0,1.0,0.0,0.0,0.0,1.0,0.0,0.0,1.0,0.0,0.0,0.0,0.0,1.0,0.0,0.0,0.0,0.0,0.0,0.0,0.0,0.0,0.0,0.0,1.0,0.0,0.0,1.0,0.0,0.0,1.0,0.0,1.0,0.0,0.0,0.0,0.0,0.0,1.0,0.0,0.0,0.0,0.0,0.0,0.0,0.0,1.0,0.0,0.0,0.0,0.0,0.0,1.0,0.0,0.0
707,PEEK,PE_0066,O=C(c1ccccc1)c1ccc(Oc2cc(Cl)c(Oc3ccc(C(=O)c4ccccc4)cc3)c(Br)c2Br)cc1,526.0305134391643,3.698392019942223,32.78056427901742,0.789926,707,1.0,1.0,1.0,0.0,0.0,1.0,0.0,0.0,0.0,1.0,1.0,0.0,0.0,0.0,1.0,0.0,0.0,1.0,0.0,0.0,0.0,0.0,1.0,0.0,0.0,0.0,0.0,0.0,0.0,0.0,0.0,0.0,0.0,1.0,0.0,0.0,1.0,0.0,0.0,1.0,0.0,1.0,0.0,0.0,0.0,0.0,0.0,1.0,0.0,0.0,0.0,0.0,0.0,0.0,0.0,1.0,0.0,0.0,0.0,0.0,0.0,1.0,0.0,0.0
708,PEEK,PE_0135,CCc1ccc(C#N)c(C)c1C(=O)c1ccc(Oc2ccc(Oc3ccc(C(=O)c4ccccc4)cc3)cc2)cc1,516.8221707693345,3.4825608502362457,31.663211451040457,0.789298,708,1.0,1.0,1.0,0.0,0.0,1.0,0.0,0.0,0.0,1.0,1.0,0.0,0.0,0.0,1.0,0.0,0.0,1.0,0.0,0.0,0.0,0.0,1.0,0.0,0.0,0.0,0.0,0.0,0.0,0.0,0.0,0.0,0.0,1.0,0.0,0.0,1.0,0.0,0.0,1.0,0.0,1.0,0.0,0.0,0.0,0.0,0.0,1.0,0.0,0.0,0.0,0.0,0.0,0.0,0.0,1.0,0.0,0.0,0.0,0.0,0.0,1.0,0.0,0.0
709,PEEK,PE_0073,CCc1cc(Oc2ccc(Oc3ccc(C(=O)c4ccccc4)cc3)cc2)ccc1C(=O)c1ccccc1Cl,522.825303578025,3.812012599722829,33.26661818413695,0.788794,709,1.0,1.0,1.0,0.0,0.0,1.0,0.0,0.0,0.0,1.0,1.0,0.0,0.0,0.0,1.0,0.0,0.0,1.0,0.0,0.0,0.0,0.0,1.0,0.0,0.0,0.0,0.0,0.0,0.0,0.0,0.0,0.0,0.0,1.0,0.0,0.0,1.0,0.0,0.0,1.0,0.0,1.0,0.0,0.0,0.0,0.0,0.0,1.0,0.0,0.0,0.0,0.0,0.0,0.0,0.0,1.0,0.0,0.0,0.0,0.0,0.0,1.0,0.0,0.0
710,PEEK,PE_0155,COc1cc(C(=O)c2ccccc2)cc(N)c1Oc1ccc(Oc2ccc(C(=O)c3ccccc3)cc2)cc1,530.5914941000896,3.818588486952542,33.25945592278098,0.78835,710,1.0,1.0,1.0,0.0,0.0,1.0,0.0,0.0,0.0,1.0,1.0,0.0,0.0,0.0,1.0,0.0,0.0,1.0,0.0,0.0,0.0,0.0,1.0,0.0,0.0,0.0,0.0,0.0,0.0,0.0,0.0,0.0,0.0,1.0,0.0,0.0,1.0,0.0,0.0,1.0,0.0,1.0,0.0,0.0,0.0,0.0,0.0,1.0,0.0,0.0,0.0,0.0,0.0,0.0,0.0,1.0,0.0,0.0,0.0,0.0,0.0,1.0,0.0,0.0
711,PEEK,PE_0081,Nc1cc(C(=O)c2ccc(Oc3ccc(Oc4ccc(C(=O)c5ccccc5)cc4)c(N)c3)cc2)c(N)cc1F,541.0640174329496,3.5732243828111048,32.00564271193854,0.788091,711,1.0,1.0,1.0,0.0,0.0,1.0,0.0,0.0,0.0,1.0,1.0,0.0,0.0,0.0,1.0,0.0,0.0,1.0,0.0,0.0,0.0,0.0,1.0,0.0,0.0,0.0,0.0,0.0,0.0,0.0,0.0,0.0,0.0,1.0,0.0,0.0,1.0,0.0,0.0,1.0,0.0,1.0,0.0,0.0,0.0,0.0,0.0,1.0,0.0,0.0,0.0,0.0,0.0,0.0,0.0,1.0,0.0,0.0,0.0,0.0,0.0,1.0,0.0,0.0
712,PEEK,PE_0105,N#Cc1ccc(C(=O)c2ccc(Oc3ccc(Oc4ccc(C(=O)c5ccccc5)cc4)cc3F)cc2)cc1C#N,503.7216710321127,3.3136285265375887,30.724150182154638,0.787829,712,1.0,1.0,1.0,0.0,0.0,1.0,0.0,0.0,0.0,1.0,1.0,0.0,0.0,0.0,1.0,0.0,0.0,1.0,0.0,0.0,0.0,0.0,1.0,0.0,0.0,0.0,0.0,0.0,0.0,0.0,0.0,0.0,0.0,1.0,0.0,0.0,1.0,0.0,0.0,1.0,0.0,1.0,0.0,0.0,0.0,0.0,0.0,1.0,0.0,0.0,0.0,0.0,0.0,0.0,0.0,1.0,0.0,0.0,0.0,0.0,0.0,1.0,0.0,0.0
713,PEEK,PE_0047,O=C(c1ccc(Oc2ccc(Oc3ccc(C(=O)c4ccccc4Br)cc3)cc2)cc1)c1cccc(F)c1,522.9379720050365,3.5757537456921034,31.973738576728305,0.787307,713,1.0,1.0,1.0,0.0,0.0,1.0,0.0,0.0,0.0,1.0,1.0,0.0,0.0,0.0,1.0,0.0,0.0,1.0,0.0,0.0,0.0,0.0,1.0,0.0,0.0,0.0,0.0,0.0,0.0,0.0,0.0,0.0,0.0,1.0,0.0,0.0,1.0,0.0,0.0,1.0,0.0,1.0,0.0,0.0,0.0,0.0,0.0,1.0,0.0,0.0,0.0,0.0,0.0,0.0,0.0,1.0,0.0,0.0,0.0,0.0,0.0,1.0,0.0,0.0
714,PEEK,PE_0145,CCc1cc(C(=O)c2ccc(Oc3ccc(Oc4ccc(C(=O)c5ccccc5)cc4)cc3)cc2)c(N)cc1N,492.7098926123743,3.311414555938673,30.684387054371964,0.78722,714,1.0,1.0,1.0,0.0,0.0,1.0,0.0,0.0,0.0,1.0,1.0,0.0,0.0,0.0,1.0,0.0,0.0,1.0,0.0,0.0,0.0,0.0,1.0,0.0,0.0,0.0,0.0,0.0,0.0,0.0,0.0,0.0,0.0,1.0,0.0,0.0,1.0,0.0,0.0,1.0,0.0,1.0,0.0,0.0,0.0,0.0,0.0,1.0,0.0,0.0,0.0,0.0,0.0,0.0,0.0,1.0,0.0,0.0,0.0,0.0,0.0,1.0,0.0,0.0
715,PEEK,PE_0239,Nc1cccc(C(=O)c2ccc(Oc3ccc(Oc4ccc(C(=O)c5ccccc5)cc4N)cc3)c(N)c2)c1,544.5749394315037,3.660879102874524,32.3390024633464,0.786722,715,1.0,1.0,1.0,0.0,0.0,1.0,0.0,0.0,0.0,1.0,1.0,0.0,0.0,0.0,1.0,0.0,0.0,1.0,0.0,0.0,0.0,0.0,1.0,0.0,0.0,0.0,0.0,0.0,0.0,0.0,0.0,0.0,0.0,1.0,0.0,0.0,1.0,0.0,0.0,1.0,0.0,1.0,0.0,0.0,0.0,0.0,0.0,1.0,0.0,0.0,0.0,0.0,0.0,0.0,0.0,1.0,0.0,0.0,0.0,0.0,0.0,1.0,0.0,0.0
716,PEEK,PE_0148,Cc1cc(Br)cc(N)c1C(=O)c1ccc(Oc2ccc(Oc3ccc(C(=O)c4ccccc4)cc3)cc2)cc1,528.5708047197613,3.525526979552711,31.61400662432324,0.785926,716,1.0,1.0,1.0,0.0,0.0,1.0,0.0,0.0,0.0,1.0,1.0,0.0,0.0,0.0,1.0,0.0,0.0,1.0,0.0,0.0,0.0,0.0,1.0,0.0,0.0,0.0,0.0,0.0,0.0,0.0,0.0,0.0,0.0,1.0,0.0,0.0,1.0,0.0,0.0,1.0,0.0,1.0,0.0,0.0,0.0,0.0,0.0,1.0,0.0,0.0,0.0,0.0,0.0,0.0,0.0,1.0,0.0,0.0,0.0,0.0,0.0,1.0,0.0,0.0
717,PEEK,PE_0057,Nc1cc(N)c(C(=O)c2ccc(Oc3ccc(Oc4ccc(C(=O)c5ccccc5)cc4)cc3)cc2)c(F)c1,541.9395677630323,3.7142561948050354,32.465691129944226,0.784831,717,1.0,1.0,1.0,0.0,0.0,1.0,0.0,0.0,0.0,1.0,1.0,0.0,0.0,0.0,1.0,0.0,0.0,1.0,0.0,0.0,0.0,0.0,1.0,0.0,0.0,0.0,0.0,0.0,0.0,0.0,0.0,0.0,0.0,1.0,0.0,0.0,1.0,0.0,0.0,1.0,0.0,1.0,0.0,0.0,0.0,0.0,0.0,1.0,0.0,0.0,0.0,0.0,0.0,0.0,0.0,1.0,0.0,0.0,0.0,0.0,0.0,1.0,0.0,0.0
718,PEEK,PE_0043,Cc1cc(C(=O)c2ccc(Oc3ccc(Oc4ccc(C(=O)c5cccc(N)c5)cc4)cc3)cc2)ccc1N,539.9601217293922,3.8608202501943607,33.027585337104945,0.782534,718,1.0,1.0,1.0,0.0,0.0,1.0,0.0,0.0,0.0,1.0,1.0,0.0,0.0,0.0,1.0,0.0,0.0,1.0,0.0,0.0,0.0,0.0,1.0,0.0,0.0,0.0,0.0,0.0,0.0,0.0,0.0,0.0,0.0,1.0,0.0,0.0,1.0,0.0,0.0,1.0,0.0,1.0,0.0,0.0,0.0,0.0,0.0,1.0,0.0,0.0,0.0,0.0,0.0,0.0,0.0,1.0,0.0,0.0,0.0,0.0,0.0,1.0,0.0,0.0
719,PEEK,PE_0230,N#Cc1ccc(C(=O)c2ccc(Oc3ccc(Oc4ccc(C(=O)c5ccccc5)cc4)c(N)c3)cc2)cc1,514.8542326221873,4.025442638226151,33.859620298121634,0.782363,719,1.0,1.0,1.0,0.0,0.0,1.0,0.0,0.0,0.0,1.0,1.0,0.0,0.0,0.0,1.0,0.0,0.0,1.0,0.0,0.0,0.0,0.0,1.0,0.0,0.0,0.0,0.0,0.0,0.0,0.0,0.0,0.0,0.0,1.0,0.0,0.0,1.0,0.0,0.0,1.0,0.0,1.0,0.0,0.0,0.0,0.0,0.0,1.0,0.0,0.0,0.0,0.0,0.0,0.0,0.0,1.0,0.0,0.0,0.0,0.0,0.0,1.0,0.0,0.0
720,PEEK,PE_0152,Nc1ccc(C(=O)c2ccc(Oc3ccc(Oc4ccc(C(=O)c5ccccc5)cc4)c(N)c3)cc2)c(N)c1,554.2001210392292,4.101444626311084,33.97982440888961,0.7793,720,1.0,1.0,1.0,0.0,0.0,1.0,0.0,0.0,0.0,1.0,1.0,0.0,0.0,0.0,1.0,0.0,0.0,1.0,0.0,0.0,0.0,0.0,1.0,0.0,0.0,0.0,0.0,0.0,0.0,0.0,0.0,0.0,0.0,1.0,0.0,0.0,1.0,0.0,0.0,1.0,0.0,1.0,0.0,0.0,0.0,0.0,0.0,1.0,0.0,0.0,0.0,0.0,0.0,0.0,0.0,1.0,0.0,0.0,0.0,0.0,0.0,1.0,0.0,0.0
721,Poly_b105dd7b,USR_0130,*c1c(CC)c(C(F)(F)F)c(-n2c(=O)c3ccc4c(c3)c(=O)c3ccc(cc3-4)c(=O)n(*)c2=O)c(OC)c1C(F)(F)F,483.3857370036765,3.5716429283746143,18.747810345414425,0.610484,721,,,,,,,,,,,,,,,,,,,,,,,,,,,,,,,,,,,,,,,,,,,,,,,,,,,,,,,,,,,,,,,,
722,Poly_b105dd7b,USR_0002,*c1ccc(-n2c(=O)c3cc(C#N)c4c(c3)c(=O)c3ccc(cc3-4)c(=O)n(*)c2=O)cc1,465.2610753635213,3.81990094170874,19.380921625981074,0.601776,722,,,,,,,,,,,,,,,,,,,,,,,,,,,,,,,,,,,,,,,,,,,,,,,,,,,,,,,,,,,,,,,,
723,CyanateEster,Cy_0147,CCC(C)(c1ccc(OC#N)cc1)c1c(C#N)cc(OC#N)c(S(N)(=O)=O)c1C,620.1701035199056,1.5,6.364291488341954,0.59991,723,,,,,,,,,,,,,,,,,,,,,,,,,,,,,,,,,,,,,,,,,,,,,,,,,,,,,,,,,,,,,,,,
724,CyanateEster,Cy_0027,CCc1cc(OC#N)c(Cl)c(Br)c1C(C)(CC)c1ccc(OC#N)cc1,616.655148955964,1.5,7.148233559020789,0.599904,724,,,,,,,,,,,,,,,,,,,,,,,,,,,,,,,,,,,,,,,,,,,,,,,,,,,,,,,,,,,,,,,,
725,CyanateEster,Cy_0093,CCC(C)(c1ccc(OC#N)cc1)c1c(C)c(C#N)c(OC#N)c(N)c1OC,611.5130576669216,1.5,7.541671814578177,0.599893,725,,,,,,,,,,,,,,,,,,,,,,,,,,,,,,,,,,,,,,,,,,,,,,,,,,,,,,,,,,,,,,,,
726,CyanateEster,Cy_0113,CCc1c(CC)c(C(C)(CC)c2ccc(OC#N)cc2)c(F)c(S(N)(=O)=O)c1OC#N,610.8683468246346,1.5,9.597162026735308,0.599892,726,,,,,,,,,,,,,,,,,,,,,,,,,,,,,,,,,,,,,,,,,,,,,,,,,,,,,,,,,,,,,,,,
727,CyanateEster,Cy_0094,CCc1c(Cl)c(OC#N)c(OC)c(Cl)c1C(C)(CC)c1ccc(OC#N)cc1,609.6987538509911,1.5,8.339710069203813,0.59989,727,,,,,,,,,,,,,,,,,,,,,,,,,,,,,,,,,,,,,,,,,,,,,,,,,,,,,,,,,,,,,,,,
728,CyanateEster,Cy_0154,CCc1cc(OC#N)c(Cl)c(F)c1C(C)(CC)c1ccc(OC#N)cc1,607.2314443744108,1.5,6.60585563778594,0.599884,728,,,,,,,,,,,,,,,,,,,,,,,,,,,,,,,,,,,,,,,,,,,,,,,,,,,,,,,,,,,,,,,,
729,CyanateEster,Cy_0032,CCc1c(C#N)c(OC#N)c(Cl)c(Br)c1C(C)(CC)c1ccc(OC#N)cc1,605.8121772277343,1.5,8.090561685718088,0.599881,729,,,,,,,,,,,,,,,,,,,,,,,,,,,,,,,,,,,,,,,,,,,,,,,,,,,,,,,,,,,,,,,,
730,CyanateEster,Cy_0009,CCC(C)(c1ccc(OC#N)cc1)c1ccc(OC#N)c(C#N)c1C,599.8899238567778,1.5,9.308818222919742,0.599866,730,,,,,,,,,,,,,,,,,,,,,,,,,,,,,,,,,,,,,,,,,,,,,,,,,,,,,,,,,,,,,,,,
731,CyanateEster,Cy_0076,CCC(C)(c1ccc(OC#N)cc1)c1cc(OC)c(OC#N)cc1C#N,599.6170398562554,1.5,6.51230088277082,0.599865,731,,,,,,,,,,,,,,,,,,,,,,,,,,,,,,,,,,,,,,,,,,,,,,,,,,,,,,,,,,,,,,,,
732,CyanateEster,Cy_0236,CCc1c(C(C)(CC)c2ccc(OC#N)cc2)c(F)c(S(N)(=O)=O)c(OC#N)c1S(N)(=O)=O,595.3481537846038,1.5,7.8744527655093695,0.599853,732,,,,,,,,,,,,,,,,,,,,,,,,,,,,,,,,,,,,,,,,,,,,,,,,,,,,,,,,,,,,,,,,
733,CyanateEster,Cy_0157,CCC(C)(c1ccc(OC#N)cc1)c1c(F)c(F)c(OC#N)c(Cl)c1Br,592.8830943620899,1.5,8.105387558830836,0.599845,733,,,,,,,,,,,,,,,,,,,,,,,,,,,,,,,,,,,,,,,,,,,,,,,,,,,,,,,,,,,,,,,,
734,CyanateEster,Cy_0037,CCC(C)(c1ccc(OC#N)c(N)c1)c1ccc(OC#N)c(N)c1,592.5167853643056,1.5,6.754737854171766,0.599844,734,,,,,,,,,,,,,,,,,,,,,,,,,,,,,,,,,,,,,,,,,,,,,,,,,,,,,,,,,,,,,,,,
735,CyanateEster,Cy_0110,CCc1c(Br)c(OC#N)c(Cl)c(Br)c1C(C)(CC)c1ccc(OC#N)cc1,591.5448319563097,1.5,6.889465924836069,0.599841,735,,,,,,,,,,,,,,,,,,,,,,,,,,,,,,,,,,,,,,,,,,,,,,,,,,,,,,,,,,,,,,,,
736,CyanateEster,Cy_0128,CCC(C)(c1ccc(OC#N)cc1)c1c(Cl)c(N)c(OC#N)c(C#N)c1OC,590.8932654456744,1.5175416276332974,7.294068906914586,0.599839,738,,,,,,,,,,,,,,,,,,,,,,,,,,,,,,,,,,,,,,,,,,,,,,,,,,,,,,,,,,,,,,,,
737,CyanateEster,Cy_0048,CCC(C)(c1ccc(OC#N)cc1)c1c(F)c(C#N)c(OC#N)c(OC)c1C#N,590.937333762879,1.5,6.721444712710675,0.599839,737,,,,,,,,,,,,,,,,,,,,,,,,,,,,,,,,,,,,,,,,,,,,,,,,,,,,,,,,,,,,,,,,
738,CyanateEster,Cy_0208,CCC(C)(c1ccc(OC#N)cc1)c1cc(S(N)(=O)=O)c(OC#N)c(Cl)c1Br,590.9197163700613,1.5,6.572623065511381,0.599839,736,,,,,,,,,,,,,,,,,,,,,,,,,,,,,,,,,,,,,,,,,,,,,,,,,,,,,,,,,,,,,,,,
739,CyanateEster,Cy_0123,CCC(C)(c1ccc(OC#N)cc1)c1c(C#N)cc(OC#N)c(OC)c1N,590.7032541719703,1.5,7.583258046947124,0.599838,739,,,,,,,,,,,,,,,,,,,,,,,,,,,,,,,,,,,,,,,,,,,,,,,,,,,,,,,,,,,,,,,,
740,CyanateEster,Cy_0130,CCC(C)(c1ccc(OC#N)cc1)c1c(C(F)(F)F)cc(OC#N)c(Cl)c1Cl,590.1345418114815,1.5,6.2214259956153,0.599837,740,,,,,,,,,,,,,,,,,,,,,,,,,,,,,,,,,,,,,,,,,,,,,,,,,,,,,,,,,,,,,,,,
741,CyanateEster,Cy_0191,CCC(C)(c1ccc(OC#N)cc1)c1cc(F)c(OC#N)c(C#N)c1OC,589.0220831537382,1.5,7.1011947074587995,0.599833,741,,,,,,,,,,,,,,,,,,,,,,,,,,,,,,,,,,,,,,,,,,,,,,,,,,,,,,,,,,,,,,,,
742,CyanateEster,Cy_0136,CCc1c(Cl)c(OC#N)c(N)c(N)c1C(C)(CC)c1ccc(OC#N)cc1,589.1648828386757,1.5,8.175610387414395,0.599833,742,,,,,,,,,,,,,,,,,,,,,,,,,,,,,,,,,,,,,,,,,,,,,,,,,,,,,,,,,,,,,,,,
743,CyanateEster,Cy_0070,CCC(C)(c1ccc(OC#N)cc1)c1cc(C)c(OC#N)c(C#N)c1OC,588.1703316437944,1.5,7.8611560578893735,0.59983,743,,,,,,,,,,,,,,,,,,,,,,,,,,,,,,,,,,,,,,,,,,,,,,,,,,,,,,,,,,,,,,,,
744,CyanateEster,Cy_0002,CCC(C)(c1ccc(OC#N)cc1)c1ccc(OC#N)c(C#N)c1,587.6612430354812,1.5,5.020920979673006,0.599828,744,,,,,,,,,,,,,,,,,,,,,,,,,,,,,,,,,,,,,,,,,,,,,,,,,,,,,,,,,,,,,,,,
745,CyanateEster,Cy_0073,CCc1cc(C(C)(CC)c2ccc(OC#N)cc2)cc(C(F)(F)F)c1OC#N,587.0202852676656,1.5,9.009775204278347,0.599826,745,,,,,,,,,,,,,,,,,,,,,,,,,,,,,,,,,,,,,,,,,,,,,,,,,,,,,,,,,,,,,,,,
746,CyanateEster,Cy_0107,CCC(C)(c1ccc(OC#N)c(F)c1)c1ccc(OC#N)cc1C,586.1185816783889,1.5,6.138215781377906,0.599823,746,,,,,,,,,,,,,,,,,,,,,,,,,,,,,,,,,,,,,,,,,,,,,,,,,,,,,,,,,,,,,,,,
747,CyanateEster,Cy_0115,CCC(C)(c1ccc(OC#N)cc1)c1c(C(F)(F)F)cc(OC#N)c(C#N)c1C,585.055901316218,1.5,8.466806404451866,0.599819,747,,,,,,,,,,,,,,,,,,,,,,,,,,,,,,,,,,,,,,,,,,,,,,,,,,,,,,,,,,,,,,,,
748,CyanateEster,Cy_0117,CCC(C)(c1ccc(OC#N)cc1)c1c(C(F)(F)F)cc(OC#N)c(Cl)c1Br,584.3367986581734,1.5,8.313018917598741,0.599817,748,,,,,,,,,,,,,,,,,,,,,,,,,,,,,,,,,,,,,,,,,,,,,,,,,,,,,,,,,,,,,,,,
749,CyanateEster,Cy_0201,CCc1c(F)c(C(C)(CC)c2ccc(OC#N)cc2)c(CC)c(CC)c1OC#N,584.5708679634048,1.5,5.720463184508153,0.599817,749,,,,,,,,,,,,,,,,,,,,,,,,,,,,,,,,,,,,,,,,,,,,,,,,,,,,,,,,,,,,,,,,
750,CyanateEster,Cy_0152,CCc1c(N)c(OC#N)c(C#N)c(OC)c1C(C)(CC)c1ccc(OC#N)cc1,584.3013246391404,1.5,7.654071811393875,0.599816,750,,,,,,,,,,,,,,,,,,,,,,,,,,,,,,,,,,,,,,,,,,,,,,,,,,,,,,,,,,,,,,,,
751,CyanateEster,Cy_0219,CCC(C)(c1ccc(OC#N)cc1)c1c(C)c(C#N)c(OC#N)c(Cl)c1C(F)(F)F,583.053953881048,1.5,7.071948943665635,0.599812,751,,,,,,,,,,,,,,,,,,,,,,,,,,,,,,,,,,,,,,,,,,,,,,,,,,,,,,,,,,,,,,,,
752,CyanateEster,Cy_0014,CCC(C)(c1ccc(OC#N)cc1)c1cc(C#N)c(OC#N)c(OC)c1F,583.0426407497732,1.5,7.511311084630697,0.599812,752,,,,,,,,,,,,,,,,,,,,,,,,,,,,,,,,,,,,,,,,,,,,,,,,,,,,,,,,,,,,,,,,
753,CyanateEster,Cy_0229,CCC(C)(c1ccc(OC#N)cc1)c1c(F)c(Br)c(OC#N)c(Br)c1Br,582.9351078157497,1.5,5.286522438659539,0.599811,753,,,,,,,,,,,,,,,,,,,,,,,,,,,,,,,,,,,,,,,,,,,,,,,,,,,,,,,,,,,,,,,,
754,CyanateEster,Cy_0066,CCC(C)(c1ccc(OC#N)c(C(F)(F)F)c1)c1ccc(OC#N)cc1Br,582.4699265883847,1.5,6.881604468299747,0.59981,754,,,,,,,,,,,,,,,,,,,,,,,,,,,,,,,,,,,,,,,,,,,,,,,,,,,,,,,,,,,,,,,,
755,CyanateEster,Cy_0086,CCC(C)(c1ccc(OC#N)cc1)c1cc(Cl)c(OC#N)cc1C(F)(F)F,580.9081877920817,1.5,6.3773578539491655,0.599804,755,,,,,,,,,,,,,,,,,,,,,,,,,,,,,,,,,,,,,,,,,,,,,,,,,,,,,,,,,,,,,,,,
756,CyanateEster,Cy_0087,CCC(C)(c1ccc(OC#N)cc1)c1cc(N)c(OC#N)c(C#N)c1C,579.556052287061,1.5,6.422977594539261,0.599798,756,,,,,,,,,,,,,,,,,,,,,,,,,,,,,,,,,,,,,,,,,,,,,,,,,,,,,,,,,,,,,,,,
757,CyanateEster,Cy_0052,CCC(C)(c1ccc(OC#N)cc1)c1ccc(OC#N)c(C(F)(F)F)c1C#N,579.0930572283371,1.5,6.465507353272285,0.599796,757,,,,,,,,,,,,,,,,,,,,,,,,,,,,,,,,,,,,,,,,,,,,,,,,,,,,,,,,,,,,,,,,
758,CyanateEster,Cy_0135,CCc1c(C(F)(F)F)c(OC#N)c(C#N)c(OC)c1C(C)(CC)c1ccc(OC#N)cc1,578.6755113656084,1.5,6.377241565237444,0.599795,758,,,,,,,,,,,,,,,,,,,,,,,,,,,,,,,,,,,,,,,,,,,,,,,,,,,,,,,,,,,,,,,,
759,CyanateEster,Cy_0044,CCC(C)(c1ccc(OC#N)cc1)c1ccc(OC#N)c(N)c1F,578.7653328048636,1.5,6.396662580329152,0.599795,759,,,,,,,,,,,,,,,,,,,,,,,,,,,,,,,,,,,,,,,,,,,,,,,,,,,,,,,,,,,,,,,,
760,CyanateEster,Cy_0131,CCC(C)(c1ccc(OC#N)cc1)c1cc(OC)c(OC#N)c(N)c1C#N,577.9100031872356,1.5,6.223030829725669,0.599791,760,,,,,,,,,,,,,,,,,,,,,,,,,,,,,,,,,,,,,,,,,,,,,,,,,,,,,,,,,,,,,,,,
761,CyanateEster,Cy_0022,CCc1c(F)c(OC#N)c(C#N)c(OC)c1C(C)(CC)c1ccc(OC#N)cc1,577.2709972154028,1.5,5.743341625250445,0.599789,761,,,,,,,,,,,,,,,,,,,,,,,,,,,,,,,,,,,,,,,,,,,,,,,,,,,,,,,,,,,,,,,,
762,CyanateEster,Cy_0220,CCC(C)(c1ccc(OC#N)cc1)c1cc(Cl)c(OC#N)c(C(F)(F)F)c1N,577.2103986751418,1.5,4.690017363610469,0.599788,762,,,,,,,,,,,,,,,,,,,,,,,,,,,,,,,,,,,,,,,,,,,,,,,,,,,,,,,,,,,,,,,,
763,CyanateEster,Cy_0233,CCC(C)(c1ccc(OC#N)cc1)c1c(S(N)(=O)=O)c(N)c(OC#N)c(F)c1S(N)(=O)=O,576.9444660320394,1.5,6.7519888971472755,0.599787,763,,,,,,,,,,,,,,,,,,,,,,,,,,,,,,,,,,,,,,,,,,,,,,,,,,,,,,,,,,,,,,,,
764,CyanateEster,Cy_0182,CCC(C)(c1ccc(OC#N)cc1)c1cc(C#N)c(OC#N)c(N)c1C#N,576.6317451045003,1.5,8.264347983305706,0.599786,764,,,,,,,,,,,,,,,,,,,,,,,,,,,,,,,,,,,,,,,,,,,,,,,,,,,,,,,,,,,,,,,,
765,CyanateEster,Cy_0185,CCC(C)(c1ccc(OC#N)cc1)c1cc(Br)c(OC#N)cc1C,576.0917817538245,1.5,8.274185142942594,0.599784,765,,,,,,,,,,,,,,,,,,,,,,,,,,,,,,,,,,,,,,,,,,,,,,,,,,,,,,,,,,,,,,,,
766,CyanateEster,Cy_0141,CCC(C)(c1ccc(OC#N)cc1)c1ccc(OC#N)c(C#N)c1C(F)(F)F,575.3899462901267,1.5611707702039783,8.939808289654346,0.599781,766,,,,,,,,,,,,,,,,,,,,,,,,,,,,,,,,,,,,,,,,,,,,,,,,,,,,,,,,,,,,,,,,
767,CyanateEster,Cy_0127,CCc1cc(OC#N)c(C#N)c(S(N)(=O)=O)c1C(C)(CC)c1ccc(OC#N)cc1,574.666219680787,1.5,5.488737361158567,0.599777,767,,,,,,,,,,,,,,,,,,,,,,,,,,,,,,,,,,,,,,,,,,,,,,,,,,,,,,,,,,,,,,,,
768,CyanateEster,Cy_0097,CCC(C)(c1ccc(OC#N)cc1F)c1ccc(OC#N)cc1F,574.6223225590456,1.5,6.522210680734735,0.599777,768,,,,,,,,,,,,,,,,,,,,,,,,,,,,,,,,,,,,,,,,,,,,,,,,,,,,,,,,,,,,,,,,
769,CyanateEster,Cy_0129,CCC(C)(c1ccc(OC#N)cc1)c1ccc(OC#N)cc1C#N,574.3809034641789,1.5847282689765212,9.668479368669537,0.599776,769,,,,,,,,,,,,,,,,,,,,,,,,,,,,,,,,,,,,,,,,,,,,,,,,,,,,,,,,,,,,,,,,
770,CyanateEster,Cy_0156,CCC(C)(c1ccc(OC#N)cc1)c1cc(S(N)(=O)=O)c(OC#N)c(N)c1Cl,574.1410150250155,1.5,6.606272613264567,0.599775,770,,,,,,,,,,,,,,,,,,,,,,,,,,,,,,,,,,,,,,,,,,,,,,,,,,,,,,,,,,,,,,,,
771,CyanateEster,Cy_0061,CCC(C)(c1ccc(OC#N)cc1)c1ccc(OC#N)c(F)c1,572.6327746216251,1.5,6.310973145805918,0.599768,771,,,,,,,,,,,,,,,,,,,,,,,,,,,,,,,,,,,,,,,,,,,,,,,,,,,,,,,,,,,,,,,,
772,CyanateEster,Cy_0017,CCC(C)(c1ccc(OC#N)cc1)c1c(F)cc(OC#N)c(N)c1C#N,572.2505733564811,1.5,7.0937484196888985,0.599766,772,,,,,,,,,,,,,,,,,,,,,,,,,,,,,,,,,,,,,,,,,,,,,,,,,,,,,,,,,,,,,,,,
773,CyanateEster,Cy_0039,CCC(C)(c1ccc(OC#N)cc1)c1cc(N)c(OC#N)cc1S(N)(=O)=O,572.0927890406022,1.5,5.6857330632395024,0.599766,773,,,,,,,,,,,,,,,,,,,,,,,,,,,,,,,,,,,,,,,,,,,,,,,,,,,,,,,,,,,,,,,,
774,CyanateEster,Cy_0095,CCC(C)(c1ccc(OC#N)c(N)c1)c1cc(N)c(OC#N)c(N)c1,572.1087211866857,1.5,5.485246781552686,0.599766,774,,,,,,,,,,,,,,,,,,,,,,,,,,,,,,,,,,,,,,,,,,,,,,,,,,,,,,,,,,,,,,,,
775,CyanateEster,Cy_0181,CCC(C)(c1ccc(OC#N)c(C(F)(F)F)c1)c1ccc(OC#N)cc1C(F)(F)F,571.4902455677799,1.5,7.006091257085739,0.599763,775,,,,,,,,,,,,,,,,,,,,,,,,,,,,,,,,,,,,,,,,,,,,,,,,,,,,,,,,,,,,,,,,
776,CyanateEster,Cy_0132,CCc1c(OC#N)cc(C)c(C(C)(CC)c2ccc(OC#N)cc2)c1F,570.4632251962256,1.5,8.930170944525397,0.599758,777,,,,,,,,,,,,,,,,,,,,,,,,,,,,,,,,,,,,,,,,,,,,,,,,,,,,,,,,,,,,,,,,
777,CyanateEster,Cy_0137,CCc1c(Cl)c(C(C)(CC)c2ccc(OC#N)cc2)c(C#N)c(Cl)c1OC#N,570.5695422056283,1.5,6.000945325516238,0.599758,776,,,,,,,,,,,,,,,,,,,,,,,,,,,,,,,,,,,,,,,,,,,,,,,,,,,,,,,,,,,,,,,,
778,CyanateEster,Cy_0126,CCc1c(C#N)c(C(C)(CC)c2ccc(OC#N)cc2)c(N)c(OC)c1OC#N,570.2432124997539,1.5,7.114611486038029,0.599757,778,,,,,,,,,,,,,,,,,,,,,,,,,,,,,,,,,,,,,,,,,,,,,,,,,,,,,,,,,,,,,,,,
779,CyanateEster,Cy_0075,CCC(C)(c1ccc(OC#N)cc1)c1cc(C(F)(F)F)c(OC#N)cc1C#N,570.3431530190654,1.5,5.318272209930945,0.599757,779,,,,,,,,,,,,,,,,,,,,,,,,,,,,,,,,,,,,,,,,,,,,,,,,,,,,,,,,,,,,,,,,
780,CyanateEster,Cy_0019,CCC(C)(c1ccc(OC#N)c(Cl)c1)c1ccc(OC#N)cc1Br,570.1157813822147,1.5,7.227344679558912,0.599756,780,,,,,,,,,,,,,,,,,,,,,,,,,,,,,,,,,,,,,,,,,,,,,,,,,,,,,,,,,,,,,,,,
781,CyanateEster,Cy_0057,CCc1c(F)c(C(C)(CC)c2ccc(OC#N)cc2)c(C#N)c(N)c1OC#N,569.2177376874205,1.5,7.612805924069577,0.599752,781,,,,,,,,,,,,,,,,,,,,,,,,,,,,,,,,,,,,,,,,,,,,,,,,,,,,,,,,,,,,,,,,
782,CyanateEster,Cy_0145,CCC(C)(c1ccc(OC#N)cc1)c1cc(OC)c(OC#N)c(C#N)c1C(F)(F)F,568.808401176757,1.5,5.97737699804841,0.59975,782,,,,,,,,,,,,,,,,,,,,,,,,,,,,,,,,,,,,,,,,,,,,,,,,,,,,,,,,,,,,,,,,
783,CyanateEster,Cy_0177,CCC(C)(c1ccc(OC#N)cc1)c1c(C#N)c(OC)c(OC#N)c(C#N)c1C(F)(F)F,568.1643854320546,1.5,6.939360115996006,0.599747,783,,,,,,,,,,,,,,,,,,,,,,,,,,,,,,,,,,,,,,,,,,,,,,,,,,,,,,,,,,,,,,,,
784,CyanateEster,Cy_0050,CCC(C)(c1ccc(OC#N)cc1)c1cc(OC)c(OC#N)c(C#N)c1N,568.2394948894708,1.5,6.679179902857941,0.599747,784,,,,,,,,,,,,,,,,,,,,,,,,,,,,,,,,,,,,,,,,,,,,,,,,,,,,,,,,,,,,,,,,
785,CyanateEster,Cy_0148,CCC(C)(c1ccc(OC#N)cc1)c1cc(OC)c(OC#N)c(C#N)c1OC,567.6444030959822,1.5,7.997103902419372,0.599744,785,,,,,,,,,,,,,,,,,,,,,,,,,,,,,,,,,,,,,,,,,,,,,,,,,,,,,,,,,,,,,,,,
786,CyanateEster,Cy_0196,CCC(C)(c1ccc(OC#N)cc1)c1ccc(OC#N)c(C(F)(F)F)c1S(N)(=O)=O,566.7559054248965,1.5,5.579380593836366,0.599739,786,,,,,,,,,,,,,,,,,,,,,,,,,,,,,,,,,,,,,,,,,,,,,,,,,,,,,,,,,,,,,,,,
787,CyanateEster,Cy_0118,CCC(C)(c1ccc(OC#N)cc1)c1cc(F)c(OC#N)c(Cl)c1Br,566.4291212058964,1.5,6.792233872785376,0.599738,787,,,,,,,,,,,,,,,,,,,,,,,,,,,,,,,,,,,,,,,,,,,,,,,,,,,,,,,,,,,,,,,,
788,CyanateEster,Cy_0176,CCC(C)(c1ccc(OC#N)cc1N)c1ccc(OC#N)cc1Br,566.29865428578,1.5,7.363309513729782,0.599737,788,,,,,,,,,,,,,,,,,,,,,,,,,,,,,,,,,,,,,,,,,,,,,,,,,,,,,,,,,,,,,,,,
789,CyanateEster,Cy_0041,CCC(C)(c1ccc(OC#N)cc1)c1cc(Cl)c(OC#N)c(S(N)(=O)=O)c1,566.2237678383533,1.5,6.2247979191310625,0.599736,790,,,,,,,,,,,,,,,,,,,,,,,,,,,,,,,,,,,,,,,,,,,,,,,,,,,,,,,,,,,,,,,,
790,CyanateEster,Cy_0099,CCC(C)(c1ccc(OC#N)cc1)c1cc(F)c(OC#N)cc1OC,566.1652194316517,1.5,6.296834268520811,0.599736,789,,,,,,,,,,,,,,,,,,,,,,,,,,,,,,,,,,,,,,,,,,,,,,,,,,,,,,,,,,,,,,,,
791,CyanateEster,Cy_0004,CCC(C)(c1ccc(OC#N)c(N)c1)c1ccc(OC#N)cc1N,565.9954902909993,1.5,6.735196950808226,0.599735,791,,,,,,,,,,,,,,,,,,,,,,,,,,,,,,,,,,,,,,,,,,,,,,,,,,,,,,,,,,,,,,,,
792,CyanateEster,Cy_0063,CCC(C)(c1ccc(OC#N)c(C(F)(F)F)c1)c1ccc(OC#N)cc1F,565.7821757744281,1.5,7.349853891743185,0.599734,792,,,,,,,,,,,,,,,,,,,,,,,,,,,,,,,,,,,,,,,,,,,,,,,,,,,,,,,,,,,,,,,,
793,CyanateEster,Cy_0164,CCc1c(N)c(OC#N)c(Cl)c(F)c1C(C)(CC)c1ccc(OC#N)cc1,565.6662887060725,1.5,6.7538253227234275,0.599734,793,,,,,,,,,,,,,,,,,,,,,,,,,,,,,,,,,,,,,,,,,,,,,,,,,,,,,,,,,,,,,,,,
794,CyanateEster,Cy_0040,CCc1c(OC)c(OC#N)cc(F)c1C(C)(CC)c1ccc(OC#N)cc1,565.6145222836685,1.5,5.762338211174578,0.599733,794,,,,,,,,,,,,,,,,,,,,,,,,,,,,,,,,,,,,,,,,,,,,,,,,,,,,,,,,,,,,,,,,
795,CyanateEster,Cy_0035,CCC(C)(c1ccc(OC#N)cc1)c1c(Cl)cc(OC#N)c(Br)c1F,565.3934057585468,1.5,5.439140432736526,0.599732,795,,,,,,,,,,,,,,,,,,,,,,,,,,,,,,,,,,,,,,,,,,,,,,,,,,,,,,,,,,,,,,,,
796,CyanateEster,Cy_0142,CCC(C)(c1ccc(OC#N)cc1)c1cc(Cl)c(OC#N)c(Cl)c1Br,564.4673127700419,1.5,6.312766383234101,0.599727,796,,,,,,,,,,,,,,,,,,,,,,,,,,,,,,,,,,,,,,,,,,,,,,,,,,,,,,,,,,,,,,,,
797,CyanateEster,Cy_0060,CCC(C)(c1ccc(OC#N)cc1)c1c(F)c(OC)c(OC#N)c(N)c1C#N,564.2976820980025,1.5,6.457291555867736,0.599726,797,,,,,,,,,,,,,,,,,,,,,,,,,,,,,,,,,,,,,,,,,,,,,,,,,,,,,,,,,,,,,,,,
798,CyanateEster,Cy_0047,CCC(C)(c1ccc(OC#N)cc1)c1cc(C#N)c(OC#N)c(OC)c1C#N,564.2005637856764,1.5,6.544613573861146,0.599726,798,,,,,,,,,,,,,,,,,,,,,,,,,,,,,,,,,,,,,,,,,,,,,,,,,,,,,,,,,,,,,,,,
799,CyanateEster,Cy_0198,CCC(C)(c1ccc(OC#N)cc1)c1cc(C(F)(F)F)c(OC#N)c(C(F)(F)F)c1C#N,564.0302368917498,1.5,6.783395488020955,0.599725,799,,,,,,,,,,,,,,,,,,,,,,,,,,,,,,,,,,,,,,,,,,,,,,,,,,,,,,,,,,,,,,,,
800,CyanateEster,Cy_0102,CCc1cc(C(C)(CC)c2ccc(OC#N)cc2)c(C)cc1OC#N,563.4274146853171,1.5,5.022815010055777,0.599721,800,,,,,,,,,,,,,,,,,,,,,,,,,,,,,,,,,,,,,,,,,,,,,,,,,,,,,,,,,,,,,,,,
801,CyanateEster,Cy_0088,CCc1c(OC)c(OC#N)c(C)c(F)c1C(C)(CC)c1ccc(OC#N)cc1,563.2281999676616,1.5,7.308085872751019,0.59972,801,,,,,,,,,,,,,,,,,,,,,,,,,,,,,,,,,,,,,,,,,,,,,,,,,,,,,,,,,,,,,,,,
802,CyanateEster,Cy_0029,CCc1cc(OC#N)cc(F)c1C(C)(CC)c1ccc(OC#N)cc1,563.0670813034554,1.5,5.136053298762529,0.599719,802,,,,,,,,,,,,,,,,,,,,,,,,,,,,,,,,,,,,,,,,,,,,,,,,,,,,,,,,,,,,,,,,
803,CyanateEster,Cy_0084,CCC(C)(c1ccc(OC#N)cc1)c1c(Br)c(OC)c(OC#N)c(C#N)c1C#N,562.5319958171934,1.5,6.153231943234821,0.599716,804,,,,,,,,,,,,,,,,,,,,,,,,,,,,,,,,,,,,,,,,,,,,,,,,,,,,,,,,,,,,,,,,
804,CyanateEster,Cy_0199,CCC(C)(c1ccc(OC#N)cc1)c1c(N)cc(OC#N)cc1C#N,562.525314905202,1.5,7.320650822781324,0.599716,803,,,,,,,,,,,,,,,,,,,,,,,,,,,,,,,,,,,,,,,,,,,,,,,,,,,,,,,,,,,,,,,,
805,CyanateEster,Cy_0043,CCC(C)(c1ccc(OC#N)c(C)c1)c1ccc(OC#N)c(Cl)c1,562.3383882640153,1.5,7.416001552543521,0.599715,805,,,,,,,,,,,,,,,,,,,,,,,,,,,,,,,,,,,,,,,,,,,,,,,,,,,,,,,,,,,,,,,,
806,CyanateEster,Cy_0180,CCC(C)(c1ccc(OC#N)cc1)c1cc(C#N)c(OC#N)c(C#N)c1C(F)(F)F,562.0389164452869,1.5,7.495585841223579,0.599714,806,,,,,,,,,,,,,,,,,,,,,,,,,,,,,,,,,,,,,,,,,,,,,,,,,,,,,,,,,,,,,,,,
807,CyanateEster,Cy_0168,CCC(C)(c1ccc(OC#N)cc1)c1c(N)cc(OC#N)c(OC)c1Br,562.0678621129606,1.5,6.779681759347985,0.599714,807,,,,,,,,,,,,,,,,,,,,,,,,,,,,,,,,,,,,,,,,,,,,,,,,,,,,,,,,,,,,,,,,
808,CyanateEster,Cy_0138,CCC(C)(c1ccc(OC#N)cc1)c1ccc(OC#N)c(S(N)(=O)=O)c1C,561.9221571490676,1.5,6.667832974606558,0.599713,808,,,,,,,,,,,,,,,,,,,,,,,,,,,,,,,,,,,,,,,,,,,,,,,,,,,,,,,,,,,,,,,,
809,CyanateEster,Cy_0105,CCC(C)(c1ccc(OC#N)cc1)c1cc(C#N)c(OC#N)c(C#N)c1,562.0313036770572,1.5,7.264348225118289,0.599713,809,,,,,,,,,,,,,,,,,,,,,,,,,,,,,,,,,,,,,,,,,,,,,,,,,,,,,,,,,,,,,,,,
810,CyanateEster,Cy_0171,CCc1c(OC)c(OC#N)c(Cl)c(Br)c1C(C)(CC)c1ccc(OC#N)cc1,561.4559354778348,1.5,7.894444698591198,0.59971,810,,,,,,,,,,,,,,,,,,,,,,,,,,,,,,,,,,,,,,,,,,,,,,,,,,,,,,,,,,,,,,,,
811,CyanateEster,Cy_0240,CCC(C)(c1ccc(OC#N)cc1)c1cc(N)c(OC#N)c(F)c1OC,561.3338185274794,1.5,6.75826912208571,0.599709,811,,,,,,,,,,,,,,,,,,,,,,,,,,,,,,,,,,,,,,,,,,,,,,,,,,,,,,,,,,,,,,,,
812,CyanateEster,Cy_0065,CCC(C)(c1ccc(OC#N)c(Cl)c1)c1ccc(OC#N)c(Cl)c1,561.0097761452236,1.5,6.424713838973988,0.599708,812,,,,,,,,,,,,,,,,,,,,,,,,,,,,,,,,,,,,,,,,,,,,,,,,,,,,,,,,,,,,,,,,
813,CyanateEster,Cy_0071,CCC(C)(c1ccc(OC#N)cc1)c1c(OC)c(C)c(OC#N)c(C#N)c1OC,560.8224666121614,1.5,5.664714711526368,0.599706,813,,,,,,,,,,,,,,,,,,,,,,,,,,,,,,,,,,,,,,,,,,,,,,,,,,,,,,,,,,,,,,,,
814,CyanateEster,Cy_0221,CCC(C)(c1ccc(OC#N)cc1)c1c(C)c(N)c(OC#N)c(N)c1S(N)(=O)=O,559.9452187662904,1.5,5.291766152899034,0.599701,814,,,,,,,,,,,,,,,,,,,,,,,,,,,,,,,,,,,,,,,,,,,,,,,,,,,,,,,,,,,,,,,,
815,CyanateEster,Cy_0195,CCc1c(C)c(OC#N)cc(F)c1C(C)(CC)c1ccc(OC#N)cc1,559.9516962672336,1.5,6.951612821403864,0.599701,815,,,,,,,,,,,,,,,,,,,,,,,,,,,,,,,,,,,,,,,,,,,,,,,,,,,,,,,,,,,,,,,,
816,CyanateEster,Cy_0112,CCC(C)(c1ccc(OC#N)cc1)c1cc(Br)c(OC#N)c(Br)c1F,559.7430652629431,1.5,5.2855906031186,0.5997,816,,,,,,,,,,,,,,,,,,,,,,,,,,,,,,,,,,,,,,,,,,,,,,,,,,,,,,,,,,,,,,,,
817,CyanateEster,Cy_0172,CCC(C)(c1ccc(OC#N)cc1)c1c(C)c(C#N)c(OC#N)c(C(F)(F)F)c1OC,559.5406574776006,1.5,4.728482993841757,0.599699,817,,,,,,,,,,,,,,,,,,,,,,,,,,,,,,,,,,,,,,,,,,,,,,,,,,,,,,,,,,,,,,,,
818,CyanateEster,Cy_0200,CCC(C)(c1ccc(OC#N)cc1)c1cc(OC)c(OC#N)c(C(F)(F)F)c1,558.9723744378867,1.5,7.487220176037887,0.599695,818,,,,,,,,,,,,,,,,,,,,,,,,,,,,,,,,,,,,,,,,,,,,,,,,,,,,,,,,,,,,,,,,
819,CyanateEster,Cy_0197,CCc1c(OC#N)c(C(F)(F)F)c(N)c(C(C)(CC)c2ccc(OC#N)cc2)c1OC,558.488665093864,1.5,5.447973387315322,0.599692,819,,,,,,,,,,,,,,,,,,,,,,,,,,,,,,,,,,,,,,,,,,,,,,,,,,,,,,,,,,,,,,,,
820,CyanateEster,Cy_0186,CCC(C)(c1ccc(OC#N)cc1)c1ccc(OC#N)c(C#N)c1N,558.3964952143771,1.5,6.702441922820806,0.599692,820,,,,,,,,,,,,,,,,,,,,,,,,,,,,,,,,,,,,,,,,,,,,,,,,,,,,,,,,,,,,,,,,
821,CyanateEster,Cy_0120,CCC(C)(c1ccc(OC#N)cc1)c1c(Cl)cc(OC#N)c(Br)c1C,558.3341134800237,1.5,8.181982974667992,0.599691,821,,,,,,,,,,,,,,,,,,,,,,,,,,,,,,,,,,,,,,,,,,,,,,,,,,,,,,,,,,,,,,,,
822,CyanateEster,Cy_0055,CCC(C)(c1ccc(OC#N)cc1)c1cc(N)c(OC#N)c(C#N)c1F,558.3168113541749,1.5,6.02315228022948,0.599691,822,,,,,,,,,,,,,,,,,,,,,,,,,,,,,,,,,,,,,,,,,,,,,,,,,,,,,,,,,,,,,,,,
823,CyanateEster,Cy_0202,CCC(C)(c1ccc(OC#N)cc1)c1cc(OC)c(OC#N)c(C)c1N,558.2521011802717,1.5,7.3666547258121735,0.599691,823,,,,,,,,,,,,,,,,,,,,,,,,,,,,,,,,,,,,,,,,,,,,,,,,,,,,,,,,,,,,,,,,
824,CyanateEster,Cy_0059,CCC(C)(c1ccc(OC#N)cc1)c1c(C)c(C#N)c(OC#N)c(S(N)(=O)=O)c1S(N)(=O)=O,558.2733175089613,1.5,5.375706459092492,0.599691,824,,,,,,,,,,,,,,,,,,,,,,,,,,,,,,,,,,,,,,,,,,,,,,,,,,,,,,,,,,,,,,,,
825,CyanateEster,Cy_0174,CCC(C)(c1ccc(OC#N)cc1)c1c(C#N)c(C#N)c(OC#N)c(OC)c1C#N,558.1158834691915,1.5,6.113404190331195,0.59969,825,,,,,,,,,,,,,,,,,,,,,,,,,,,,,,,,,,,,,,,,,,,,,,,,,,,,,,,,,,,,,,,,
826,CyanateEster,Cy_0207,CCC(C)(c1ccc(OC#N)cc1)c1c(F)c(OC)c(OC#N)c(C#N)c1C(F)(F)F,557.8504087101863,1.5,6.906012757286635,0.599688,826,,,,,,,,,,,,,,,,,,,,,,,,,,,,,,,,,,,,,,,,,,,,,,,,,,,,,,,,,,,,,,,,
827,CyanateEster,Cy_0228,CCc1cc(OC#N)c(Cl)c(CC)c1C(C)(CC)c1ccc(OC#N)cc1,557.5875764664823,1.5,6.0822061753921925,0.599687,827,,,,,,,,,,,,,,,,,,,,,,,,,,,,,,,,,,,,,,,,,,,,,,,,,,,,,,,,,,,,,,,,
828,CyanateEster,Cy_0144,CCC(C)(c1ccc(OC#N)cc1)c1c(Br)c(OC)c(OC#N)c(N)c1C#N,557.4085250052103,1.5,6.8465120462888045,0.599686,828,,,,,,,,,,,,,,,,,,,,,,,,,,,,,,,,,,,,,,,,,,,,,,,,,,,,,,,,,,,,,,,,
829,CyanateEster,Cy_0146,CCc1cc(C(C)(CC)c2ccc(OC#N)cc2)c(S(N)(=O)=O)c(C#N)c1OC#N,557.1838155915628,1.5,8.591548307179439,0.599684,829,,,,,,,,,,,,,,,,,,,,,,,,,,,,,,,,,,,,,,,,,,,,,,,,,,,,,,,,,,,,,,,,
830,CyanateEster,Cy_0008,CCc1c(C)c(OC#N)c(C#N)c(OC)c1C(C)(CC)c1ccc(OC#N)cc1,556.995122239185,1.5,8.044927897404065,0.599683,830,,,,,,,,,,,,,,,,,,,,,,,,,,,,,,,,,,,,,,,,,,,,,,,,,,,,,,,,,,,,,,,,
831,CyanateEster,Cy_0030,CCC(C)(c1ccc(OC#N)cc1)c1cc(N)c(OC#N)c(S(N)(=O)=O)c1F,556.3706389129281,1.5,4.725437758775819,0.599679,831,,,,,,,,,,,,,,,,,,,,,,,,,,,,,,,,,,,,,,,,,,,,,,,,,,,,,,,,,,,,,,,,
832,CyanateEster,Cy_0239,CCC(C)(c1ccc(OC#N)cc1)c1c(C)c(N)c(OC#N)c(C#N)c1F,555.8166997180338,1.5,7.558837014281725,0.599676,832,,,,,,,,,,,,,,,,,,,,,,,,,,,,,,,,,,,,,,,,,,,,,,,,,,,,,,,,,,,,,,,,
833,CyanateEster,Cy_0183,CCC(C)(c1ccc(OC#N)cc1)c1c(C)c(C#N)c(OC#N)c(N)c1C(F)(F)F,555.6993183575302,1.5,5.112063456948739,0.599675,833,,,,,,,,,,,,,,,,,,,,,,,,,,,,,,,,,,,,,,,,,,,,,,,,,,,,,,,,,,,,,,,,
834,CyanateEster,Cy_0036,CCC(C)(c1ccc(OC#N)cc1)c1c(C)c(C#N)c(OC#N)c(S(N)(=O)=O)c1C#N,555.5015829620418,1.5,6.529358023564403,0.599674,834,,,,,,,,,,,,,,,,,,,,,,,,,,,,,,,,,,,,,,,,,,,,,,,,,,,,,,,,,,,,,,,,
835,CyanateEster,Cy_0211,CCc1c(Cl)c(C(C)(CC)c2ccc(OC#N)cc2)c(C)c(C(F)(F)F)c1OC#N,555.5940269442925,1.5,9.011515667853082,0.599674,835,,,,,,,,,,,,,,,,,,,,,,,,,,,,,,,,,,,,,,,,,,,,,,,,,,,,,,,,,,,,,,,,
836,CyanateEster,Cy_0153,CCC(C)(c1ccc(OC#N)cc1)c1c(Br)c(C(F)(F)F)c(OC#N)c(F)c1C#N,555.2633431402456,1.5,6.015779657967564,0.599672,836,,,,,,,,,,,,,,,,,,,,,,,,,,,,,,,,,,,,,,,,,,,,,,,,,,,,,,,,,,,,,,,,
837,CyanateEster,Cy_0011,CCC(C)(c1ccc(OC#N)cc1)c1ccc(OC#N)cc1C,555.1453545628088,1.5,7.43811006849899,0.599671,837,,,,,,,,,,,,,,,,,,,,,,,,,,,,,,,,,,,,,,,,,,,,,,,,,,,,,,,,,,,,,,,,
838,CyanateEster,Cy_0149,CCC(C)(c1ccc(OC#N)cc1)c1c(F)cc(OC#N)c(C#N)c1C(F)(F)F,554.9836902840228,1.5,5.7953584548354025,0.59967,838,,,,,,,,,,,,,,,,,,,,,,,,,,,,,,,,,,,,,,,,,,,,,,,,,,,,,,,,,,,,,,,,
839,CyanateEster,Cy_0167,CCC(C)(c1ccc(OC#N)cc1C)c1ccc(OC#N)cc1N,554.5204108809268,1.5032661826654443,8.73674288025822,0.599667,839,,,,,,,,,,,,,,,,,,,,,,,,,,,,,,,,,,,,,,,,,,,,,,,,,,,,,,,,,,,,,,,,
840,CyanateEster,Cy_0143,CCC(C)(c1ccc(OC#N)cc1)c1ccc(OC#N)c(C(F)(F)F)c1F,553.937816588669,1.5,5.251063084734147,0.599663,840,,,,,,,,,,,,,,,,,,,,,,,,,,,,,,,,,,,,,,,,,,,,,,,,,,,,,,,,,,,,,,,,
841,CyanateEster,Cy_0234,CCc1c(Cl)c(OC#N)cc(S(N)(=O)=O)c1C(C)(CC)c1ccc(OC#N)cc1,553.8088797930559,1.5,6.951833551387589,0.599662,842,,,,,,,,,,,,,,,,,,,,,,,,,,,,,,,,,,,,,,,,,,,,,,,,,,,,,,,,,,,,,,,,
842,CyanateEster,Cy_0033,CCC(C)(c1ccc(OC#N)cc1C)c1ccc(OC#N)cc1F,553.7136500785192,1.5,7.6643564524310195,0.599662,841,,,,,,,,,,,,,,,,,,,,,,,,,,,,,,,,,,,,,,,,,,,,,,,,,,,,,,,,,,,,,,,,
843,CyanateEster,Cy_0046,CCc1cc(OC#N)c(S(N)(=O)=O)c(F)c1C(C)(CC)c1ccc(OC#N)cc1,553.3004157890538,1.5,5.436300303597514,0.599659,843,,,,,,,,,,,,,,,,,,,,,,,,,,,,,,,,,,,,,,,,,,,,,,,,,,,,,,,,,,,,,,,,
844,CyanateEster,Cy_0016,CCC(C)(c1ccc(OC#N)cc1)c1cc(N)c(OC#N)cc1F,553.2177880600602,1.5,6.201781162866332,0.599658,844,,,,,,,,,,,,,,,,,,,,,,,,,,,,,,,,,,,,,,,,,,,,,,,,,,,,,,,,,,,,,,,,
845,CyanateEster,Cy_0062,CCc1c(C(C)(CC)c2ccc(OC#N)cc2)ccc(OC#N)c1Cl,553.0039840861571,1.5,5.734472461765083,0.599657,845,,,,,,,,,,,,,,,,,,,,,,,,,,,,,,,,,,,,,,,,,,,,,,,,,,,,,,,,,,,,,,,,
846,CyanateEster,Cy_0025,CCC(C)(c1ccc(OC#N)cc1)c1ccc(OC#N)cc1F,553.0451904865573,1.5,7.58354897292635,0.599657,846,,,,,,,,,,,,,,,,,,,,,,,,,,,,,,,,,,,,,,,,,,,,,,,,,,,,,,,,,,,,,,,,
847,CyanateEster,Cy_0223,CCC(C)(c1ccc(OC#N)cc1)c1c(F)cc(OC#N)c(Cl)c1C(F)(F)F,552.8984578813803,1.5,5.620925652819144,0.599656,847,,,,,,,,,,,,,,,,,,,,,,,,,,,,,,,,,,,,,,,,,,,,,,,,,,,,,,,,,,,,,,,,
848,CyanateEster,Cy_0003,CCC(C)(c1ccc(OC#N)cc1)c1ccc(OC#N)c(N)c1,552.4024716009895,1.5,6.152316069201149,0.599653,848,,,,,,,,,,,,,,,,,,,,,,,,,,,,,,,,,,,,,,,,,,,,,,,,,,,,,,,,,,,,,,,,
849,CyanateEster,Cy_0134,CCC(C)(c1ccc(OC#N)cc1)c1cc(C)c(OC#N)cc1F,552.3620714824262,1.5,5.000158944446531,0.599652,849,,,,,,,,,,,,,,,,,,,,,,,,,,,,,,,,,,,,,,,,,,,,,,,,,,,,,,,,,,,,,,,,
850,CyanateEster,Cy_0178,CCc1c(C(F)(F)F)c(OC#N)c(Cl)c(F)c1C(C)(CC)c1ccc(OC#N)cc1,551.951345327837,1.5,7.488513121480078,0.59965,850,,,,,,,,,,,,,,,,,,,,,,,,,,,,,,,,,,,,,,,,,,,,,,,,,,,,,,,,,,,,,,,,
851,CyanateEster,Cy_0089,CCC(C)(c1ccc(OC#N)cc1)c1c(F)cc(OC#N)c(N)c1C,551.8883635482591,1.5,7.2467435892609435,0.599649,851,,,,,,,,,,,,,,,,,,,,,,,,,,,,,,,,,,,,,,,,,,,,,,,,,,,,,,,,,,,,,,,,
852,CyanateEster,Cy_0021,CCC(C)(c1ccc(OC#N)cc1)c1cc(S(N)(=O)=O)c(OC#N)c(C#N)c1C,551.3712331890263,1.5,5.1745896029900535,0.599645,852,,,,,,,,,,,,,,,,,,,,,,,,,,,,,,,,,,,,,,,,,,,,,,,,,,,,,,,,,,,,,,,,
853,CyanateEster,Cy_0006,CCC(C)(c1ccc(OC#N)cc1)c1ccc(OC#N)c(C#N)c1OC,551.160121358566,1.5,7.231892874919356,0.599644,853,,,,,,,,,,,,,,,,,,,,,,,,,,,,,,,,,,,,,,,,,,,,,,,,,,,,,,,,,,,,,,,,
854,CyanateEster,Cy_0179,CCC(C)(c1ccc(OC#N)cc1)c1ccc(OC#N)c(F)c1C,550.794733276544,1.5,7.063244464574165,0.599641,854,,,,,,,,,,,,,,,,,,,,,,,,,,,,,,,,,,,,,,,,,,,,,,,,,,,,,,,,,,,,,,,,
855,CyanateEster,Cy_0193,CCC(C)(c1ccc(OC#N)cc1)c1c(C(F)(F)F)c(C#N)c(OC#N)c(C(F)(F)F)c1C(F)(F)F,550.1588006654302,1.5,5.5715747242395155,0.599637,855,,,,,,,,,,,,,,,,,,,,,,,,,,,,,,,,,,,,,,,,,,,,,,,,,,,,,,,,,,,,,,,,
856,CyanateEster,Cy_0085,CCC(C)(c1ccc(OC#N)cc1)c1ccc(OC#N)c(OC)c1Br,550.1169318210973,1.5,7.194480868664916,0.599636,856,,,,,,,,,,,,,,,,,,,,,,,,,,,,,,,,,,,,,,,,,,,,,,,,,,,,,,,,,,,,,,,,
857,CyanateEster,Cy_0012,CCC(C)(c1cc(N)c(OC#N)c(N)c1)c1ccc(OC#N)cc1N,549.7500309197067,1.5,6.629686506764822,0.599634,857,,,,,,,,,,,,,,,,,,,,,,,,,,,,,,,,,,,,,,,,,,,,,,,,,,,,,,,,,,,,,,,,
858,CyanateEster,Cy_0106,CCC(C)(c1ccc(OC#N)cc1)c1cc(C#N)c(OC#N)c(C#N)c1F,549.498401672884,1.5,6.524073008389153,0.599632,858,,,,,,,,,,,,,,,,,,,,,,,,,,,,,,,,,,,,,,,,,,,,,,,,,,,,,,,,,,,,,,,,
859,CyanateEster,Cy_0169,CCC(C)(c1ccc(OC#N)cc1)c1cc(N)c(OC#N)c(OC)c1Cl,549.5003654531757,1.5,6.501561850670341,0.599632,859,,,,,,,,,,,,,,,,,,,,,,,,,,,,,,,,,,,,,,,,,,,,,,,,,,,,,,,,,,,,,,,,
860,CyanateEster,Cy_0069,CCC(C)(c1ccc(OC#N)cc1)c1c(C)cc(OC#N)cc1F,549.0892371961372,1.5,5.851332936495164,0.599629,860,,,,,,,,,,,,,,,,,,,,,,,,,,,,,,,,,,,,,,,,,,,,,,,,,,,,,,,,,,,,,,,,
861,CyanateEster,Cy_0081,CCC(C)(c1ccc(OC#N)cc1)c1ccc(OC#N)cc1C(F)(F)F,548.9636363029251,1.5,6.75140150201597,0.599628,861,,,,,,,,,,,,,,,,,,,,,,,,,,,,,,,,,,,,,,,,,,,,,,,,,,,,,,,,,,,,,,,,
862,CyanateEster,Cy_0083,CCC(C)(c1ccc(OC#N)cc1)c1c(C#N)cc(OC#N)c(C(F)(F)F)c1C(F)(F)F,548.8121876325853,1.5,7.399112540338643,0.599627,862,,,,,,,,,,,,,,,,,,,,,,,,,,,,,,,,,,,,,,,,,,,,,,,,,,,,,,,,,,,,,,,,
863,CyanateEster,Cy_0024,CCC(C)(c1ccc(OC#N)cc1)c1c(F)c(N)c(OC#N)c(N)c1C#N,548.4128290614526,1.5,6.05058724761158,0.599624,863,,,,,,,,,,,,,,,,,,,,,,,,,,,,,,,,,,,,,,,,,,,,,,,,,,,,,,,,,,,,,,,,
864,CyanateEster,Cy_0111,CCC(C)(c1ccc(OC#N)cc1)c1ccc(OC#N)c(S(N)(=O)=O)c1,548.463899906727,1.5,7.52719310592001,0.599624,864,,,,,,,,,,,,,,,,,,,,,,,,,,,,,,,,,,,,,,,,,,,,,,,,,,,,,,,,,,,,,,,,
865,CyanateEster,Cy_0213,CCc1c(C(C)(CC)c2ccc(OC#N)cc2)cc(C#N)c(OC#N)c1OC,548.3530464421015,1.5,7.884764732359289,0.599623,865,,,,,,,,,,,,,,,,,,,,,,,,,,,,,,,,,,,,,,,,,,,,,,,,,,,,,,,,,,,,,,,,
866,CyanateEster,Cy_0227,CCC(C)(c1ccc(OC#N)cc1)c1ccc(OC#N)c(OC)c1Cl,548.0176460504307,1.5,6.553507779051754,0.599621,866,,,,,,,,,,,,,,,,,,,,,,,,,,,,,,,,,,,,,,,,,,,,,,,,,,,,,,,,,,,,,,,,
867,CyanateEster,Cy_0034,CCC(C)(c1ccc(OC#N)cc1)c1ccc(OC#N)c(Br)c1F,547.8500991565611,1.5,7.244264771838772,0.59962,867,,,,,,,,,,,,,,,,,,,,,,,,,,,,,,,,,,,,,,,,,,,,,,,,,,,,,,,,,,,,,,,,
868,CyanateEster,Cy_0230,CCc1cc(OC#N)c(S(N)(=O)=O)cc1C(C)(CC)c1ccc(OC#N)cc1,547.5913949737834,1.5,4.92569845238557,0.599618,868,,,,,,,,,,,,,,,,,,,,,,,,,,,,,,,,,,,,,,,,,,,,,,,,,,,,,,,,,,,,,,,,
869,CyanateEster,Cy_0139,CCc1c(N)c(C(C)(CC)c2ccc(OC#N)cc2)cc(C(F)(F)F)c1OC#N,547.2799223748049,1.5,6.464280928165544,0.599615,870,,,,,,,,,,,,,,,,,,,,,,,,,,,,,,,,,,,,,,,,,,,,,,,,,,,,,,,,,,,,,,,,
870,CyanateEster,Cy_0114,CCC(C)(c1ccc(OC#N)c(C)c1)c1ccc(OC#N)c(N)c1,547.2831543874279,1.5,4.814840937908073,0.599615,869,,,,,,,,,,,,,,,,,,,,,,,,,,,,,,,,,,,,,,,,,,,,,,,,,,,,,,,,,,,,,,,,
871,CyanateEster,Cy_0206,CCC(C)(c1ccc(OC#N)cc1)c1c(OC)cc(OC#N)c(F)c1C,547.1037391356364,1.5,6.360610650576922,0.599614,871,,,,,,,,,,,,,,,,,,,,,,,,,,,,,,,,,,,,,,,,,,,,,,,,,,,,,,,,,,,,,,,,
872,CyanateEster,Cy_0187,CCC(C)(c1ccc(OC#N)cc1)c1c(Br)c(F)c(OC#N)c(C(F)(F)F)c1Br,546.6608681393243,1.5,6.66720085248215,0.59961,872,,,,,,,,,,,,,,,,,,,,,,,,,,,,,,,,,,,,,,,,,,,,,,,,,,,,,,,,,,,,,,,,
873,CyanateEster,Cy_0237,CCC(C)(c1ccc(OC#N)cc1)c1c(N)c(C#N)c(OC#N)c(OC)c1Br,546.0415448872255,1.5,6.001216459073042,0.599606,873,,,,,,,,,,,,,,,,,,,,,,,,,,,,,,,,,,,,,,,,,,,,,,,,,,,,,,,,,,,,,,,,
874,CyanateEster,Cy_0074,CCC(C)(c1ccc(OC#N)cc1C)c1ccc(OC#N)cc1C,545.7852618447031,1.5,6.268998201073333,0.599604,874,,,,,,,,,,,,,,,,,,,,,,,,,,,,,,,,,,,,,,,,,,,,,,,,,,,,,,,,,,,,,,,,
875,CyanateEster,Cy_0205,CCC(C)(c1ccc(OC#N)cc1)c1c(C(F)(F)F)c(N)c(OC#N)c(N)c1S(N)(=O)=O,545.71778236955,1.5,6.032663498054089,0.599603,875,,,,,,,,,,,,,,,,,,,,,,,,,,,,,,,,,,,,,,,,,,,,,,,,,,,,,,,,,,,,,,,,
876,CyanateEster,Cy_0124,CCC(C)(c1ccc(OC#N)cc1)c1c(N)c(N)c(OC#N)c(N)c1S(N)(=O)=O,545.4588154377335,1.5,6.41518179483197,0.599601,876,,,,,,,,,,,,,,,,,,,,,,,,,,,,,,,,,,,,,,,,,,,,,,,,,,,,,,,,,,,,,,,,
877,CyanateEster,Cy_0188,CCc1cc(OC#N)c(CC)c(F)c1C(C)(CC)c1ccc(OC#N)cc1,545.4343336593278,1.5,4.162759828082233,0.599601,877,,,,,,,,,,,,,,,,,,,,,,,,,,,,,,,,,,,,,,,,,,,,,,,,,,,,,,,,,,,,,,,,
878,CyanateEster,Cy_0125,CCC(C)(c1ccc(OC#N)cc1)c1c(F)c(Br)c(OC#N)c(C(F)(F)F)c1Cl,545.3700306529264,1.5,6.509915985740326,0.5996,878,,,,,,,,,,,,,,,,,,,,,,,,,,,,,,,,,,,,,,,,,,,,,,,,,,,,,,,,,,,,,,,,
879,CyanateEster,Cy_0210,CCc1c(Cl)c(C(C)(CC)c2ccc(OC#N)cc2)c(C(F)(F)F)c(Cl)c1OC#N,545.2280538368161,1.5,7.22344059637053,0.599599,879,,,,,,,,,,,,,,,,,,,,,,,,,,,,,,,,,,,,,,,,,,,,,,,,,,,,,,,,,,,,,,,,
880,CyanateEster,Cy_0155,CCC(C)(c1ccc(OC#N)cc1)c1cc(N)c(OC#N)c(S(N)(=O)=O)c1,545.0166941329738,1.5,4.220357716893019,0.599597,880,,,,,,,,,,,,,,,,,,,,,,,,,,,,,,,,,,,,,,,,,,,,,,,,,,,,,,,,,,,,,,,,
881,CyanateEster,Cy_0079,CCc1c(Cl)c(OC#N)cc(Cl)c1C(C)(CC)c1ccc(OC#N)cc1,544.8045923730813,1.5,6.886352893447678,0.599596,881,,,,,,,,,,,,,,,,,,,,,,,,,,,,,,,,,,,,,,,,,,,,,,,,,,,,,,,,,,,,,,,,
882,CyanateEster,Cy_0072,CCc1c(Cl)c(OC#N)cc(N)c1C(C)(CC)c1ccc(OC#N)cc1,544.365323982836,1.5,5.829066956255143,0.599592,882,,,,,,,,,,,,,,,,,,,,,,,,,,,,,,,,,,,,,,,,,,,,,,,,,,,,,,,,,,,,,,,,
883,CyanateEster,Cy_0077,CCc1c(OC#N)ccc(C(C)(CC)c2ccc(OC#N)cc2)c1S(N)(=O)=O,544.1776679763102,1.5,7.572595045107724,0.599591,883,,,,,,,,,,,,,,,,,,,,,,,,,,,,,,,,,,,,,,,,,,,,,,,,,,,,,,,,,,,,,,,,
884,CyanateEster,Cy_0150,CCC(C)(c1ccc(OC#N)cc1)c1c(F)c(N)c(OC#N)c(C#N)c1C(F)(F)F,544.1320568200606,1.5,6.644814605363723,0.59959,884,,,,,,,,,,,,,,,,,,,,,,,,,,,,,,,,,,,,,,,,,,,,,,,,,,,,,,,,,,,,,,,,
885,CyanateEster,Cy_0173,CCc1c(N)c(C(C)(CC)c2ccc(OC#N)cc2)c(Br)c(C(F)(F)F)c1OC#N,543.5634737895455,1.5,5.589704917083896,0.599586,885,,,,,,,,,,,,,,,,,,,,,,,,,,,,,,,,,,,,,,,,,,,,,,,,,,,,,,,,,,,,,,,,
886,CyanateEster,Cy_0080,CCC(C)(c1ccc(OC#N)cc1)c1ccc(OC#N)c(C(F)(F)F)c1N,543.3490609182505,1.5,6.34666572383032,0.599584,886,,,,,,,,,,,,,,,,,,,,,,,,,,,,,,,,,,,,,,,,,,,,,,,,,,,,,,,,,,,,,,,,
887,CyanateEster,Cy_0175,CCC(C)(c1ccc(OC#N)cc1)c1ccc(OC#N)cc1N,543.163059927184,1.5,6.043810460068122,0.599582,887,,,,,,,,,,,,,,,,,,,,,,,,,,,,,,,,,,,,,,,,,,,,,,,,,,,,,,,,,,,,,,,,
888,CyanateEster,Cy_0121,CCC(C)(c1ccc(OC#N)cc1)c1cc(F)c(OC#N)cc1Br,542.9903785959124,1.5,8.305963581552827,0.599581,888,,,,,,,,,,,,,,,,,,,,,,,,,,,,,,,,,,,,,,,,,,,,,,,,,,,,,,,,,,,,,,,,
889,CyanateEster,Cy_0104,CCC(C)(c1ccc(OC#N)cc1)c1cc(N)c(OC#N)c(OC)c1,543.0516609096239,1.5,5.530275722577291,0.599581,889,,,,,,,,,,,,,,,,,,,,,,,,,,,,,,,,,,,,,,,,,,,,,,,,,,,,,,,,,,,,,,,,
890,CyanateEster,Cy_0140,CCC(C)(c1ccc(OC#N)cc1)c1cc(Cl)c(OC#N)c(C(F)(F)F)c1C(F)(F)F,542.9048969166006,1.5,6.826126087752112,0.59958,890,,,,,,,,,,,,,,,,,,,,,,,,,,,,,,,,,,,,,,,,,,,,,,,,,,,,,,,,,,,,,,,,
891,CyanateEster,Cy_0122,CCC(C)(c1ccc(OC#N)cc1)c1cc(F)c(OC#N)c(C(F)(F)F)c1Br,542.7340581338428,1.5,6.633218431115283,0.599579,891,,,,,,,,,,,,,,,,,,,,,,,,,,,,,,,,,,,,,,,,,,,,,,,,,,,,,,,,,,,,,,,,
892,CyanateEster,Cy_0058,CCc1cc(C(C)(CC)c2ccc(OC#N)cc2)cc(Cl)c1OC#N,542.6048250854332,1.5,4.9155060325540845,0.599578,892,,,,,,,,,,,,,,,,,,,,,,,,,,,,,,,,,,,,,,,,,,,,,,,,,,,,,,,,,,,,,,,,
893,CyanateEster,Cy_0028,CCc1c(Cl)c(OC#N)c(C#N)c(OC)c1C(C)(CC)c1ccc(OC#N)cc1,542.0937864189262,1.5,7.18104948293358,0.599573,893,,,,,,,,,,,,,,,,,,,,,,,,,,,,,,,,,,,,,,,,,,,,,,,,,,,,,,,,,,,,,,,,
894,CyanateEster,Cy_0192,CCC(C)(c1ccc(OC#N)cc1)c1c(OC)cc(OC#N)cc1S(N)(=O)=O,541.9108710321835,1.5,6.049300975393571,0.599572,894,,,,,,,,,,,,,,,,,,,,,,,,,,,,,,,,,,,,,,,,,,,,,,,,,,,,,,,,,,,,,,,,
895,CyanateEster,Cy_0238,CCC(C)(c1ccc(OC#N)cc1)c1cc(F)c(OC#N)cc1Cl,541.0611549097066,1.5,7.205070737892197,0.599564,895,,,,,,,,,,,,,,,,,,,,,,,,,,,,,,,,,,,,,,,,,,,,,,,,,,,,,,,,,,,,,,,,
896,CyanateEster,Cy_0209,CCC(C)(c1ccc(OC#N)cc1)c1cc(C#N)c(OC#N)c(C#N)c1C#N,540.7630333786542,1.5,7.386601811429036,0.599562,896,,,,,,,,,,,,,,,,,,,,,,,,,,,,,,,,,,,,,,,,,,,,,,,,,,,,,,,,,,,,,,,,
897,CyanateEster,Cy_0026,CCC(C)(c1ccc(OC#N)c(N)c1)c1ccc(OC#N)cc1Br,540.6075657142756,1.5,6.756950944208094,0.59956,897,,,,,,,,,,,,,,,,,,,,,,,,,,,,,,,,,,,,,,,,,,,,,,,,,,,,,,,,,,,,,,,,
898,CyanateEster,Cy_0091,CCc1c(C(C)(CC)c2ccc(OC#N)cc2)cc(C(F)(F)F)c(OC#N)c1CC,540.5426430808905,1.5,5.506070408914443,0.59956,898,,,,,,,,,,,,,,,,,,,,,,,,,,,,,,,,,,,,,,,,,,,,,,,,,,,,,,,,,,,,,,,,
899,CyanateEster,Cy_0109,CCc1cc(OC#N)c(C)c(F)c1C(C)(CC)c1ccc(OC#N)cc1,540.5926539729843,1.5,5.9578878255730725,0.59956,899,,,,,,,,,,,,,,,,,,,,,,,,,,,,,,,,,,,,,,,,,,,,,,,,,,,,,,,,,,,,,,,,
900,CyanateEster,Cy_0133,CCc1c(F)c(OC#N)c(C)c(F)c1C(C)(CC)c1ccc(OC#N)cc1,540.2923703662306,1.5,5.209328295726068,0.599558,900,,,,,,,,,,,,,,,,,,,,,,,,,,,,,,,,,,,,,,,,,,,,,,,,,,,,,,,,,,,,,,,,
901,CyanateEster,Cy_0023,CCC(C)(c1ccc(OC#N)cc1)c1c(OC)cc(OC#N)c(C#N)c1C,540.1890350312057,1.5,5.144200952877446,0.599557,901,,,,,,,,,,,,,,,,,,,,,,,,,,,,,,,,,,,,,,,,,,,,,,,,,,,,,,,,,,,,,,,,
902,CyanateEster,Cy_0015,CCC(C)(c1ccc(OC#N)cc1)c1ccc(OC#N)c(Br)c1C,539.2627220816237,1.5,6.567557814323294,0.599548,902,,,,,,,,,,,,,,,,,,,,,,,,,,,,,,,,,,,,,,,,,,,,,,,,,,,,,,,,,,,,,,,,
903,CyanateEster,Cy_0092,CCC(C)(c1ccc(OC#N)cc1)c1cc(N)c(OC#N)c(F)c1,539.0344320889385,1.5,7.744690958681006,0.599546,903,,,,,,,,,,,,,,,,,,,,,,,,,,,,,,,,,,,,,,,,,,,,,,,,,,,,,,,,,,,,,,,,
904,CyanateEster,Cy_0056,CCC(C)(c1ccc(OC#N)cc1)c1c(N)c(C#N)c(OC#N)c(OC)c1OC,538.6302576700105,1.5,6.427326950701653,0.599543,904,,,,,,,,,,,,,,,,,,,,,,,,,,,,,,,,,,,,,,,,,,,,,,,,,,,,,,,,,,,,,,,,
905,CyanateEster,Cy_0119,CCC(C)(c1cc(Cl)c(OC#N)c(Cl)c1)c1ccc(OC#N)cc1Cl,538.5715060729175,1.5,7.890265882933272,0.599542,905,,,,,,,,,,,,,,,,,,,,,,,,,,,,,,,,,,,,,,,,,,,,,,,,,,,,,,,,,,,,,,,,
906,CyanateEster,Cy_0235,CCC(C)(c1ccc(OC#N)cc1)c1cc(S(N)(=O)=O)c(OC#N)c(C(F)(F)F)c1N,537.905626160512,1.5,5.240561125591267,0.599536,906,,,,,,,,,,,,,,,,,,,,,,,,,,,,,,,,,,,,,,,,,,,,,,,,,,,,,,,,,,,,,,,,
907,CyanateEster,Cy_0053,CCc1c(C#N)c(OC#N)c(OC)c(Br)c1C(C)(CC)c1ccc(OC#N)cc1,537.864214433574,1.5,6.404781401065686,0.599536,907,,,,,,,,,,,,,,,,,,,,,,,,,,,,,,,,,,,,,,,,,,,,,,,,,,,,,,,,,,,,,,,,
908,CyanateEster,Cy_0090,CCC(C)(c1ccc(OC#N)cc1)c1ccc(OC#N)c(Cl)c1C(F)(F)F,537.74198128388,1.5,6.006687309927536,0.599534,908,,,,,,,,,,,,,,,,,,,,,,,,,,,,,,,,,,,,,,,,,,,,,,,,,,,,,,,,,,,,,,,,
909,CyanateEster,Cy_0042,CCC(C)(c1ccc(OC#N)cc1)c1cc(N)c(OC#N)c(C)c1S(N)(=O)=O,537.6264944752277,1.5,6.3107470499191045,0.599533,909,,,,,,,,,,,,,,,,,,,,,,,,,,,,,,,,,,,,,,,,,,,,,,,,,,,,,,,,,,,,,,,,
910,CyanateEster,Cy_0078,CCC(C)(c1ccc(OC#N)cc1)c1cc(N)c(OC#N)c(C#N)c1OC,537.6178762230719,1.5,7.079963143818887,0.599533,910,,,,,,,,,,,,,,,,,,,,,,,,,,,,,,,,,,,,,,,,,,,,,,,,,,,,,,,,,,,,,,,,
911,CyanateEster,Cy_0067,CCC(C)(c1ccc(OC#N)cc1)c1ccc(OC#N)c(OC)c1,537.423406253745,1.5,5.669038593239727,0.599531,911,,,,,,,,,,,,,,,,,,,,,,,,,,,,,,,,,,,,,,,,,,,,,,,,,,,,,,,,,,,,,,,,
912,CyanateEster,Cy_0225,CCC(C)(c1ccc(OC#N)cc1)c1cc(S(N)(=O)=O)c(OC#N)cc1N,537.318041598028,1.5,5.936558996092306,0.59953,912,,,,,,,,,,,,,,,,,,,,,,,,,,,,,,,,,,,,,,,,,,,,,,,,,,,,,,,,,,,,,,,,
913,CyanateEster,Cy_0007,CCc1cc(OC#N)c(C#N)c(OC)c1C(C)(CC)c1ccc(OC#N)cc1,536.2290645121803,1.5,6.373547447413834,0.59952,913,,,,,,,,,,,,,,,,,,,,,,,,,,,,,,,,,,,,,,,,,,,,,,,,,,,,,,,,,,,,,,,,
914,CyanateEster,Cy_0054,CCc1c(C#N)c(C(C)(CC)c2ccc(OC#N)cc2)c(C)c(C#N)c1OC#N,536.1108519483043,1.5,6.823160794976408,0.599519,914,,,,,,,,,,,,,,,,,,,,,,,,,,,,,,,,,,,,,,,,,,,,,,,,,,,,,,,,,,,,,,,,
915,CyanateEster,Cy_0159,CCC(C)(c1ccc(OC#N)cc1)c1cc(F)c(OC#N)c(S(N)(=O)=O)c1,535.9642501286988,1.5,5.202862867868272,0.599518,915,,,,,,,,,,,,,,,,,,,,,,,,,,,,,,,,,,,,,,,,,,,,,,,,,,,,,,,,,,,,,,,,
916,CyanateEster,Cy_0045,CCC(C)(c1ccc(OC#N)cc1)c1c(F)c(Br)c(OC#N)c(C#N)c1Cl,534.9796514335013,1.5,6.436485035321044,0.599508,916,,,,,,,,,,,,,,,,,,,,,,,,,,,,,,,,,,,,,,,,,,,,,,,,,,,,,,,,,,,,,,,,
917,CyanateEster,Cy_0203,CCc1c(OC#N)cc(C)c(C(C)(CC)c2ccc(OC#N)cc2)c1Cl,533.9033464768572,1.5,5.429184180797416,0.599497,917,,,,,,,,,,,,,,,,,,,,,,,,,,,,,,,,,,,,,,,,,,,,,,,,,,,,,,,,,,,,,,,,
918,CyanateEster,Cy_0215,CCC(C)(c1ccc(OC#N)cc1)c1ccc(OC#N)c(S(N)(=O)=O)c1Br,533.4148190863904,1.5,2.8552483115918883,0.599492,918,,,,,,,,,,,,,,,,,,,,,,,,,,,,,,,,,,,,,,,,,,,,,,,,,,,,,,,,,,,,,,,,
919,CyanateEster,Cy_0162,CCC(C)(c1ccc(OC#N)cc1)c1ccc(OC#N)c(N)c1C#N,533.3429550885419,1.5,7.253590768131921,0.599492,919,,,,,,,,,,,,,,,,,,,,,,,,,,,,,,,,,,,,,,,,,,,,,,,,,,,,,,,,,,,,,,,,
920,CyanateEster,Cy_0216,CCC(C)(c1ccc(OC#N)cc1)c1c(N)cc(OC#N)c(S(N)(=O)=O)c1C#N,531.669787974777,1.5,4.31478943435547,0.599474,920,,,,,,,,,,,,,,,,,,,,,,,,,,,,,,,,,,,,,,,,,,,,,,,,,,,,,,,,,,,,,,,,
921,CyanateEster,Cy_0108,CCc1cc(C(C)(CC)c2ccc(OC#N)cc2)c(C#N)c(Cl)c1OC#N,530.0720438216617,1.5,6.714705023748076,0.599457,921,,,,,,,,,,,,,,,,,,,,,,,,,,,,,,,,,,,,,,,,,,,,,,,,,,,,,,,,,,,,,,,,
922,CyanateEster,Cy_0010,CCC(C)(c1ccc(OC#N)cc1)c1ccc(OC#N)c(C#N)c1S(N)(=O)=O,529.2278915720982,1.5,5.116915618026153,0.599448,922,,,,,,,,,,,,,,,,,,,,,,,,,,,,,,,,,,,,,,,,,,,,,,,,,,,,,,,,,,,,,,,,
923,CyanateEster,Cy_0231,CCC(C)(c1ccc(OC#N)cc1)c1c(Br)cc(OC#N)cc1C(F)(F)F,529.093082605139,1.5,5.9981585475053985,0.599447,923,,,,,,,,,,,,,,,,,,,,,,,,,,,,,,,,,,,,,,,,,,,,,,,,,,,,,,,,,,,,,,,,
924,CyanateEster,Cy_0096,CCC(C)(c1ccc(OC#N)cc1)c1cc(N)c(OC#N)c(N)c1S(N)(=O)=O,528.9184127839665,1.5,5.401434118857806,0.599445,924,,,,,,,,,,,,,,,,,,,,,,,,,,,,,,,,,,,,,,,,,,,,,,,,,,,,,,,,,,,,,,,,
925,CyanateEster,Cy_0100,CCc1cc(C(C)(CC)c2ccc(OC#N)cc2)c(C(F)(F)F)c(Cl)c1OC#N,528.9258769718729,1.5,7.387069366236584,0.599445,925,,,,,,,,,,,,,,,,,,,,,,,,,,,,,,,,,,,,,,,,,,,,,,,,,,,,,,,,,,,,,,,,
926,CyanateEster,Cy_0103,CCC(C)(c1ccc(OC#N)c(Cl)c1)c1ccc(OC#N)cc1Cl,528.1924838965523,1.5,6.045320498788697,0.599437,926,,,,,,,,,,,,,,,,,,,,,,,,,,,,,,,,,,,,,,,,,,,,,,,,,,,,,,,,,,,,,,,,
927,CyanateEster,Cy_0161,CCC(C)(c1ccc(OC#N)cc1)c1cc(C(F)(F)F)c(OC#N)cc1OC,528.171463099604,1.5,5.351142349450874,0.599436,927,,,,,,,,,,,,,,,,,,,,,,,,,,,,,,,,,,,,,,,,,,,,,,,,,,,,,,,,,,,,,,,,
928,CyanateEster,Cy_0189,CCC(C)(c1ccc(OC#N)cc1)c1ccc(OC#N)c(C(F)(F)F)c1C(F)(F)F,527.8769635671301,1.5,6.497981661684857,0.599433,928,,,,,,,,,,,,,,,,,,,,,,,,,,,,,,,,,,,,,,,,,,,,,,,,,,,,,,,,,,,,,,,,
929,CyanateEster,Cy_0013,CCC(C)(c1ccc(OC#N)cc1)c1cc(C#N)c(OC#N)c(OC)c1,527.3066024427528,1.5,4.069969106072663,0.599427,929,,,,,,,,,,,,,,,,,,,,,,,,,,,,,,,,,,,,,,,,,,,,,,,,,,,,,,,,,,,,,,,,
930,CyanateEster,Cy_0098,CCc1c(F)c(C(C)(CC)c2ccc(OC#N)cc2)cc(C(F)(F)F)c1OC#N,525.5087206434994,1.5,7.2875564218227415,0.599406,930,,,,,,,,,,,,,,,,,,,,,,,,,,,,,,,,,,,,,,,,,,,,,,,,,,,,,,,,,,,,,,,,
931,CyanateEster,Cy_0101,CCC(C)(c1ccc(OC#N)cc1)c1cc(F)c(OC#N)cc1S(N)(=O)=O,525.3211342859648,1.5,4.205092371608074,0.599403,931,,,,,,,,,,,,,,,,,,,,,,,,,,,,,,,,,,,,,,,,,,,,,,,,,,,,,,,,,,,,,,,,
932,CyanateEster,Cy_0082,CCc1c(OC#N)c(C(F)(F)F)cc(C(C)(CC)c2ccc(OC#N)cc2)c1OC,525.229017685657,1.5,6.004746266638625,0.599402,932,,,,,,,,,,,,,,,,,,,,,,,,,,,,,,,,,,,,,,,,,,,,,,,,,,,,,,,,,,,,,,,,
933,CyanateEster,Cy_0217,CCc1c(Cl)c(C(C)(CC)c2ccc(OC#N)cc2)c(C)c(F)c1OC#N,524.6763884292623,1.5,4.602486743758791,0.599396,934,,,,,,,,,,,,,,,,,,,,,,,,,,,,,,,,,,,,,,,,,,,,,,,,,,,,,,,,,,,,,,,,
934,CyanateEster,Cy_0151,CCc1cc(C(C)(CC)c2ccc(OC#N)cc2)c(Cl)c(C(F)(F)F)c1OC#N,524.709386516316,1.5,6.406798553320917,0.599396,933,,,,,,,,,,,,,,,,,,,,,,,,,,,,,,,,,,,,,,,,,,,,,,,,,,,,,,,,,,,,,,,,
935,CyanateEster,Cy_0165,CCc1c(C(C)(CC)c2ccc(OC#N)cc2)c(S(N)(=O)=O)c(C#N)c(OC#N)c1S(N)(=O)=O,524.614463342521,1.5,5.313622423055104,0.599395,935,,,,,,,,,,,,,,,,,,,,,,,,,,,,,,,,,,,,,,,,,,,,,,,,,,,,,,,,,,,,,,,,
936,CyanateEster,Cy_0204,CCC(C)(c1ccc(OC#N)cc1)c1cc(N)c(OC#N)c(F)c1S(N)(=O)=O,524.3455133755898,1.5,7.265993700026619,0.599392,936,,,,,,,,,,,,,,,,,,,,,,,,,,,,,,,,,,,,,,,,,,,,,,,,,,,,,,,,,,,,,,,,
937,CyanateEster,Cy_0005,CCC(C)(c1ccc(OC#N)cc1)c1ccc(OC#N)c(Cl)c1,524.3417367785822,1.5,5.464870974453769,0.599392,937,,,,,,,,,,,,,,,,,,,,,,,,,,,,,,,,,,,,,,,,,,,,,,,,,,,,,,,,,,,,,,,,
938,CyanateEster,Cy_0194,CCC(C)(c1ccc(OC#N)cc1)c1cc(C)c(OC#N)c(OC)c1,524.2263812226065,1.5,6.504729408990384,0.59939,938,,,,,,,,,,,,,,,,,,,,,,,,,,,,,,,,,,,,,,,,,,,,,,,,,,,,,,,,,,,,,,,,
939,CyanateEster,Cy_0160,CCC(C)(c1ccc(OC#N)cc1)c1c(Br)c(Cl)c(OC#N)c(F)c1C(F)(F)F,521.5291650402303,1.5,4.289245909995576,0.599356,939,,,,,,,,,,,,,,,,,,,,,,,,,,,,,,,,,,,,,,,,,,,,,,,,,,,,,,,,,,,,,,,,
940,CyanateEster,Cy_0018,CCC(C)(c1ccc(OC#N)cc1)c1c(C#N)cc(OC#N)c(C#N)c1C,521.0028422527945,1.5,4.794496915280465,0.59935,940,,,,,,,,,,,,,,,,,,,,,,,,,,,,,,,,,,,,,,,,,,,,,,,,,,,,,,,,,,,,,,,,
941,CyanateEster,Cy_0166,CCc1c(C(C)(CC)c2ccc(OC#N)cc2)cc(N)c(OC#N)c1F,520.2759399022949,1.5,5.447580153599776,0.59934,941,,,,,,,,,,,,,,,,,,,,,,,,,,,,,,,,,,,,,,,,,,,,,,,,,,,,,,,,,,,,,,,,
942,CyanateEster,Cy_0001,N#COc1ccc(C(C)(CC)c2ccc(OC#N)cc2)cc1,519.8427935420104,1.5,6.5168804167979655,0.599334,942,,,,,,,,,,,,,,,,,,,,,,,,,,,,,,,,,,,,,,,,,,,,,,,,,,,,,,,,,,,,,,,,
943,CyanateEster,Cy_0232,CCC(C)(c1ccc(OC#N)cc1)c1c(Br)cc(OC#N)c(C)c1C(F)(F)F,519.696339413195,1.5,5.526188163404703,0.599332,943,,,,,,,,,,,,,,,,,,,,,,,,,,,,,,,,,,,,,,,,,,,,,,,,,,,,,,,,,,,,,,,,
944,CyanateEster,Cy_0020,CCC(C)(c1ccc(OC#N)cc1)c1ccc(OC#N)c(Cl)c1Br,518.9071524229032,1.5,5.771461024304305,0.599322,944,,,,,,,,,,,,,,,,,,,,,,,,,,,,,,,,,,,,,,,,,,,,,,,,,,,,,,,,,,,,,,,,
945,CyanateEster,Cy_0049,CCC(C)(c1ccc(OC#N)cc1)c1cc(C#N)c(OC#N)c(OC)c1Br,517.8807417494558,1.5,6.784166580501999,0.599308,945,,,,,,,,,,,,,,,,,,,,,,,,,,,,,,,,,,,,,,,,,,,,,,,,,,,,,,,,,,,,,,,,
946,CyanateEster,Cy_0226,CCC(C)(c1ccc(OC#N)cc1)c1cc(C)c(OC#N)c(C(F)(F)F)c1C(F)(F)F,517.2051394469452,1.5,7.82024451422272,0.599298,946,,,,,,,,,,,,,,,,,,,,,,,,,,,,,,,,,,,,,,,,,,,,,,,,,,,,,,,,,,,,,,,,
947,CyanateEster,Cy_0064,CCC(C)(c1ccc(OC#N)cc1)c1c(N)cc(OC#N)c(C#N)c1S(N)(=O)=O,517.111657579555,1.5,6.3992400760184855,0.599297,947,,,,,,,,,,,,,,,,,,,,,,,,,,,,,,,,,,,,,,,,,,,,,,,,,,,,,,,,,,,,,,,,
948,CyanateEster,Cy_0184,CCC(C)(c1ccc(OC#N)cc1)c1c(C(F)(F)F)cc(OC#N)c(C#N)c1C(F)(F)F,516.7826818624972,1.5,6.6939294373882365,0.599292,948,,,,,,,,,,,,,,,,,,,,,,,,,,,,,,,,,,,,,,,,,,,,,,,,,,,,,,,,,,,,,,,,
949,CyanateEster,Cy_0068,CCc1cc(OC#N)c(N)c(F)c1C(C)(CC)c1ccc(OC#N)cc1,516.6139922793358,1.5,5.687193236476625,0.59929,949,,,,,,,,,,,,,,,,,,,,,,,,,,,,,,,,,,,,,,,,,,,,,,,,,,,,,,,,,,,,,,,,
950,CyanateEster,Cy_0212,CCC(C)(c1ccc(OC#N)cc1)c1c(C)c(C#N)c(OC#N)c(N)c1Cl,515.6077099578729,1.5,4.120143487159474,0.599276,950,,,,,,,,,,,,,,,,,,,,,,,,,,,,,,,,,,,,,,,,,,,,,,,,,,,,,,,,,,,,,,,,
951,CyanateEster,Cy_0031,CCC(C)(c1ccc(OC#N)cc1)c1c(F)c(Cl)c(OC#N)c(N)c1C#N,511.7974483975257,1.5,7.948864785892816,0.599218,951,,,,,,,,,,,,,,,,,,,,,,,,,,,,,,,,,,,,,,,,,,,,,,,,,,,,,,,,,,,,,,,,
952,CyanateEster,Cy_0170,CCc1c(N)c(C(C)(CC)c2ccc(OC#N)cc2)c(C#N)c(C(F)(F)F)c1OC#N,511.5740353708153,1.5,5.260902784436933,0.599215,952,,,,,,,,,,,,,,,,,,,,,,,,,,,,,,,,,,,,,,,,,,,,,,,,,,,,,,,,,,,,,,,,
953,CyanateEster,Cy_0190,CCC(C)(c1ccc(OC#N)cc1)c1cc(N)c(OC#N)c(S(N)(=O)=O)c1OC,509.10887463337383,1.5,6.0096166747475195,0.599175,953,,,,,,,,,,,,,,,,,,,,,,,,,,,,,,,,,,,,,,,,,,,,,,,,,,,,,,,,,,,,,,,,
954,CyanateEster,Cy_0038,CCC(C)(c1ccc(OC#N)cc1)c1ccc(OC#N)cc1S(N)(=O)=O,507.9063526600206,1.5,6.740936789753934,0.599155,954,,,,,,,,,,,,,,,,,,,,,,,,,,,,,,,,,,,,,,,,,,,,,,,,,,,,,,,,,,,,,,,,
955,CyanateEster,Cy_0163,CCC(C)(c1ccc(OC#N)cc1)c1cc(C(F)(F)F)c(OC#N)c(C(F)(F)F)c1N,505.42094249382757,1.5,5.996978921199674,0.599112,955,,,,,,,,,,,,,,,,,,,,,,,,,,,,,,,,,,,,,,,,,,,,,,,,,,,,,,,,,,,,,,,,
956,CyanateEster,Cy_0224,CCc1c(N)c(OC#N)c(C)c(F)c1C(C)(CC)c1ccc(OC#N)cc1,504.979590208596,1.5,8.095513239821978,0.599104,956,,,,,,,,,,,,,,,,,,,,,,,,,,,,,,,,,,,,,,,,,,,,,,,,,,,,,,,,,,,,,,,,
957,CyanateEster,Cy_0116,CCC(C)(c1ccc(OC#N)cc1)c1cc(C#N)c(OC#N)cc1N,504.86955011872647,1.5,8.291793114449689,0.599103,957,,,,,,,,,,,,,,,,,,,,,,,,,,,,,,,,,,,,,,,,,,,,,,,,,,,,,,,,,,,,,,,,
958,FluorinatedPolyimide,Fl_0096,O=C1OC(=O)c2cc(C(F)(F)F)c(F)cc21,504.8055584919327,1.5,0.0,0.599101,958,,,,,,,,,,,,,,,,,,,,,,,,,,,,,,,,,,,,,,,,,,,,,,,,,,,,,,,,,,,,,,,,
959,CyanateEster,Cy_0214,CCC(C)(c1ccc(OC#N)cc1)c1cc(OC)c(OC#N)c(N)c1F,504.1002052495708,1.5,4.501231461773091,0.599089,959,,,,,,,,,,,,,,,,,,,,,,,,,,,,,,,,,,,,,,,,,,,,,,,,,,,,,,,,,,,,,,,,
960,CyanateEster,Cy_0051,CCC(C)(c1ccc(OC#N)cc1)c1ccc(OC#N)c(C(F)(F)F)c1,501.1643022718285,1.5,4.346955558711616,0.599034,960,,,,,,,,,,,,,,,,,,,,,,,,,,,,,,,,,,,,,,,,,,,,,,,,,,,,,,,,,,,,,,,,
961,CyanateEster,Cy_0218,CCC(C)(c1ccc(OC#N)cc1)c1cc(OC)c(OC#N)c(OC)c1C#N,498.6679439224319,1.5,4.011284832662728,0.598984,961,,,,,,,,,,,,,,,,,,,,,,,,,,,,,,,,,,,,,,,,,,,,,,,,,,,,,,,,,,,,,,,,
962,CyanateEster,Cy_0158,CCC(C)(c1ccc(OC#N)cc1)c1cc(C(F)(F)F)c(OC#N)c(C#N)c1C#N,495.96448671088547,1.5,4.520746570264725,0.598928,962,,,,,,,,,,,,,,,,,,,,,,,,,,,,,,,,,,,,,,,,,,,,,,,,,,,,,,,,,,,,,,,,
963,FluorinatedPolyimide,Fl_0190,O=C1OC(=O)c2c1cc(C(F)(F)F)cc2C(F)(F)F,488.918215470962,1.5,0.0,0.598766,963,,,,,,,,,,,,,,,,,,,,,,,,,,,,,,,,,,,,,,,,,,,,,,,,,,,,,,,,,,,,,,,,
964,FluorinatedPolyimide,Fl_0196,O=C1OC(=O)c2cc(C(F)(F)F)c(F)cc21,485.9813725333914,1.5,0.0,0.598692,964,,,,,,,,,,,,,,,,,,,,,,,,,,,,,,,,,,,,,,,,,,,,,,,,,,,,,,,,,,,,,,,,
965,FluorinatedPolyimide,Fl_0123,O=C1OC(=O)c2c(Cl)cc(C(F)(F)F)cc21,484.1762342622873,1.5,0.0,0.598644,965,,,,,,,,,,,,,,,,,,,,,,,,,,,,,,,,,,,,,,,,,,,,,,,,,,,,,,,,,,,,,,,,
966,FluorinatedPolyimide,Fl_0119,O=C1OC(=O)c2cc(C(F)(F)F)c(C(F)(F)F)cc21,483.1267426694669,1.5,0.0,0.598615,966,,,,,,,,,,,,,,,,,,,,,,,,,,,,,,,,,,,,,,,,,,,,,,,,,,,,,,,,,,,,,,,,
967,FluorinatedPolyimide,Fl_0146,O=C1OC(=O)c2cc(C(F)(F)F)c(F)cc21,481.8049030182325,1.5,0.0,0.598578,967,,,,,,,,,,,,,,,,,,,,,,,,,,,,,,,,,,,,,,,,,,,,,,,,,,,,,,,,,,,,,,,,
968,FluorinatedPolyimide,Fl_0069,O=C1OC(=O)c2cc(C(F)(F)F)c(C(F)(F)F)cc21,481.6181200279488,1.5,0.0,0.598573,968,,,,,,,,,,,,,,,,,,,,,,,,,,,,,,,,,,,,,,,,,,,,,,,,,,,,,,,,,,,,,,,,
969,FluorinatedPolyimide,Fl_0214,Nc1cc(C(F)(F)F)cc2c1C(=O)OC2=O,480.22449928520416,1.5,0.0,0.598533,969,,,,,,,,,,,,,,,,,,,,,,,,,,,,,,,,,,,,,,,,,,,,,,,,,,,,,,,,,,,,,,,,
970,FluorinatedPolyimide,Fl_0031,O=C1OC(=O)c2cc(C(F)(F)F)ccc21,479.86532068412276,1.5,0.0,0.598522,970,,,,,,,,,,,,,,,,,,,,,,,,,,,,,,,,,,,,,,,,,,,,,,,,,,,,,,,,,,,,,,,,
971,FluorinatedPolyimide,Fl_0193,O=C1OC(=O)c2c(Cl)cc(C(F)(F)F)cc21,477.66773547164,1.5,0.0,0.598456,971,,,,,,,,,,,,,,,,,,,,,,,,,,,,,,,,,,,,,,,,,,,,,,,,,,,,,,,,,,,,,,,,
972,FluorinatedPolyimide,Fl_0025,O=C1OC(=O)c2c(Br)cc(C(F)(F)F)cc21,473.8592426818478,1.5,0.0,0.598335,972,,,,,,,,,,,,,,,,,,,,,,,,,,,,,,,,,,,,,,,,,,,,,,,,,,,,,,,,,,,,,,,,
973,FluorinatedPolyimide,Fl_0163,O=C1OC(=O)c2c(Cl)cc(C(F)(F)F)cc21,473.3505694685628,1.5,0.0,0.598318,973,,,,,,,,,,,,,,,,,,,,,,,,,,,,,,,,,,,,,,,,,,,,,,,,,,,,,,,,,,,,,,,,
974,FluorinatedPolyimide,Fl_0098,CCc1cc(C(F)(F)F)cc2c1C(=O)OC2=O,472.71100420023146,1.5,0.0,0.598296,974,,,,,,,,,,,,,,,,,,,,,,,,,,,,,,,,,,,,,,,,,,,,,,,,,,,,,,,,,,,,,,,,
975,FluorinatedPolyimide,Fl_0106,O=C1OC(=O)c2cc(C(F)(F)F)c(F)cc21,472.655030996162,1.5,0.0,0.598294,975,,,,,,,,,,,,,,,,,,,,,,,,,,,,,,,,,,,,,,,,,,,,,,,,,,,,,,,,,,,,,,,,
976,FluorinatedPolyimide,Fl_0029,O=C1OC(=O)c2cc(C(F)(F)F)c(C(F)(F)F)cc21,472.1504628863777,1.5,0.0,0.598277,976,,,,,,,,,,,,,,,,,,,,,,,,,,,,,,,,,,,,,,,,,,,,,,,,,,,,,,,,,,,,,,,,
977,FluorinatedPolyimide,Fl_0132,Cc1cc(C(F)(F)F)cc2c1C(=O)OC2=O,471.3474627757439,1.5,0.0,0.598249,977,,,,,,,,,,,,,,,,,,,,,,,,,,,,,,,,,,,,,,,,,,,,,,,,,,,,,,,,,,,,,,,,
978,FluorinatedPolyimide,Fl_0113,O=C1OC(=O)c2c(Cl)cc(C(F)(F)F)cc21,470.7681582420219,1.5,0.0,0.598229,978,,,,,,,,,,,,,,,,,,,,,,,,,,,,,,,,,,,,,,,,,,,,,,,,,,,,,,,,,,,,,,,,
979,FluorinatedPolyimide,Fl_0162,Cc1cc(C(F)(F)F)cc2c1C(=O)OC2=O,470.09401475747586,1.5,0.0,0.598205,979,,,,,,,,,,,,,,,,,,,,,,,,,,,,,,,,,,,,,,,,,,,,,,,,,,,,,,,,,,,,,,,,
980,FluorinatedPolyimide,Fl_0169,O=C1OC(=O)c2cc(C(F)(F)F)c(C(F)(F)F)cc21,469.31575749480834,1.5,0.39504385051495494,0.598177,980,,,,,,,,,,,,,,,,,,,,,,,,,,,,,,,,,,,,,,,,,,,,,,,,,,,,,,,,,,,,,,,,
981,FluorinatedPolyimide,Fl_0134,Nc1cc(C(F)(F)F)cc2c1C(=O)OC2=O,468.29832972272595,1.5,0.0,0.59814,981,,,,,,,,,,,,,,,,,,,,,,,,,,,,,,,,,,,,,,,,,,,,,,,,,,,,,,,,,,,,,,,,
982,FluorinatedPolyimide,Fl_0183,O=C1OC(=O)c2c(Cl)cc(C(F)(F)F)cc21,468.23690737103277,1.5,0.0,0.598137,982,,,,,,,,,,,,,,,,,,,,,,,,,,,,,,,,,,,,,,,,,,,,,,,,,,,,,,,,,,,,,,,,
983,FluorinatedPolyimide,Fl_0201,O=C1OC(=O)c2cc(C(F)(F)F)ccc21,468.13143434177255,1.5,0.0,0.598133,983,,,,,,,,,,,,,,,,,,,,,,,,,,,,,,,,,,,,,,,,,,,,,,,,,,,,,,,,,,,,,,,,
984,FluorinatedPolyimide,Fl_0081,O=C1OC(=O)c2cc(C(F)(F)F)ccc21,467.7010616629281,1.5,0.0,0.598117,984,,,,,,,,,,,,,,,,,,,,,,,,,,,,,,,,,,,,,,,,,,,,,,,,,,,,,,,,,,,,,,,,
985,FluorinatedPolyimide,Fl_0173,O=C1OC(=O)c2c(Cl)cc(C(F)(F)F)cc21,467.0480522888109,1.5,0.0,0.598093,985,,,,,,,,,,,,,,,,,,,,,,,,,,,,,,,,,,,,,,,,,,,,,,,,,,,,,,,,,,,,,,,,
986,CyanateEster,Cy_0222,CCC(C)(c1ccc(OC#N)cc1)c1c(C)cc(OC#N)cc1C(F)(F)F,466.32108411337464,1.5,1.9193512583366286,0.598065,986,,,,,,,,,,,,,,,,,,,,,,,,,,,,,,,,,,,,,,,,,,,,,,,,,,,,,,,,,,,,,,,,
987,FluorinatedPolyimide,Fl_0129,O=C1OC(=O)c2cc(C(F)(F)F)c(C(F)(F)F)cc21,465.7320374093193,1.5,0.0,0.598042,987,,,,,,,,,,,,,,,,,,,,,,,,,,,,,,,,,,,,,,,,,,,,,,,,,,,,,,,,,,,,,,,,
988,FluorinatedPolyimide,Fl_0104,Nc1cc(C(F)(F)F)cc2c1C(=O)OC2=O,465.4273121554169,1.5,0.0,0.59803,988,,,,,,,,,,,,,,,,,,,,,,,,,,,,,,,,,,,,,,,,,,,,,,,,,,,,,,,,,,,,,,,,
989,FluorinatedPolyimide,Fl_0118,CCc1cc(C(F)(F)F)cc2c1C(=O)OC2=O,464.29692129162225,1.5,0.0,0.597985,989,,,,,,,,,,,,,,,,,,,,,,,,,,,,,,,,,,,,,,,,,,,,,,,,,,,,,,,,,,,,,,,,
990,FluorinatedPolyimide,Fl_0238,CCc1cc(C(F)(F)F)cc2c1C(=O)OC2=O,464.21530821743943,1.5,0.0,0.597982,990,,,,,,,,,,,,,,,,,,,,,,,,,,,,,,,,,,,,,,,,,,,,,,,,,,,,,,,,,,,,,,,,
991,FluorinatedPolyimide,Fl_0051,O=C1OC(=O)c2cc(C(F)(F)F)ccc21,463.3160422583047,1.5,0.0,0.597946,991,,,,,,,,,,,,,,,,,,,,,,,,,,,,,,,,,,,,,,,,,,,,,,,,,,,,,,,,,,,,,,,,
992,FluorinatedPolyimide,Fl_0037,O=C1OC(=O)c2c(F)cc(C(F)(F)F)cc21,463.20560558051545,1.5,0.0,0.597941,992,,,,,,,,,,,,,,,,,,,,,,,,,,,,,,,,,,,,,,,,,,,,,,,,,,,,,,,,,,,,,,,,
993,FluorinatedPolyimide,Fl_0172,Cc1cc(C(F)(F)F)cc2c1C(=O)OC2=O,461.95579168474984,1.5,0.0,0.597889,993,,,,,,,,,,,,,,,,,,,,,,,,,,,,,,,,,,,,,,,,,,,,,,,,,,,,,,,,,,,,,,,,
994,FluorinatedPolyimide,Fl_0122,Cc1cc(C(F)(F)F)cc2c1C(=O)OC2=O,461.92180279317165,1.5,0.0,0.597888,994,,,,,,,,,,,,,,,,,,,,,,,,,,,,,,,,,,,,,,,,,,,,,,,,,,,,,,,,,,,,,,,,
995,FluorinatedPolyimide,Fl_0046,O=C1OC(=O)c2cc(C(F)(F)F)c(F)cc21,461.6996010361835,1.5,0.0,0.597878,995,,,,,,,,,,,,,,,,,,,,,,,,,,,,,,,,,,,,,,,,,,,,,,,,,,,,,,,,,,,,,,,,
996,FluorinatedPolyimide,Fl_0131,O=C1OC(=O)c2cc(C(F)(F)F)ccc21,460.55736493311787,1.5,0.0,0.59783,996,,,,,,,,,,,,,,,,,,,,,,,,,,,,,,,,,,,,,,,,,,,,,,,,,,,,,,,,,,,,,,,,
997,FluorinatedPolyimide,Fl_0161,O=C1OC(=O)c2cc(C(F)(F)F)ccc21,460.4863307414713,1.5,0.0,0.597827,997,,,,,,,,,,,,,,,,,,,,,,,,,,,,,,,,,,,,,,,,,,,,,,,,,,,,,,,,,,,,,,,,
998,FluorinatedPolyimide,Fl_0022,Cc1cc(C(F)(F)F)cc2c1C(=O)OC2=O,459.90738582266874,1.5,0.0,0.597801,998,,,,,,,,,,,,,,,,,,,,,,,,,,,,,,,,,,,,,,,,,,,,,,,,,,,,,,,,,,,,,,,,
999,FluorinatedPolyimide,Fl_0231,O=C1OC(=O)c2cc(C(F)(F)F)ccc21,459.5557074096236,1.5,0.0,0.597786,999,,,,,,,,,,,,,,,,,,,,,,,,,,,,,,,,,,,,,,,,,,,,,,,,,,,,,,,,,,,,,,,,
1000,FluorinatedPolyimide,Fl_0047,O=C1OC(=O)c2c(F)cc(C(F)(F)F)cc21,459.2312644281245,1.5,0.0,0.597772,1000,,,,,,,,,,,,,,,,,,,,,,,,,,,,,,,,,,,,,,,,,,,,,,,,,,,,,,,,,,,,,,,,
1001,FluorinatedPolyimide,Fl_0066,O=C1OC(=O)c2cc(C(F)(F)F)c(F)cc21,459.20017365018634,1.5,0.0,0.59777,1001,,,,,,,,,,,,,,,,,,,,,,,,,,,,,,,,,,,,,,,,,,,,,,,,,,,,,,,,,,,,,,,,
1002,FluorinatedPolyimide,Fl_0227,O=C1OC(=O)c2c(F)cc(C(F)(F)F)cc21,458.7083948372383,1.5,0.0,0.597748,1002,,,,,,,,,,,,,,,,,,,,,,,,,,,,,,,,,,,,,,,,,,,,,,,,,,,,,,,,,,,,,,,,
1003,FluorinatedPolyimide,Fl_0026,O=C1OC(=O)c2cc(C(F)(F)F)c(F)cc21,457.9429904000597,1.5,0.0,0.597714,1003,,,,,,,,,,,,,,,,,,,,,,,,,,,,,,,,,,,,,,,,,,,,,,,,,,,,,,,,,,,,,,,,
1004,FluorinatedPolyimide,Fl_0239,O=C1OC(=O)c2cc(C(F)(F)F)c(C(F)(F)F)cc21,457.8851844274266,1.5,0.0,0.597711,1004,,,,,,,,,,,,,,,,,,,,,,,,,,,,,,,,,,,,,,,,,,,,,,,,,,,,,,,,,,,,,,,,
1005,FluorinatedPolyimide,Fl_0018,CCc1cc(C(F)(F)F)cc2c1C(=O)OC2=O,457.44403892223244,1.5,0.0,0.597691,1005,,,,,,,,,,,,,,,,,,,,,,,,,,,,,,,,,,,,,,,,,,,,,,,,,,,,,,,,,,,,,,,,
1006,FluorinatedPolyimide,Fl_0052,Cc1cc(C(F)(F)F)cc2c1C(=O)OC2=O,456.89317896912956,1.5,0.0,0.597666,1006,,,,,,,,,,,,,,,,,,,,,,,,,,,,,,,,,,,,,,,,,,,,,,,,,,,,,,,,,,,,,,,,
1007,FluorinatedPolyimide,Fl_0086,O=C1OC(=O)c2cc(C(F)(F)F)c(F)cc21,456.44421775339873,1.5,0.0,0.597645,1007,,,,,,,,,,,,,,,,,,,,,,,,,,,,,,,,,,,,,,,,,,,,,,,,,,,,,,,,,,,,,,,,
1008,FluorinatedPolyimide,Fl_0224,Nc1cc(C(F)(F)F)cc2c1C(=O)OC2=O,456.43969662664693,1.5,0.0,0.597644,1008,,,,,,,,,,,,,,,,,,,,,,,,,,,,,,,,,,,,,,,,,,,,,,,,,,,,,,,,,,,,,,,,
1009,FluorinatedPolyimide,Fl_0024,Nc1cc(C(F)(F)F)cc2c1C(=O)OC2=O,456.3964518349976,1.5,0.0,0.597642,1009,,,,,,,,,,,,,,,,,,,,,,,,,,,,,,,,,,,,,,,,,,,,,,,,,,,,,,,,,,,,,,,,
1010,FluorinatedPolyimide,Fl_0077,O=C1OC(=O)c2c(F)cc(C(F)(F)F)cc21,455.99277944683314,1.5,0.0,0.597623,1010,,,,,,,,,,,,,,,,,,,,,,,,,,,,,,,,,,,,,,,,,,,,,,,,,,,,,,,,,,,,,,,,
1011,FluorinatedPolyimide,Fl_0038,CCc1cc(C(F)(F)F)cc2c1C(=O)OC2=O,455.87339681074945,1.5,0.0,0.597618,1011,,,,,,,,,,,,,,,,,,,,,,,,,,,,,,,,,,,,,,,,,,,,,,,,,,,,,,,,,,,,,,,,
1012,FluorinatedPolyimide,Fl_0007,O=C1OC(=O)c2c(F)cc(C(F)(F)F)cc21,455.7795621948414,1.5,0.0,0.597613,1012,,,,,,,,,,,,,,,,,,,,,,,,,,,,,,,,,,,,,,,,,,,,,,,,,,,,,,,,,,,,,,,,
1013,FluorinatedPolyimide,Fl_0200,O=C1OC(=O)c2c1cc(C(F)(F)F)cc2C(F)(F)F,455.6005832503126,1.5,0.0,0.597605,1013,,,,,,,,,,,,,,,,,,,,,,,,,,,,,,,,,,,,,,,,,,,,,,,,,,,,,,,,,,,,,,,,
1014,FluorinatedPolyimide,Fl_0039,O=C1OC(=O)c2cc(C(F)(F)F)c(C(F)(F)F)cc21,455.0393395618208,1.5,0.0,0.597578,1014,,,,,,,,,,,,,,,,,,,,,,,,,,,,,,,,,,,,,,,,,,,,,,,,,,,,,,,,,,,,,,,,
1015,FluorinatedPolyimide,Fl_0212,Cc1cc(C(F)(F)F)cc2c1C(=O)OC2=O,454.3938639796557,1.5,0.0,0.597547,1015,,,,,,,,,,,,,,,,,,,,,,,,,,,,,,,,,,,,,,,,,,,,,,,,,,,,,,,,,,,,,,,,
1016,FluorinatedPolyimide,Fl_0220,O=C1OC(=O)c2c1cc(C(F)(F)F)cc2C(F)(F)F,454.21055695707713,1.5,0.0,0.597538,1016,,,,,,,,,,,,,,,,,,,,,,,,,,,,,,,,,,,,,,,,,,,,,,,,,,,,,,,,,,,,,,,,
1017,FluorinatedPolyimide,Fl_0049,O=C1OC(=O)c2cc(C(F)(F)F)c(C(F)(F)F)cc21,453.9403719143401,1.5,0.0,0.597524,1017,,,,,,,,,,,,,,,,,,,,,,,,,,,,,,,,,,,,,,,,,,,,,,,,,,,,,,,,,,,,,,,,
1018,FluorinatedPolyimide,Fl_0048,CCc1cc(C(F)(F)F)cc2c1C(=O)OC2=O,453.67874515367845,1.5,0.0,0.597512,1018,,,,,,,,,,,,,,,,,,,,,,,,,,,,,,,,,,,,,,,,,,,,,,,,,,,,,,,,,,,,,,,,
1019,FluorinatedPolyimide,Fl_0033,O=C1OC(=O)c2c(Cl)cc(C(F)(F)F)cc21,453.3108800787543,1.5,0.0,0.597493,1019,,,,,,,,,,,,,,,,,,,,,,,,,,,,,,,,,,,,,,,,,,,,,,,,,,,,,,,,,,,,,,,,
1020,FluorinatedPolyimide,Fl_0154,Nc1cc(C(F)(F)F)cc2c1C(=O)OC2=O,453.0109594775889,1.5,0.0,0.597478,1020,,,,,,,,,,,,,,,,,,,,,,,,,,,,,,,,,,,,,,,,,,,,,,,,,,,,,,,,,,,,,,,,
1021,FluorinatedPolyimide,Fl_0011,O=C1OC(=O)c2cc(C(F)(F)F)ccc21,452.753461405438,1.5,0.0,0.597465,1021,,,,,,,,,,,,,,,,,,,,,,,,,,,,,,,,,,,,,,,,,,,,,,,,,,,,,,,,,,,,,,,,
1022,FluorinatedPolyimide,Fl_0019,O=C1OC(=O)c2cc(C(F)(F)F)c(C(F)(F)F)cc21,452.7397679232595,1.5,0.0,0.597465,1022,,,,,,,,,,,,,,,,,,,,,,,,,,,,,,,,,,,,,,,,,,,,,,,,,,,,,,,,,,,,,,,,
1023,FluorinatedPolyimide,Fl_0095,O=C1OC(=O)c2c(Br)cc(C(F)(F)F)cc21,452.7112044946069,1.5,0.0,0.597463,1023,,,,,,,,,,,,,,,,,,,,,,,,,,,,,,,,,,,,,,,,,,,,,,,,,,,,,,,,,,,,,,,,
1024,FluorinatedPolyimide,Fl_0158,CCc1cc(C(F)(F)F)cc2c1C(=O)OC2=O,452.5536437732179,1.5,0.0,0.597455,1024,,,,,,,,,,,,,,,,,,,,,,,,,,,,,,,,,,,,,,,,,,,,,,,,,,,,,,,,,,,,,,,,
1025,FluorinatedPolyimide,Fl_0111,O=C1OC(=O)c2cc(C(F)(F)F)ccc21,452.49031106553036,1.5,0.0,0.597452,1025,,,,,,,,,,,,,,,,,,,,,,,,,,,,,,,,,,,,,,,,,,,,,,,,,,,,,,,,,,,,,,,,
1026,FluorinatedPolyimide,Fl_0054,Nc1cc(C(F)(F)F)cc2c1C(=O)OC2=O,451.95538539660726,1.5,0.0,0.597425,1026,,,,,,,,,,,,,,,,,,,,,,,,,,,,,,,,,,,,,,,,,,,,,,,,,,,,,,,,,,,,,,,,
1027,FluorinatedPolyimide,Fl_0072,Cc1cc(C(F)(F)F)cc2c1C(=O)OC2=O,451.93674900606976,1.5,0.0,0.597424,1027,,,,,,,,,,,,,,,,,,,,,,,,,,,,,,,,,,,,,,,,,,,,,,,,,,,,,,,,,,,,,,,,
1028,FluorinatedPolyimide,Fl_0194,Nc1cc(C(F)(F)F)cc2c1C(=O)OC2=O,451.865170948894,1.5,0.0,0.59742,1028,,,,,,,,,,,,,,,,,,,,,,,,,,,,,,,,,,,,,,,,,,,,,,,,,,,,,,,,,,,,,,,,
1029,FluorinatedPolyimide,Fl_0121,O=C1OC(=O)c2cc(C(F)(F)F)ccc21,451.5667582794565,1.5,0.0,0.597405,1029,,,,,,,,,,,,,,,,,,,,,,,,,,,,,,,,,,,,,,,,,,,,,,,,,,,,,,,,,,,,,,,,
1030,FluorinatedPolyimide,Fl_0157,O=C1OC(=O)c2c(F)cc(C(F)(F)F)cc21,451.346890131387,1.5,0.0,0.597394,1030,,,,,,,,,,,,,,,,,,,,,,,,,,,,,,,,,,,,,,,,,,,,,,,,,,,,,,,,,,,,,,,,
1031,FluorinatedPolyimide,Fl_0068,CCc1cc(C(F)(F)F)cc2c1C(=O)OC2=O,450.91064008944477,1.5,0.0,0.597371,1031,,,,,,,,,,,,,,,,,,,,,,,,,,,,,,,,,,,,,,,,,,,,,,,,,,,,,,,,,,,,,,,,
1032,FluorinatedPolyimide,Fl_0074,Nc1cc(C(F)(F)F)cc2c1C(=O)OC2=O,450.74711381029925,1.5,0.0,0.597362,1032,,,,,,,,,,,,,,,,,,,,,,,,,,,,,,,,,,,,,,,,,,,,,,,,,,,,,,,,,,,,,,,,
1033,FluorinatedPolyimide,Fl_0230,O=C1OC(=O)c2c1cc(C(F)(F)F)cc2C(F)(F)F,450.1439703025567,1.5,0.0,0.597331,1033,,,,,,,,,,,,,,,,,,,,,,,,,,,,,,,,,,,,,,,,,,,,,,,,,,,,,,,,,,,,,,,,
1034,FluorinatedPolyimide,Fl_0075,O=C1OC(=O)c2c(Br)cc(C(F)(F)F)cc21,450.03982921593916,1.5,0.0,0.597325,1034,,,,,,,,,,,,,,,,,,,,,,,,,,,,,,,,,,,,,,,,,,,,,,,,,,,,,,,,,,,,,,,,
1035,FluorinatedPolyimide,Fl_0205,O=C1OC(=O)c2c(Br)cc(C(F)(F)F)cc21,449.3071172590173,1.5,0.0,0.597286,1035,,,,,,,,,,,,,,,,,,,,,,,,,,,,,,,,,,,,,,,,,,,,,,,,,,,,,,,,,,,,,,,,
1036,FluorinatedPolyimide,Fl_0186,O=C1OC(=O)c2cc(C(F)(F)F)c(F)cc21,448.39658469231387,1.5,0.0,0.597236,1036,,,,,,,,,,,,,,,,,,,,,,,,,,,,,,,,,,,,,,,,,,,,,,,,,,,,,,,,,,,,,,,,
1037,FluorinatedPolyimide,Fl_0058,CCc1cc(C(F)(F)F)cc2c1C(=O)OC2=O,448.3700775338385,1.5,0.0,0.597235,1037,,,,,,,,,,,,,,,,,,,,,,,,,,,,,,,,,,,,,,,,,,,,,,,,,,,,,,,,,,,,,,,,
1038,FluorinatedPolyimide,Fl_0160,O=C1OC(=O)c2c1cc(C(F)(F)F)cc2C(F)(F)F,448.36071072143807,1.5,0.0,0.597234,1038,,,,,,,,,,,,,,,,,,,,,,,,,,,,,,,,,,,,,,,,,,,,,,,,,,,,,,,,,,,,,,,,
1039,FluorinatedPolyimide,Fl_0178,CCc1cc(C(F)(F)F)cc2c1C(=O)OC2=O,448.25532862267835,1.5,0.0,0.597228,1039,,,,,,,,,,,,,,,,,,,,,,,,,,,,,,,,,,,,,,,,,,,,,,,,,,,,,,,,,,,,,,,,
1040,FluorinatedPolyimide,Fl_0179,O=C1OC(=O)c2cc(C(F)(F)F)c(C(F)(F)F)cc21,448.0487794102617,1.5,0.0,0.597217,1040,,,,,,,,,,,,,,,,,,,,,,,,,,,,,,,,,,,,,,,,,,,,,,,,,,,,,,,,,,,,,,,,
1041,FluorinatedPolyimide,Fl_0182,Cc1cc(C(F)(F)F)cc2c1C(=O)OC2=O,447.92145756715416,1.5,0.0,0.59721,1041,,,,,,,,,,,,,,,,,,,,,,,,,,,,,,,,,,,,,,,,,,,,,,,,,,,,,,,,,,,,,,,,
1042,FluorinatedPolyimide,Fl_0127,O=C1OC(=O)c2c(F)cc(C(F)(F)F)cc21,447.7274335794757,1.5,0.0,0.597199,1042,,,,,,,,,,,,,,,,,,,,,,,,,,,,,,,,,,,,,,,,,,,,,,,,,,,,,,,,,,,,,,,,
1043,FluorinatedPolyimide,Fl_0128,CCc1cc(C(F)(F)F)cc2c1C(=O)OC2=O,447.70571436724356,1.5,0.0,0.597198,1043,,,,,,,,,,,,,,,,,,,,,,,,,,,,,,,,,,,,,,,,,,,,,,,,,,,,,,,,,,,,,,,,
1044,FluorinatedPolyimide,Fl_0071,O=C1OC(=O)c2cc(C(F)(F)F)ccc21,447.59184177994854,1.5,0.0,0.597192,1044,,,,,,,,,,,,,,,,,,,,,,,,,,,,,,,,,,,,,,,,,,,,,,,,,,,,,,,,,,,,,,,,
1045,FluorinatedPolyimide,Fl_0099,O=C1OC(=O)c2cc(C(F)(F)F)c(C(F)(F)F)cc21,447.4972386733344,1.5,0.0,0.597186,1045,,,,,,,,,,,,,,,,,,,,,,,,,,,,,,,,,,,,,,,,,,,,,,,,,,,,,,,,,,,,,,,,
1046,FluorinatedPolyimide,Fl_0202,Cc1cc(C(F)(F)F)cc2c1C(=O)OC2=O,447.05264676579986,1.5,0.0,0.597161,1046,,,,,,,,,,,,,,,,,,,,,,,,,,,,,,,,,,,,,,,,,,,,,,,,,,,,,,,,,,,,,,,,
1047,FluorinatedPolyimide,Fl_0045,O=C1OC(=O)c2c(Br)cc(C(F)(F)F)cc21,447.0341874335611,1.5,0.0,0.59716,1047,,,,,,,,,,,,,,,,,,,,,,,,,,,,,,,,,,,,,,,,,,,,,,,,,,,,,,,,,,,,,,,,
1048,FluorinatedPolyimide,Fl_0229,O=C1OC(=O)c2cc(C(F)(F)F)c(C(F)(F)F)cc21,446.98332479293657,1.5,0.0,0.597158,1048,,,,,,,,,,,,,,,,,,,,,,,,,,,,,,,,,,,,,,,,,,,,,,,,,,,,,,,,,,,,,,,,
1049,FluorinatedPolyimide,Fl_0059,O=C1OC(=O)c2cc(C(F)(F)F)c(C(F)(F)F)cc21,446.56940970769307,1.5,0.0,0.597134,1049,,,,,,,,,,,,,,,,,,,,,,,,,,,,,,,,,,,,,,,,,,,,,,,,,,,,,,,,,,,,,,,,
1050,FluorinatedPolyimide,Fl_0215,O=C1OC(=O)c2c(Br)cc(C(F)(F)F)cc21,446.5644844596474,1.5,0.0,0.597134,1050,,,,,,,,,,,,,,,,,,,,,,,,,,,,,,,,,,,,,,,,,,,,,,,,,,,,,,,,,,,,,,,,
1051,FluorinatedPolyimide,Fl_0016,O=C1OC(=O)c2cc(C(F)(F)F)c(F)cc21,446.4765863239785,1.5,0.0,0.597129,1051,,,,,,,,,,,,,,,,,,,,,,,,,,,,,,,,,,,,,,,,,,,,,,,,,,,,,,,,,,,,,,,,
1052,FluorinatedPolyimide,Fl_0005,O=C1OC(=O)c2c(Br)cc(C(F)(F)F)cc21,446.18287580200564,1.5,0.0,0.597112,1052,,,,,,,,,,,,,,,,,,,,,,,,,,,,,,,,,,,,,,,,,,,,,,,,,,,,,,,,,,,,,,,,
1053,FluorinatedPolyimide,Fl_0063,O=C1OC(=O)c2c(Cl)cc(C(F)(F)F)cc21,446.0665268079945,1.5,0.0,0.597105,1053,,,,,,,,,,,,,,,,,,,,,,,,,,,,,,,,,,,,,,,,,,,,,,,,,,,,,,,,,,,,,,,,
1054,FluorinatedPolyimide,Fl_0197,O=C1OC(=O)c2c(F)cc(C(F)(F)F)cc21,445.9611107666393,1.5,0.0,0.597099,1054,,,,,,,,,,,,,,,,,,,,,,,,,,,,,,,,,,,,,,,,,,,,,,,,,,,,,,,,,,,,,,,,
1055,FluorinatedPolyimide,Fl_0191,O=C1OC(=O)c2cc(C(F)(F)F)ccc21,445.8026327276817,1.5,0.0,0.59709,1055,,,,,,,,,,,,,,,,,,,,,,,,,,,,,,,,,,,,,,,,,,,,,,,,,,,,,,,,,,,,,,,,
1056,FluorinatedPolyimide,Fl_0218,CCc1cc(C(F)(F)F)cc2c1C(=O)OC2=O,445.70006651599226,1.5,0.0,0.597084,1056,,,,,,,,,,,,,,,,,,,,,,,,,,,,,,,,,,,,,,,,,,,,,,,,,,,,,,,,,,,,,,,,
1057,FluorinatedPolyimide,Fl_0004,Nc1cc(C(F)(F)F)cc2c1C(=O)OC2=O,445.6002974824746,1.5,0.0,0.597078,1057,,,,,,,,,,,,,,,,,,,,,,,,,,,,,,,,,,,,,,,,,,,,,,,,,,,,,,,,,,,,,,,,
1058,FluorinatedPolyimide,Fl_0153,O=C1OC(=O)c2c(Cl)cc(C(F)(F)F)cc21,445.1291553392755,1.5,0.0,0.597051,1058,,,,,,,,,,,,,,,,,,,,,,,,,,,,,,,,,,,,,,,,,,,,,,,,,,,,,,,,,,,,,,,,
1059,FluorinatedPolyimide,Fl_0228,CCc1cc(C(F)(F)F)cc2c1C(=O)OC2=O,445.0440382985195,1.5,0.0,0.597046,1059,,,,,,,,,,,,,,,,,,,,,,,,,,,,,,,,,,,,,,,,,,,,,,,,,,,,,,,,,,,,,,,,
1060,FluorinatedPolyimide,Fl_0189,O=C1OC(=O)c2cc(C(F)(F)F)c(C(F)(F)F)cc21,444.857548427517,1.5,0.0,0.597035,1060,,,,,,,,,,,,,,,,,,,,,,,,,,,,,,,,,,,,,,,,,,,,,,,,,,,,,,,,,,,,,,,,
1061,FluorinatedPolyimide,Fl_0221,O=C1OC(=O)c2cc(C(F)(F)F)ccc21,444.6957993155742,1.5,0.0,0.597025,1061,,,,,,,,,,,,,,,,,,,,,,,,,,,,,,,,,,,,,,,,,,,,,,,,,,,,,,,,,,,,,,,,
1062,FluorinatedPolyimide,Fl_0067,O=C1OC(=O)c2c(F)cc(C(F)(F)F)cc21,443.10780985714376,1.5,0.0,0.59693,1062,,,,,,,,,,,,,,,,,,,,,,,,,,,,,,,,,,,,,,,,,,,,,,,,,,,,,,,,,,,,,,,,
1063,FluorinatedPolyimide,Fl_0170,O=C1OC(=O)c2c1cc(C(F)(F)F)cc2C(F)(F)F,442.84829405522754,1.5,0.0,0.596914,1063,,,,,,,,,,,,,,,,,,,,,,,,,,,,,,,,,,,,,,,,,,,,,,,,,,,,,,,,,,,,,,,,
1064,FluorinatedPolyimide,Fl_0044,Nc1cc(C(F)(F)F)cc2c1C(=O)OC2=O,442.6639302519013,1.5,0.0,0.596903,1064,,,,,,,,,,,,,,,,,,,,,,,,,,,,,,,,,,,,,,,,,,,,,,,,,,,,,,,,,,,,,,,,
1065,FluorinatedPolyimide,Fl_0053,O=C1OC(=O)c2c(Cl)cc(C(F)(F)F)cc21,442.51974035762566,1.5,0.0,0.596894,1065,,,,,,,,,,,,,,,,,,,,,,,,,,,,,,,,,,,,,,,,,,,,,,,,,,,,,,,,,,,,,,,,
1066,FluorinatedPolyimide,Fl_0006,O=C1OC(=O)c2cc(C(F)(F)F)c(F)cc21,442.48151350180837,1.5,0.0,0.596892,1066,,,,,,,,,,,,,,,,,,,,,,,,,,,,,,,,,,,,,,,,,,,,,,,,,,,,,,,,,,,,,,,,
1067,FluorinatedPolyimide,Fl_0114,Nc1cc(C(F)(F)F)cc2c1C(=O)OC2=O,442.46529160540615,1.5,0.0,0.596891,1067,,,,,,,,,,,,,,,,,,,,,,,,,,,,,,,,,,,,,,,,,,,,,,,,,,,,,,,,,,,,,,,,
1068,FluorinatedPolyimide,Fl_0055,O=C1OC(=O)c2c(Br)cc(C(F)(F)F)cc21,442.14208765965344,1.5,0.0,0.596871,1068,,,,,,,,,,,,,,,,,,,,,,,,,,,,,,,,,,,,,,,,,,,,,,,,,,,,,,,,,,,,,,,,
1069,FluorinatedPolyimide,Fl_0010,O=C1OC(=O)c2c1cc(C(F)(F)F)cc2C(F)(F)F,441.3499707088875,1.5,0.0,0.596821,1069,,,,,,,,,,,,,,,,,,,,,,,,,,,,,,,,,,,,,,,,,,,,,,,,,,,,,,,,,,,,,,,,
1070,FluorinatedPolyimide,Fl_0203,O=C1OC(=O)c2c(Cl)cc(C(F)(F)F)cc21,441.1697308208542,1.5,0.0,0.59681,1070,,,,,,,,,,,,,,,,,,,,,,,,,,,,,,,,,,,,,,,,,,,,,,,,,,,,,,,,,,,,,,,,
1071,FluorinatedPolyimide,Fl_0216,O=C1OC(=O)c2cc(C(F)(F)F)c(F)cc21,440.9752378912215,1.5,0.0,0.596798,1071,,,,,,,,,,,,,,,,,,,,,,,,,,,,,,,,,,,,,,,,,,,,,,,,,,,,,,,,,,,,,,,,
1072,FluorinatedPolyimide,Fl_0120,O=C1OC(=O)c2c1cc(C(F)(F)F)cc2C(F)(F)F,440.906157798599,1.5,0.0,0.596793,1072,,,,,,,,,,,,,,,,,,,,,,,,,,,,,,,,,,,,,,,,,,,,,,,,,,,,,,,,,,,,,,,,
1073,FluorinatedPolyimide,Fl_0226,O=C1OC(=O)c2cc(C(F)(F)F)c(F)cc21,440.8638821946722,1.5,0.0,0.59679,1073,,,,,,,,,,,,,,,,,,,,,,,,,,,,,,,,,,,,,,,,,,,,,,,,,,,,,,,,,,,,,,,,
1074,FluorinatedPolyimide,Fl_0217,O=C1OC(=O)c2c(F)cc(C(F)(F)F)cc21,440.84236559122576,1.5,0.0,0.596789,1074,,,,,,,,,,,,,,,,,,,,,,,,,,,,,,,,,,,,,,,,,,,,,,,,,,,,,,,,,,,,,,,,
1075,FluorinatedPolyimide,Fl_0088,CCc1cc(C(F)(F)F)cc2c1C(=O)OC2=O,440.74972937937866,1.5,0.0,0.596783,1075,,,,,,,,,,,,,,,,,,,,,,,,,,,,,,,,,,,,,,,,,,,,,,,,,,,,,,,,,,,,,,,,
1076,FluorinatedPolyimide,Fl_0180,O=C1OC(=O)c2c1cc(C(F)(F)F)cc2C(F)(F)F,440.5959583268539,1.5,0.0,0.596773,1076,,,,,,,,,,,,,,,,,,,,,,,,,,,,,,,,,,,,,,,,,,,,,,,,,,,,,,,,,,,,,,,,
1077,FluorinatedPolyimide,Fl_0176,O=C1OC(=O)c2cc(C(F)(F)F)c(F)cc21,440.3903273119168,1.5,0.0,0.59676,1077,,,,,,,,,,,,,,,,,,,,,,,,,,,,,,,,,,,,,,,,,,,,,,,,,,,,,,,,,,,,,,,,
1078,FluorinatedPolyimide,Fl_0165,O=C1OC(=O)c2c(Br)cc(C(F)(F)F)cc21,439.5376923101908,1.5,0.0,0.596705,1079,,,,,,,,,,,,,,,,,,,,,,,,,,,,,,,,,,,,,,,,,,,,,,,,,,,,,,,,,,,,,,,,
1079,FluorinatedPolyimide,Fl_0141,O=C1OC(=O)c2cc(C(F)(F)F)ccc21,439.5352262487944,1.5,0.0,0.596705,1078,,,,,,,,,,,,,,,,,,,,,,,,,,,,,,,,,,,,,,,,,,,,,,,,,,,,,,,,,,,,,,,,
1080,FluorinatedPolyimide,Fl_0208,CCc1cc(C(F)(F)F)cc2c1C(=O)OC2=O,439.2315539849381,1.5,0.0,0.596685,1080,,,,,,,,,,,,,,,,,,,,,,,,,,,,,,,,,,,,,,,,,,,,,,,,,,,,,,,,,,,,,,,,
1081,FluorinatedPolyimide,Fl_0100,O=C1OC(=O)c2c1cc(C(F)(F)F)cc2C(F)(F)F,439.00753727690426,1.5,0.0,0.59667,1081,,,,,,,,,,,,,,,,,,,,,,,,,,,,,,,,,,,,,,,,,,,,,,,,,,,,,,,,,,,,,,,,
1082,FluorinatedPolyimide,Fl_0150,O=C1OC(=O)c2c1cc(C(F)(F)F)cc2C(F)(F)F,438.9156306663717,1.5,0.0,0.596664,1082,,,,,,,,,,,,,,,,,,,,,,,,,,,,,,,,,,,,,,,,,,,,,,,,,,,,,,,,,,,,,,,,
1083,FluorinatedPolyimide,Fl_0126,O=C1OC(=O)c2cc(C(F)(F)F)c(F)cc21,438.8126176247998,1.5,0.0,0.596657,1083,,,,,,,,,,,,,,,,,,,,,,,,,,,,,,,,,,,,,,,,,,,,,,,,,,,,,,,,,,,,,,,,
1084,FluorinatedPolyimide,Fl_0233,O=C1OC(=O)c2c(Cl)cc(C(F)(F)F)cc21,438.5343565688209,1.5,0.0,0.596639,1084,,,,,,,,,,,,,,,,,,,,,,,,,,,,,,,,,,,,,,,,,,,,,,,,,,,,,,,,,,,,,,,,
1085,FluorinatedPolyimide,Fl_0192,Cc1cc(C(F)(F)F)cc2c1C(=O)OC2=O,438.37630137191024,1.5,0.0,0.596628,1085,,,,,,,,,,,,,,,,,,,,,,,,,,,,,,,,,,,,,,,,,,,,,,,,,,,,,,,,,,,,,,,,
1086,FluorinatedPolyimide,Fl_0140,O=C1OC(=O)c2c1cc(C(F)(F)F)cc2C(F)(F)F,438.30962526069516,1.5,0.0,0.596624,1086,,,,,,,,,,,,,,,,,,,,,,,,,,,,,,,,,,,,,,,,,,,,,,,,,,,,,,,,,,,,,,,,
1087,FluorinatedPolyimide,Fl_0097,O=C1OC(=O)c2c(F)cc(C(F)(F)F)cc21,438.1293293121495,1.5,0.0,0.596612,1087,,,,,,,,,,,,,,,,,,,,,,,,,,,,,,,,,,,,,,,,,,,,,,,,,,,,,,,,,,,,,,,,
1088,FluorinatedPolyimide,Fl_0094,Nc1cc(C(F)(F)F)cc2c1C(=O)OC2=O,438.0980250824097,1.5,0.0,0.596609,1088,,,,,,,,,,,,,,,,,,,,,,,,,,,,,,,,,,,,,,,,,,,,,,,,,,,,,,,,,,,,,,,,
1089,FluorinatedPolyimide,Fl_0023,O=C1OC(=O)c2c(Cl)cc(C(F)(F)F)cc21,437.45647367869395,1.5,0.0,0.596566,1089,,,,,,,,,,,,,,,,,,,,,,,,,,,,,,,,,,,,,,,,,,,,,,,,,,,,,,,,,,,,,,,,
1090,FluorinatedPolyimide,Fl_0130,O=C1OC(=O)c2c1cc(C(F)(F)F)cc2C(F)(F)F,436.77735788634,1.5,0.0,0.596519,1090,,,,,,,,,,,,,,,,,,,,,,,,,,,,,,,,,,,,,,,,,,,,,,,,,,,,,,,,,,,,,,,,
1091,FluorinatedPolyimide,Fl_0102,Cc1cc(C(F)(F)F)cc2c1C(=O)OC2=O,436.50758546120863,1.5,0.0,0.596501,1091,,,,,,,,,,,,,,,,,,,,,,,,,,,,,,,,,,,,,,,,,,,,,,,,,,,,,,,,,,,,,,,,
1092,FluorinatedPolyimide,Fl_0115,O=C1OC(=O)c2c(Br)cc(C(F)(F)F)cc21,436.48999485040326,1.5,0.0,0.5965,1092,,,,,,,,,,,,,,,,,,,,,,,,,,,,,,,,,,,,,,,,,,,,,,,,,,,,,,,,,,,,,,,,
1093,FluorinatedPolyimide,Fl_0138,CCc1cc(C(F)(F)F)cc2c1C(=O)OC2=O,436.275532553504,1.5,0.0,0.596485,1093,,,,,,,,,,,,,,,,,,,,,,,,,,,,,,,,,,,,,,,,,,,,,,,,,,,,,,,,,,,,,,,,
1094,FluorinatedPolyimide,Fl_0207,O=C1OC(=O)c2c(F)cc(C(F)(F)F)cc21,435.3496111824654,1.5,0.0,0.59642,1094,,,,,,,,,,,,,,,,,,,,,,,,,,,,,,,,,,,,,,,,,,,,,,,,,,,,,,,,,,,,,,,,
1095,FluorinatedPolyimide,Fl_0064,Nc1cc(C(F)(F)F)cc2c1C(=O)OC2=O,435.163686399097,1.5,0.0,0.596406,1095,,,,,,,,,,,,,,,,,,,,,,,,,,,,,,,,,,,,,,,,,,,,,,,,,,,,,,,,,,,,,,,,
1096,FluorinatedPolyimide,Fl_0079,O=C1OC(=O)c2cc(C(F)(F)F)c(C(F)(F)F)cc21,434.3226425239234,1.5,0.0,0.596346,1096,,,,,,,,,,,,,,,,,,,,,,,,,,,,,,,,,,,,,,,,,,,,,,,,,,,,,,,,,,,,,,,,
1097,FluorinatedPolyimide,Fl_0133,O=C1OC(=O)c2c(Cl)cc(C(F)(F)F)cc21,434.2634346525103,1.5,0.0,0.596342,1097,,,,,,,,,,,,,,,,,,,,,,,,,,,,,,,,,,,,,,,,,,,,,,,,,,,,,,,,,,,,,,,,
1098,FluorinatedPolyimide,Fl_0076,O=C1OC(=O)c2cc(C(F)(F)F)c(F)cc21,434.1126671251135,1.5,0.0,0.596331,1098,,,,,,,,,,,,,,,,,,,,,,,,,,,,,,,,,,,,,,,,,,,,,,,,,,,,,,,,,,,,,,,,
1099,FluorinatedPolyimide,Fl_0001,O=C1OC(=O)c2cc(C(F)(F)F)ccc21,433.58288779344247,1.5,0.0,0.596292,1099,,,,,,,,,,,,,,,,,,,,,,,,,,,,,,,,,,,,,,,,,,,,,,,,,,,,,,,,,,,,,,,,
1100,FluorinatedPolyimide,Fl_0105,O=C1OC(=O)c2c(Br)cc(C(F)(F)F)cc21,433.3919777531618,1.5,0.0,0.596278,1100,,,,,,,,,,,,,,,,,,,,,,,,,,,,,,,,,,,,,,,,,,,,,,,,,,,,,,,,,,,,,,,,
1101,FluorinatedPolyimide,Fl_0152,Cc1cc(C(F)(F)F)cc2c1C(=O)OC2=O,432.9575945668117,1.5,0.0,0.596246,1101,,,,,,,,,,,,,,,,,,,,,,,,,,,,,,,,,,,,,,,,,,,,,,,,,,,,,,,,,,,,,,,,
1102,FluorinatedPolyimide,Fl_0014,Nc1cc(C(F)(F)F)cc2c1C(=O)OC2=O,432.853637148658,1.5,0.0,0.596238,1102,,,,,,,,,,,,,,,,,,,,,,,,,,,,,,,,,,,,,,,,,,,,,,,,,,,,,,,,,,,,,,,,
1103,FluorinatedPolyimide,Fl_0035,O=C1OC(=O)c2c(Br)cc(C(F)(F)F)cc21,432.1887661536979,1.5,0.0,0.596188,1103,,,,,,,,,,,,,,,,,,,,,,,,,,,,,,,,,,,,,,,,,,,,,,,,,,,,,,,,,,,,,,,,
1104,FluorinatedPolyimide,Fl_0195,O=C1OC(=O)c2c(Br)cc(C(F)(F)F)cc21,431.95925562181054,1.5,0.0,0.596171,1104,,,,,,,,,,,,,,,,,,,,,,,,,,,,,,,,,,,,,,,,,,,,,,,,,,,,,,,,,,,,,,,,
1105,FluorinatedPolyimide,Fl_0136,O=C1OC(=O)c2cc(C(F)(F)F)c(F)cc21,431.89044093476156,1.5,0.0,0.596166,1105,,,,,,,,,,,,,,,,,,,,,,,,,,,,,,,,,,,,,,,,,,,,,,,,,,,,,,,,,,,,,,,,
1106,FluorinatedPolyimide,Fl_0235,O=C1OC(=O)c2c(Br)cc(C(F)(F)F)cc21,431.7067011787995,1.5,0.0,0.596152,1106,,,,,,,,,,,,,,,,,,,,,,,,,,,,,,,,,,,,,,,,,,,,,,,,,,,,,,,,,,,,,,,,
1107,FluorinatedPolyimide,Fl_0084,Nc1cc(C(F)(F)F)cc2c1C(=O)OC2=O,431.6518867139309,1.5,0.0,0.596147,1107,,,,,,,,,,,,,,,,,,,,,,,,,,,,,,,,,,,,,,,,,,,,,,,,,,,,,,,,,,,,,,,,
1108,FluorinatedPolyimide,Fl_0108,CCc1cc(C(F)(F)F)cc2c1C(=O)OC2=O,430.96035570340945,1.5,0.0,0.596094,1108,,,,,,,,,,,,,,,,,,,,,,,,,,,,,,,,,,,,,,,,,,,,,,,,,,,,,,,,,,,,,,,,
1109,FluorinatedPolyimide,Fl_0092,Cc1cc(C(F)(F)F)cc2c1C(=O)OC2=O,430.8142434691252,1.5,0.0,0.596083,1109,,,,,,,,,,,,,,,,,,,,,,,,,,,,,,,,,,,,,,,,,,,,,,,,,,,,,,,,,,,,,,,,
1110,FluorinatedPolyimide,Fl_0206,O=C1OC(=O)c2cc(C(F)(F)F)c(F)cc21,430.7935974687471,1.5,0.0,0.596081,1110,,,,,,,,,,,,,,,,,,,,,,,,,,,,,,,,,,,,,,,,,,,,,,,,,,,,,,,,,,,,,,,,
1111,FluorinatedPolyimide,Fl_0080,O=C1OC(=O)c2c1cc(C(F)(F)F)cc2C(F)(F)F,430.6795558855445,1.5,0.0,0.596072,1111,,,,,,,,,,,,,,,,,,,,,,,,,,,,,,,,,,,,,,,,,,,,,,,,,,,,,,,,,,,,,,,,
1112,FluorinatedPolyimide,Fl_0166,O=C1OC(=O)c2cc(C(F)(F)F)c(F)cc21,430.5876041016523,1.5,0.0,0.596065,1112,,,,,,,,,,,,,,,,,,,,,,,,,,,,,,,,,,,,,,,,,,,,,,,,,,,,,,,,,,,,,,,,
1113,FluorinatedPolyimide,Fl_0185,O=C1OC(=O)c2c(Br)cc(C(F)(F)F)cc21,430.54437751698117,1.5,0.0,0.596062,1113,,,,,,,,,,,,,,,,,,,,,,,,,,,,,,,,,,,,,,,,,,,,,,,,,,,,,,,,,,,,,,,,
1114,FluorinatedPolyimide,Fl_0124,Nc1cc(C(F)(F)F)cc2c1C(=O)OC2=O,430.31688656338497,1.5,0.0,0.596044,1114,,,,,,,,,,,,,,,,,,,,,,,,,,,,,,,,,,,,,,,,,,,,,,,,,,,,,,,,,,,,,,,,
1115,FluorinatedPolyimide,Fl_0060,O=C1OC(=O)c2c1cc(C(F)(F)F)cc2C(F)(F)F,429.68991001405595,1.5,0.0,0.595995,1115,,,,,,,,,,,,,,,,,,,,,,,,,,,,,,,,,,,,,,,,,,,,,,,,,,,,,,,,,,,,,,,,
1116,FluorinatedPolyimide,Fl_0213,O=C1OC(=O)c2c(Cl)cc(C(F)(F)F)cc21,429.4861290844199,1.5,0.0,0.595979,1116,,,,,,,,,,,,,,,,,,,,,,,,,,,,,,,,,,,,,,,,,,,,,,,,,,,,,,,,,,,,,,,,
1117,FluorinatedPolyimide,Fl_0021,O=C1OC(=O)c2cc(C(F)(F)F)ccc21,429.33853375979356,1.5,0.0,0.595967,1117,,,,,,,,,,,,,,,,,,,,,,,,,,,,,,,,,,,,,,,,,,,,,,,,,,,,,,,,,,,,,,,,
1118,FluorinatedPolyimide,Fl_0147,O=C1OC(=O)c2c(F)cc(C(F)(F)F)cc21,429.2682326541451,1.5,0.0,0.595961,1118,,,,,,,,,,,,,,,,,,,,,,,,,,,,,,,,,,,,,,,,,,,,,,,,,,,,,,,,,,,,,,,,
1119,FluorinatedPolyimide,Fl_0013,O=C1OC(=O)c2c(Cl)cc(C(F)(F)F)cc21,429.12504489079555,1.5,0.0,0.59595,1119,,,,,,,,,,,,,,,,,,,,,,,,,,,,,,,,,,,,,,,,,,,,,,,,,,,,,,,,,,,,,,,,
1120,FluorinatedPolyimide,Fl_0187,O=C1OC(=O)c2c(F)cc(C(F)(F)F)cc21,428.82770336536026,1.5,0.0,0.595926,1120,,,,,,,,,,,,,,,,,,,,,,,,,,,,,,,,,,,,,,,,,,,,,,,,,,,,,,,,,,,,,,,,
1121,FluorinatedPolyimide,Fl_0110,O=C1OC(=O)c2c1cc(C(F)(F)F)cc2C(F)(F)F,428.7774275109896,1.5,0.0,0.595922,1121,,,,,,,,,,,,,,,,,,,,,,,,,,,,,,,,,,,,,,,,,,,,,,,,,,,,,,,,,,,,,,,,
1122,FluorinatedPolyimide,Fl_0061,O=C1OC(=O)c2cc(C(F)(F)F)ccc21,428.77333691637,1.5,0.0,0.595921,1122,,,,,,,,,,,,,,,,,,,,,,,,,,,,,,,,,,,,,,,,,,,,,,,,,,,,,,,,,,,,,,,,
1123,FluorinatedPolyimide,Fl_0065,O=C1OC(=O)c2c(Br)cc(C(F)(F)F)cc21,428.6971959977124,1.5,0.0,0.595915,1123,,,,,,,,,,,,,,,,,,,,,,,,,,,,,,,,,,,,,,,,,,,,,,,,,,,,,,,,,,,,,,,,
1124,FluorinatedPolyimide,Fl_0091,O=C1OC(=O)c2cc(C(F)(F)F)ccc21,428.36182509121437,1.5,0.0,0.595888,1124,,,,,,,,,,,,,,,,,,,,,,,,,,,,,,,,,,,,,,,,,,,,,,,,,,,,,,,,,,,,,,,,
1125,FluorinatedPolyimide,Fl_0143,O=C1OC(=O)c2c(Cl)cc(C(F)(F)F)cc21,428.18393409634086,1.5,0.0,0.595874,1125,,,,,,,,,,,,,,,,,,,,,,,,,,,,,,,,,,,,,,,,,,,,,,,,,,,,,,,,,,,,,,,,
1126,FluorinatedPolyimide,Fl_0177,O=C1OC(=O)c2c(F)cc(C(F)(F)F)cc21,428.0935860165744,1.5,0.0,0.595866,1126,,,,,,,,,,,,,,,,,,,,,,,,,,,,,,,,,,,,,,,,,,,,,,,,,,,,,,,,,,,,,,,,
1127,FluorinatedPolyimide,Fl_0090,O=C1OC(=O)c2c1cc(C(F)(F)F)cc2C(F)(F)F,427.73484783348766,1.5,0.0,0.595837,1127,,,,,,,,,,,,,,,,,,,,,,,,,,,,,,,,,,,,,,,,,,,,,,,,,,,,,,,,,,,,,,,,
1128,FluorinatedPolyimide,Fl_0070,O=C1OC(=O)c2c1cc(C(F)(F)F)cc2C(F)(F)F,427.1755692973918,1.5,0.0,0.59579,1128,,,,,,,,,,,,,,,,,,,,,,,,,,,,,,,,,,,,,,,,,,,,,,,,,,,,,,,,,,,,,,,,
1129,FluorinatedPolyimide,Fl_0149,O=C1OC(=O)c2cc(C(F)(F)F)c(C(F)(F)F)cc21,426.8447271103037,1.5,0.0,0.595763,1129,,,,,,,,,,,,,,,,,,,,,,,,,,,,,,,,,,,,,,,,,,,,,,,,,,,,,,,,,,,,,,,,
1130,FluorinatedPolyimide,Fl_0148,CCc1cc(C(F)(F)F)cc2c1C(=O)OC2=O,425.30411184623216,1.5,0.0,0.595632,1130,,,,,,,,,,,,,,,,,,,,,,,,,,,,,,,,,,,,,,,,,,,,,,,,,,,,,,,,,,,,,,,,
1131,FluorinatedPolyimide,Fl_0167,O=C1OC(=O)c2c(F)cc(C(F)(F)F)cc21,424.05624213468906,1.5,0.0,0.595522,1131,,,,,,,,,,,,,,,,,,,,,,,,,,,,,,,,,,,,,,,,,,,,,,,,,,,,,,,,,,,,,,,,
1132,FluorinatedPolyimide,Fl_0198,CCc1cc(C(F)(F)F)cc2c1C(=O)OC2=O,424.0181611575725,1.5,0.0,0.595519,1132,,,,,,,,,,,,,,,,,,,,,,,,,,,,,,,,,,,,,,,,,,,,,,,,,,,,,,,,,,,,,,,,
1133,FluorinatedPolyimide,Fl_0012,Cc1cc(C(F)(F)F)cc2c1C(=O)OC2=O,423.861541022075,1.5,0.0,0.595505,1133,,,,,,,,,,,,,,,,,,,,,,,,,,,,,,,,,,,,,,,,,,,,,,,,,,,,,,,,,,,,,,,,
1134,FluorinatedPolyimide,Fl_0043,O=C1OC(=O)c2c(Cl)cc(C(F)(F)F)cc21,423.82097674002927,1.5,0.0,0.595502,1134,,,,,,,,,,,,,,,,,,,,,,,,,,,,,,,,,,,,,,,,,,,,,,,,,,,,,,,,,,,,,,,,
1135,FluorinatedPolyimide,Fl_0145,O=C1OC(=O)c2c(Br)cc(C(F)(F)F)cc21,423.826395541413,1.5,0.0,0.595502,1135,,,,,,,,,,,,,,,,,,,,,,,,,,,,,,,,,,,,,,,,,,,,,,,,,,,,,,,,,,,,,,,,
1136,FluorinatedPolyimide,Fl_0009,O=C1OC(=O)c2cc(C(F)(F)F)c(C(F)(F)F)cc21,423.4186310111873,1.5,0.0,0.595466,1136,,,,,,,,,,,,,,,,,,,,,,,,,,,,,,,,,,,,,,,,,,,,,,,,,,,,,,,,,,,,,,,,
1137,FluorinatedPolyimide,Fl_0057,O=C1OC(=O)c2c(F)cc(C(F)(F)F)cc21,423.03709272874937,1.5,0.0,0.595431,1137,,,,,,,,,,,,,,,,,,,,,,,,,,,,,,,,,,,,,,,,,,,,,,,,,,,,,,,,,,,,,,,,
1138,FluorinatedPolyimide,Fl_0041,O=C1OC(=O)c2cc(C(F)(F)F)ccc21,422.9303422434487,1.5,0.0,0.595422,1138,,,,,,,,,,,,,,,,,,,,,,,,,,,,,,,,,,,,,,,,,,,,,,,,,,,,,,,,,,,,,,,,
1139,FluorinatedPolyimide,Fl_0236,O=C1OC(=O)c2cc(C(F)(F)F)c(F)cc21,422.6562590389022,1.5,0.0,0.595397,1139,,,,,,,,,,,,,,,,,,,,,,,,,,,,,,,,,,,,,,,,,,,,,,,,,,,,,,,,,,,,,,,,
1140,FluorinatedPolyimide,Fl_0240,O=C1OC(=O)c2c1cc(C(F)(F)F)cc2C(F)(F)F,422.49524495161324,1.5,0.0,0.595382,1140,,,,,,,,,,,,,,,,,,,,,,,,,,,,,,,,,,,,,,,,,,,,,,,,,,,,,,,,,,,,,,,,
1141,FluorinatedPolyimide,Fl_0156,O=C1OC(=O)c2cc(C(F)(F)F)c(F)cc21,422.43516953251475,1.5,0.0,0.595377,1141,,,,,,,,,,,,,,,,,,,,,,,,,,,,,,,,,,,,,,,,,,,,,,,,,,,,,,,,,,,,,,,,
1142,FluorinatedPolyimide,Fl_0211,O=C1OC(=O)c2cc(C(F)(F)F)ccc21,422.0865906452,1.5,0.0,0.595345,1142,,,,,,,,,,,,,,,,,,,,,,,,,,,,,,,,,,,,,,,,,,,,,,,,,,,,,,,,,,,,,,,,
1143,FluorinatedPolyimide,Fl_0139,O=C1OC(=O)c2cc(C(F)(F)F)c(C(F)(F)F)cc21,421.84173536574957,1.5,0.0,0.595322,1143,,,,,,,,,,,,,,,,,,,,,,,,,,,,,,,,,,,,,,,,,,,,,,,,,,,,,,,,,,,,,,,,
1144,FluorinatedPolyimide,Fl_0030,O=C1OC(=O)c2c1cc(C(F)(F)F)cc2C(F)(F)F,421.69512407554464,1.5,0.0,0.595308,1144,,,,,,,,,,,,,,,,,,,,,,,,,,,,,,,,,,,,,,,,,,,,,,,,,,,,,,,,,,,,,,,,
1145,FluorinatedPolyimide,Fl_0028,CCc1cc(C(F)(F)F)cc2c1C(=O)OC2=O,421.31536147930973,1.5,0.0,0.595273,1145,,,,,,,,,,,,,,,,,,,,,,,,,,,,,,,,,,,,,,,,,,,,,,,,,,,,,,,,,,,,,,,,
1146,FluorinatedPolyimide,Fl_0232,Cc1cc(C(F)(F)F)cc2c1C(=O)OC2=O,421.0290366530003,1.5,0.0,0.595246,1146,,,,,,,,,,,,,,,,,,,,,,,,,,,,,,,,,,,,,,,,,,,,,,,,,,,,,,,,,,,,,,,,
1147,FluorinatedPolyimide,Fl_0062,Cc1cc(C(F)(F)F)cc2c1C(=O)OC2=O,420.0836054358825,1.5,0.0,0.595157,1147,,,,,,,,,,,,,,,,,,,,,,,,,,,,,,,,,,,,,,,,,,,,,,,,,,,,,,,,,,,,,,,,
1148,FluorinatedPolyimide,Fl_0188,CCc1cc(C(F)(F)F)cc2c1C(=O)OC2=O,419.83782737045976,1.5,0.0,0.595133,1148,,,,,,,,,,,,,,,,,,,,,,,,,,,,,,,,,,,,,,,,,,,,,,,,,,,,,,,,,,,,,,,,
1149,FluorinatedPolyimide,Fl_0204,Nc1cc(C(F)(F)F)cc2c1C(=O)OC2=O,419.83184867243847,1.5,0.0,0.595132,1149,,,,,,,,,,,,,,,,,,,,,,,,,,,,,,,,,,,,,,,,,,,,,,,,,,,,,,,,,,,,,,,,
1150,FluorinatedPolyimide,Fl_0174,Nc1cc(C(F)(F)F)cc2c1C(=O)OC2=O,419.75083052726586,1.5,0.0,0.595125,1150,,,,,,,,,,,,,,,,,,,,,,,,,,,,,,,,,,,,,,,,,,,,,,,,,,,,,,,,,,,,,,,,
1151,FluorinatedPolyimide,Fl_0184,Nc1cc(C(F)(F)F)cc2c1C(=O)OC2=O,419.70773811954587,1.5,0.0,0.595121,1151,,,,,,,,,,,,,,,,,,,,,,,,,,,,,,,,,,,,,,,,,,,,,,,,,,,,,,,,,,,,,,,,
1152,FluorinatedPolyimide,Fl_0171,O=C1OC(=O)c2cc(C(F)(F)F)ccc21,419.4154220451914,1.5,0.0,0.595092,1152,,,,,,,,,,,,,,,,,,,,,,,,,,,,,,,,,,,,,,,,,,,,,,,,,,,,,,,,,,,,,,,,
1153,FluorinatedPolyimide,Fl_0034,Nc1cc(C(F)(F)F)cc2c1C(=O)OC2=O,419.1711830992102,1.5,0.0,0.595069,1153,,,,,,,,,,,,,,,,,,,,,,,,,,,,,,,,,,,,,,,,,,,,,,,,,,,,,,,,,,,,,,,,
1154,FluorinatedPolyimide,Fl_0103,O=C1OC(=O)c2c(Cl)cc(C(F)(F)F)cc21,419.08138955023765,1.5,0.0,0.59506,1154,,,,,,,,,,,,,,,,,,,,,,,,,,,,,,,,,,,,,,,,,,,,,,,,,,,,,,,,,,,,,,,,
1155,FluorinatedPolyimide,Fl_0050,O=C1OC(=O)c2c1cc(C(F)(F)F)cc2C(F)(F)F,418.8021306258749,1.5,0.0,0.595032,1155,,,,,,,,,,,,,,,,,,,,,,,,,,,,,,,,,,,,,,,,,,,,,,,,,,,,,,,,,,,,,,,,
1156,FluorinatedPolyimide,Fl_0087,O=C1OC(=O)c2c(F)cc(C(F)(F)F)cc21,418.38685186270874,1.5,0.0,0.594992,1156,,,,,,,,,,,,,,,,,,,,,,,,,,,,,,,,,,,,,,,,,,,,,,,,,,,,,,,,,,,,,,,,
1157,FluorinatedPolyimide,Fl_0219,O=C1OC(=O)c2cc(C(F)(F)F)c(C(F)(F)F)cc21,417.5649561994815,1.5,0.0,0.59491,1157,,,,,,,,,,,,,,,,,,,,,,,,,,,,,,,,,,,,,,,,,,,,,,,,,,,,,,,,,,,,,,,,
1158,FluorinatedPolyimide,Fl_0083,O=C1OC(=O)c2c(Cl)cc(C(F)(F)F)cc21,417.54129920820776,1.5,0.0,0.594907,1158,,,,,,,,,,,,,,,,,,,,,,,,,,,,,,,,,,,,,,,,,,,,,,,,,,,,,,,,,,,,,,,,
1159,FluorinatedPolyimide,Fl_0008,CCc1cc(C(F)(F)F)cc2c1C(=O)OC2=O,417.28623654072044,1.5,0.0,0.594882,1159,,,,,,,,,,,,,,,,,,,,,,,,,,,,,,,,,,,,,,,,,,,,,,,,,,,,,,,,,,,,,,,,
1160,FluorinatedPolyimide,Fl_0015,O=C1OC(=O)c2c(Br)cc(C(F)(F)F)cc21,417.0424355372345,1.5,0.0,0.594857,1160,,,,,,,,,,,,,,,,,,,,,,,,,,,,,,,,,,,,,,,,,,,,,,,,,,,,,,,,,,,,,,,,
1161,FluorinatedPolyimide,Fl_0155,O=C1OC(=O)c2c(Br)cc(C(F)(F)F)cc21,417.0206678585074,1.5,0.0,0.594855,1161,,,,,,,,,,,,,,,,,,,,,,,,,,,,,,,,,,,,,,,,,,,,,,,,,,,,,,,,,,,,,,,,
1162,FluorinatedPolyimide,Fl_0199,O=C1OC(=O)c2cc(C(F)(F)F)c(C(F)(F)F)cc21,416.7710125802816,1.5,0.0,0.594829,1162,,,,,,,,,,,,,,,,,,,,,,,,,,,,,,,,,,,,,,,,,,,,,,,,,,,,,,,,,,,,,,,,
1163,FluorinatedPolyimide,Fl_0112,Cc1cc(C(F)(F)F)cc2c1C(=O)OC2=O,416.28661869805825,1.5,0.0,0.594779,1163,,,,,,,,,,,,,,,,,,,,,,,,,,,,,,,,,,,,,,,,,,,,,,,,,,,,,,,,,,,,,,,,
1164,FluorinatedPolyimide,Fl_0222,Cc1cc(C(F)(F)F)cc2c1C(=O)OC2=O,416.0062515295345,1.5,0.0,0.594751,1164,,,,,,,,,,,,,,,,,,,,,,,,,,,,,,,,,,,,,,,,,,,,,,,,,,,,,,,,,,,,,,,,
1165,FluorinatedPolyimide,Fl_0089,O=C1OC(=O)c2cc(C(F)(F)F)c(C(F)(F)F)cc21,414.85010051957215,1.5,0.0,0.594629,1165,,,,,,,,,,,,,,,,,,,,,,,,,,,,,,,,,,,,,,,,,,,,,,,,,,,,,,,,,,,,,,,,
1166,FluorinatedPolyimide,Fl_0017,O=C1OC(=O)c2c(F)cc(C(F)(F)F)cc21,414.7907354644678,1.5,0.0,0.594623,1166,,,,,,,,,,,,,,,,,,,,,,,,,,,,,,,,,,,,,,,,,,,,,,,,,,,,,,,,,,,,,,,,
1167,FluorinatedPolyimide,Fl_0117,O=C1OC(=O)c2c(F)cc(C(F)(F)F)cc21,414.7803971173766,1.5,0.0,0.594622,1167,,,,,,,,,,,,,,,,,,,,,,,,,,,,,,,,,,,,,,,,,,,,,,,,,,,,,,,,,,,,,,,,
1168,FluorinatedPolyimide,Fl_0082,Cc1cc(C(F)(F)F)cc2c1C(=O)OC2=O,414.7471933441929,1.5,0.0,0.594618,1168,,,,,,,,,,,,,,,,,,,,,,,,,,,,,,,,,,,,,,,,,,,,,,,,,,,,,,,,,,,,,,,,
1169,FluorinatedPolyimide,Fl_0223,O=C1OC(=O)c2c(Cl)cc(C(F)(F)F)cc21,414.7295094924036,1.5,0.0,0.594617,1169,,,,,,,,,,,,,,,,,,,,,,,,,,,,,,,,,,,,,,,,,,,,,,,,,,,,,,,,,,,,,,,,
1170,FluorinatedPolyimide,Fl_0125,O=C1OC(=O)c2c(Br)cc(C(F)(F)F)cc21,414.52354780891136,1.5,0.0,0.594595,1170,,,,,,,,,,,,,,,,,,,,,,,,,,,,,,,,,,,,,,,,,,,,,,,,,,,,,,,,,,,,,,,,
1171,FluorinatedPolyimide,Fl_0142,Cc1cc(C(F)(F)F)cc2c1C(=O)OC2=O,413.86872033948595,1.5,0.0,0.594524,1171,,,,,,,,,,,,,,,,,,,,,,,,,,,,,,,,,,,,,,,,,,,,,,,,,,,,,,,,,,,,,,,,
1172,FluorinatedPolyimide,Fl_0135,O=C1OC(=O)c2c(Br)cc(C(F)(F)F)cc21,413.4148058566527,1.5,0.0,0.594475,1172,,,,,,,,,,,,,,,,,,,,,,,,,,,,,,,,,,,,,,,,,,,,,,,,,,,,,,,,,,,,,,,,
1173,FluorinatedPolyimide,Fl_0073,O=C1OC(=O)c2c(Cl)cc(C(F)(F)F)cc21,413.24268227463494,1.5,0.0,0.594456,1173,,,,,,,,,,,,,,,,,,,,,,,,,,,,,,,,,,,,,,,,,,,,,,,,,,,,,,,,,,,,,,,,
1174,FluorinatedPolyimide,Fl_0042,Cc1cc(C(F)(F)F)cc2c1C(=O)OC2=O,412.95875465472665,1.5,0.0,0.594425,1174,,,,,,,,,,,,,,,,,,,,,,,,,,,,,,,,,,,,,,,,,,,,,,,,,,,,,,,,,,,,,,,,
1175,FluorinatedPolyimide,Fl_0151,O=C1OC(=O)c2cc(C(F)(F)F)ccc21,412.54119585212425,1.5,0.0,0.594379,1175,,,,,,,,,,,,,,,,,,,,,,,,,,,,,,,,,,,,,,,,,,,,,,,,,,,,,,,,,,,,,,,,
1176,FluorinatedPolyimide,Fl_0107,O=C1OC(=O)c2c(F)cc(C(F)(F)F)cc21,412.4156909297886,1.5,0.0,0.594365,1176,,,,,,,,,,,,,,,,,,,,,,,,,,,,,,,,,,,,,,,,,,,,,,,,,,,,,,,,,,,,,,,,
1177,FluorinatedPolyimide,Fl_0020,O=C1OC(=O)c2c1cc(C(F)(F)F)cc2C(F)(F)F,412.2713018324743,1.5,0.0,0.594349,1177,,,,,,,,,,,,,,,,,,,,,,,,,,,,,,,,,,,,,,,,,,,,,,,,,,,,,,,,,,,,,,,,
1178,FluorinatedPolyimide,Fl_0085,O=C1OC(=O)c2c(Br)cc(C(F)(F)F)cc21,412.1796530718462,1.5,0.0,0.594339,1178,,,,,,,,,,,,,,,,,,,,,,,,,,,,,,,,,,,,,,,,,,,,,,,,,,,,,,,,,,,,,,,,
1179,FluorinatedPolyimide,Fl_0032,Cc1cc(C(F)(F)F)cc2c1C(=O)OC2=O,411.28837417210707,1.5,0.0,0.594239,1179,,,,,,,,,,,,,,,,,,,,,,,,,,,,,,,,,,,,,,,,,,,,,,,,,,,,,,,,,,,,,,,,
1180,FluorinatedPolyimide,Fl_0237,O=C1OC(=O)c2c(F)cc(C(F)(F)F)cc21,410.03754750165376,1.5,0.0,0.594095,1180,,,,,,,,,,,,,,,,,,,,,,,,,,,,,,,,,,,,,,,,,,,,,,,,,,,,,,,,,,,,,,,,
1181,FluorinatedPolyimide,Fl_0116,O=C1OC(=O)c2cc(C(F)(F)F)c(F)cc21,410.02799090910827,1.5,0.0,0.594094,1181,,,,,,,,,,,,,,,,,,,,,,,,,,,,,,,,,,,,,,,,,,,,,,,,,,,,,,,,,,,,,,,,
1182,FluorinatedPolyimide,Fl_0036,O=C1OC(=O)c2cc(C(F)(F)F)c(F)cc21,409.67245827289634,1.5,0.0,0.594052,1182,,,,,,,,,,,,,,,,,,,,,,,,,,,,,,,,,,,,,,,,,,,,,,,,,,,,,,,,,,,,,,,,
1183,FluorinatedPolyimide,Fl_0109,O=C1OC(=O)c2cc(C(F)(F)F)c(C(F)(F)F)cc21,408.9055370017833,1.5,0.0,0.593962,1183,,,,,,,,,,,,,,,,,,,,,,,,,,,,,,,,,,,,,,,,,,,,,,,,,,,,,,,,,,,,,,,,
1184,FluorinatedPolyimide,Fl_0234,Nc1cc(C(F)(F)F)cc2c1C(=O)OC2=O,407.5127210234927,1.5,0.0,0.593794,1184,,,,,,,,,,,,,,,,,,,,,,,,,,,,,,,,,,,,,,,,,,,,,,,,,,,,,,,,,,,,,,,,
1185,FluorinatedPolyimide,Fl_0181,O=C1OC(=O)c2cc(C(F)(F)F)ccc21,406.5103368138652,1.5,0.0,0.59367,1185,,,,,,,,,,,,,,,,,,,,,,,,,,,,,,,,,,,,,,,,,,,,,,,,,,,,,,,,,,,,,,,,
1186,FluorinatedPolyimide,Fl_0040,O=C1OC(=O)c2c1cc(C(F)(F)F)cc2C(F)(F)F,406.1583290795794,1.5,0.0,0.593626,1186,,,,,,,,,,,,,,,,,,,,,,,,,,,,,,,,,,,,,,,,,,,,,,,,,,,,,,,,,,,,,,,,
1187,FluorinatedPolyimide,Fl_0056,O=C1OC(=O)c2cc(C(F)(F)F)c(F)cc21,406.05148221252983,1.5,0.0,0.593613,1187,,,,,,,,,,,,,,,,,,,,,,,,,,,,,,,,,,,,,,,,,,,,,,,,,,,,,,,,,,,,,,,,
1188,FluorinatedPolyimide,Fl_0210,O=C1OC(=O)c2c1cc(C(F)(F)F)cc2C(F)(F)F,405.0186744733275,1.5,0.0,0.593481,1188,,,,,,,,,,,,,,,,,,,,,,,,,,,,,,,,,,,,,,,,,,,,,,,,,,,,,,,,,,,,,,,,
1189,FluorinatedPolyimide,Fl_0101,O=C1OC(=O)c2cc(C(F)(F)F)ccc21,404.9987852898197,1.5,0.0,0.593479,1189,,,,,,,,,,,,,,,,,,,,,,,,,,,,,,,,,,,,,,,,,,,,,,,,,,,,,,,,,,,,,,,,
1190,FluorinatedPolyimide,Fl_0144,Nc1cc(C(F)(F)F)cc2c1C(=O)OC2=O,403.30636938379695,1.5,0.0,0.593258,1190,,,,,,,,,,,,,,,,,,,,,,,,,,,,,,,,,,,,,,,,,,,,,,,,,,,,,,,,,,,,,,,,
1191,FluorinatedPolyimide,Fl_0168,CCc1cc(C(F)(F)F)cc2c1C(=O)OC2=O,403.15833623238467,1.5,0.0,0.593238,1191,,,,,,,,,,,,,,,,,,,,,,,,,,,,,,,,,,,,,,,,,,,,,,,,,,,,,,,,,,,,,,,,
1192,FluorinatedPolyimide,Fl_0175,O=C1OC(=O)c2c(Br)cc(C(F)(F)F)cc21,402.22959882142686,1.5,0.0,0.593114,1192,,,,,,,,,,,,,,,,,,,,,,,,,,,,,,,,,,,,,,,,,,,,,,,,,,,,,,,,,,,,,,,,
1193,FluorinatedPolyimide,Fl_0027,O=C1OC(=O)c2c(F)cc(C(F)(F)F)cc21,400.5720276071103,1.5,0.0,0.592886,1193,,,,,,,,,,,,,,,,,,,,,,,,,,,,,,,,,,,,,,,,,,,,,,,,,,,,,,,,,,,,,,,,
1194,FluorinatedPolyimide,Fl_0209,O=C1OC(=O)c2cc(C(F)(F)F)c(C(F)(F)F)cc21,400.5234984858206,1.5,0.0,0.592879,1194,,,,,,,,,,,,,,,,,,,,,,,,,,,,,,,,,,,,,,,,,,,,,,,,,,,,,,,,,,,,,,,,
1195,FluorinatedPolyimide,Fl_0225,O=C1OC(=O)c2c(Br)cc(C(F)(F)F)cc21,400.3646811304957,1.5,0.0,0.592857,1195,,,,,,,,,,,,,,,,,,,,,,,,,,,,,,,,,,,,,,,,,,,,,,,,,,,,,,,,,,,,,,,,
1196,FluorinatedPolyimide,Fl_0159,O=C1OC(=O)c2cc(C(F)(F)F)c(C(F)(F)F)cc21,399.3044025957244,1.5,0.0,0.592707,1196,,,,,,,,,,,,,,,,,,,,,,,,,,,,,,,,,,,,,,,,,,,,,,,,,,,,,,,,,,,,,,,,
1197,FluorinatedPolyimide,Fl_0078,CCc1cc(C(F)(F)F)cc2c1C(=O)OC2=O,399.05111881125663,1.5,0.0,0.59267,1197,,,,,,,,,,,,,,,,,,,,,,,,,,,,,,,,,,,,,,,,,,,,,,,,,,,,,,,,,,,,,,,,
1198,FluorinatedPolyimide,Fl_0002,Cc1cc(C(F)(F)F)cc2c1C(=O)OC2=O,395.6659675571529,1.5,0.0,0.592167,1198,,,,,,,,,,,,,,,,,,,,,,,,,,,,,,,,,,,,,,,,,,,,,,,,,,,,,,,,,,,,,,,,
1199,FluorinatedPolyimide,Fl_0164,Nc1cc(C(F)(F)F)cc2c1C(=O)OC2=O,394.8377189508969,1.5,0.0,0.592039,1199,,,,,,,,,,,,,,,,,,,,,,,,,,,,,,,,,,,,,,,,,,,,,,,,,,,,,,,,,,,,,,,,
1200,FluorinatedPolyimide,Fl_0093,O=C1OC(=O)c2c(Cl)cc(C(F)(F)F)cc21,392.9706101324764,1.5,0.0,0.591742,1200,,,,,,,,,,,,,,,,,,,,,,,,,,,,,,,,,,,,,,,,,,,,,,,,,,,,,,,,,,,,,,,,
1201,Poly_b105dd7b,USR_0167,*c1c(C(F)(F)F)cc(-n2c(=O)c3ccc4c(c3)c(=O)c3ccc(cc3-4)c(=O)n(*)c2=O)c(S(N)(=O)=O)c1S(N)(=O)=O,472.4163326726233,4.096764615178193,19.98557366526638,0.591643,1201,,,,,,,,,,,,,,,,,,,,,,,,,,,,,,,,,,,,,,,,,,,,,,,,,,,,,,,,,,,,,,,,
1202,FluorinatedPolyimide,Fl_0003,O=C1OC(=O)c2c(Cl)cc(C(F)(F)F)cc21,389.71336714601955,1.5,0.0,0.591198,1202,,,,,,,,,,,,,,,,,,,,,,,,,,,,,,,,,,,,,,,,,,,,,,,,,,,,,,,,,,,,,,,,
1203,FluorinatedPolyimide,Fl_0137,O=C1OC(=O)c2c(F)cc(C(F)(F)F)cc21,382.7350238555116,1.5,0.0,0.589913,1203,,,,,,,,,,,,,,,,,,,,,,,,,,,,,,,,,,,,,,,,,,,,,,,,,,,,,,,,,,,,,,,,
1204,Poly_b105dd7b,USR_0204,*c1ccc(-n2c(=O)c3cc4c(c(C#N)c3C)-c3cc(ccc3c4=O)c(=O)n(*)c2=O)cc1,461.91128984213185,3.6540448022766303,17.537195467465438,0.588114,1204,,,,,,,,,,,,,,,,,,,,,,,,,,,,,,,,,,,,,,,,,,,,,,,,,,,,,,,,,,,,,,,,
1205,Poly_b105dd7b,USR_0081,*c1ccc(-n2c(=O)c3ccc4c(c3)c(=O)c3c(C)cc(cc3-4)c(=O)n(*)c2=O)cc1OC,435.60374663081654,3.825039033881022,18.321872956683016,0.585727,1205,,,,,,,,,,,,,,,,,,,,,,,,,,,,,,,,,,,,,,,,,,,,,,,,,,,,,,,,,,,,,,,,
1206,Poly_b105dd7b,USR_0175,*c1cc(F)c(-n2c(=O)c3ccc4c(c3)c(=O)c3ccc(cc3-4)c(=O)n(*)c2=O)c(OC)c1S(N)(=O)=O,453.7550343605328,3.5724847623799074,16.820176884101674,0.583619,1206,,,,,,,,,,,,,,,,,,,,,,,,,,,,,,,,,,,,,,,,,,,,,,,,,,,,,,,,,,,,,,,,
1207,Poly_b105dd7b,USR_0126,*c1ccc(-n2c(=O)c3cc4c(cc3F)-c3cc(ccc3c4=O)c(=O)n(*)c2=O)c(CC)c1,487.3968138952189,4.259007437901997,20.10268564969793,0.58283,1207,,,,,,,,,,,,,,,,,,,,,,,,,,,,,,,,,,,,,,,,,,,,,,,,,,,,,,,,,,,,,,,,
1208,Poly_b105dd7b,USR_0098,*c1ccc(-n2c(=O)c3ccc4c(c3)c(=O)c3c(N)cc(cc3-4)c(=O)n(*)c2=O)cc1F,452.13584595657,3.7010026853209763,17.396381916501692,0.582652,1208,,,,,,,,,,,,,,,,,,,,,,,,,,,,,,,,,,,,,,,,,,,,,,,,,,,,,,,,,,,,,,,,
1209,Poly_b105dd7b,USR_0228,*c1ccc(-n2c(=O)c3c(F)c(F)c4c(c3S(N)(=O)=O)c(=O)c3ccc(cc3-4)c(=O)n(*)c2=O)cc1,460.92044586641674,3.7096830941711287,17.381573678566117,0.582287,1209,,,,,,,,,,,,,,,,,,,,,,,,,,,,,,,,,,,,,,,,,,,,,,,,,,,,,,,,,,,,,,,,
1210,Poly_b105dd7b,USR_0091,*c1ccc(-n2c(=O)c3cc4c(cc3F)-c3cc(ccc3c4=O)c(=O)n(*)c2=O)c(Cl)c1,520.4584634452775,4.25297198473137,19.91897482443285,0.581397,1210,,,,,,,,,,,,,,,,,,,,,,,,,,,,,,,,,,,,,,,,,,,,,,,,,,,,,,,,,,,,,,,,
1211,Poly_b105dd7b,USR_0178,*c1cc(C#N)c(-n2c(=O)c3ccc4c(c3)c(=O)c3ccc(cc3-4)c(=O)n(*)c2=O)c(OC)c1,482.55403726051287,4.205727422411926,19.72319649194118,0.581194,1211,,,,,,,,,,,,,,,,,,,,,,,,,,,,,,,,,,,,,,,,,,,,,,,,,,,,,,,,,,,,,,,,
1212,Poly_b105dd7b,USR_0124,*c1ccc(-n2c(=O)c3c(C#N)c(C(F)(F)F)c4c(c3C#N)c(=O)c3ccc(cc3-4)c(=O)n(*)c2=O)cc1,486.75374911516997,4.423088175056509,20.69915871887381,0.579828,1212,,,,,,,,,,,,,,,,,,,,,,,,,,,,,,,,,,,,,,,,,,,,,,,,,,,,,,,,,,,,,,,,
1213,Poly_b105dd7b,USR_0236,*c1c(F)cc(-n2c(=O)c3ccc4c(c3)c(=O)c3ccc(cc3-4)c(=O)n(*)c2=O)c(OC)c1Cl,479.7454934928684,3.7925239923309713,17.43628759834756,0.578168,1213,,,,,,,,,,,,,,,,,,,,,,,,,,,,,,,,,,,,,,,,,,,,,,,,,,,,,,,,,,,,,,,,
1214,Poly_b105dd7b,USR_0215,*c1c(Br)cc(-n2c(=O)c3ccc4c(c3)c(=O)c3ccc(cc3-4)c(=O)n(*)c2=O)cc1CC,439.8615055829111,3.73301444338781,17.272345904496675,0.578156,1214,,,,,,,,,,,,,,,,,,,,,,,,,,,,,,,,,,,,,,,,,,,,,,,,,,,,,,,,,,,,,,,,
1215,Poly_b105dd7b,USR_0069,*c1ccc(-n2c(=O)c3ccc4c(c3)c(=O)c3c(C)cc(cc3-4)c(=O)n(*)c2=O)c(OC)c1,464.0272522126897,3.806750896927566,17.54475231061395,0.578121,1215,,,,,,,,,,,,,,,,,,,,,,,,,,,,,,,,,,,,,,,,,,,,,,,,,,,,,,,,,,,,,,,,
1216,Poly_b105dd7b,USR_0225,*c1cc(S(N)(=O)=O)c(-n2c(=O)c3ccc4c(c3)c(=O)c3ccc(cc3-4)c(=O)n(*)c2=O)c(OC)c1Br,477.27113443052593,3.899912791011119,17.957058173753683,0.577877,1216,,,,,,,,,,,,,,,,,,,,,,,,,,,,,,,,,,,,,,,,,,,,,,,,,,,,,,,,,,,,,,,,
1217,Poly_b105dd7b,USR_0151,*c1cc(OC)c(-n2c(=O)c3ccc4c(c3)c(=O)c3ccc(cc3-4)c(=O)n(*)c2=O)c(C)c1F,464.51548789192293,3.6310893462255787,16.577231602974496,0.576951,1217,,,,,,,,,,,,,,,,,,,,,,,,,,,,,,,,,,,,,,,,,,,,,,,,,,,,,,,,,,,,,,,,
1218,Poly_b105dd7b,USR_0205,*c1ccc(-n2c(=O)c3cc4c(cc3CC)-c3cc(ccc3c4=O)c(=O)n(*)c2=O)cc1Br,472.8762884671607,4.150682756342472,19.030720464530642,0.575332,1218,,,,,,,,,,,,,,,,,,,,,,,,,,,,,,,,,,,,,,,,,,,,,,,,,,,,,,,,,,,,,,,,
1219,Poly_b105dd7b,USR_0089,*c1ccc(-n2c(=O)c3ccc4c(c3)c(=O)c3ccc(c(C(F)(F)F)c3-4)c(=O)n(*)c2=O)cc1F,475.8241858310267,3.7846208186929715,17.164750981820223,0.574954,1219,,,,,,,,,,,,,,,,,,,,,,,,,,,,,,,,,,,,,,,,,,,,,,,,,,,,,,,,,,,,,,,,
1220,Poly_b105dd7b,USR_0046,*c1cc(OC)c(-n2c(=O)c3ccc4c(c3)c(=O)c3ccc(cc3-4)c(=O)n(*)c2=O)c(OC)c1Br,459.43836052526984,4.094048729491581,18.75320003683288,0.574887,1220,,,,,,,,,,,,,,,,,,,,,,,,,,,,,,,,,,,,,,,,,,,,,,,,,,,,,,,,,,,,,,,,
1221,Poly_b105dd7b,USR_0063,*c1ccc(-n2c(=O)c3ccc4c(c3)c(=O)c3ccc(cc3-4)c(=O)n(*)c2=O)cc1OC,412.9210681852907,3.541206324235367,16.229092708731134,0.574729,1221,,,,,,,,,,,,,,,,,,,,,,,,,,,,,,,,,,,,,,,,,,,,,,,,,,,,,,,,,,,,,,,,
1222,Poly_b105dd7b,USR_0180,*c1c(Cl)c(Br)c(-n2c(=O)c3ccc4c(c3)c(=O)c3ccc(cc3-4)c(=O)n(*)c2=O)c(OC)c1Br,448.854163781333,3.9336581123106154,17.943775976683842,0.574268,1222,,,,,,,,,,,,,,,,,,,,,,,,,,,,,,,,,,,,,,,,,,,,,,,,,,,,,,,,,,,,,,,,
1223,Poly_b105dd7b,USR_0108,*c1c(Br)c(OC)c(-n2c(=O)c3ccc4c(c3)c(=O)c3ccc(cc3-4)c(=O)n(*)c2=O)c(OC)c1CC,472.6271055195768,3.93269851582638,17.835743404316887,0.573923,1223,,,,,,,,,,,,,,,,,,,,,,,,,,,,,,,,,,,,,,,,,,,,,,,,,,,,,,,,,,,,,,,,
1224,Poly_b105dd7b,USR_0142,*c1ccc(-n2c(=O)c3cc4c(cc3CC)-c3cc(ccc3c4=O)c(=O)n(*)c2=O)c(OC)c1,426.8481094253988,3.6170775248392717,16.424498182159535,0.573618,1224,,,,,,,,,,,,,,,,,,,,,,,,,,,,,,,,,,,,,,,,,,,,,,,,,,,,,,,,,,,,,,,,
1225,Poly_b105dd7b,USR_0195,*c1ccc(-n2c(=O)c3c(C#N)c(OC)c4c(c3Br)c(=O)c3ccc(cc3-4)c(=O)n(*)c2=O)cc1,471.0149931799274,3.5469278336168393,15.834380660330075,0.572901,1225,,,,,,,,,,,,,,,,,,,,,,,,,,,,,,,,,,,,,,,,,,,,,,,,,,,,,,,,,,,,,,,,
1226,Poly_b105dd7b,USR_0150,*c1cc(N)c(-n2c(=O)c3ccc4c(c3)c(=O)c3ccc(cc3-4)c(=O)n(*)c2=O)c(N)c1OC,446.6454560527957,3.8271856338750245,17.28274447421456,0.572429,1226,,,,,,,,,,,,,,,,,,,,,,,,,,,,,,,,,,,,,,,,,,,,,,,,,,,,,,,,,,,,,,,,
1227,Poly_b105dd7b,USR_0154,*c1ccc(-n2c(=O)c3ccc4c(c3)c(=O)c3cc(F)c(cc3-4)c(=O)n(*)c2=O)cc1OC,480.029298781597,3.851575188491575,17.270006378275244,0.572022,1227,,,,,,,,,,,,,,,,,,,,,,,,,,,,,,,,,,,,,,,,,,,,,,,,,,,,,,,,,,,,,,,,
1228,Poly_b105dd7b,USR_0197,*c1ccc(-n2c(=O)c3cc4c(cc3F)-c3c(Br)c(ccc3c4=O)c(=O)n(*)c2=O)cc1,465.4667358888072,4.136514132701971,18.711776183962325,0.571754,1228,,,,,,,,,,,,,,,,,,,,,,,,,,,,,,,,,,,,,,,,,,,,,,,,,,,,,,,,,,,,,,,,
1229,Poly_b105dd7b,USR_0233,*c1c(F)c(F)c(-n2c(=O)c3ccc4c(c3)c(=O)c3ccc(cc3-4)c(=O)n(*)c2=O)c(OC)c1S(N)(=O)=O,443.4449318908383,3.3663957184046733,14.931224084638968,0.571607,1229,,,,,,,,,,,,,,,,,,,,,,,,,,,,,,,,,,,,,,,,,,,,,,,,,,,,,,,,,,,,,,,,
1230,Poly_b105dd7b,USR_0024,*c1ccc(-n2c(=O)c3cc4c(cc3N)-c3c(Br)c(ccc3c4=O)c(=O)n(*)c2=O)cc1,403.4186889959302,3.836938739067222,17.534853236910834,0.571275,1230,,,,,,,,,,,,,,,,,,,,,,,,,,,,,,,,,,,,,,,,,,,,,,,,,,,,,,,,,,,,,,,,
1231,Poly_b105dd7b,USR_0117,*c1ccc(-n2c(=O)c3c(N)c(Cl)c4c(c3OC)c(=O)c3ccc(cc3-4)c(=O)n(*)c2=O)cc1,491.4112580323608,4.195172219769771,18.883780307097204,0.570932,1231,,,,,,,,,,,,,,,,,,,,,,,,,,,,,,,,,,,,,,,,,,,,,,,,,,,,,,,,,,,,,,,,
1232,Poly_b105dd7b,USR_0221,*c1cc(C(F)(F)F)c(-n2c(=O)c3ccc4c(c3)c(=O)c3ccc(cc3-4)c(=O)n(*)c2=O)c(C(F)(F)F)c1OC,487.0465273865512,4.0856521929311125,18.32079123653752,0.57062,1232,,,,,,,,,,,,,,,,,,,,,,,,,,,,,,,,,,,,,,,,,,,,,,,,,,,,,,,,,,,,,,,,
1233,Poly_b105dd7b,USR_0222,*c1ccc(-n2c(=O)c3ccc4c(c3C#N)c(=O)c3ccc(cc3-4)c(=O)n(*)c2=O)cc1F,471.12004062230415,4.067869823665246,18.245737009184495,0.570326,1233,,,,,,,,,,,,,,,,,,,,,,,,,,,,,,,,,,,,,,,,,,,,,,,,,,,,,,,,,,,,,,,,
1234,Poly_b105dd7b,USR_0207,*c1cc(N)c(-n2c(=O)c3ccc4c(c3)c(=O)c3ccc(cc3-4)c(=O)n(*)c2=O)cc1OC,447.83459477684715,3.9086131351550204,17.51087061905233,0.570109,1234,,,,,,,,,,,,,,,,,,,,,,,,,,,,,,,,,,,,,,,,,,,,,,,,,,,,,,,,,,,,,,,,
1235,Poly_b105dd7b,USR_0012,*c1ccc(-n2c(=O)c3cc4c(cc3Br)-c3cc(ccc3c4=O)c(=O)n(*)c2=O)cc1CC,523.2594649622239,4.213024054223624,18.83299212937709,0.569617,1235,,,,,,,,,,,,,,,,,,,,,,,,,,,,,,,,,,,,,,,,,,,,,,,,,,,,,,,,,,,,,,,,
1236,Poly_b105dd7b,USR_0050,*c1ccc(-n2c(=O)c3ccc4c(c3)c(=O)c3ccc(c(CC)c3-4)c(=O)n(*)c2=O)cc1Br,460.32648019374386,3.892632080770539,17.331668103316527,0.5694,1236,,,,,,,,,,,,,,,,,,,,,,,,,,,,,,,,,,,,,,,,,,,,,,,,,,,,,,,,,,,,,,,,
1237,Poly_b105dd7b,USR_0203,*c1ccc(-n2c(=O)c3ccc4c(c3)c(=O)c3c-4cc(cc3S(N)(=O)=O)c(=O)n(*)c2=O)cc1OC,477.6257174944858,4.121301571854371,18.407812778371444,0.569139,1237,,,,,,,,,,,,,,,,,,,,,,,,,,,,,,,,,,,,,,,,,,,,,,,,,,,,,,,,,,,,,,,,
1238,Poly_b105dd7b,USR_0006,*c1ccc(-n2c(=O)c3cc4c(cc3N)-c3cc(ccc3c4=O)c(=O)n(*)c2=O)c(C(F)(F)F)c1,529.3520663238925,4.630372490755483,20.873900256586122,0.569077,1238,,,,,,,,,,,,,,,,,,,,,,,,,,,,,,,,,,,,,,,,,,,,,,,,,,,,,,,,,,,,,,,,
1239,Poly_b105dd7b,USR_0156,*c1cc(F)c(-n2c(=O)c3ccc4c(c3)c(=O)c3ccc(cc3-4)c(=O)n(*)c2=O)c(Cl)c1Br,483.7640081185895,3.9699786595126447,17.619666084453115,0.568896,1239,,,,,,,,,,,,,,,,,,,,,,,,,,,,,,,,,,,,,,,,,,,,,,,,,,,,,,,,,,,,,,,,
1240,Poly_b105dd7b,USR_0095,*c1ccc(-n2c(=O)c3cc(OC)c4c(c3)c(=O)c3ccc(cc3-4)c(=O)n(*)c2=O)c(OC)c1,453.16427644591715,3.75330658948012,16.58600449065658,0.568412,1240,,,,,,,,,,,,,,,,,,,,,,,,,,,,,,,,,,,,,,,,,,,,,,,,,,,,,,,,,,,,,,,,
1241,Poly_b105dd7b,USR_0220,*c1ccc(-n2c(=O)c3cc4c(cc3N)-c3cc(ccc3c4=O)c(=O)n(*)c2=O)c(OC)c1,472.23813083215254,4.1262408740148535,18.377339840385464,0.568228,1241,,,,,,,,,,,,,,,,,,,,,,,,,,,,,,,,,,,,,,,,,,,,,,,,,,,,,,,,,,,,,,,,
1242,Poly_b105dd7b,USR_0013,*c1ccc(-n2c(=O)c3ccc4c(c3)c(=O)c3ccc(cc3-4)c(=O)n(*)c2=O)c(OC)c1,466.00028132556184,4.0995947237799655,18.242096329667515,0.567974,1242,,,,,,,,,,,,,,,,,,,,,,,,,,,,,,,,,,,,,,,,,,,,,,,,,,,,,,,,,,,,,,,,
1243,Poly_b105dd7b,USR_0145,*c1cc(S(N)(=O)=O)c(-n2c(=O)c3ccc4c(c3)c(=O)c3ccc(cc3-4)c(=O)n(*)c2=O)c(Br)c1C#N,458.7726563184649,4.434354717181539,19.93765427278128,0.567963,1243,,,,,,,,,,,,,,,,,,,,,,,,,,,,,,,,,,,,,,,,,,,,,,,,,,,,,,,,,,,,,,,,
1244,Poly_b105dd7b,USR_0019,*c1cc(OC)c(-n2c(=O)c3ccc4c(c3)c(=O)c3ccc(cc3-4)c(=O)n(*)c2=O)cc1CC,453.80034279135225,3.679994889859434,16.155319950489755,0.567589,1244,,,,,,,,,,,,,,,,,,,,,,,,,,,,,,,,,,,,,,,,,,,,,,,,,,,,,,,,,,,,,,,,
1245,Poly_b105dd7b,USR_0035,*c1ccc(-n2c(=O)c3ccc4c(c3)c(=O)c3ccc(cc3-4)c(=O)n(*)c2=O)c(S(N)(=O)=O)c1,493.01753085407495,4.113666846117746,18.202422485595644,0.567318,1245,,,,,,,,,,,,,,,,,,,,,,,,,,,,,,,,,,,,,,,,,,,,,,,,,,,,,,,,,,,,,,,,
1246,Poly_b105dd7b,USR_0202,*c1ccc(-n2c(=O)c3cc4c(cc3Cl)-c3c(C)c(ccc3c4=O)c(=O)n(*)c2=O)cc1,432.62028764000337,3.45740645924862,15.099417368885124,0.567052,1246,,,,,,,,,,,,,,,,,,,,,,,,,,,,,,,,,,,,,,,,,,,,,,,,,,,,,,,,,,,,,,,,
1247,Poly_b105dd7b,USR_0227,*c1cc(C(F)(F)F)c(-n2c(=O)c3ccc4c(c3)c(=O)c3ccc(cc3-4)c(=O)n(*)c2=O)c(C)c1OC,428.55982439738375,3.716414011476883,16.392034121342565,0.566704,1247,,,,,,,,,,,,,,,,,,,,,,,,,,,,,,,,,,,,,,,,,,,,,,,,,,,,,,,,,,,,,,,,
1248,Poly_b105dd7b,USR_0212,*c1c(CC)cc(-n2c(=O)c3ccc4c(c3)c(=O)c3ccc(cc3-4)c(=O)n(*)c2=O)c(OC)c1Br,472.755876993915,3.961781321356693,17.426848821510923,0.566537,1248,,,,,,,,,,,,,,,,,,,,,,,,,,,,,,,,,,,,,,,,,,,,,,,,,,,,,,,,,,,,,,,,
1249,Poly_b105dd7b,USR_0059,*c1ccc(-n2c(=O)c3cc4c(c(Cl)c3N)-c3cc(ccc3c4=O)c(=O)n(*)c2=O)cc1,402.79812176257104,3.626260613551358,16.080516462099858,0.565847,1249,,,,,,,,,,,,,,,,,,,,,,,,,,,,,,,,,,,,,,,,,,,,,,,,,,,,,,,,,,,,,,,,
1250,Poly_b105dd7b,USR_0152,*c1ccc(-n2c(=O)c3c(Br)cc4c(c3C(F)(F)F)c(=O)c3ccc(cc3-4)c(=O)n(*)c2=O)cc1,485.45513915556666,4.179801875868525,18.39638675822289,0.56531,1250,,,,,,,,,,,,,,,,,,,,,,,,,,,,,,,,,,,,,,,,,,,,,,,,,,,,,,,,,,,,,,,,
1251,Poly_b105dd7b,USR_0064,*c1c(Cl)c(OC)c(-n2c(=O)c3ccc4c(c3)c(=O)c3ccc(cc3-4)c(=O)n(*)c2=O)c(OC)c1Br,456.99692501452347,3.7753530682231924,16.41755294971972,0.564881,1251,,,,,,,,,,,,,,,,,,,,,,,,,,,,,,,,,,,,,,,,,,,,,,,,,,,,,,,,,,,,,,,,
1252,Poly_b105dd7b,USR_0141,*c1ccc(-n2c(=O)c3c(N)c(Cl)c4c(c3S(N)(=O)=O)c(=O)c3ccc(cc3-4)c(=O)n(*)c2=O)cc1,483.9501371756168,4.3576418480099495,19.253337197994117,0.56484,1252,,,,,,,,,,,,,,,,,,,,,,,,,,,,,,,,,,,,,,,,,,,,,,,,,,,,,,,,,,,,,,,,
1253,Poly_b105dd7b,USR_0121,*c1c(C)c(OC)c(-n2c(=O)c3ccc4c(c3)c(=O)c3ccc(cc3-4)c(=O)n(*)c2=O)c(OC)c1Br,496.22452677044186,4.162940507779,18.254835555076074,0.564802,1253,,,,,,,,,,,,,,,,,,,,,,,,,,,,,,,,,,,,,,,,,,,,,,,,,,,,,,,,,,,,,,,,
1254,Poly_b105dd7b,USR_0110,*c1ccc(-n2c(=O)c3cc(C#N)c4c(c3)c(=O)c3ccc(cc3-4)c(=O)n(*)c2=O)cc1N,418.41279560240463,3.90574734200933,17.252786978244686,0.564648,1254,,,,,,,,,,,,,,,,,,,,,,,,,,,,,,,,,,,,,,,,,,,,,,,,,,,,,,,,,,,,,,,,
1255,Poly_b105dd7b,USR_0123,*c1c(CC)cc(-n2c(=O)c3ccc4c(c3)c(=O)c3ccc(cc3-4)c(=O)n(*)c2=O)c(OC)c1C(F)(F)F,460.1067436918401,3.951157546342651,17.250041047125446,0.5644,1255,,,,,,,,,,,,,,,,,,,,,,,,,,,,,,,,,,,,,,,,,,,,,,,,,,,,,,,,,,,,,,,,
1256,Poly_b105dd7b,USR_0106,*c1ccc(-n2c(=O)c3ccc4c(c3)c(=O)c3cc(CC)c(cc3-4)c(=O)n(*)c2=O)c(OC)c1,473.12524666242757,3.7311769731698803,16.111409035711524,0.564384,1256,,,,,,,,,,,,,,,,,,,,,,,,,,,,,,,,,,,,,,,,,,,,,,,,,,,,,,,,,,,,,,,,
1257,Poly_b105dd7b,USR_0010,*c1ccc(-n2c(=O)c3cc4c(cc3Br)-c3c(N)c(ccc3c4=O)c(=O)n(*)c2=O)cc1,421.8663429669374,3.9145109291452678,17.232469245322694,0.564123,1257,,,,,,,,,,,,,,,,,,,,,,,,,,,,,,,,,,,,,,,,,,,,,,,,,,,,,,,,,,,,,,,,
1258,Poly_b105dd7b,USR_0016,*c1ccc(-n2c(=O)c3cc4c(cc3Br)-c3cc(cc(F)c3c4=O)c(=O)n(*)c2=O)cc1,498.39714009319573,4.552206710555273,20.091328805695095,0.563383,1258,,,,,,,,,,,,,,,,,,,,,,,,,,,,,,,,,,,,,,,,,,,,,,,,,,,,,,,,,,,,,,,,
1259,Poly_b105dd7b,USR_0070,*c1ccc(-n2c(=O)c3cc4c(cc3C#N)-c3cc(ccc3c4=O)c(=O)n(*)c2=O)c(N)c1,475.88700211375476,4.007116618154643,17.406588495956782,0.563347,1259,,,,,,,,,,,,,,,,,,,,,,,,,,,,,,,,,,,,,,,,,,,,,,,,,,,,,,,,,,,,,,,,
1260,Poly_b105dd7b,USR_0001,*N1C(=O)c2ccc3c(c2)c4ccc(cc4c3=O)C(=O)N(c5ccc(*)cc5)C1=O,487.520492246799,4.385825175561654,19.270225978367428,0.563279,1260,,,,,,,,,,,,,,,,,,,,,,,,,,,,,,,,,,,,,,,,,,,,,,,,,,,,,,,,,,,,,,,,
1261,Poly_b105dd7b,USR_0057,*c1ccc(-n2c(=O)c3ccc4c(c3)c(=O)c3ccc(cc3-4)c(=O)n(*)c2=O)cc1F,452.8797422548332,3.599621300210779,15.416895835478675,0.563056,1261,,,,,,,,,,,,,,,,,,,,,,,,,,,,,,,,,,,,,,,,,,,,,,,,,,,,,,,,,,,,,,,,
1262,Poly_b105dd7b,USR_0211,*c1c(OC)c(N)c(-n2c(=O)c3ccc4c(c3)c(=O)c3ccc(cc3-4)c(=O)n(*)c2=O)c(N)c1C(F)(F)F,468.1345404495139,4.110128294174738,17.918205480158175,0.563034,1262,,,,,,,,,,,,,,,,,,,,,,,,,,,,,,,,,,,,,,,,,,,,,,,,,,,,,,,,,,,,,,,,
1263,Poly_b105dd7b,USR_0112,*c1ccc(-n2c(=O)c3cc4c(cc3F)-c3cc(c(C(F)(F)F)cc3c4=O)c(=O)n(*)c2=O)cc1,451.59540170320975,3.8509080789395824,16.665360261849102,0.562884,1263,,,,,,,,,,,,,,,,,,,,,,,,,,,,,,,,,,,,,,,,,,,,,,,,,,,,,,,,,,,,,,,,
1264,Poly_b105dd7b,USR_0097,*c1c(N)cc(-n2c(=O)c3ccc4c(c3)c(=O)c3ccc(cc3-4)c(=O)n(*)c2=O)c(S(N)(=O)=O)c1F,478.12973164568456,4.025120202354427,17.414729230732583,0.562325,1264,,,,,,,,,,,,,,,,,,,,,,,,,,,,,,,,,,,,,,,,,,,,,,,,,,,,,,,,,,,,,,,,
1265,Poly_b105dd7b,USR_0159,*c1cc(S(N)(=O)=O)c(-n2c(=O)c3ccc4c(c3)c(=O)c3ccc(cc3-4)c(=O)n(*)c2=O)c(C(F)(F)F)c1C(F)(F)F,499.89873162993086,4.1827004989376935,18.149542537729896,0.562156,1265,,,,,,,,,,,,,,,,,,,,,,,,,,,,,,,,,,,,,,,,,,,,,,,,,,,,,,,,,,,,,,,,
1266,Poly_b105dd7b,USR_0049,*c1ccc(-n2c(=O)c3ccc4c(c3)c(=O)c3ccc(cc3-4)c(=O)n(*)c2=O)cc1Br,495.08688073889545,4.044308984910204,17.434615911285437,0.56175,1266,,,,,,,,,,,,,,,,,,,,,,,,,,,,,,,,,,,,,,,,,,,,,,,,,,,,,,,,,,,,,,,,
1267,Poly_b105dd7b,USR_0004,*c1ccc(-n2c(=O)c3cc4c(cc3N)-c3cc(c(Br)cc3c4=O)c(=O)n(*)c2=O)cc1,397.69609464381415,3.908241654908191,17.200766924768644,0.561267,1267,,,,,,,,,,,,,,,,,,,,,,,,,,,,,,,,,,,,,,,,,,,,,,,,,,,,,,,,,,,,,,,,
1268,Poly_b105dd7b,USR_0186,*c1ccc(-n2c(=O)c3c(C#N)c(C(F)(F)F)c4c(c3C(F)(F)F)c(=O)c3ccc(cc3-4)c(=O)n(*)c2=O)cc1,428.7625431581512,3.9384208474546174,17.089477317447606,0.561219,1268,,,,,,,,,,,,,,,,,,,,,,,,,,,,,,,,,,,,,,,,,,,,,,,,,,,,,,,,,,,,,,,,
1269,Poly_b105dd7b,USR_0196,*c1c(F)cc(-n2c(=O)c3cc4c(cc3F)-c3cc(ccc3c4=O)c(=O)n(*)c2=O)cc1OC,438.12463824701877,4.147527483103325,18.08224703552109,0.561206,1269,,,,,,,,,,,,,,,,,,,,,,,,,,,,,,,,,,,,,,,,,,,,,,,,,,,,,,,,,,,,,,,,
1270,Poly_b105dd7b,USR_0073,*c1c(Br)c(OC)c(-n2c(=O)c3ccc4c(c3)c(=O)c3ccc(cc3-4)c(=O)n(*)c2=O)c(CC)c1OC,442.9241084550319,4.056830246410745,17.56845359872772,0.56071,1270,,,,,,,,,,,,,,,,,,,,,,,,,,,,,,,,,,,,,,,,,,,,,,,,,,,,,,,,,,,,,,,,
1271,Poly_b105dd7b,USR_0184,*c1c(Br)c(Cl)c(-n2c(=O)c3ccc4c(c3)c(=O)c3ccc(cc3-4)c(=O)n(*)c2=O)c(F)c1CC,440.88376252219825,3.947445444555901,17.021921877739516,0.560588,1271,,,,,,,,,,,,,,,,,,,,,,,,,,,,,,,,,,,,,,,,,,,,,,,,,,,,,,,,,,,,,,,,
1272,Poly_b105dd7b,USR_0234,*c1ccc(-n2c(=O)c3cc4c(cc3F)-c3cc(cc(OC)c3c4=O)c(=O)n(*)c2=O)cc1,418.35275513954366,4.075923008892586,17.799117603023852,0.560582,1272,,,,,,,,,,,,,,,,,,,,,,,,,,,,,,,,,,,,,,,,,,,,,,,,,,,,,,,,,,,,,,,,
1273,Poly_b105dd7b,USR_0007,*c1ccc(-n2c(=O)c3cc4c(cc3Br)-c3cc(ccc3c4=O)c(=O)n(*)c2=O)cc1,450.221137693487,3.979330090341159,17.130525325350035,0.560453,1273,,,,,,,,,,,,,,,,,,,,,,,,,,,,,,,,,,,,,,,,,,,,,,,,,,,,,,,,,,,,,,,,
1274,Poly_b105dd7b,USR_0139,*c1ccc(-n2c(=O)c3c(N)c(OC)c4c(c3F)c(=O)c3ccc(cc3-4)c(=O)n(*)c2=O)cc1,474.70912485565316,3.9304797359076087,16.745180107898854,0.5596,1274,,,,,,,,,,,,,,,,,,,,,,,,,,,,,,,,,,,,,,,,,,,,,,,,,,,,,,,,,,,,,,,,
1275,Poly_b105dd7b,USR_0029,*c1ccc(-n2c(=O)c3cc4c(cc3N)-c3cc(cc(F)c3c4=O)c(=O)n(*)c2=O)cc1,451.8543729868812,4.242822541528649,18.37286222822797,0.559536,1275,,,,,,,,,,,,,,,,,,,,,,,,,,,,,,,,,,,,,,,,,,,,,,,,,,,,,,,,,,,,,,,,
1276,Poly_b105dd7b,USR_0217,*c1ccc(-n2c(=O)c3cc(C#N)c4c(c3Cl)c(=O)c3ccc(cc3-4)c(=O)n(*)c2=O)cc1,389.1904628641527,3.777562239107126,16.519864013999072,0.559535,1276,,,,,,,,,,,,,,,,,,,,,,,,,,,,,,,,,,,,,,,,,,,,,,,,,,,,,,,,,,,,,,,,
1277,Poly_b105dd7b,USR_0147,*c1c(F)c(Cl)c(-n2c(=O)c3ccc4c(c3)c(=O)c3ccc(cc3-4)c(=O)n(*)c2=O)c(S(N)(=O)=O)c1F,444.62655026084184,4.266800463754842,18.497933285782633,0.559207,1277,,,,,,,,,,,,,,,,,,,,,,,,,,,,,,,,,,,,,,,,,,,,,,,,,,,,,,,,,,,,,,,,
1278,Poly_b105dd7b,USR_0022,*c1ccc(-n2c(=O)c3cc4c(cc3N)-c3cc(cc(Br)c3c4=O)c(=O)n(*)c2=O)cc1,471.3069698779558,4.2604774282018205,18.365390774064537,0.559088,1278,,,,,,,,,,,,,,,,,,,,,,,,,,,,,,,,,,,,,,,,,,,,,,,,,,,,,,,,,,,,,,,,
1279,Poly_b105dd7b,USR_0169,*c1ccc(-n2c(=O)c3cc4c(cc3C(F)(F)F)-c3cc(ccc3c4=O)c(=O)n(*)c2=O)cc1F,498.4400642001443,4.060205038302245,17.3074614965151,0.559066,1279,,,,,,,,,,,,,,,,,,,,,,,,,,,,,,,,,,,,,,,,,,,,,,,,,,,,,,,,,,,,,,,,
1280,Poly_b105dd7b,USR_0033,*c1cc(OC)c(-n2c(=O)c3ccc4c(c3)c(=O)c3ccc(cc3-4)c(=O)n(*)c2=O)cc1Cl,477.4517709892316,3.8238120460197456,16.15843040606637,0.558974,1280,,,,,,,,,,,,,,,,,,,,,,,,,,,,,,,,,,,,,,,,,,,,,,,,,,,,,,,,,,,,,,,,
1281,Poly_b105dd7b,USR_0041,*c1ccc(-n2c(=O)c3ccc4c(c3)c(=O)c3ccc(cc3-4)c(=O)n(*)c2=O)c(S(N)(=O)=O)c1C#N,491.1046890270417,4.2731142124663455,18.36153148731127,0.558765,1281,,,,,,,,,,,,,,,,,,,,,,,,,,,,,,,,,,,,,,,,,,,,,,,,,,,,,,,,,,,,,,,,
1282,Poly_b105dd7b,USR_0187,*c1ccc(-n2c(=O)c3ccc4c(c3)c(=O)c3ccc(cc3-4)c(=O)n(*)c2=O)c(OC)c1CC,492.56605314633714,4.481943715558128,19.386166581700596,0.558539,1282,,,,,,,,,,,,,,,,,,,,,,,,,,,,,,,,,,,,,,,,,,,,,,,,,,,,,,,,,,,,,,,,
1283,Poly_b105dd7b,USR_0146,*c1ccc(-n2c(=O)c3ccc4c(c3)c(=O)c3ccc(cc3-4)c(=O)n(*)c2=O)c(C)c1OC,454.1911877066991,4.1796233497128314,17.970297762357394,0.558499,1283,,,,,,,,,,,,,,,,,,,,,,,,,,,,,,,,,,,,,,,,,,,,,,,,,,,,,,,,,,,,,,,,
1284,Poly_b105dd7b,USR_0118,*c1cc(S(N)(=O)=O)c(-n2c(=O)c3ccc4c(c3)c(=O)c3ccc(cc3-4)c(=O)n(*)c2=O)c(Cl)c1F,477.68387650136333,3.976617179707286,16.873693085279175,0.558331,1284,,,,,,,,,,,,,,,,,,,,,,,,,,,,,,,,,,,,,,,,,,,,,,,,,,,,,,,,,,,,,,,,
1285,Poly_b105dd7b,USR_0044,*c1ccc(-n2c(=O)c3ccc4c(c3)c(=O)c3ccc(cc3-4)c(=O)n(*)c2=O)c(S(N)(=O)=O)c1CC,490.17617988336474,4.2389185705677805,18.151802510263042,0.558226,1285,,,,,,,,,,,,,,,,,,,,,,,,,,,,,,,,,,,,,,,,,,,,,,,,,,,,,,,,,,,,,,,,
1286,Poly_b105dd7b,USR_0026,*c1ccc(-n2c(=O)c3cc4c(cc3F)-c3cc(ccc3c4=O)c(=O)n(*)c2=O)cc1,474.364782355568,3.992569358823897,16.94056633235864,0.558054,1286,,,,,,,,,,,,,,,,,,,,,,,,,,,,,,,,,,,,,,,,,,,,,,,,,,,,,,,,,,,,,,,,
1287,Poly_b105dd7b,USR_0208,*c1cc(F)c(-n2c(=O)c3ccc4c(c3)c(=O)c3cc(F)c(cc3-4)c(=O)n(*)c2=O)cc1F,439.8864916702032,3.8115941999853518,16.122259023174344,0.557585,1287,,,,,,,,,,,,,,,,,,,,,,,,,,,,,,,,,,,,,,,,,,,,,,,,,,,,,,,,,,,,,,,,
1288,Poly_b105dd7b,USR_0160,*c1ccc(-n2c(=O)c3cc4c(cc3F)-c3cc(ccc3c4=O)c(=O)n(*)c2=O)c(C)c1,428.60391864220037,3.7855972504897877,16.04463313375999,0.557463,1288,,,,,,,,,,,,,,,,,,,,,,,,,,,,,,,,,,,,,,,,,,,,,,,,,,,,,,,,,,,,,,,,
1289,Poly_b105dd7b,USR_0058,*c1ccc(-n2c(=O)c3c(F)cc4c(c3S(N)(=O)=O)c(=O)c3ccc(cc3-4)c(=O)n(*)c2=O)cc1,440.1072095392885,3.9207362763711373,16.64829024348508,0.557337,1289,,,,,,,,,,,,,,,,,,,,,,,,,,,,,,,,,,,,,,,,,,,,,,,,,,,,,,,,,,,,,,,,
1290,Poly_b105dd7b,USR_0127,*c1c(F)cc(-n2c(=O)c3cc4c(cc3F)-c3cc(ccc3c4=O)c(=O)n(*)c2=O)cc1Cl,452.16423625485237,3.946699763617706,16.72449208077812,0.557315,1290,,,,,,,,,,,,,,,,,,,,,,,,,,,,,,,,,,,,,,,,,,,,,,,,,,,,,,,,,,,,,,,,
1291,Poly_b105dd7b,USR_0163,*c1ccc(-n2c(=O)c3cc4c(c(OC)c3C#N)-c3cc(ccc3c4=O)c(=O)n(*)c2=O)cc1,480.0194778141524,4.4991339422864955,19.404687397543242,0.557314,1291,,,,,,,,,,,,,,,,,,,,,,,,,,,,,,,,,,,,,,,,,,,,,,,,,,,,,,,,,,,,,,,,
1292,Poly_b105dd7b,USR_0149,*c1c(N)c(N)c(-n2c(=O)c3ccc4c(c3)c(=O)c3ccc(cc3-4)c(=O)n(*)c2=O)c(C#N)c1OC,441.87782349770634,4.134483312799275,17.69668298943527,0.557178,1292,,,,,,,,,,,,,,,,,,,,,,,,,,,,,,,,,,,,,,,,,,,,,,,,,,,,,,,,,,,,,,,,
1293,Poly_b105dd7b,USR_0135,*c1ccc(-n2c(=O)c3cc4c(cc3OC)-c3cc(ccc3c4=O)c(=O)n(*)c2=O)cc1OC,458.77950686503374,3.956194558825074,16.70394288414321,0.556724,1293,,,,,,,,,,,,,,,,,,,,,,,,,,,,,,,,,,,,,,,,,,,,,,,,,,,,,,,,,,,,,,,,
1294,Poly_b105dd7b,USR_0009,*c1ccc(-n2c(=O)c3cc(C#N)c4c(c3)c(=O)c3ccc(c(OC)c3-4)c(=O)n(*)c2=O)cc1,466.9339246115045,4.289478834643012,18.306327645287645,0.556207,1294,,,,,,,,,,,,,,,,,,,,,,,,,,,,,,,,,,,,,,,,,,,,,,,,,,,,,,,,,,,,,,,,
1295,Poly_b105dd7b,USR_0051,*c1ccc(-n2c(=O)c3cc4c(cc3Br)-c3cc(ccc3c4=O)c(=O)n(*)c2=O)c(S(N)(=O)=O)c1,455.2431605968112,4.141827520001185,17.583315011361933,0.55591,1295,,,,,,,,,,,,,,,,,,,,,,,,,,,,,,,,,,,,,,,,,,,,,,,,,,,,,,,,,,,,,,,,
1296,Poly_b105dd7b,USR_0226,*c1ccc(-n2c(=O)c3cc4c(cc3CC)-c3cc(ccc3c4=O)c(=O)n(*)c2=O)c(N)c1,514.8049733180956,4.2229700679527,17.862790807644238,0.555903,1296,,,,,,,,,,,,,,,,,,,,,,,,,,,,,,,,,,,,,,,,,,,,,,,,,,,,,,,,,,,,,,,,
1297,Poly_b105dd7b,USR_0086,*c1ccc(-n2c(=O)c3cc4c(cc3Br)-c3cc(c(F)cc3c4=O)c(=O)n(*)c2=O)cc1,470.1820718243043,4.245132361234259,18.042570196476433,0.555767,1297,,,,,,,,,,,,,,,,,,,,,,,,,,,,,,,,,,,,,,,,,,,,,,,,,,,,,,,,,,,,,,,,
1298,Poly_b105dd7b,USR_0133,*c1ccc(-n2c(=O)c3c(N)c(F)c4c(c3C(F)(F)F)c(=O)c3ccc(cc3-4)c(=O)n(*)c2=O)cc1,435.32876893574837,3.7916567212532524,15.894193618041967,0.555564,1298,,,,,,,,,,,,,,,,,,,,,,,,,,,,,,,,,,,,,,,,,,,,,,,,,,,,,,,,,,,,,,,,
1299,Poly_b105dd7b,USR_0011,*c1cc(C(F)(F)F)c(-n2c(=O)c3cc4c(cc3N)-c3cc(ccc3c4=O)c(=O)n(*)c2=O)c(C(F)(F)F)c1,460.78617342669133,3.780045340259137,15.728104235323261,0.555545,1299,,,,,,,,,,,,,,,,,,,,,,,,,,,,,,,,,,,,,,,,,,,,,,,,,,,,,,,,,,,,,,,,
1300,Poly_b105dd7b,USR_0177,*c1cc(C(F)(F)F)c(-n2c(=O)c3ccc4c(c3)c(=O)c3ccc(cc3-4)c(=O)n(*)c2=O)cc1OC,453.43341092232424,3.9552134526261105,16.624451088602843,0.555478,1300,,,,,,,,,,,,,,,,,,,,,,,,,,,,,,,,,,,,,,,,,,,,,,,,,,,,,,,,,,,,,,,,
1301,Poly_b105dd7b,USR_0005,*c1ccc(-n2c(=O)c3cc4c(cc3N)-c3cc(ccc3c4=O)c(=O)n(*)c2=O)c(N)c1,457.6272457381916,4.075426169015457,17.201769221062094,0.555361,1301,,,,,,,,,,,,,,,,,,,,,,,,,,,,,,,,,,,,,,,,,,,,,,,,,,,,,,,,,,,,,,,,
1302,Poly_b105dd7b,USR_0062,*c1ccc(-n2c(=O)c3cc4c(cc3N)-c3c(Cl)c(ccc3c4=O)c(=O)n(*)c2=O)cc1,471.4063322508885,4.263078270158614,18.09486888920884,0.555311,1302,,,,,,,,,,,,,,,,,,,,,,,,,,,,,,,,,,,,,,,,,,,,,,,,,,,,,,,,,,,,,,,,
1303,Poly_b105dd7b,USR_0179,*c1ccc(-n2c(=O)c3ccc4c(c3)c(=O)c3ccc(c(C)c3-4)c(=O)n(*)c2=O)cc1,451.51657547720805,4.199982523683973,17.822208420606604,0.555033,1303,,,,,,,,,,,,,,,,,,,,,,,,,,,,,,,,,,,,,,,,,,,,,,,,,,,,,,,,,,,,,,,,
1304,Poly_b105dd7b,USR_0128,*c1ccc(-n2c(=O)c3cc4c(c(C(F)(F)F)c3Br)-c3cc(ccc3c4=O)c(=O)n(*)c2=O)cc1,434.4660069244406,4.245988078660881,18.115593895473054,0.554832,1304,,,,,,,,,,,,,,,,,,,,,,,,,,,,,,,,,,,,,,,,,,,,,,,,,,,,,,,,,,,,,,,,
1305,Poly_b105dd7b,USR_0153,*c1cc(Br)c(-n2c(=O)c3ccc4c(c3)c(=O)c3ccc(cc3-4)c(=O)n(*)c2=O)cc1Br,453.99672540444277,4.314249232503915,18.36362783392723,0.554759,1305,,,,,,,,,,,,,,,,,,,,,,,,,,,,,,,,,,,,,,,,,,,,,,,,,,,,,,,,,,,,,,,,
1306,Poly_b105dd7b,USR_0132,*c1ccc(-n2c(=O)c3cc4c(c(C#N)c3C(F)(F)F)-c3cc(ccc3c4=O)c(=O)n(*)c2=O)cc1,435.2381821906826,4.121714805719899,17.39892830433369,0.553616,1306,,,,,,,,,,,,,,,,,,,,,,,,,,,,,,,,,,,,,,,,,,,,,,,,,,,,,,,,,,,,,,,,
1307,Poly_b105dd7b,USR_0054,*c1ccc(-n2c(=O)c3cc4c(c(C(F)(F)F)c3C#N)-c3cc(ccc3c4=O)c(=O)n(*)c2=O)cc1,455.01423635083114,4.159257051330564,17.477350761484,0.553324,1307,,,,,,,,,,,,,,,,,,,,,,,,,,,,,,,,,,,,,,,,,,,,,,,,,,,,,,,,,,,,,,,,
1308,Poly_b105dd7b,USR_0025,*c1ccc(-n2c(=O)c3cc4c(c(F)c3N)-c3cc(ccc3c4=O)c(=O)n(*)c2=O)cc1,451.57916950790064,4.093433336061675,17.130718256021417,0.55292,1308,,,,,,,,,,,,,,,,,,,,,,,,,,,,,,,,,,,,,,,,,,,,,,,,,,,,,,,,,,,,,,,,
1309,Poly_b105dd7b,USR_0107,*c1cc(OC)c(-n2c(=O)c3ccc4c(c3)c(=O)c3ccc(cc3-4)c(=O)n(*)c2=O)cc1F,511.8996734172289,4.33004207878662,18.167255664154627,0.552781,1309,,,,,,,,,,,,,,,,,,,,,,,,,,,,,,,,,,,,,,,,,,,,,,,,,,,,,,,,,,,,,,,,
1310,Poly_b105dd7b,USR_0192,*c1ccc(-n2c(=O)c3c(F)c(C)c4c(c3F)c(=O)c3ccc(cc3-4)c(=O)n(*)c2=O)cc1,447.7674979792463,4.287150450489899,18.09958926368868,0.552719,1310,,,,,,,,,,,,,,,,,,,,,,,,,,,,,,,,,,,,,,,,,,,,,,,,,,,,,,,,,,,,,,,,
1311,Poly_b105dd7b,USR_0166,*c1cc(C#N)c(-n2c(=O)c3ccc4c(c3)c(=O)c3ccc(cc3-4)c(=O)n(*)c2=O)c(S(N)(=O)=O)c1C#N,423.3518375058751,3.986792352906655,16.726352469911994,0.552691,1311,,,,,,,,,,,,,,,,,,,,,,,,,,,,,,,,,,,,,,,,,,,,,,,,,,,,,,,,,,,,,,,,
1312,Poly_b105dd7b,USR_0096,*c1ccc(-n2c(=O)c3cc(OC)c4c(c3)c(=O)c3c(Cl)cc(cc3-4)c(=O)n(*)c2=O)cc1,470.21638932107385,3.958782829659548,16.36543368253637,0.552496,1312,,,,,,,,,,,,,,,,,,,,,,,,,,,,,,,,,,,,,,,,,,,,,,,,,,,,,,,,,,,,,,,,
1313,Poly_b105dd7b,USR_0109,*c1ccc(-n2c(=O)c3cc4c(cc3N)-c3cc(ccc3c4=O)c(=O)n(*)c2=O)cc1C,441.03368321497607,4.255278819389839,17.951442058906633,0.552469,1313,,,,,,,,,,,,,,,,,,,,,,,,,,,,,,,,,,,,,,,,,,,,,,,,,,,,,,,,,,,,,,,,
1314,Poly_b105dd7b,USR_0188,*c1ccc(-n2c(=O)c3c(Br)c(OC)c4c(c3F)c(=O)c3ccc(cc3-4)c(=O)n(*)c2=O)cc1,450.5571352908468,4.0907372600155965,17.086230448491417,0.552453,1314,,,,,,,,,,,,,,,,,,,,,,,,,,,,,,,,,,,,,,,,,,,,,,,,,,,,,,,,,,,,,,,,
1315,Poly_b105dd7b,USR_0231,*c1c(N)cc(-n2c(=O)c3ccc4c(c3)c(=O)c3ccc(cc3-4)c(=O)n(*)c2=O)c(CC)c1F,417.7646686722072,3.8115264721498017,15.856047720411008,0.552242,1315,,,,,,,,,,,,,,,,,,,,,,,,,,,,,,,,,,,,,,,,,,,,,,,,,,,,,,,,,,,,,,,,
1316,Poly_b105dd7b,USR_0136,*c1ccc(-n2c(=O)c3c(F)cc4c(c3C)c(=O)c3ccc(cc3-4)c(=O)n(*)c2=O)cc1,454.6352017974992,4.169786773043644,17.416270742530568,0.55179,1316,,,,,,,,,,,,,,,,,,,,,,,,,,,,,,,,,,,,,,,,,,,,,,,,,,,,,,,,,,,,,,,,
1317,Poly_b105dd7b,USR_0068,*c1ccc(-n2c(=O)c3ccc4c(c3)c(=O)c3cc(F)c(cc3-4)c(=O)n(*)c2=O)cc1F,460.24112377353464,4.099768885764676,17.046700211716832,0.551787,1317,,,,,,,,,,,,,,,,,,,,,,,,,,,,,,,,,,,,,,,,,,,,,,,,,,,,,,,,,,,,,,,,
1318,Poly_b105dd7b,USR_0171,*c1c(C)c(CC)c(-n2c(=O)c3ccc4c(c3)c(=O)c3ccc(cc3-4)c(=O)n(*)c2=O)c(OC)c1Br,437.4158794681814,3.7153422914264467,15.20926168255915,0.551664,1318,,,,,,,,,,,,,,,,,,,,,,,,,,,,,,,,,,,,,,,,,,,,,,,,,,,,,,,,,,,,,,,,
1319,Poly_b105dd7b,USR_0099,*c1ccc(-n2c(=O)c3ccc4c(c3)c(=O)c3ccc(c(Br)c3-4)c(=O)n(*)c2=O)cc1Br,471.7004769285091,4.271458250101877,17.860942110028315,0.551643,1319,,,,,,,,,,,,,,,,,,,,,,,,,,,,,,,,,,,,,,,,,,,,,,,,,,,,,,,,,,,,,,,,
1320,Poly_b105dd7b,USR_0218,*c1c(N)cc(-n2c(=O)c3ccc4c(c3)c(=O)c3ccc(cc3-4)c(=O)n(*)c2=O)c(C)c1F,477.28818256436443,4.429043968829844,18.6255695730876,0.551516,1320,,,,,,,,,,,,,,,,,,,,,,,,,,,,,,,,,,,,,,,,,,,,,,,,,,,,,,,,,,,,,,,,
1321,Poly_b105dd7b,USR_0101,*c1cc(S(N)(=O)=O)c(-n2c(=O)c3ccc4c(c3)c(=O)c3ccc(cc3-4)c(=O)n(*)c2=O)c(C#N)c1C#N,473.82148332833435,4.279330093788837,17.88052358092015,0.551452,1321,,,,,,,,,,,,,,,,,,,,,,,,,,,,,,,,,,,,,,,,,,,,,,,,,,,,,,,,,,,,,,,,
1322,Poly_b105dd7b,USR_0116,*c1cc(S(N)(=O)=O)c(-n2c(=O)c3ccc4c(c3)c(=O)c3ccc(cc3-4)c(=O)n(*)c2=O)c(F)c1F,448.4145222238883,3.9196977654234946,16.156975302625785,0.55135,1322,,,,,,,,,,,,,,,,,,,,,,,,,,,,,,,,,,,,,,,,,,,,,,,,,,,,,,,,,,,,,,,,
1323,Poly_b105dd7b,USR_0031,*c1ccc(-n2c(=O)c3c(F)cc4c(c3Br)c(=O)c3ccc(cc3-4)c(=O)n(*)c2=O)cc1,454.01334160586094,3.928194175114448,16.16210763095342,0.551143,1323,,,,,,,,,,,,,,,,,,,,,,,,,,,,,,,,,,,,,,,,,,,,,,,,,,,,,,,,,,,,,,,,
1324,Poly_b105dd7b,USR_0173,*c1ccc(-n2c(=O)c3c(Br)c(F)c4c(c3CC)c(=O)c3ccc(cc3-4)c(=O)n(*)c2=O)cc1,472.747084878545,4.145561162359371,17.173006491597533,0.5509,1324,,,,,,,,,,,,,,,,,,,,,,,,,,,,,,,,,,,,,,,,,,,,,,,,,,,,,,,,,,,,,,,,
1325,Poly_b105dd7b,USR_0240,*c1c(C)cc(-n2c(=O)c3ccc4c(c3)c(=O)c3ccc(cc3-4)c(=O)n(*)c2=O)cc1OC,489.29869085375736,4.2723024646635315,17.764698673855076,0.550818,1325,,,,,,,,,,,,,,,,,,,,,,,,,,,,,,,,,,,,,,,,,,,,,,,,,,,,,,,,,,,,,,,,
1326,Poly_b105dd7b,USR_0223,*c1ccc(-n2c(=O)c3c(C)c(C#N)c4c(c3N)c(=O)c3ccc(cc3-4)c(=O)n(*)c2=O)cc1,469.5839165245391,4.231734127856352,17.586926605068385,0.550563,1326,,,,,,,,,,,,,,,,,,,,,,,,,,,,,,,,,,,,,,,,,,,,,,,,,,,,,,,,,,,,,,,,
1327,Poly_b105dd7b,USR_0168,*c1ccc(-n2c(=O)c3ccc4c(c3)c(=O)c3cc(CC)c(cc3-4)c(=O)n(*)c2=O)cc1Br,469.82189222071787,4.439405808976347,18.621268031414363,0.550518,1327,,,,,,,,,,,,,,,,,,,,,,,,,,,,,,,,,,,,,,,,,,,,,,,,,,,,,,,,,,,,,,,,
1328,Poly_b105dd7b,USR_0093,*c1c(F)cc(-n2c(=O)c3ccc4c(c3)c(=O)c3ccc(cc3-4)c(=O)n(*)c2=O)c(S(N)(=O)=O)c1N,418.93640520849095,4.026632594647737,16.78776220278795,0.55044,1328,,,,,,,,,,,,,,,,,,,,,,,,,,,,,,,,,,,,,,,,,,,,,,,,,,,,,,,,,,,,,,,,
1329,Poly_b105dd7b,USR_0052,*c1ccc(-n2c(=O)c3cc4c(cc3N)-c3cc(ccc3c4=O)c(=O)n(*)c2=O)cc1C#N,465.79232797017136,4.041651899618528,16.62579883028482,0.550278,1329,,,,,,,,,,,,,,,,,,,,,,,,,,,,,,,,,,,,,,,,,,,,,,,,,,,,,,,,,,,,,,,,
1330,Poly_b105dd7b,USR_0198,*c1cc(OC)c(-n2c(=O)c3ccc4c(c3)c(=O)c3ccc(cc3-4)c(=O)n(*)c2=O)c(N)c1CC,431.8919482603939,4.36687406542458,18.339112274834545,0.549562,1330,,,,,,,,,,,,,,,,,,,,,,,,,,,,,,,,,,,,,,,,,,,,,,,,,,,,,,,,,,,,,,,,
1331,Poly_b105dd7b,USR_0229,*c1ccc(-n2c(=O)c3c(C#N)c(S(N)(=O)=O)c4c(c3N)c(=O)c3ccc(cc3-4)c(=O)n(*)c2=O)cc1,450.7486074356105,4.052346772799006,16.672812407175847,0.54951,1331,,,,,,,,,,,,,,,,,,,,,,,,,,,,,,,,,,,,,,,,,,,,,,,,,,,,,,,,,,,,,,,,
1332,Poly_b105dd7b,USR_0074,*c1ccc(-n2c(=O)c3cc4c(cc3F)-c3cc(ccc3c4=O)c(=O)n(*)c2=O)cc1C,489.2348486921287,4.0141821352512395,16.371375160725922,0.549447,1332,,,,,,,,,,,,,,,,,,,,,,,,,,,,,,,,,,,,,,,,,,,,,,,,,,,,,,,,,,,,,,,,
1333,Poly_b105dd7b,USR_0020,*c1ccc(-n2c(=O)c3cc4c(cc3N)-c3cc(ccc3c4=O)c(=O)n(*)c2=O)c(F)c1,501.74325170490977,4.537515552576203,18.947307853881792,0.549174,1333,,,,,,,,,,,,,,,,,,,,,,,,,,,,,,,,,,,,,,,,,,,,,,,,,,,,,,,,,,,,,,,,
1334,Poly_b105dd7b,USR_0115,*c1ccc(-n2c(=O)c3cc4c(cc3F)-c3cc(cc(N)c3c4=O)c(=O)n(*)c2=O)cc1,472.988946448848,4.600399659870938,19.310174830102742,0.549081,1334,,,,,,,,,,,,,,,,,,,,,,,,,,,,,,,,,,,,,,,,,,,,,,,,,,,,,,,,,,,,,,,,
1335,Poly_b105dd7b,USR_0165,*c1cc(C)c(-n2c(=O)c3ccc4c(c3)c(=O)c3ccc(cc3-4)c(=O)n(*)c2=O)c(N)c1,448.7665182102965,4.0925470655577625,16.842424123342937,0.548986,1335,,,,,,,,,,,,,,,,,,,,,,,,,,,,,,,,,,,,,,,,,,,,,,,,,,,,,,,,,,,,,,,,
1336,Poly_b105dd7b,USR_0015,*c1ccc(-n2c(=O)c3cc4c(cc3N)-c3c(OC)c(ccc3c4=O)c(=O)n(*)c2=O)cc1,453.87738726246386,4.069221362062325,16.68849036374502,0.548753,1336,,,,,,,,,,,,,,,,,,,,,,,,,,,,,,,,,,,,,,,,,,,,,,,,,,,,,,,,,,,,,,,,
1337,Poly_b105dd7b,USR_0092,*c1c(N)c(OC)c(-n2c(=O)c3ccc4c(c3)c(=O)c3ccc(cc3-4)c(=O)n(*)c2=O)c(F)c1Cl,474.9519276646928,4.193715711787211,17.230885942083255,0.548534,1337,,,,,,,,,,,,,,,,,,,,,,,,,,,,,,,,,,,,,,,,,,,,,,,,,,,,,,,,,,,,,,,,
1338,Poly_b105dd7b,USR_0144,*c1ccc(-n2c(=O)c3cc(Br)c4c(c3)c(=O)c3ccc(cc3-4)c(=O)n(*)c2=O)cc1OC,442.44194733513325,4.248912961464552,17.60482709397806,0.54836,1338,,,,,,,,,,,,,,,,,,,,,,,,,,,,,,,,,,,,,,,,,,,,,,,,,,,,,,,,,,,,,,,,
1339,Poly_b105dd7b,USR_0191,*c1ccc(-n2c(=O)c3c(F)cc4c(c3F)c(=O)c3ccc(cc3-4)c(=O)n(*)c2=O)cc1,469.7147838745471,4.38299969717114,18.17180146381577,0.548282,1339,,,,,,,,,,,,,,,,,,,,,,,,,,,,,,,,,,,,,,,,,,,,,,,,,,,,,,,,,,,,,,,,
1340,Poly_b105dd7b,USR_0034,*c1ccc(-n2c(=O)c3cc4c(cc3F)-c3cc(ccc3c4=O)c(=O)n(*)c2=O)c(OC)c1,451.54852845823973,4.421522738762242,18.415316359989454,0.548173,1340,,,,,,,,,,,,,,,,,,,,,,,,,,,,,,,,,,,,,,,,,,,,,,,,,,,,,,,,,,,,,,,,
1341,Poly_b105dd7b,USR_0087,*c1ccc(-n2c(=O)c3cc(OC)c4c(c3)c(=O)c3ccc(cc3-4)c(=O)n(*)c2=O)cc1,487.9127008906699,4.52091420078692,18.760029211415695,0.547481,1341,,,,,,,,,,,,,,,,,,,,,,,,,,,,,,,,,,,,,,,,,,,,,,,,,,,,,,,,,,,,,,,,
1342,Poly_b105dd7b,USR_0003,*c1ccc(-n2c(=O)c3cc4c(cc3N)-c3cc(ccc3c4=O)c(=O)n(*)c2=O)cc1,459.59800864491837,4.046954083887507,16.441152278160125,0.547206,1342,,,,,,,,,,,,,,,,,,,,,,,,,,,,,,,,,,,,,,,,,,,,,,,,,,,,,,,,,,,,,,,,
1343,Poly_b105dd7b,USR_0104,*c1ccc(-n2c(=O)c3cc(C#N)c4c(c3)c(=O)c3ccc(c(C#N)c3-4)c(=O)n(*)c2=O)cc1,459.11335176568355,4.531138640468778,18.85722618736263,0.54712,1343,,,,,,,,,,,,,,,,,,,,,,,,,,,,,,,,,,,,,,,,,,,,,,,,,,,,,,,,,,,,,,,,
1344,Poly_b105dd7b,USR_0113,*c1ccc(-n2c(=O)c3c(N)cc4c(c3CC)c(=O)c3ccc(cc3-4)c(=O)n(*)c2=O)cc1,488.17797383684916,4.726623528617545,19.75226600429159,0.547003,1344,,,,,,,,,,,,,,,,,,,,,,,,,,,,,,,,,,,,,,,,,,,,,,,,,,,,,,,,,,,,,,,,
1345,Poly_b105dd7b,USR_0143,*c1ccc(-n2c(=O)c3ccc4c(c3)c(=O)c3ccc(cc3-4)c(=O)n(*)c2=O)c(C)c1F,498.11961379755695,4.414712684303665,18.173812873139976,0.546976,1345,,,,,,,,,,,,,,,,,,,,,,,,,,,,,,,,,,,,,,,,,,,,,,,,,,,,,,,,,,,,,,,,
1346,Poly_b105dd7b,USR_0056,*c1cc(OC)c(-n2c(=O)c3ccc4c(c3)c(=O)c3ccc(cc3-4)c(=O)n(*)c2=O)c(Cl)c1Cl,443.9764768872123,4.057754928178022,16.52246684786906,0.546765,1346,,,,,,,,,,,,,,,,,,,,,,,,,,,,,,,,,,,,,,,,,,,,,,,,,,,,,,,,,,,,,,,,
1347,Poly_b105dd7b,USR_0084,*c1ccc(-n2c(=O)c3ccc4c(c3)c(=O)c3ccc(cc3-4)c(=O)n(*)c2=O)c(N)c1OC,455.6289033054445,4.226533572471229,17.309462320509798,0.54663,1347,,,,,,,,,,,,,,,,,,,,,,,,,,,,,,,,,,,,,,,,,,,,,,,,,,,,,,,,,,,,,,,,
1348,Poly_b105dd7b,USR_0072,*c1cc(C#N)c(-n2c(=O)c3ccc4c(c3)c(=O)c3ccc(cc3-4)c(=O)n(*)c2=O)c(S(N)(=O)=O)c1F,445.55947912431293,3.9764034920956868,16.08286509307417,0.546421,1348,,,,,,,,,,,,,,,,,,,,,,,,,,,,,,,,,,,,,,,,,,,,,,,,,,,,,,,,,,,,,,,,
1349,Poly_b105dd7b,USR_0176,*c1c(F)c(F)c(-n2c(=O)c3ccc4c(c3)c(=O)c3ccc(cc3-4)c(=O)n(*)c2=O)c(S(N)(=O)=O)c1F,462.9165534405768,4.355831078720813,17.879465569976652,0.545933,1349,,,,,,,,,,,,,,,,,,,,,,,,,,,,,,,,,,,,,,,,,,,,,,,,,,,,,,,,,,,,,,,,
1350,Poly_b105dd7b,USR_0067,*c1ccc(-n2c(=O)c3cc4c(cc3Br)-c3cc(c(Br)cc3c4=O)c(=O)n(*)c2=O)cc1,485.13009756859054,4.801974533327251,20.013242911867827,0.545381,1350,,,,,,,,,,,,,,,,,,,,,,,,,,,,,,,,,,,,,,,,,,,,,,,,,,,,,,,,,,,,,,,,
1351,Poly_b105dd7b,USR_0088,*c1ccc(-n2c(=O)c3cc(OC)c4c(c3)c(=O)c3ccc(c(F)c3-4)c(=O)n(*)c2=O)cc1,470.3774935337846,4.365755346917499,17.864725360126137,0.545361,1351,,,,,,,,,,,,,,,,,,,,,,,,,,,,,,,,,,,,,,,,,,,,,,,,,,,,,,,,,,,,,,,,
1352,Poly_b105dd7b,USR_0045,*c1ccc(-n2c(=O)c3ccc4c(c3)c(=O)c3ccc(cc3-4)c(=O)n(*)c2=O)c(OC)c1Br,469.01112598071427,4.017767065711349,16.11722566288518,0.545211,1352,,,,,,,,,,,,,,,,,,,,,,,,,,,,,,,,,,,,,,,,,,,,,,,,,,,,,,,,,,,,,,,,
1353,Poly_b105dd7b,USR_0237,*c1ccc(-n2c(=O)c3cc4c(cc3N)-c3cc(ccc3c4=O)c(=O)n(*)c2=O)cc1C(F)(F)F,461.5690098966918,3.8822140800342404,15.446986093126426,0.545018,1353,,,,,,,,,,,,,,,,,,,,,,,,,,,,,,,,,,,,,,,,,,,,,,,,,,,,,,,,,,,,,,,,
1354,Poly_b105dd7b,USR_0206,*c1ccc(-n2c(=O)c3c(C)c(OC)c4c(c3F)c(=O)c3ccc(cc3-4)c(=O)n(*)c2=O)cc1,521.2379983272804,4.452525977632754,18.17835186921377,0.544896,1354,,,,,,,,,,,,,,,,,,,,,,,,,,,,,,,,,,,,,,,,,,,,,,,,,,,,,,,,,,,,,,,,
1355,Poly_b105dd7b,USR_0038,*c1ccc(-n2c(=O)c3cc(C#N)c4c(c3)c(=O)c3c(F)cc(cc3-4)c(=O)n(*)c2=O)cc1,477.9034891395409,4.349280403247904,17.71071685932777,0.544654,1355,,,,,,,,,,,,,,,,,,,,,,,,,,,,,,,,,,,,,,,,,,,,,,,,,,,,,,,,,,,,,,,,
1356,Poly_b105dd7b,USR_0199,*c1ccc(-n2c(=O)c3cc4c(cc3N)-c3cc(ccc3c4=O)c(=O)n(*)c2=O)c(Br)c1,411.80909537509467,3.7378249739657643,14.949144603613206,0.544431,1356,,,,,,,,,,,,,,,,,,,,,,,,,,,,,,,,,,,,,,,,,,,,,,,,,,,,,,,,,,,,,,,,
1357,Poly_b105dd7b,USR_0164,*c1c(C(F)(F)F)cc(-n2c(=O)c3ccc4c(c3)c(=O)c3ccc(cc3-4)c(=O)n(*)c2=O)c(Cl)c1OC,422.03978998047216,4.218226662122881,17.272881629425083,0.54443,1357,,,,,,,,,,,,,,,,,,,,,,,,,,,,,,,,,,,,,,,,,,,,,,,,,,,,,,,,,,,,,,,,
1358,Poly_b105dd7b,USR_0103,*c1ccc(-n2c(=O)c3cc4c(cc3Br)-c3cc(ccc3c4=O)c(=O)n(*)c2=O)cc1OC,446.27710913950887,4.045511552559725,16.25901081619024,0.544203,1358,,,,,,,,,,,,,,,,,,,,,,,,,,,,,,,,,,,,,,,,,,,,,,,,,,,,,,,,,,,,,,,,
1359,Poly_b105dd7b,USR_0170,*c1cc(N)c(-n2c(=O)c3ccc4c(c3)c(=O)c3ccc(cc3-4)c(=O)n(*)c2=O)c(C)c1N,477.11572467994813,4.324689111870871,17.540323658013968,0.543998,1359,,,,,,,,,,,,,,,,,,,,,,,,,,,,,,,,,,,,,,,,,,,,,,,,,,,,,,,,,,,,,,,,
1360,Poly_b105dd7b,USR_0129,*c1c(N)cc(-n2c(=O)c3ccc4c(c3)c(=O)c3ccc(cc3-4)c(=O)n(*)c2=O)c(C#N)c1OC,472.05874621266076,4.614372714293194,19.000856301589852,0.543994,1360,,,,,,,,,,,,,,,,,,,,,,,,,,,,,,,,,,,,,,,,,,,,,,,,,,,,,,,,,,,,,,,,
1361,Poly_b105dd7b,USR_0219,*c1ccc(-n2c(=O)c3cc4c(c(C#N)c3N)-c3cc(ccc3c4=O)c(=O)n(*)c2=O)cc1,429.3561840165609,4.0828435075230605,16.513320291673224,0.543956,1361,,,,,,,,,,,,,,,,,,,,,,,,,,,,,,,,,,,,,,,,,,,,,,,,,,,,,,,,,,,,,,,,
1362,Poly_b105dd7b,USR_0172,*c1cc(F)c(-n2c(=O)c3ccc4c(c3)c(=O)c3ccc(cc3-4)c(=O)n(*)c2=O)c(OC)c1Br,452.8136308732519,4.16983527644282,16.82756323136606,0.543847,1362,,,,,,,,,,,,,,,,,,,,,,,,,,,,,,,,,,,,,,,,,,,,,,,,,,,,,,,,,,,,,,,,
1363,Poly_b105dd7b,USR_0162,*c1c(Br)cc(-n2c(=O)c3ccc4c(c3)c(=O)c3ccc(cc3-4)c(=O)n(*)c2=O)c(Br)c1Cl,475.1081847800555,4.4741842552178115,18.278924101713077,0.543815,1363,,,,,,,,,,,,,,,,,,,,,,,,,,,,,,,,,,,,,,,,,,,,,,,,,,,,,,,,,,,,,,,,
1364,Poly_b105dd7b,USR_0140,*c1ccc(-n2c(=O)c3cc4c(cc3C)-c3cc(ccc3c4=O)c(=O)n(*)c2=O)cc1Br,456.4994986584097,4.15959169174839,16.736414066656188,0.543493,1364,,,,,,,,,,,,,,,,,,,,,,,,,,,,,,,,,,,,,,,,,,,,,,,,,,,,,,,,,,,,,,,,
1365,Poly_b105dd7b,USR_0061,*c1c(N)c(OC)c(-n2c(=O)c3ccc4c(c3)c(=O)c3ccc(cc3-4)c(=O)n(*)c2=O)c(C)c1Cl,452.64000232094867,4.446889403107756,18.186731060287414,0.54349,1365,,,,,,,,,,,,,,,,,,,,,,,,,,,,,,,,,,,,,,,,,,,,,,,,,,,,,,,,,,,,,,,,
1366,Poly_b105dd7b,USR_0235,*c1ccc(-n2c(=O)c3c(C(F)(F)F)c(C#N)c4c(c3F)c(=O)c3ccc(cc3-4)c(=O)n(*)c2=O)cc1,503.62036311632806,4.371871951594533,17.675241377258583,0.543292,1366,,,,,,,,,,,,,,,,,,,,,,,,,,,,,,,,,,,,,,,,,,,,,,,,,,,,,,,,,,,,,,,,
1367,Poly_b105dd7b,USR_0182,*c1c(F)cc(-n2c(=O)c3ccc4c(c3)c(=O)c3ccc(cc3-4)c(=O)n(*)c2=O)c(S(N)(=O)=O)c1F,455.8636748344797,4.1196413782622825,16.510724522619363,0.543118,1368,,,,,,,,,,,,,,,,,,,,,,,,,,,,,,,,,,,,,,,,,,,,,,,,,,,,,,,,,,,,,,,,
1368,Poly_b105dd7b,USR_0148,*c1ccc(-n2c(=O)c3ccc4c(c3OC)c(=O)c3ccc(cc3-4)c(=O)n(*)c2=O)cc1Br,432.99119229199215,4.021488745803395,16.12264065117235,0.543118,1367,,,,,,,,,,,,,,,,,,,,,,,,,,,,,,,,,,,,,,,,,,,,,,,,,,,,,,,,,,,,,,,,
1369,Poly_b105dd7b,USR_0077,*c1ccc(-n2c(=O)c3cc4c(cc3C#N)-c3cc(ccc3c4=O)c(=O)n(*)c2=O)c(C)c1,410.13808481606225,3.941566529847973,15.866881903146325,0.542894,1369,,,,,,,,,,,,,,,,,,,,,,,,,,,,,,,,,,,,,,,,,,,,,,,,,,,,,,,,,,,,,,,,
1370,Poly_b105dd7b,USR_0174,*c1ccc(-n2c(=O)c3cc(Cl)c4c(c3)c(=O)c3ccc(cc3-4)c(=O)n(*)c2=O)cc1Br,443.65481947923166,4.13464303716699,16.61348274253121,0.542834,1370,,,,,,,,,,,,,,,,,,,,,,,,,,,,,,,,,,,,,,,,,,,,,,,,,,,,,,,,,,,,,,,,
1371,Poly_b105dd7b,USR_0066,*c1ccc(-n2c(=O)c3cc4c(cc3C#N)-c3cc(ccc3c4=O)c(=O)n(*)c2=O)cc1F,443.7069571374845,4.3543418160139264,17.700494346611354,0.542684,1371,,,,,,,,,,,,,,,,,,,,,,,,,,,,,,,,,,,,,,,,,,,,,,,,,,,,,,,,,,,,,,,,
1372,Poly_b105dd7b,USR_0082,*c1c(OC)cc(-n2c(=O)c3ccc4c(c3)c(=O)c3ccc(cc3-4)c(=O)n(*)c2=O)cc1C(F)(F)F,467.62776746801694,4.133582046550087,16.48281048824353,0.542313,1372,,,,,,,,,,,,,,,,,,,,,,,,,,,,,,,,,,,,,,,,,,,,,,,,,,,,,,,,,,,,,,,,
1373,Poly_b105dd7b,USR_0120,*c1ccc(-n2c(=O)c3cc4c(cc3F)-c3cc(ccc3c4=O)c(=O)n(*)c2=O)cc1N,423.74339570364583,3.8034112945660397,15.016651506367623,0.542156,1373,,,,,,,,,,,,,,,,,,,,,,,,,,,,,,,,,,,,,,,,,,,,,,,,,,,,,,,,,,,,,,,,
1374,Poly_b105dd7b,USR_0040,*c1c(Cl)cc(-n2c(=O)c3ccc4c(c3)c(=O)c3ccc(cc3-4)c(=O)n(*)c2=O)c(OC)c1N,445.3050200969116,4.11868464198453,16.453085944164275,0.541857,1374,,,,,,,,,,,,,,,,,,,,,,,,,,,,,,,,,,,,,,,,,,,,,,,,,,,,,,,,,,,,,,,,
1375,Poly_b105dd7b,USR_0053,*c1ccc(-n2c(=O)c3cc4c(cc3C#N)-c3cc(ccc3c4=O)c(=O)n(*)c2=O)cc1S(N)(=O)=O,467.6750352945018,4.031422553695053,15.929381200807427,0.541747,1375,,,,,,,,,,,,,,,,,,,,,,,,,,,,,,,,,,,,,,,,,,,,,,,,,,,,,,,,,,,,,,,,
1376,Poly_b105dd7b,USR_0021,*c1cc(C)c(-n2c(=O)c3cc4c(cc3N)-c3cc(ccc3c4=O)c(=O)n(*)c2=O)c(N)c1,488.65101749842097,4.248675364734298,16.942269317645057,0.541412,1376,,,,,,,,,,,,,,,,,,,,,,,,,,,,,,,,,,,,,,,,,,,,,,,,,,,,,,,,,,,,,,,,
1377,Poly_b105dd7b,USR_0090,*c1ccc(-n2c(=O)c3cc4c(cc3F)-c3cc(ccc3c4=O)c(=O)n(*)c2=O)cc1OC,474.44354448253193,4.2810506509204025,17.1290421370895,0.541338,1377,,,,,,,,,,,,,,,,,,,,,,,,,,,,,,,,,,,,,,,,,,,,,,,,,,,,,,,,,,,,,,,,
1378,Poly_b105dd7b,USR_0039,*c1ccc(-n2c(=O)c3ccc4c(c3)c(=O)c3ccc(cc3-4)c(=O)n(*)c2=O)c(S(N)(=O)=O)c1F,438.54842481778826,4.173680155367955,16.720092504606736,0.541329,1378,,,,,,,,,,,,,,,,,,,,,,,,,,,,,,,,,,,,,,,,,,,,,,,,,,,,,,,,,,,,,,,,
1379,Poly_b105dd7b,USR_0138,*c1ccc(-n2c(=O)c3cc(OC)c4c(c3F)c(=O)c3ccc(cc3-4)c(=O)n(*)c2=O)cc1,447.7441826000557,4.064244104674881,16.128291886819387,0.541294,1379,,,,,,,,,,,,,,,,,,,,,,,,,,,,,,,,,,,,,,,,,,,,,,,,,,,,,,,,,,,,,,,,
1380,Poly_b105dd7b,USR_0189,*c1ccc(-n2c(=O)c3cc4c(cc3OC)-c3cc(ccc3c4=O)c(=O)n(*)c2=O)cc1F,464.72385762923443,5.158339003020825,20.72580478023028,0.541013,1380,,,,,,,,,,,,,,,,,,,,,,,,,,,,,,,,,,,,,,,,,,,,,,,,,,,,,,,,,,,,,,,,
1381,Poly_b105dd7b,USR_0042,*c1ccc(-n2c(=O)c3cc4c(cc3F)-c3c(Cl)c(ccc3c4=O)c(=O)n(*)c2=O)cc1,459.00742841269795,4.46165985556431,18.045620321106796,0.540926,1381,,,,,,,,,,,,,,,,,,,,,,,,,,,,,,,,,,,,,,,,,,,,,,,,,,,,,,,,,,,,,,,,
1382,Poly_b105dd7b,USR_0008,*c1ccc(-n2c(=O)c3cc(C#N)c4c(c3)c(=O)c3ccc(cc3-4)c(=O)n(*)c2=O)cc1C,451.9871061793982,4.183117182781396,16.638319955781686,0.540396,1382,,,,,,,,,,,,,,,,,,,,,,,,,,,,,,,,,,,,,,,,,,,,,,,,,,,,,,,,,,,,,,,,
1383,Poly_b105dd7b,USR_0055,*c1cc(OC)c(-n2c(=O)c3ccc4c(c3)c(=O)c3ccc(cc3-4)c(=O)n(*)c2=O)c(C(F)(F)F)c1Cl,452.07438634217544,4.361051783519541,17.51449668615861,0.540221,1383,,,,,,,,,,,,,,,,,,,,,,,,,,,,,,,,,,,,,,,,,,,,,,,,,,,,,,,,,,,,,,,,
1384,Poly_b105dd7b,USR_0071,*c1ccc(-n2c(=O)c3cc4c(cc3F)-c3cc(cc(C(F)(F)F)c3c4=O)c(=O)n(*)c2=O)cc1,470.81213733520246,4.166120218850607,16.446354315001624,0.539774,1384,,,,,,,,,,,,,,,,,,,,,,,,,,,,,,,,,,,,,,,,,,,,,,,,,,,,,,,,,,,,,,,,
1385,Poly_b105dd7b,USR_0209,*c1c(Cl)c(C#N)c(-n2c(=O)c3ccc4c(c3)c(=O)c3ccc(cc3-4)c(=O)n(*)c2=O)c(S(N)(=O)=O)c1C#N,451.3239293304487,4.445947482437865,17.901643722621586,0.539684,1385,,,,,,,,,,,,,,,,,,,,,,,,,,,,,,,,,,,,,,,,,,,,,,,,,,,,,,,,,,,,,,,,
1386,Poly_b105dd7b,USR_0216,*c1c(N)cc(-n2c(=O)c3ccc4c(c3)c(=O)c3ccc(cc3-4)c(=O)n(*)c2=O)cc1F,508.39013701574163,4.667898719738411,18.865264650030436,0.539507,1386,,,,,,,,,,,,,,,,,,,,,,,,,,,,,,,,,,,,,,,,,,,,,,,,,,,,,,,,,,,,,,,,
1387,Poly_b105dd7b,USR_0161,*c1ccc(-n2c(=O)c3ccc4c(c3)c(=O)c3ccc(cc3-4)c(=O)n(*)c2=O)c(N)c1,406.46023421645083,4.279164076592549,17.31430731753498,0.539244,1387,,,,,,,,,,,,,,,,,,,,,,,,,,,,,,,,,,,,,,,,,,,,,,,,,,,,,,,,,,,,,,,,
1388,Poly_b105dd7b,USR_0065,*c1cc(CC)c(-n2c(=O)c3ccc4c(c3)c(=O)c3ccc(cc3-4)c(=O)n(*)c2=O)c(OC)c1Br,444.3017150662853,4.5733579496726575,18.527657928233328,0.539147,1388,,,,,,,,,,,,,,,,,,,,,,,,,,,,,,,,,,,,,,,,,,,,,,,,,,,,,,,,,,,,,,,,
1389,Poly_b105dd7b,USR_0137,*c1ccc(-n2c(=O)c3cc(OC)c4c(c3N)c(=O)c3ccc(cc3-4)c(=O)n(*)c2=O)cc1,378.50698195385,3.875000445866812,15.598038382267392,0.538688,1389,,,,,,,,,,,,,,,,,,,,,,,,,,,,,,,,,,,,,,,,,,,,,,,,,,,,,,,,,,,,,,,,
1390,Poly_b105dd7b,USR_0181,*c1cc(N)c(-n2c(=O)c3ccc4c(c3)c(=O)c3ccc(cc3-4)c(=O)n(*)c2=O)c(OC)c1,452.22921832958673,4.564281035512687,18.414141582359882,0.538675,1390,,,,,,,,,,,,,,,,,,,,,,,,,,,,,,,,,,,,,,,,,,,,,,,,,,,,,,,,,,,,,,,,
1391,Poly_b105dd7b,USR_0131,*c1cc(F)c(-n2c(=O)c3ccc4c(c3)c(=O)c3ccc(cc3-4)c(=O)n(*)c2=O)c(OC)c1,421.01901039828846,4.387775389934867,17.67852836241993,0.538441,1391,,,,,,,,,,,,,,,,,,,,,,,,,,,,,,,,,,,,,,,,,,,,,,,,,,,,,,,,,,,,,,,,
1392,Poly_b105dd7b,USR_0224,*c1cc(F)c(-n2c(=O)c3ccc4c(c3)c(=O)c3ccc(cc3-4)c(=O)n(*)c2=O)c(OC)c1C(F)(F)F,466.9780318702582,4.2161599138696895,16.587673243615153,0.538182,1392,,,,,,,,,,,,,,,,,,,,,,,,,,,,,,,,,,,,,,,,,,,,,,,,,,,,,,,,,,,,,,,,
1393,Poly_b105dd7b,USR_0134,*c1c(C)cc(-n2c(=O)c3cc4c(cc3Br)-c3cc(ccc3c4=O)c(=O)n(*)c2=O)cc1CC,457.1784463137598,4.201199567214414,16.530779517664865,0.538009,1393,,,,,,,,,,,,,,,,,,,,,,,,,,,,,,,,,,,,,,,,,,,,,,,,,,,,,,,,,,,,,,,,
1394,Poly_b105dd7b,USR_0080,*c1ccc(-n2c(=O)c3cc(F)c4c(c3)c(=O)c3ccc(cc3-4)c(=O)n(*)c2=O)cc1F,428.55491133400596,3.8751643671988485,15.029133799241254,0.537948,1394,,,,,,,,,,,,,,,,,,,,,,,,,,,,,,,,,,,,,,,,,,,,,,,,,,,,,,,,,,,,,,,,
1395,Poly_b105dd7b,USR_0193,*c1ccc(-n2c(=O)c3c(N)c(Cl)c4c(c3Cl)c(=O)c3ccc(cc3-4)c(=O)n(*)c2=O)cc1,407.21639124708946,3.985804412765466,15.691887276479164,0.537262,1395,,,,,,,,,,,,,,,,,,,,,,,,,,,,,,,,,,,,,,,,,,,,,,,,,,,,,,,,,,,,,,,,
1396,Poly_b105dd7b,USR_0230,*c1ccc(-n2c(=O)c3c(C)c(C#N)c4c(c3Cl)c(=O)c3ccc(cc3-4)c(=O)n(*)c2=O)cc1,429.89030927357703,3.926231745012218,15.216965412095123,0.537155,1396,,,,,,,,,,,,,,,,,,,,,,,,,,,,,,,,,,,,,,,,,,,,,,,,,,,,,,,,,,,,,,,,
1397,Poly_b105dd7b,USR_0079,*c1ccc(-n2c(=O)c3c(F)c(S(N)(=O)=O)c4c(c3Br)c(=O)c3ccc(cc3-4)c(=O)n(*)c2=O)cc1,492.9562921329033,4.476260785606593,17.75128157550079,0.537128,1397,,,,,,,,,,,,,,,,,,,,,,,,,,,,,,,,,,,,,,,,,,,,,,,,,,,,,,,,,,,,,,,,
1398,Poly_b105dd7b,USR_0200,*c1c(Cl)c(Br)c(-n2c(=O)c3ccc4c(c3)c(=O)c3ccc(cc3-4)c(=O)n(*)c2=O)c(CC)c1Br,481.7609915424028,4.3900285483919745,17.333710065033095,0.537025,1398,,,,,,,,,,,,,,,,,,,,,,,,,,,,,,,,,,,,,,,,,,,,,,,,,,,,,,,,,,,,,,,,
1399,Poly_b105dd7b,USR_0214,*c1ccc(-n2c(=O)c3cc4c(cc3C#N)-c3cc(ccc3c4=O)c(=O)n(*)c2=O)cc1C,485.5167762713483,4.345402821192148,17.040990922612217,0.536199,1399,,,,,,,,,,,,,,,,,,,,,,,,,,,,,,,,,,,,,,,,,,,,,,,,,,,,,,,,,,,,,,,,
1400,Poly_b105dd7b,USR_0028,*c1ccc(-n2c(=O)c3cc4c(cc3N)-c3cc(ccc3c4=O)c(=O)n(*)c2=O)c(CC)c1,495.8894390021156,4.635547096831433,18.459646737652783,0.536019,1400,,,,,,,,,,,,,,,,,,,,,,,,,,,,,,,,,,,,,,,,,,,,,,,,,,,,,,,,,,,,,,,,
1401,Poly_b105dd7b,USR_0027,*c1ccc(-n2c(=O)c3cc4c(cc3F)-c3cc(cc(Br)c3c4=O)c(=O)n(*)c2=O)cc1,439.06303691414195,3.9678134619979093,15.28935194871896,0.536011,1401,,,,,,,,,,,,,,,,,,,,,,,,,,,,,,,,,,,,,,,,,,,,,,,,,,,,,,,,,,,,,,,,
1402,Poly_b105dd7b,USR_0083,*c1ccc(-n2c(=O)c3cc(C)c4c(c3)c(=O)c3ccc(cc3-4)c(=O)n(*)c2=O)cc1Br,464.8793999095192,4.399467030792207,17.327228546537828,0.53574,1402,,,,,,,,,,,,,,,,,,,,,,,,,,,,,,,,,,,,,,,,,,,,,,,,,,,,,,,,,,,,,,,,
1403,Poly_b105dd7b,USR_0036,*c1ccc(-n2c(=O)c3cc4c(cc3C#N)-c3cc(ccc3c4=O)c(=O)n(*)c2=O)cc1,434.02425543523077,4.093968387903975,15.919565048095171,0.535654,1403,,,,,,,,,,,,,,,,,,,,,,,,,,,,,,,,,,,,,,,,,,,,,,,,,,,,,,,,,,,,,,,,
1404,Poly_b105dd7b,USR_0037,*c1ccc(-n2c(=O)c3cc4c(cc3C#N)-c3cc(cc(Cl)c3c4=O)c(=O)n(*)c2=O)cc1,466.6136391984869,4.251265124811797,16.574084089993804,0.535646,1404,,,,,,,,,,,,,,,,,,,,,,,,,,,,,,,,,,,,,,,,,,,,,,,,,,,,,,,,,,,,,,,,
1405,Poly_b105dd7b,USR_0111,*c1c(N)c(Cl)c(-n2c(=O)c3ccc4c(c3)c(=O)c3ccc(cc3-4)c(=O)n(*)c2=O)c(S(N)(=O)=O)c1F,453.54761816546613,4.618191014041122,18.43880957422622,0.535476,1405,,,,,,,,,,,,,,,,,,,,,,,,,,,,,,,,,,,,,,,,,,,,,,,,,,,,,,,,,,,,,,,,
1406,Poly_b105dd7b,USR_0105,*c1cc(S(N)(=O)=O)c(-n2c(=O)c3ccc4c(c3)c(=O)c3ccc(cc3-4)c(=O)n(*)c2=O)cc1C(F)(F)F,453.14931698245596,4.34805788037054,17.07776507518776,0.535318,1406,,,,,,,,,,,,,,,,,,,,,,,,,,,,,,,,,,,,,,,,,,,,,,,,,,,,,,,,,,,,,,,,
1407,Poly_b105dd7b,USR_0232,*c1ccc(-n2c(=O)c3cc(C#N)c4c(c3)c(=O)c3ccc(cc3-4)c(=O)n(*)c2=O)cc1F,441.6835868111197,4.348480938453119,17.12708479448292,0.535305,1407,,,,,,,,,,,,,,,,,,,,,,,,,,,,,,,,,,,,,,,,,,,,,,,,,,,,,,,,,,,,,,,,
1408,Poly_b105dd7b,USR_0023,*c1cc(F)c(-n2c(=O)c3cc4c(cc3N)-c3cc(ccc3c4=O)c(=O)n(*)c2=O)c(F)c1,476.40073884868025,4.198756289413926,16.202269656906996,0.53453,1408,,,,,,,,,,,,,,,,,,,,,,,,,,,,,,,,,,,,,,,,,,,,,,,,,,,,,,,,,,,,,,,,
1409,Poly_b105dd7b,USR_0048,*c1ccc(-n2c(=O)c3cc4c(cc3N)-c3cc(cc(Cl)c3c4=O)c(=O)n(*)c2=O)cc1,494.5103590462279,4.5025430803353705,17.68349704720173,0.534507,1409,,,,,,,,,,,,,,,,,,,,,,,,,,,,,,,,,,,,,,,,,,,,,,,,,,,,,,,,,,,,,,,,
1410,Poly_b105dd7b,USR_0157,*c1ccc(-n2c(=O)c3cc(OC)c4c(c3)c(=O)c3c(Br)cc(cc3-4)c(=O)n(*)c2=O)cc1,481.4332494737937,4.353514708342738,16.93988874218811,0.534199,1410,,,,,,,,,,,,,,,,,,,,,,,,,,,,,,,,,,,,,,,,,,,,,,,,,,,,,,,,,,,,,,,,
1411,Poly_b105dd7b,USR_0018,*c1ccc(-n2c(=O)c3cc4c(c(F)c3Br)-c3cc(ccc3c4=O)c(=O)n(*)c2=O)cc1,471.1113765573725,4.081518969574392,15.535913494848497,0.533285,1411,,,,,,,,,,,,,,,,,,,,,,,,,,,,,,,,,,,,,,,,,,,,,,,,,,,,,,,,,,,,,,,,
1412,Poly_b105dd7b,USR_0030,*c1ccc(-n2c(=O)c3cc4c(cc3F)-c3cc(ccc3c4=O)c(=O)n(*)c2=O)cc1F,454.5508174701452,4.082568800258196,15.588487208511642,0.53323,1412,,,,,,,,,,,,,,,,,,,,,,,,,,,,,,,,,,,,,,,,,,,,,,,,,,,,,,,,,,,,,,,,
1413,Poly_b105dd7b,USR_0201,*c1c(F)cc(-n2c(=O)c3cc(F)c4c(c3)c(=O)c3ccc(cc3-4)c(=O)n(*)c2=O)cc1C(F)(F)F,479.6585059907801,4.447179276658569,17.33765219832158,0.533206,1413,,,,,,,,,,,,,,,,,,,,,,,,,,,,,,,,,,,,,,,,,,,,,,,,,,,,,,,,,,,,,,,,
1414,Poly_b105dd7b,USR_0078,*c1c(F)cc(-n2c(=O)c3ccc4c(c3)c(=O)c3cc(F)c(cc3-4)c(=O)n(*)c2=O)cc1OC,461.86175433306096,4.428280794244652,17.244898177895585,0.532599,1414,,,,,,,,,,,,,,,,,,,,,,,,,,,,,,,,,,,,,,,,,,,,,,,,,,,,,,,,,,,,,,,,
1415,Poly_b105dd7b,USR_0017,*c1ccc(-n2c(=O)c3cc4c(cc3Br)-c3cc(c(C)cc3c4=O)c(=O)n(*)c2=O)cc1,431.24721611052746,3.9142988586400937,14.798160259678447,0.532472,1415,,,,,,,,,,,,,,,,,,,,,,,,,,,,,,,,,,,,,,,,,,,,,,,,,,,,,,,,,,,,,,,,
1416,Poly_b105dd7b,USR_0185,*c1ccc(-n2c(=O)c3ccc4c(c3)c(=O)c3cc(OC)c(c(C)c3-4)c(=O)n(*)c2=O)cc1,462.3193200687681,4.17289107717101,15.93147206466493,0.532131,1416,,,,,,,,,,,,,,,,,,,,,,,,,,,,,,,,,,,,,,,,,,,,,,,,,,,,,,,,,,,,,,,,
1417,Poly_b105dd7b,USR_0094,*c1cc(Br)c(-n2c(=O)c3ccc4c(c3)c(=O)c3ccc(cc3-4)c(=O)n(*)c2=O)c(S(N)(=O)=O)c1,498.4516323332723,4.584761295021709,17.898712650425775,0.531979,1417,,,,,,,,,,,,,,,,,,,,,,,,,,,,,,,,,,,,,,,,,,,,,,,,,,,,,,,,,,,,,,,,
1418,Poly_b105dd7b,USR_0190,*c1ccc(-n2c(=O)c3ccc4c(c3)c(=O)c3c-4cc(c(F)c3F)c(=O)n(*)c2=O)cc1F,421.03518655704056,4.097832431621378,15.702165888055044,0.53142,1418,,,,,,,,,,,,,,,,,,,,,,,,,,,,,,,,,,,,,,,,,,,,,,,,,,,,,,,,,,,,,,,,
1419,Poly_b105dd7b,USR_0210,*c1ccc(-n2c(=O)c3cc4c(c(S(N)(=O)=O)c3C#N)-c3cc(ccc3c4=O)c(=O)n(*)c2=O)cc1,426.53236408255555,4.171985738946295,16.02295920999702,0.531244,1419,,,,,,,,,,,,,,,,,,,,,,,,,,,,,,,,,,,,,,,,,,,,,,,,,,,,,,,,,,,,,,,,
1420,Poly_b105dd7b,USR_0213,*c1ccc(-n2c(=O)c3ccc4c(c3C#N)c(=O)c3ccc(cc3-4)c(=O)n(*)c2=O)cc1Br,434.63735147771575,4.443894193365451,17.333175653417385,0.531218,1420,,,,,,,,,,,,,,,,,,,,,,,,,,,,,,,,,,,,,,,,,,,,,,,,,,,,,,,,,,,,,,,,
1421,Poly_b105dd7b,USR_0239,*c1ccc(-n2c(=O)c3ccc4c(c3)c(=O)c3ccc(c(F)c3-4)c(=O)n(*)c2=O)cc1OC,445.11269691950474,4.314536570104667,16.624071422627015,0.531069,1421,,,,,,,,,,,,,,,,,,,,,,,,,,,,,,,,,,,,,,,,,,,,,,,,,,,,,,,,,,,,,,,,
1422,Poly_b105dd7b,USR_0119,*c1ccc(-n2c(=O)c3ccc4c(c3)c(=O)c3ccc(c(C#N)c3-4)c(=O)n(*)c2=O)cc1F,452.70047551955497,4.431900128611488,17.160048227966488,0.530803,1422,,,,,,,,,,,,,,,,,,,,,,,,,,,,,,,,,,,,,,,,,,,,,,,,,,,,,,,,,,,,,,,,
1423,Poly_b105dd7b,USR_0014,*c1ccc(-n2c(=O)c3cc4c(cc3Br)-c3cc(ccc3c4=O)c(=O)n(*)c2=O)cc1C#N,481.5161829717557,4.13901711158657,15.608165905909834,0.530745,1423,,,,,,,,,,,,,,,,,,,,,,,,,,,,,,,,,,,,,,,,,,,,,,,,,,,,,,,,,,,,,,,,
1424,Poly_b105dd7b,USR_0085,*c1cc(C#N)c(-n2c(=O)c3ccc4c(c3)c(=O)c3ccc(cc3-4)c(=O)n(*)c2=O)c(S(N)(=O)=O)c1Cl,511.33538272851223,4.337252237621039,16.4744591127278,0.52972,1424,,,,,,,,,,,,,,,,,,,,,,,,,,,,,,,,,,,,,,,,,,,,,,,,,,,,,,,,,,,,,,,,
1425,Poly_b105dd7b,USR_0060,*c1ccc(-n2c(=O)c3ccc4c(c3)c(=O)c3cc(C#N)c(cc3-4)c(=O)n(*)c2=O)cc1F,505.84873153814937,4.782170324472785,18.67044711384137,0.529248,1425,,,,,,,,,,,,,,,,,,,,,,,,,,,,,,,,,,,,,,,,,,,,,,,,,,,,,,,,,,,,,,,,
1426,Poly_b105dd7b,USR_0075,*c1ccc(-n2c(=O)c3ccc4c(c3)c(=O)c3c(F)cc(cc3-4)c(=O)n(*)c2=O)cc1OC,415.3730222772507,3.9639577772695036,14.897053201010284,0.529048,1426,,,,,,,,,,,,,,,,,,,,,,,,,,,,,,,,,,,,,,,,,,,,,,,,,,,,,,,,,,,,,,,,
1427,Poly_b105dd7b,USR_0100,*c1c(N)cc(-n2c(=O)c3ccc4c(c3)c(=O)c3ccc(cc3-4)c(=O)n(*)c2=O)cc1OC,468.45152247155573,4.7132982623089825,18.324775842547965,0.528256,1427,,,,,,,,,,,,,,,,,,,,,,,,,,,,,,,,,,,,,,,,,,,,,,,,,,,,,,,,,,,,,,,,
1428,Poly_b105dd7b,USR_0032,*c1c(F)cc(-n2c(=O)c3cc4c(cc3F)-c3cc(ccc3c4=O)c(=O)n(*)c2=O)cc1C(F)(F)F,466.819289941175,4.265554187238724,16.03520286245365,0.527516,1428,,,,,,,,,,,,,,,,,,,,,,,,,,,,,,,,,,,,,,,,,,,,,,,,,,,,,,,,,,,,,,,,
1429,Poly_b105dd7b,USR_0114,*c1ccc(-n2c(=O)c3cc4c(cc3Br)-c3cc(ccc3c4=O)c(=O)n(*)c2=O)c(F)c1,482.34687221922866,4.680649669250034,17.93924169989013,0.52574,1429,,,,,,,,,,,,,,,,,,,,,,,,,,,,,,,,,,,,,,,,,,,,,,,,,,,,,,,,,,,,,,,,
1430,Poly_b105dd7b,USR_0194,*c1c(N)cc(-n2c(=O)c3ccc4c(c3)c(=O)c3ccc(cc3-4)c(=O)n(*)c2=O)c(N)c1OC,454.1262505876306,4.596598026168506,17.571036745080637,0.525374,1430,,,,,,,,,,,,,,,,,,,,,,,,,,,,,,,,,,,,,,,,,,,,,,,,,,,,,,,,,,,,,,,,
1431,Poly_b105dd7b,USR_0122,*c1cc(OC)c(-n2c(=O)c3ccc4c(c3)c(=O)c3ccc(cc3-4)c(=O)n(*)c2=O)c(CC)c1Cl,504.56139233053955,4.569381178429241,17.30869402193347,0.525254,1431,,,,,,,,,,,,,,,,,,,,,,,,,,,,,,,,,,,,,,,,,,,,,,,,,,,,,,,,,,,,,,,,
1432,Poly_b105dd7b,USR_0183,*c1ccc(-n2c(=O)c3ccc4c(c3)c(=O)c3ccc(cc3-4)c(=O)n(*)c2=O)c(CC)c1Br,450.152410365983,4.542706368810901,17.29286919904002,0.525055,1432,,,,,,,,,,,,,,,,,,,,,,,,,,,,,,,,,,,,,,,,,,,,,,,,,,,,,,,,,,,,,,,,
1433,Poly_b105dd7b,USR_0158,*c1c(C#N)c(Br)c(-n2c(=O)c3ccc4c(c3)c(=O)c3ccc(cc3-4)c(=O)n(*)c2=O)c(S(N)(=O)=O)c1C#N,448.4374917742482,4.604527213106573,17.5648747720135,0.524468,1433,,,,,,,,,,,,,,,,,,,,,,,,,,,,,,,,,,,,,,,,,,,,,,,,,,,,,,,,,,,,,,,,
1434,Poly_b105dd7b,USR_0125,*c1cc(F)c(-n2c(=O)c3ccc4c(c3)c(=O)c3ccc(cc3-4)c(=O)n(*)c2=O)cc1Br,457.8322436380438,4.341274067478758,16.167788707060375,0.523861,1434,,,,,,,,,,,,,,,,,,,,,,,,,,,,,,,,,,,,,,,,,,,,,,,,,,,,,,,,,,,,,,,,
1435,Poly_b105dd7b,USR_0238,*c1c(N)cc(-n2c(=O)c3ccc4c(c3)c(=O)c3ccc(cc3-4)c(=O)n(*)c2=O)c(C)c1OC,468.4116707207769,4.563054094946662,17.24051109928605,0.523814,1435,,,,,,,,,,,,,,,,,,,,,,,,,,,,,,,,,,,,,,,,,,,,,,,,,,,,,,,,,,,,,,,,
1436,Poly_b105dd7b,USR_0102,*c1cc(Br)c(-n2c(=O)c3ccc4c(c3)c(=O)c3ccc(cc3-4)c(=O)n(*)c2=O)c(OC)c1Br,453.02807320133866,4.5924601702014165,17.408473580979543,0.523428,1436,,,,,,,,,,,,,,,,,,,,,,,,,,,,,,,,,,,,,,,,,,,,,,,,,,,,,,,,,,,,,,,,
1437,Poly_b105dd7b,USR_0155,*c1ccc(-n2c(=O)c3cc4c(cc3N)-c3cc(ccc3c4=O)c(=O)n(*)c2=O)cc1Cl,408.6268257040887,4.226280875169185,15.580519617994746,0.519917,1437,,,,,,,,,,,,,,,,,,,,,,,,,,,,,,,,,,,,,,,,,,,,,,,,,,,,,,,,,,,,,,,,
1438,Poly_b105dd7b,USR_0076,*c1ccc(-n2c(=O)c3cc4c(cc3Br)-c3cc(ccc3c4=O)c(=O)n(*)c2=O)cc1Br,428.9181387731404,4.4036147263176595,15.735937506510728,0.512171,1438,,,,,,,,,,,,,,,,,,,,,,,,,,,,,,,,,,,,,,,,,,,,,,,,,,,,,,,,,,,,,,,,
1439,Poly_b105dd7b,USR_0047,*c1cc(C#N)c(-n2c(=O)c3ccc4c(c3)c(=O)c3ccc(cc3-4)c(=O)n(*)c2=O)c(S(N)(=O)=O)c1,424.88758832139786,4.447465712329567,15.902483922594925,0.511131,1439,,,,,,,,,,,,,,,,,,,,,,,,,,,,,,,,,,,,,,,,,,,,,,,,,,,,,,,,,,,,,,,,
1440,Poly_b105dd7b,USR_0043,*c1cc(S(N)(=O)=O)c(-n2c(=O)c3ccc4c(c3)c(=O)c3ccc(cc3-4)c(=O)n(*)c2=O)cc1F,459.4530908345978,4.328751821098299,14.430074741657636,0.501599,1440,,,,,,,,,,,,,,,,,,,,,,,,,,,,,,,,,,,,,,,,,,,,,,,,,,,,,,,,,,,,,,,,
1441,PTFE,PT_0065,FC(F)(F)C(F)(F)F,238.1492636987059,1.6476962789134146,0.0,0.472801,1441,0.0,0.0,0.0,0.0,0.0,0.0,0.0,0.0,1.0,0.0,0.0,0.0,0.0,0.0,0.0,0.0,0.0,0.0,0.0,0.0,0.0,0.0,0.0,0.0,0.0,0.0,0.0,0.0,0.0,0.0,0.0,0.0,1.0,0.0,0.0,0.0,0.0,0.0,0.0,0.0,0.0,0.0,0.0,0.0,0.0,1.0,0.0,0.0,0.0,0.0,1.0,0.0,0.0,0.0,0.0,0.0,0.0,0.0,0.0,1.0,0.0,0.0,0.0,0.0
1442,PTFE,PT_0005,FC(F)(F)C(F)(F)F,217.90942456970618,1.9729650845170452,0.0,0.435441,1442,0.0,0.0,0.0,0.0,0.0,0.0,0.0,0.0,1.0,0.0,0.0,0.0,0.0,0.0,0.0,0.0,0.0,0.0,0.0,0.0,0.0,0.0,0.0,0.0,0.0,0.0,0.0,0.0,0.0,0.0,0.0,0.0,1.0,0.0,0.0,0.0,0.0,0.0,0.0,0.0,0.0,0.0,0.0,0.0,0.0,1.0,0.0,0.0,0.0,0.0,1.0,0.0,0.0,0.0,0.0,0.0,0.0,0.0,0.0,1.0,0.0,0.0,0.0,0.0
1443,PTFE,PT_0151,FC(F)(F)C(F)(F)F,212.32459369022658,1.8831695371701629,0.0,0.424525,1443,0.0,0.0,0.0,0.0,0.0,0.0,0.0,0.0,1.0,0.0,0.0,0.0,0.0,0.0,0.0,0.0,0.0,0.0,0.0,0.0,0.0,0.0,0.0,0.0,0.0,0.0,0.0,0.0,0.0,0.0,0.0,0.0,1.0,0.0,0.0,0.0,0.0,0.0,0.0,0.0,0.0,0.0,0.0,0.0,0.0,1.0,0.0,0.0,0.0,0.0,1.0,0.0,0.0,0.0,0.0,0.0,0.0,0.0,0.0,1.0,0.0,0.0,0.0,0.0
1444,PTFE,PT_0085,FC(F)(F)C(F)(F)F,206.33219037133458,1.9283789716857163,0.0,0.412647,1444,0.0,0.0,0.0,0.0,0.0,0.0,0.0,0.0,1.0,0.0,0.0,0.0,0.0,0.0,0.0,0.0,0.0,0.0,0.0,0.0,0.0,0.0,0.0,0.0,0.0,0.0,0.0,0.0,0.0,0.0,0.0,0.0,1.0,0.0,0.0,0.0,0.0,0.0,0.0,0.0,0.0,0.0,0.0,0.0,0.0,1.0,0.0,0.0,0.0,0.0,1.0,0.0,0.0,0.0,0.0,0.0,0.0,0.0,0.0,1.0,0.0,0.0,0.0,0.0
1445,PTFE,PT_0152,FC(F)(F)C(F)(F)F,205.54817564623494,1.672763361462689,0.0,0.411085,1445,0.0,0.0,0.0,0.0,0.0,0.0,0.0,0.0,1.0,0.0,0.0,0.0,0.0,0.0,0.0,0.0,0.0,0.0,0.0,0.0,0.0,0.0,0.0,0.0,0.0,0.0,0.0,0.0,0.0,0.0,0.0,0.0,1.0,0.0,0.0,0.0,0.0,0.0,0.0,0.0,0.0,0.0,0.0,0.0,0.0,1.0,0.0,0.0,0.0,0.0,1.0,0.0,0.0,0.0,0.0,0.0,0.0,0.0,0.0,1.0,0.0,0.0,0.0,0.0
1446,PTFE,PT_0110,FC(F)(F)C(F)(F)F,212.92029520676536,2.2260807871136343,0.0,0.410626,1446,0.0,0.0,0.0,0.0,0.0,0.0,0.0,0.0,1.0,0.0,0.0,0.0,0.0,0.0,0.0,0.0,0.0,0.0,0.0,0.0,0.0,0.0,0.0,0.0,0.0,0.0,0.0,0.0,0.0,0.0,0.0,0.0,1.0,0.0,0.0,0.0,0.0,0.0,0.0,0.0,0.0,0.0,0.0,0.0,0.0,1.0,0.0,0.0,0.0,0.0,1.0,0.0,0.0,0.0,0.0,0.0,0.0,0.0,0.0,1.0,0.0,0.0,0.0,0.0
1447,PTFE,PT_0004,FC(F)(F)C(F)(F)F,204.22255418433565,1.8730918128430685,0.0,0.40844,1447,0.0,0.0,0.0,0.0,0.0,0.0,0.0,0.0,1.0,0.0,0.0,0.0,0.0,0.0,0.0,0.0,0.0,0.0,0.0,0.0,0.0,0.0,0.0,0.0,0.0,0.0,0.0,0.0,0.0,0.0,0.0,0.0,1.0,0.0,0.0,0.0,0.0,0.0,0.0,0.0,0.0,0.0,0.0,0.0,0.0,1.0,0.0,0.0,0.0,0.0,1.0,0.0,0.0,0.0,0.0,0.0,0.0,0.0,0.0,1.0,0.0,0.0,0.0,0.0
1448,PTFE,PT_0079,FC(F)(F)C(F)(F)F,203.5500421259103,1.8502098645106957,0.0,0.407097,1448,0.0,0.0,0.0,0.0,0.0,0.0,0.0,0.0,1.0,0.0,0.0,0.0,0.0,0.0,0.0,0.0,0.0,0.0,0.0,0.0,0.0,0.0,0.0,0.0,0.0,0.0,0.0,0.0,0.0,0.0,0.0,0.0,1.0,0.0,0.0,0.0,0.0,0.0,0.0,0.0,0.0,0.0,0.0,0.0,0.0,1.0,0.0,0.0,0.0,0.0,1.0,0.0,0.0,0.0,0.0,0.0,0.0,0.0,0.0,1.0,0.0,0.0,0.0,0.0
1449,PTFE,PT_0101,FC(F)(F)C(F)(F)F,203.106856809647,1.8619038658570202,0.0,0.406212,1449,0.0,0.0,0.0,0.0,0.0,0.0,0.0,0.0,1.0,0.0,0.0,0.0,0.0,0.0,0.0,0.0,0.0,0.0,0.0,0.0,0.0,0.0,0.0,0.0,0.0,0.0,0.0,0.0,0.0,0.0,0.0,0.0,1.0,0.0,0.0,0.0,0.0,0.0,0.0,0.0,0.0,0.0,0.0,0.0,0.0,1.0,0.0,0.0,0.0,0.0,1.0,0.0,0.0,0.0,0.0,0.0,0.0,0.0,0.0,1.0,0.0,0.0,0.0,0.0
1450,PTFE,PT_0011,FC(F)(F)C(F)(F)F,202.51425960165122,1.8879856665400498,0.0,0.405027,1450,0.0,0.0,0.0,0.0,0.0,0.0,0.0,0.0,1.0,0.0,0.0,0.0,0.0,0.0,0.0,0.0,0.0,0.0,0.0,0.0,0.0,0.0,0.0,0.0,0.0,0.0,0.0,0.0,0.0,0.0,0.0,0.0,1.0,0.0,0.0,0.0,0.0,0.0,0.0,0.0,0.0,0.0,0.0,0.0,0.0,1.0,0.0,0.0,0.0,0.0,1.0,0.0,0.0,0.0,0.0,0.0,0.0,0.0,0.0,1.0,0.0,0.0,0.0,0.0
1451,PTFE,PT_0240,FC(F)(F)C(F)(F)F,199.50866135820877,1.9609361871915905,0.0,0.399017,1451,0.0,0.0,0.0,0.0,0.0,0.0,0.0,0.0,1.0,0.0,0.0,0.0,0.0,0.0,0.0,0.0,0.0,0.0,0.0,0.0,0.0,0.0,0.0,0.0,0.0,0.0,0.0,0.0,0.0,0.0,0.0,0.0,1.0,0.0,0.0,0.0,0.0,0.0,0.0,0.0,0.0,0.0,0.0,0.0,0.0,1.0,0.0,0.0,0.0,0.0,1.0,0.0,0.0,0.0,0.0,0.0,0.0,0.0,0.0,1.0,0.0,0.0,0.0,0.0
1452,PTFE,PT_0003,FC(F)(F)C(F)(F)F,198.32486656083168,1.9410125814850419,0.0,0.39665,1452,0.0,0.0,0.0,0.0,0.0,0.0,0.0,0.0,1.0,0.0,0.0,0.0,0.0,0.0,0.0,0.0,0.0,0.0,0.0,0.0,0.0,0.0,0.0,0.0,0.0,0.0,0.0,0.0,0.0,0.0,0.0,0.0,1.0,0.0,0.0,0.0,0.0,0.0,0.0,0.0,0.0,0.0,0.0,0.0,0.0,1.0,0.0,0.0,0.0,0.0,1.0,0.0,0.0,0.0,0.0,0.0,0.0,0.0,0.0,1.0,0.0,0.0,0.0,0.0
1453,PTFE,PT_0170,FC(F)(F)C(F)(F)F,198.31797550387833,1.7638594467773363,0.0,0.396636,1453,0.0,0.0,0.0,0.0,0.0,0.0,0.0,0.0,1.0,0.0,0.0,0.0,0.0,0.0,0.0,0.0,0.0,0.0,0.0,0.0,0.0,0.0,0.0,0.0,0.0,0.0,0.0,0.0,0.0,0.0,0.0,0.0,1.0,0.0,0.0,0.0,0.0,0.0,0.0,0.0,0.0,0.0,0.0,0.0,0.0,1.0,0.0,0.0,0.0,0.0,1.0,0.0,0.0,0.0,0.0,0.0,0.0,0.0,0.0,1.0,0.0,0.0,0.0,0.0
1454,PTFE,PT_0016,FC(F)(F)C(F)(F)F,196.55475599246236,1.5075027224882844,0.0,0.393112,1454,0.0,0.0,0.0,0.0,0.0,0.0,0.0,0.0,1.0,0.0,0.0,0.0,0.0,0.0,0.0,0.0,0.0,0.0,0.0,0.0,0.0,0.0,0.0,0.0,0.0,0.0,0.0,0.0,0.0,0.0,0.0,0.0,1.0,0.0,0.0,0.0,0.0,0.0,0.0,0.0,0.0,0.0,0.0,0.0,0.0,1.0,0.0,0.0,0.0,0.0,1.0,0.0,0.0,0.0,0.0,0.0,0.0,0.0,0.0,1.0,0.0,0.0,0.0,0.0
1455,PTFE,PT_0082,FC(F)(F)C(F)(F)F,196.25978199893262,1.7923256544210284,0.0,0.392523,1455,0.0,0.0,0.0,0.0,0.0,0.0,0.0,0.0,1.0,0.0,0.0,0.0,0.0,0.0,0.0,0.0,0.0,0.0,0.0,0.0,0.0,0.0,0.0,0.0,0.0,0.0,0.0,0.0,0.0,0.0,0.0,0.0,1.0,0.0,0.0,0.0,0.0,0.0,0.0,0.0,0.0,0.0,0.0,0.0,0.0,1.0,0.0,0.0,0.0,0.0,1.0,0.0,0.0,0.0,0.0,0.0,0.0,0.0,0.0,1.0,0.0,0.0,0.0,0.0
1456,PTFE,PT_0185,FC(F)(F)C(F)(F)F,195.94465154707012,1.5734959533204977,0.0,0.391894,1456,0.0,0.0,0.0,0.0,0.0,0.0,0.0,0.0,1.0,0.0,0.0,0.0,0.0,0.0,0.0,0.0,0.0,0.0,0.0,0.0,0.0,0.0,0.0,0.0,0.0,0.0,0.0,0.0,0.0,0.0,0.0,0.0,1.0,0.0,0.0,0.0,0.0,0.0,0.0,0.0,0.0,0.0,0.0,0.0,0.0,1.0,0.0,0.0,0.0,0.0,1.0,0.0,0.0,0.0,0.0,0.0,0.0,0.0,0.0,1.0,0.0,0.0,0.0,0.0
1457,PTFE,PT_0181,FC(F)(F)C(F)(F)F,195.65249879962866,1.7787212960862753,0.0,0.39131,1457,0.0,0.0,0.0,0.0,0.0,0.0,0.0,0.0,1.0,0.0,0.0,0.0,0.0,0.0,0.0,0.0,0.0,0.0,0.0,0.0,0.0,0.0,0.0,0.0,0.0,0.0,0.0,0.0,0.0,0.0,0.0,0.0,1.0,0.0,0.0,0.0,0.0,0.0,0.0,0.0,0.0,0.0,0.0,0.0,0.0,1.0,0.0,0.0,0.0,0.0,1.0,0.0,0.0,0.0,0.0,0.0,0.0,0.0,0.0,1.0,0.0,0.0,0.0,0.0
1458,PTFE,PT_0021,FC(F)(F)C(F)(F)F,195.55167991213426,1.6053453378025249,0.0,0.391109,1458,0.0,0.0,0.0,0.0,0.0,0.0,0.0,0.0,1.0,0.0,0.0,0.0,0.0,0.0,0.0,0.0,0.0,0.0,0.0,0.0,0.0,0.0,0.0,0.0,0.0,0.0,0.0,0.0,0.0,0.0,0.0,0.0,1.0,0.0,0.0,0.0,0.0,0.0,0.0,0.0,0.0,0.0,0.0,0.0,0.0,1.0,0.0,0.0,0.0,0.0,1.0,0.0,0.0,0.0,0.0,0.0,0.0,0.0,0.0,1.0,0.0,0.0,0.0,0.0
1459,PTFE,PT_0210,FC(F)(F)C(F)(F)F,193.97164168484744,1.9832491782914312,0.0,0.387958,1459,0.0,0.0,0.0,0.0,0.0,0.0,0.0,0.0,1.0,0.0,0.0,0.0,0.0,0.0,0.0,0.0,0.0,0.0,0.0,0.0,0.0,0.0,0.0,0.0,0.0,0.0,0.0,0.0,0.0,0.0,0.0,0.0,1.0,0.0,0.0,0.0,0.0,0.0,0.0,0.0,0.0,0.0,0.0,0.0,0.0,1.0,0.0,0.0,0.0,0.0,1.0,0.0,0.0,0.0,0.0,0.0,0.0,0.0,0.0,1.0,0.0,0.0,0.0,0.0
1460,PTFE,PT_0067,FC(F)(F)C(F)(F)F,198.43689716695962,2.1451244215713006,0.0,0.387199,1460,0.0,0.0,0.0,0.0,0.0,0.0,0.0,0.0,1.0,0.0,0.0,0.0,0.0,0.0,0.0,0.0,0.0,0.0,0.0,0.0,0.0,0.0,0.0,0.0,0.0,0.0,0.0,0.0,0.0,0.0,0.0,0.0,1.0,0.0,0.0,0.0,0.0,0.0,0.0,0.0,0.0,0.0,0.0,0.0,0.0,1.0,0.0,0.0,0.0,0.0,1.0,0.0,0.0,0.0,0.0,0.0,0.0,0.0,0.0,1.0,0.0,0.0,0.0,0.0
1461,PTFE,PT_0019,FC(F)(F)C(F)(F)F,193.21617488616067,1.5,0.0,0.386453,1461,0.0,0.0,0.0,0.0,0.0,0.0,0.0,0.0,1.0,0.0,0.0,0.0,0.0,0.0,0.0,0.0,0.0,0.0,0.0,0.0,0.0,0.0,0.0,0.0,0.0,0.0,0.0,0.0,0.0,0.0,0.0,0.0,1.0,0.0,0.0,0.0,0.0,0.0,0.0,0.0,0.0,0.0,0.0,0.0,0.0,1.0,0.0,0.0,0.0,0.0,1.0,0.0,0.0,0.0,0.0,0.0,0.0,0.0,0.0,1.0,0.0,0.0,0.0,0.0
1462,PTFE,PT_0077,FC(F)(F)C(F)(F)F,192.95834403025304,1.8129746940220626,0.0,0.38594,1462,0.0,0.0,0.0,0.0,0.0,0.0,0.0,0.0,1.0,0.0,0.0,0.0,0.0,0.0,0.0,0.0,0.0,0.0,0.0,0.0,0.0,0.0,0.0,0.0,0.0,0.0,0.0,0.0,0.0,0.0,0.0,0.0,1.0,0.0,0.0,0.0,0.0,0.0,0.0,0.0,0.0,0.0,0.0,0.0,0.0,1.0,0.0,0.0,0.0,0.0,1.0,0.0,0.0,0.0,0.0,0.0,0.0,0.0,0.0,1.0,0.0,0.0,0.0,0.0
1463,PTFE,PT_0063,FC(F)(F)C(F)(F)F,192.68006822405601,1.649574184525171,0.0,0.385386,1463,0.0,0.0,0.0,0.0,0.0,0.0,0.0,0.0,1.0,0.0,0.0,0.0,0.0,0.0,0.0,0.0,0.0,0.0,0.0,0.0,0.0,0.0,0.0,0.0,0.0,0.0,0.0,0.0,0.0,0.0,0.0,0.0,1.0,0.0,0.0,0.0,0.0,0.0,0.0,0.0,0.0,0.0,0.0,0.0,0.0,1.0,0.0,0.0,0.0,0.0,1.0,0.0,0.0,0.0,0.0,0.0,0.0,0.0,0.0,1.0,0.0,0.0,0.0,0.0
1464,PTFE,PT_0208,FC(F)(F)C(F)(F)F,192.05325949962904,1.6273762527082583,0.0,0.38414,1464,0.0,0.0,0.0,0.0,0.0,0.0,0.0,0.0,1.0,0.0,0.0,0.0,0.0,0.0,0.0,0.0,0.0,0.0,0.0,0.0,0.0,0.0,0.0,0.0,0.0,0.0,0.0,0.0,0.0,0.0,0.0,0.0,1.0,0.0,0.0,0.0,0.0,0.0,0.0,0.0,0.0,0.0,0.0,0.0,0.0,1.0,0.0,0.0,0.0,0.0,1.0,0.0,0.0,0.0,0.0,0.0,0.0,0.0,0.0,1.0,0.0,0.0,0.0,0.0
1465,PTFE,PT_0228,FC(F)(F)C(F)(F)F,191.58696948437097,1.6879920974959426,0.0,0.383214,1465,0.0,0.0,0.0,0.0,0.0,0.0,0.0,0.0,1.0,0.0,0.0,0.0,0.0,0.0,0.0,0.0,0.0,0.0,0.0,0.0,0.0,0.0,0.0,0.0,0.0,0.0,0.0,0.0,0.0,0.0,0.0,0.0,1.0,0.0,0.0,0.0,0.0,0.0,0.0,0.0,0.0,0.0,0.0,0.0,0.0,1.0,0.0,0.0,0.0,0.0,1.0,0.0,0.0,0.0,0.0,0.0,0.0,0.0,0.0,1.0,0.0,0.0,0.0,0.0
1466,PTFE,PT_0066,FC(F)(F)C(F)(F)F,191.32087936781602,1.7098789475520981,0.0,0.382685,1466,0.0,0.0,0.0,0.0,0.0,0.0,0.0,0.0,1.0,0.0,0.0,0.0,0.0,0.0,0.0,0.0,0.0,0.0,0.0,0.0,0.0,0.0,0.0,0.0,0.0,0.0,0.0,0.0,0.0,0.0,0.0,0.0,1.0,0.0,0.0,0.0,0.0,0.0,0.0,0.0,0.0,0.0,0.0,0.0,0.0,1.0,0.0,0.0,0.0,0.0,1.0,0.0,0.0,0.0,0.0,0.0,0.0,0.0,0.0,1.0,0.0,0.0,0.0,0.0
1467,PTFE,PT_0146,FC(F)(F)C(F)(F)F,190.1525417171605,1.7072711596969072,0.0,0.380368,1467,0.0,0.0,0.0,0.0,0.0,0.0,0.0,0.0,1.0,0.0,0.0,0.0,0.0,0.0,0.0,0.0,0.0,0.0,0.0,0.0,0.0,0.0,0.0,0.0,0.0,0.0,0.0,0.0,0.0,0.0,0.0,0.0,1.0,0.0,0.0,0.0,0.0,0.0,0.0,0.0,0.0,0.0,0.0,0.0,0.0,1.0,0.0,0.0,0.0,0.0,1.0,0.0,0.0,0.0,0.0,0.0,0.0,0.0,0.0,1.0,0.0,0.0,0.0,0.0
1468,PTFE,PT_0190,FC(F)(F)C(F)(F)F,190.1150844797528,1.8823173838955425,0.0,0.380294,1468,0.0,0.0,0.0,0.0,0.0,0.0,0.0,0.0,1.0,0.0,0.0,0.0,0.0,0.0,0.0,0.0,0.0,0.0,0.0,0.0,0.0,0.0,0.0,0.0,0.0,0.0,0.0,0.0,0.0,0.0,0.0,0.0,1.0,0.0,0.0,0.0,0.0,0.0,0.0,0.0,0.0,0.0,0.0,0.0,0.0,1.0,0.0,0.0,0.0,0.0,1.0,0.0,0.0,0.0,0.0,0.0,0.0,0.0,0.0,1.0,0.0,0.0,0.0,0.0
1469,PTFE,PT_0007,FC(F)(F)C(F)(F)F,189.49789982272802,1.6530592685747125,0.0,0.379073,1469,0.0,0.0,0.0,0.0,0.0,0.0,0.0,0.0,1.0,0.0,0.0,0.0,0.0,0.0,0.0,0.0,0.0,0.0,0.0,0.0,0.0,0.0,0.0,0.0,0.0,0.0,0.0,0.0,0.0,0.0,0.0,0.0,1.0,0.0,0.0,0.0,0.0,0.0,0.0,0.0,0.0,0.0,0.0,0.0,0.0,1.0,0.0,0.0,0.0,0.0,1.0,0.0,0.0,0.0,0.0,0.0,0.0,0.0,0.0,1.0,0.0,0.0,0.0,0.0
1470,PTFE,PT_0118,FC(F)(F)C(F)(F)F,188.9158225129252,1.6621299965320337,0.0,0.377922,1470,0.0,0.0,0.0,0.0,0.0,0.0,0.0,0.0,1.0,0.0,0.0,0.0,0.0,0.0,0.0,0.0,0.0,0.0,0.0,0.0,0.0,0.0,0.0,0.0,0.0,0.0,0.0,0.0,0.0,0.0,0.0,0.0,1.0,0.0,0.0,0.0,0.0,0.0,0.0,0.0,0.0,0.0,0.0,0.0,0.0,1.0,0.0,0.0,0.0,0.0,1.0,0.0,0.0,0.0,0.0,0.0,0.0,0.0,0.0,1.0,0.0,0.0,0.0,0.0
1471,PTFE,PT_0169,FC(F)(F)C(F)(F)F,188.64164916274657,1.5895891214331976,0.0,0.37738,1471,0.0,0.0,0.0,0.0,0.0,0.0,0.0,0.0,1.0,0.0,0.0,0.0,0.0,0.0,0.0,0.0,0.0,0.0,0.0,0.0,0.0,0.0,0.0,0.0,0.0,0.0,0.0,0.0,0.0,0.0,0.0,0.0,1.0,0.0,0.0,0.0,0.0,0.0,0.0,0.0,0.0,0.0,0.0,0.0,0.0,1.0,0.0,0.0,0.0,0.0,1.0,0.0,0.0,0.0,0.0,0.0,0.0,0.0,0.0,1.0,0.0,0.0,0.0,0.0
1472,PTFE,PT_0212,FC(F)(F)C(F)(F)F,187.373410385551,1.8435831235094486,0.0,0.37488,1472,0.0,0.0,0.0,0.0,0.0,0.0,0.0,0.0,1.0,0.0,0.0,0.0,0.0,0.0,0.0,0.0,0.0,0.0,0.0,0.0,0.0,0.0,0.0,0.0,0.0,0.0,0.0,0.0,0.0,0.0,0.0,0.0,1.0,0.0,0.0,0.0,0.0,0.0,0.0,0.0,0.0,0.0,0.0,0.0,0.0,1.0,0.0,0.0,0.0,0.0,1.0,0.0,0.0,0.0,0.0,0.0,0.0,0.0,0.0,1.0,0.0,0.0,0.0,0.0
1473,PTFE,PT_0105,FC(F)(F)C(F)(F)F,187.38631080254385,2.0129060678030735,0.0,0.374045,1473,0.0,0.0,0.0,0.0,0.0,0.0,0.0,0.0,1.0,0.0,0.0,0.0,0.0,0.0,0.0,0.0,0.0,0.0,0.0,0.0,0.0,0.0,0.0,0.0,0.0,0.0,0.0,0.0,0.0,0.0,0.0,0.0,1.0,0.0,0.0,0.0,0.0,0.0,0.0,0.0,0.0,0.0,0.0,0.0,0.0,1.0,0.0,0.0,0.0,0.0,1.0,0.0,0.0,0.0,0.0,0.0,0.0,0.0,0.0,1.0,0.0,0.0,0.0,0.0
1474,PTFE,PT_0090,FC(F)(F)C(F)(F)F,186.00842219145335,1.5,0.0,0.372198,1474,0.0,0.0,0.0,0.0,0.0,0.0,0.0,0.0,1.0,0.0,0.0,0.0,0.0,0.0,0.0,0.0,0.0,0.0,0.0,0.0,0.0,0.0,0.0,0.0,0.0,0.0,0.0,0.0,0.0,0.0,0.0,0.0,1.0,0.0,0.0,0.0,0.0,0.0,0.0,0.0,0.0,0.0,0.0,0.0,0.0,1.0,0.0,0.0,0.0,0.0,1.0,0.0,0.0,0.0,0.0,0.0,0.0,0.0,0.0,1.0,0.0,0.0,0.0,0.0
1475,PTFE,PT_0039,FC(F)(F)C(F)(F)F,185.49812560160493,1.848294922109835,0.0,0.371198,1475,0.0,0.0,0.0,0.0,0.0,0.0,0.0,0.0,1.0,0.0,0.0,0.0,0.0,0.0,0.0,0.0,0.0,0.0,0.0,0.0,0.0,0.0,0.0,0.0,0.0,0.0,0.0,0.0,0.0,0.0,0.0,0.0,1.0,0.0,0.0,0.0,0.0,0.0,0.0,0.0,0.0,0.0,0.0,0.0,0.0,1.0,0.0,0.0,0.0,0.0,1.0,0.0,0.0,0.0,0.0,0.0,0.0,0.0,0.0,1.0,0.0,0.0,0.0,0.0
1476,PTFE,PT_0031,FC(F)(F)C(F)(F)F,185.28187624788245,1.821556816559885,0.0,0.370774,1476,0.0,0.0,0.0,0.0,0.0,0.0,0.0,0.0,1.0,0.0,0.0,0.0,0.0,0.0,0.0,0.0,0.0,0.0,0.0,0.0,0.0,0.0,0.0,0.0,0.0,0.0,0.0,0.0,0.0,0.0,0.0,0.0,1.0,0.0,0.0,0.0,0.0,0.0,0.0,0.0,0.0,0.0,0.0,0.0,0.0,1.0,0.0,0.0,0.0,0.0,1.0,0.0,0.0,0.0,0.0,0.0,0.0,0.0,0.0,1.0,0.0,0.0,0.0,0.0
1477,PTFE,PT_0222,FC(F)(F)C(F)(F)F,185.25291920875836,1.9959725523573395,0.0,0.370718,1477,0.0,0.0,0.0,0.0,0.0,0.0,0.0,0.0,1.0,0.0,0.0,0.0,0.0,0.0,0.0,0.0,0.0,0.0,0.0,0.0,0.0,0.0,0.0,0.0,0.0,0.0,0.0,0.0,0.0,0.0,0.0,0.0,1.0,0.0,0.0,0.0,0.0,0.0,0.0,0.0,0.0,0.0,0.0,0.0,0.0,1.0,0.0,0.0,0.0,0.0,1.0,0.0,0.0,0.0,0.0,0.0,0.0,0.0,0.0,1.0,0.0,0.0,0.0,0.0
1478,PTFE,PT_0061,FC(F)(F)C(F)(F)F,184.20354546527832,1.9241622935743334,0.0,0.368667,1478,0.0,0.0,0.0,0.0,0.0,0.0,0.0,0.0,1.0,0.0,0.0,0.0,0.0,0.0,0.0,0.0,0.0,0.0,0.0,0.0,0.0,0.0,0.0,0.0,0.0,0.0,0.0,0.0,0.0,0.0,0.0,0.0,1.0,0.0,0.0,0.0,0.0,0.0,0.0,0.0,0.0,0.0,0.0,0.0,0.0,1.0,0.0,0.0,0.0,0.0,1.0,0.0,0.0,0.0,0.0,0.0,0.0,0.0,0.0,1.0,0.0,0.0,0.0,0.0
1479,PTFE,PT_0220,FC(F)(F)C(F)(F)F,183.96113235869257,1.5601203596869284,0.0,0.368195,1479,0.0,0.0,0.0,0.0,0.0,0.0,0.0,0.0,1.0,0.0,0.0,0.0,0.0,0.0,0.0,0.0,0.0,0.0,0.0,0.0,0.0,0.0,0.0,0.0,0.0,0.0,0.0,0.0,0.0,0.0,0.0,0.0,1.0,0.0,0.0,0.0,0.0,0.0,0.0,0.0,0.0,0.0,0.0,0.0,0.0,1.0,0.0,0.0,0.0,0.0,1.0,0.0,0.0,0.0,0.0,0.0,0.0,0.0,0.0,1.0,0.0,0.0,0.0,0.0
1480,PTFE,PT_0081,FC(F)(F)C(F)(F)F,186.79361039504354,2.10675768283116,0.0,0.366623,1480,0.0,0.0,0.0,0.0,0.0,0.0,0.0,0.0,1.0,0.0,0.0,0.0,0.0,0.0,0.0,0.0,0.0,0.0,0.0,0.0,0.0,0.0,0.0,0.0,0.0,0.0,0.0,0.0,0.0,0.0,0.0,0.0,1.0,0.0,0.0,0.0,0.0,0.0,0.0,0.0,0.0,0.0,0.0,0.0,0.0,1.0,0.0,0.0,0.0,0.0,1.0,0.0,0.0,0.0,0.0,0.0,0.0,0.0,0.0,1.0,0.0,0.0,0.0,0.0
1481,PTFE,PT_0125,FC(F)(F)C(F)(F)F,183.043216547839,1.9731453435140323,0.0,0.366408,1481,0.0,0.0,0.0,0.0,0.0,0.0,0.0,0.0,1.0,0.0,0.0,0.0,0.0,0.0,0.0,0.0,0.0,0.0,0.0,0.0,0.0,0.0,0.0,0.0,0.0,0.0,0.0,0.0,0.0,0.0,0.0,0.0,1.0,0.0,0.0,0.0,0.0,0.0,0.0,0.0,0.0,0.0,0.0,0.0,0.0,1.0,0.0,0.0,0.0,0.0,1.0,0.0,0.0,0.0,0.0,0.0,0.0,0.0,0.0,1.0,0.0,0.0,0.0,0.0
1482,PTFE,PT_0238,FC(F)(F)C(F)(F)F,182.9431868261223,1.5,0.0,0.366213,1482,0.0,0.0,0.0,0.0,0.0,0.0,0.0,0.0,1.0,0.0,0.0,0.0,0.0,0.0,0.0,0.0,0.0,0.0,0.0,0.0,0.0,0.0,0.0,0.0,0.0,0.0,0.0,0.0,0.0,0.0,0.0,0.0,1.0,0.0,0.0,0.0,0.0,0.0,0.0,0.0,0.0,0.0,0.0,0.0,0.0,1.0,0.0,0.0,0.0,0.0,1.0,0.0,0.0,0.0,0.0,0.0,0.0,0.0,0.0,1.0,0.0,0.0,0.0,0.0
1483,PTFE,PT_0062,FC(F)(F)C(F)(F)F,182.8701856216376,1.6582060925418791,0.0,0.366072,1483,0.0,0.0,0.0,0.0,0.0,0.0,0.0,0.0,1.0,0.0,0.0,0.0,0.0,0.0,0.0,0.0,0.0,0.0,0.0,0.0,0.0,0.0,0.0,0.0,0.0,0.0,0.0,0.0,0.0,0.0,0.0,0.0,1.0,0.0,0.0,0.0,0.0,0.0,0.0,0.0,0.0,0.0,0.0,0.0,0.0,1.0,0.0,0.0,0.0,0.0,1.0,0.0,0.0,0.0,0.0,0.0,0.0,0.0,0.0,1.0,0.0,0.0,0.0,0.0
1484,PTFE,PT_0148,FC(F)(F)C(F)(F)F,182.25152098623144,1.5910059999110548,0.0,0.364871,1484,0.0,0.0,0.0,0.0,0.0,0.0,0.0,0.0,1.0,0.0,0.0,0.0,0.0,0.0,0.0,0.0,0.0,0.0,0.0,0.0,0.0,0.0,0.0,0.0,0.0,0.0,0.0,0.0,0.0,0.0,0.0,0.0,1.0,0.0,0.0,0.0,0.0,0.0,0.0,0.0,0.0,0.0,0.0,0.0,0.0,1.0,0.0,0.0,0.0,0.0,1.0,0.0,0.0,0.0,0.0,0.0,0.0,0.0,0.0,1.0,0.0,0.0,0.0,0.0
1485,PTFE,PT_0157,FC(F)(F)C(F)(F)F,182.1227702372362,1.8339398424587352,0.0,0.364622,1485,0.0,0.0,0.0,0.0,0.0,0.0,0.0,0.0,1.0,0.0,0.0,0.0,0.0,0.0,0.0,0.0,0.0,0.0,0.0,0.0,0.0,0.0,0.0,0.0,0.0,0.0,0.0,0.0,0.0,0.0,0.0,0.0,1.0,0.0,0.0,0.0,0.0,0.0,0.0,0.0,0.0,0.0,0.0,0.0,0.0,1.0,0.0,0.0,0.0,0.0,1.0,0.0,0.0,0.0,0.0,0.0,0.0,0.0,0.0,1.0,0.0,0.0,0.0,0.0
1486,PTFE,PT_0192,FC(F)(F)C(F)(F)F,181.7512415669863,1.8204817833945046,0.0,0.363902,1486,0.0,0.0,0.0,0.0,0.0,0.0,0.0,0.0,1.0,0.0,0.0,0.0,0.0,0.0,0.0,0.0,0.0,0.0,0.0,0.0,0.0,0.0,0.0,0.0,0.0,0.0,0.0,0.0,0.0,0.0,0.0,0.0,1.0,0.0,0.0,0.0,0.0,0.0,0.0,0.0,0.0,0.0,0.0,0.0,0.0,1.0,0.0,0.0,0.0,0.0,1.0,0.0,0.0,0.0,0.0,0.0,0.0,0.0,0.0,1.0,0.0,0.0,0.0,0.0
1487,PTFE,PT_0092,FC(F)(F)C(F)(F)F,181.70673390221611,1.726875841997423,0.0,0.363816,1487,0.0,0.0,0.0,0.0,0.0,0.0,0.0,0.0,1.0,0.0,0.0,0.0,0.0,0.0,0.0,0.0,0.0,0.0,0.0,0.0,0.0,0.0,0.0,0.0,0.0,0.0,0.0,0.0,0.0,0.0,0.0,0.0,1.0,0.0,0.0,0.0,0.0,0.0,0.0,0.0,0.0,0.0,0.0,0.0,0.0,1.0,0.0,0.0,0.0,0.0,1.0,0.0,0.0,0.0,0.0,0.0,0.0,0.0,0.0,1.0,0.0,0.0,0.0,0.0
1488,PTFE,PT_0046,FC(F)(F)C(F)(F)F,181.47727125561306,1.6756413555998768,0.0,0.363372,1488,0.0,0.0,0.0,0.0,0.0,0.0,0.0,0.0,1.0,0.0,0.0,0.0,0.0,0.0,0.0,0.0,0.0,0.0,0.0,0.0,0.0,0.0,0.0,0.0,0.0,0.0,0.0,0.0,0.0,0.0,0.0,0.0,1.0,0.0,0.0,0.0,0.0,0.0,0.0,0.0,0.0,0.0,0.0,0.0,0.0,1.0,0.0,0.0,0.0,0.0,1.0,0.0,0.0,0.0,0.0,0.0,0.0,0.0,0.0,1.0,0.0,0.0,0.0,0.0
1489,PTFE,PT_0206,FC(F)(F)C(F)(F)F,180.82403237885077,1.5,0.0,0.362111,1489,0.0,0.0,0.0,0.0,0.0,0.0,0.0,0.0,1.0,0.0,0.0,0.0,0.0,0.0,0.0,0.0,0.0,0.0,0.0,0.0,0.0,0.0,0.0,0.0,0.0,0.0,0.0,0.0,0.0,0.0,0.0,0.0,1.0,0.0,0.0,0.0,0.0,0.0,0.0,0.0,0.0,0.0,0.0,0.0,0.0,1.0,0.0,0.0,0.0,0.0,1.0,0.0,0.0,0.0,0.0,0.0,0.0,0.0,0.0,1.0,0.0,0.0,0.0,0.0
1490,PTFE,PT_0034,FC(F)(F)C(F)(F)F,180.71390219017013,1.5902437291417424,0.0,0.361899,1490,0.0,0.0,0.0,0.0,0.0,0.0,0.0,0.0,1.0,0.0,0.0,0.0,0.0,0.0,0.0,0.0,0.0,0.0,0.0,0.0,0.0,0.0,0.0,0.0,0.0,0.0,0.0,0.0,0.0,0.0,0.0,0.0,1.0,0.0,0.0,0.0,0.0,0.0,0.0,0.0,0.0,0.0,0.0,0.0,0.0,1.0,0.0,0.0,0.0,0.0,1.0,0.0,0.0,0.0,0.0,0.0,0.0,0.0,0.0,1.0,0.0,0.0,0.0,0.0
1491,PTFE,PT_0053,FC(F)(F)C(F)(F)F,180.7103496958403,1.8004161164160364,0.0,0.361892,1491,0.0,0.0,0.0,0.0,0.0,0.0,0.0,0.0,1.0,0.0,0.0,0.0,0.0,0.0,0.0,0.0,0.0,0.0,0.0,0.0,0.0,0.0,0.0,0.0,0.0,0.0,0.0,0.0,0.0,0.0,0.0,0.0,1.0,0.0,0.0,0.0,0.0,0.0,0.0,0.0,0.0,0.0,0.0,0.0,0.0,1.0,0.0,0.0,0.0,0.0,1.0,0.0,0.0,0.0,0.0,0.0,0.0,0.0,0.0,1.0,0.0,0.0,0.0,0.0
1492,PTFE,PT_0158,FC(F)(F)C(F)(F)F,182.2694965651886,2.0555627666481455,0.0,0.361202,1492,0.0,0.0,0.0,0.0,0.0,0.0,0.0,0.0,1.0,0.0,0.0,0.0,0.0,0.0,0.0,0.0,0.0,0.0,0.0,0.0,0.0,0.0,0.0,0.0,0.0,0.0,0.0,0.0,0.0,0.0,0.0,0.0,1.0,0.0,0.0,0.0,0.0,0.0,0.0,0.0,0.0,0.0,0.0,0.0,0.0,1.0,0.0,0.0,0.0,0.0,1.0,0.0,0.0,0.0,0.0,0.0,0.0,0.0,0.0,1.0,0.0,0.0,0.0,0.0
1493,PTFE,PT_0070,FC(F)(F)C(F)(F)F,180.11546817966047,1.843382858709893,0.0,0.360747,1493,0.0,0.0,0.0,0.0,0.0,0.0,0.0,0.0,1.0,0.0,0.0,0.0,0.0,0.0,0.0,0.0,0.0,0.0,0.0,0.0,0.0,0.0,0.0,0.0,0.0,0.0,0.0,0.0,0.0,0.0,0.0,0.0,1.0,0.0,0.0,0.0,0.0,0.0,0.0,0.0,0.0,0.0,0.0,0.0,0.0,1.0,0.0,0.0,0.0,0.0,1.0,0.0,0.0,0.0,0.0,0.0,0.0,0.0,0.0,1.0,0.0,0.0,0.0,0.0
1494,PTFE,PT_0033,FC(F)(F)C(F)(F)F,179.91600723541433,1.722792524379133,0.0,0.360364,1494,0.0,0.0,0.0,0.0,0.0,0.0,0.0,0.0,1.0,0.0,0.0,0.0,0.0,0.0,0.0,0.0,0.0,0.0,0.0,0.0,0.0,0.0,0.0,0.0,0.0,0.0,0.0,0.0,0.0,0.0,0.0,0.0,1.0,0.0,0.0,0.0,0.0,0.0,0.0,0.0,0.0,0.0,0.0,0.0,0.0,1.0,0.0,0.0,0.0,0.0,1.0,0.0,0.0,0.0,0.0,0.0,0.0,0.0,0.0,1.0,0.0,0.0,0.0,0.0
1495,PTFE,PT_0124,FC(F)(F)C(F)(F)F,179.52066741923548,1.502728006552382,0.0,0.359604,1495,0.0,0.0,0.0,0.0,0.0,0.0,0.0,0.0,1.0,0.0,0.0,0.0,0.0,0.0,0.0,0.0,0.0,0.0,0.0,0.0,0.0,0.0,0.0,0.0,0.0,0.0,0.0,0.0,0.0,0.0,0.0,0.0,1.0,0.0,0.0,0.0,0.0,0.0,0.0,0.0,0.0,0.0,0.0,0.0,0.0,1.0,0.0,0.0,0.0,0.0,1.0,0.0,0.0,0.0,0.0,0.0,0.0,0.0,0.0,1.0,0.0,0.0,0.0,0.0
1496,PTFE,PT_0171,FC(F)(F)C(F)(F)F,179.48014420295146,1.954872453668524,0.0,0.359527,1496,0.0,0.0,0.0,0.0,0.0,0.0,0.0,0.0,1.0,0.0,0.0,0.0,0.0,0.0,0.0,0.0,0.0,0.0,0.0,0.0,0.0,0.0,0.0,0.0,0.0,0.0,0.0,0.0,0.0,0.0,0.0,0.0,1.0,0.0,0.0,0.0,0.0,0.0,0.0,0.0,0.0,0.0,0.0,0.0,0.0,1.0,0.0,0.0,0.0,0.0,1.0,0.0,0.0,0.0,0.0,0.0,0.0,0.0,0.0,1.0,0.0,0.0,0.0,0.0
1497,PTFE,PT_0045,FC(F)(F)C(F)(F)F,178.04579172189636,1.9263824198776884,0.0,0.356784,1497,0.0,0.0,0.0,0.0,0.0,0.0,0.0,0.0,1.0,0.0,0.0,0.0,0.0,0.0,0.0,0.0,0.0,0.0,0.0,0.0,0.0,0.0,0.0,0.0,0.0,0.0,0.0,0.0,0.0,0.0,0.0,0.0,1.0,0.0,0.0,0.0,0.0,0.0,0.0,0.0,0.0,0.0,0.0,0.0,0.0,1.0,0.0,0.0,0.0,0.0,1.0,0.0,0.0,0.0,0.0,0.0,0.0,0.0,0.0,1.0,0.0,0.0,0.0,0.0
1498,PTFE,PT_0008,FC(F)(F)C(F)(F)F,177.98824794653785,1.992280437917624,0.0,0.356674,1498,0.0,0.0,0.0,0.0,0.0,0.0,0.0,0.0,1.0,0.0,0.0,0.0,0.0,0.0,0.0,0.0,0.0,0.0,0.0,0.0,0.0,0.0,0.0,0.0,0.0,0.0,0.0,0.0,0.0,0.0,0.0,0.0,1.0,0.0,0.0,0.0,0.0,0.0,0.0,0.0,0.0,0.0,0.0,0.0,0.0,1.0,0.0,0.0,0.0,0.0,1.0,0.0,0.0,0.0,0.0,0.0,0.0,0.0,0.0,1.0,0.0,0.0,0.0,0.0
1499,PTFE,PT_0123,FC(F)(F)C(F)(F)F,177.72826941305843,1.5,0.0,0.356179,1499,0.0,0.0,0.0,0.0,0.0,0.0,0.0,0.0,1.0,0.0,0.0,0.0,0.0,0.0,0.0,0.0,0.0,0.0,0.0,0.0,0.0,0.0,0.0,0.0,0.0,0.0,0.0,0.0,0.0,0.0,0.0,0.0,1.0,0.0,0.0,0.0,0.0,0.0,0.0,0.0,0.0,0.0,0.0,0.0,0.0,1.0,0.0,0.0,0.0,0.0,1.0,0.0,0.0,0.0,0.0,0.0,0.0,0.0,0.0,1.0,0.0,0.0,0.0,0.0
1500,PTFE,PT_0009,FC(F)(F)C(F)(F)F,177.67991800896343,1.7820676697680127,0.0,0.356087,1500,0.0,0.0,0.0,0.0,0.0,0.0,0.0,0.0,1.0,0.0,0.0,0.0,0.0,0.0,0.0,0.0,0.0,0.0,0.0,0.0,0.0,0.0,0.0,0.0,0.0,0.0,0.0,0.0,0.0,0.0,0.0,0.0,1.0,0.0,0.0,0.0,0.0,0.0,0.0,0.0,0.0,0.0,0.0,0.0,0.0,1.0,0.0,0.0,0.0,0.0,1.0,0.0,0.0,0.0,0.0,0.0,0.0,0.0,0.0,1.0,0.0,0.0,0.0,0.0
1501,PTFE,PT_0041,FC(F)(F)C(F)(F)F,177.64407857581872,1.5,0.0,0.356018,1501,0.0,0.0,0.0,0.0,0.0,0.0,0.0,0.0,1.0,0.0,0.0,0.0,0.0,0.0,0.0,0.0,0.0,0.0,0.0,0.0,0.0,0.0,0.0,0.0,0.0,0.0,0.0,0.0,0.0,0.0,0.0,0.0,1.0,0.0,0.0,0.0,0.0,0.0,0.0,0.0,0.0,0.0,0.0,0.0,0.0,1.0,0.0,0.0,0.0,0.0,1.0,0.0,0.0,0.0,0.0,0.0,0.0,0.0,0.0,1.0,0.0,0.0,0.0,0.0
1502,PTFE,PT_0186,FC(F)(F)C(F)(F)F,177.99615239957416,2.020489730318408,0.0,0.355323,1502,0.0,0.0,0.0,0.0,0.0,0.0,0.0,0.0,1.0,0.0,0.0,0.0,0.0,0.0,0.0,0.0,0.0,0.0,0.0,0.0,0.0,0.0,0.0,0.0,0.0,0.0,0.0,0.0,0.0,0.0,0.0,0.0,1.0,0.0,0.0,0.0,0.0,0.0,0.0,0.0,0.0,0.0,0.0,0.0,0.0,1.0,0.0,0.0,0.0,0.0,1.0,0.0,0.0,0.0,0.0,0.0,0.0,0.0,0.0,1.0,0.0,0.0,0.0,0.0
1503,PTFE,PT_0188,FC(F)(F)C(F)(F)F,177.21445934585824,1.8117012213112238,0.0,0.355202,1503,0.0,0.0,0.0,0.0,0.0,0.0,0.0,0.0,1.0,0.0,0.0,0.0,0.0,0.0,0.0,0.0,0.0,0.0,0.0,0.0,0.0,0.0,0.0,0.0,0.0,0.0,0.0,0.0,0.0,0.0,0.0,0.0,1.0,0.0,0.0,0.0,0.0,0.0,0.0,0.0,0.0,0.0,0.0,0.0,0.0,1.0,0.0,0.0,0.0,0.0,1.0,0.0,0.0,0.0,0.0,0.0,0.0,0.0,0.0,1.0,0.0,0.0,0.0,0.0
1504,PTFE,PT_0145,FC(F)(F)C(F)(F)F,177.65204607855574,2.017020326837666,0.0,0.354899,1504,0.0,0.0,0.0,0.0,0.0,0.0,0.0,0.0,1.0,0.0,0.0,0.0,0.0,0.0,0.0,0.0,0.0,0.0,0.0,0.0,0.0,0.0,0.0,0.0,0.0,0.0,0.0,0.0,0.0,0.0,0.0,0.0,1.0,0.0,0.0,0.0,0.0,0.0,0.0,0.0,0.0,0.0,0.0,0.0,0.0,1.0,0.0,0.0,0.0,0.0,1.0,0.0,0.0,0.0,0.0,0.0,0.0,0.0,0.0,1.0,0.0,0.0,0.0,0.0
1505,PTFE,PT_0010,FC(F)(F)C(F)(F)F,176.71014139318828,1.60076352058679,0.0,0.354245,1505,0.0,0.0,0.0,0.0,0.0,0.0,0.0,0.0,1.0,0.0,0.0,0.0,0.0,0.0,0.0,0.0,0.0,0.0,0.0,0.0,0.0,0.0,0.0,0.0,0.0,0.0,0.0,0.0,0.0,0.0,0.0,0.0,1.0,0.0,0.0,0.0,0.0,0.0,0.0,0.0,0.0,0.0,0.0,0.0,0.0,1.0,0.0,0.0,0.0,0.0,1.0,0.0,0.0,0.0,0.0,0.0,0.0,0.0,0.0,1.0,0.0,0.0,0.0,0.0
1506,PTFE,PT_0030,FC(F)(F)C(F)(F)F,176.52125616215733,1.702499644848286,0.0,0.353887,1506,0.0,0.0,0.0,0.0,0.0,0.0,0.0,0.0,1.0,0.0,0.0,0.0,0.0,0.0,0.0,0.0,0.0,0.0,0.0,0.0,0.0,0.0,0.0,0.0,0.0,0.0,0.0,0.0,0.0,0.0,0.0,0.0,1.0,0.0,0.0,0.0,0.0,0.0,0.0,0.0,0.0,0.0,0.0,0.0,0.0,1.0,0.0,0.0,0.0,0.0,1.0,0.0,0.0,0.0,0.0,0.0,0.0,0.0,0.0,1.0,0.0,0.0,0.0,0.0
1507,PTFE,PT_0098,FC(F)(F)C(F)(F)F,176.16089884828313,1.5315604482251313,0.0,0.353205,1507,0.0,0.0,0.0,0.0,0.0,0.0,0.0,0.0,1.0,0.0,0.0,0.0,0.0,0.0,0.0,0.0,0.0,0.0,0.0,0.0,0.0,0.0,0.0,0.0,0.0,0.0,0.0,0.0,0.0,0.0,0.0,0.0,1.0,0.0,0.0,0.0,0.0,0.0,0.0,0.0,0.0,0.0,0.0,0.0,0.0,1.0,0.0,0.0,0.0,0.0,1.0,0.0,0.0,0.0,0.0,0.0,0.0,0.0,0.0,1.0,0.0,0.0,0.0,0.0
1508,PTFE,PT_0122,FC(F)(F)C(F)(F)F,175.22542233804378,1.5,0.0,0.35144,1508,0.0,0.0,0.0,0.0,0.0,0.0,0.0,0.0,1.0,0.0,0.0,0.0,0.0,0.0,0.0,0.0,0.0,0.0,0.0,0.0,0.0,0.0,0.0,0.0,0.0,0.0,0.0,0.0,0.0,0.0,0.0,0.0,1.0,0.0,0.0,0.0,0.0,0.0,0.0,0.0,0.0,0.0,0.0,0.0,0.0,1.0,0.0,0.0,0.0,0.0,1.0,0.0,0.0,0.0,0.0,0.0,0.0,0.0,0.0,1.0,0.0,0.0,0.0,0.0
1509,PTFE,PT_0226,FC(F)(F)C(F)(F)F,175.07992123703482,1.6715538229973819,0.0,0.351167,1509,0.0,0.0,0.0,0.0,0.0,0.0,0.0,0.0,1.0,0.0,0.0,0.0,0.0,0.0,0.0,0.0,0.0,0.0,0.0,0.0,0.0,0.0,0.0,0.0,0.0,0.0,0.0,0.0,0.0,0.0,0.0,0.0,1.0,0.0,0.0,0.0,0.0,0.0,0.0,0.0,0.0,0.0,0.0,0.0,0.0,1.0,0.0,0.0,0.0,0.0,1.0,0.0,0.0,0.0,0.0,0.0,0.0,0.0,0.0,1.0,0.0,0.0,0.0,0.0
1510,PTFE,PT_0209,FC(F)(F)C(F)(F)F,175.03335023603665,1.6328309702887742,0.0,0.351079,1510,0.0,0.0,0.0,0.0,0.0,0.0,0.0,0.0,1.0,0.0,0.0,0.0,0.0,0.0,0.0,0.0,0.0,0.0,0.0,0.0,0.0,0.0,0.0,0.0,0.0,0.0,0.0,0.0,0.0,0.0,0.0,0.0,1.0,0.0,0.0,0.0,0.0,0.0,0.0,0.0,0.0,0.0,0.0,0.0,0.0,1.0,0.0,0.0,0.0,0.0,1.0,0.0,0.0,0.0,0.0,0.0,0.0,0.0,0.0,1.0,0.0,0.0,0.0,0.0
1511,PTFE,PT_0135,FC(F)(F)C(F)(F)F,178.0447398340612,2.085984064202512,0.0,0.351049,1511,0.0,0.0,0.0,0.0,0.0,0.0,0.0,0.0,1.0,0.0,0.0,0.0,0.0,0.0,0.0,0.0,0.0,0.0,0.0,0.0,0.0,0.0,0.0,0.0,0.0,0.0,0.0,0.0,0.0,0.0,0.0,0.0,1.0,0.0,0.0,0.0,0.0,0.0,0.0,0.0,0.0,0.0,0.0,0.0,0.0,1.0,0.0,0.0,0.0,0.0,1.0,0.0,0.0,0.0,0.0,0.0,0.0,0.0,0.0,1.0,0.0,0.0,0.0,0.0
1512,PTFE,PT_0214,FC(F)(F)C(F)(F)F,174.69295661185166,1.9949519419982253,0.0,0.350439,1512,0.0,0.0,0.0,0.0,0.0,0.0,0.0,0.0,1.0,0.0,0.0,0.0,0.0,0.0,0.0,0.0,0.0,0.0,0.0,0.0,0.0,0.0,0.0,0.0,0.0,0.0,0.0,0.0,0.0,0.0,0.0,0.0,1.0,0.0,0.0,0.0,0.0,0.0,0.0,0.0,0.0,0.0,0.0,0.0,0.0,1.0,0.0,0.0,0.0,0.0,1.0,0.0,0.0,0.0,0.0,0.0,0.0,0.0,0.0,1.0,0.0,0.0,0.0,0.0
1513,PTFE,PT_0216,FC(F)(F)C(F)(F)F,174.6738981586805,1.8025894778635423,0.0,0.350404,1513,0.0,0.0,0.0,0.0,0.0,0.0,0.0,0.0,1.0,0.0,0.0,0.0,0.0,0.0,0.0,0.0,0.0,0.0,0.0,0.0,0.0,0.0,0.0,0.0,0.0,0.0,0.0,0.0,0.0,0.0,0.0,0.0,1.0,0.0,0.0,0.0,0.0,0.0,0.0,0.0,0.0,0.0,0.0,0.0,0.0,1.0,0.0,0.0,0.0,0.0,1.0,0.0,0.0,0.0,0.0,0.0,0.0,0.0,0.0,1.0,0.0,0.0,0.0,0.0
1514,PTFE,PT_0194,FC(F)(F)C(F)(F)F,174.5864851677624,1.5,0.0,0.35024,1514,0.0,0.0,0.0,0.0,0.0,0.0,0.0,0.0,1.0,0.0,0.0,0.0,0.0,0.0,0.0,0.0,0.0,0.0,0.0,0.0,0.0,0.0,0.0,0.0,0.0,0.0,0.0,0.0,0.0,0.0,0.0,0.0,1.0,0.0,0.0,0.0,0.0,0.0,0.0,0.0,0.0,0.0,0.0,0.0,0.0,1.0,0.0,0.0,0.0,0.0,1.0,0.0,0.0,0.0,0.0,0.0,0.0,0.0,0.0,1.0,0.0,0.0,0.0,0.0
1515,PTFE,PT_0074,FC(F)(F)C(F)(F)F,173.2964662485165,1.5,0.0,0.347827,1515,0.0,0.0,0.0,0.0,0.0,0.0,0.0,0.0,1.0,0.0,0.0,0.0,0.0,0.0,0.0,0.0,0.0,0.0,0.0,0.0,0.0,0.0,0.0,0.0,0.0,0.0,0.0,0.0,0.0,0.0,0.0,0.0,1.0,0.0,0.0,0.0,0.0,0.0,0.0,0.0,0.0,0.0,0.0,0.0,0.0,1.0,0.0,0.0,0.0,0.0,1.0,0.0,0.0,0.0,0.0,0.0,0.0,0.0,0.0,1.0,0.0,0.0,0.0,0.0
1516,PTFE,PT_0236,FC(F)(F)C(F)(F)F,173.2700265674192,1.8108608240702506,0.0,0.347778,1516,0.0,0.0,0.0,0.0,0.0,0.0,0.0,0.0,1.0,0.0,0.0,0.0,0.0,0.0,0.0,0.0,0.0,0.0,0.0,0.0,0.0,0.0,0.0,0.0,0.0,0.0,0.0,0.0,0.0,0.0,0.0,0.0,1.0,0.0,0.0,0.0,0.0,0.0,0.0,0.0,0.0,0.0,0.0,0.0,0.0,1.0,0.0,0.0,0.0,0.0,1.0,0.0,0.0,0.0,0.0,0.0,0.0,0.0,0.0,1.0,0.0,0.0,0.0,0.0
1517,PTFE,PT_0180,FC(F)(F)C(F)(F)F,176.70634038092157,2.0979796425332107,0.0,0.347705,1517,0.0,0.0,0.0,0.0,0.0,0.0,0.0,0.0,1.0,0.0,0.0,0.0,0.0,0.0,0.0,0.0,0.0,0.0,0.0,0.0,0.0,0.0,0.0,0.0,0.0,0.0,0.0,0.0,0.0,0.0,0.0,0.0,1.0,0.0,0.0,0.0,0.0,0.0,0.0,0.0,0.0,0.0,0.0,0.0,0.0,1.0,0.0,0.0,0.0,0.0,1.0,0.0,0.0,0.0,0.0,0.0,0.0,0.0,0.0,1.0,0.0,0.0,0.0,0.0
1518,PTFE,PT_0156,FC(F)(F)C(F)(F)F,173.10847839131532,1.6179496215181957,0.0,0.347477,1518,0.0,0.0,0.0,0.0,0.0,0.0,0.0,0.0,1.0,0.0,0.0,0.0,0.0,0.0,0.0,0.0,0.0,0.0,0.0,0.0,0.0,0.0,0.0,0.0,0.0,0.0,0.0,0.0,0.0,0.0,0.0,0.0,1.0,0.0,0.0,0.0,0.0,0.0,0.0,0.0,0.0,0.0,0.0,0.0,0.0,1.0,0.0,0.0,0.0,0.0,1.0,0.0,0.0,0.0,0.0,0.0,0.0,0.0,0.0,1.0,0.0,0.0,0.0,0.0
1519,PTFE,PT_0218,FC(F)(F)C(F)(F)F,172.4742202711386,1.7263306689829143,0.0,0.346298,1519,0.0,0.0,0.0,0.0,0.0,0.0,0.0,0.0,1.0,0.0,0.0,0.0,0.0,0.0,0.0,0.0,0.0,0.0,0.0,0.0,0.0,0.0,0.0,0.0,0.0,0.0,0.0,0.0,0.0,0.0,0.0,0.0,1.0,0.0,0.0,0.0,0.0,0.0,0.0,0.0,0.0,0.0,0.0,0.0,0.0,1.0,0.0,0.0,0.0,0.0,1.0,0.0,0.0,0.0,0.0,0.0,0.0,0.0,0.0,1.0,0.0,0.0,0.0,0.0
1520,PTFE,PT_0237,FC(F)(F)C(F)(F)F,172.41471098956242,1.6182618583318764,0.0,0.346187,1520,0.0,0.0,0.0,0.0,0.0,0.0,0.0,0.0,1.0,0.0,0.0,0.0,0.0,0.0,0.0,0.0,0.0,0.0,0.0,0.0,0.0,0.0,0.0,0.0,0.0,0.0,0.0,0.0,0.0,0.0,0.0,0.0,1.0,0.0,0.0,0.0,0.0,0.0,0.0,0.0,0.0,0.0,0.0,0.0,0.0,1.0,0.0,0.0,0.0,0.0,1.0,0.0,0.0,0.0,0.0,0.0,0.0,0.0,0.0,1.0,0.0,0.0,0.0,0.0
1521,PTFE,PT_0168,FC(F)(F)C(F)(F)F,171.84799238648583,1.5021670753897463,0.0,0.345138,1521,0.0,0.0,0.0,0.0,0.0,0.0,0.0,0.0,1.0,0.0,0.0,0.0,0.0,0.0,0.0,0.0,0.0,0.0,0.0,0.0,0.0,0.0,0.0,0.0,0.0,0.0,0.0,0.0,0.0,0.0,0.0,0.0,1.0,0.0,0.0,0.0,0.0,0.0,0.0,0.0,0.0,0.0,0.0,0.0,0.0,1.0,0.0,0.0,0.0,0.0,1.0,0.0,0.0,0.0,0.0,0.0,0.0,0.0,0.0,1.0,0.0,0.0,0.0,0.0
1522,PTFE,PT_0193,FC(F)(F)C(F)(F)F,171.64982459464727,1.5,0.0,0.344771,1522,0.0,0.0,0.0,0.0,0.0,0.0,0.0,0.0,1.0,0.0,0.0,0.0,0.0,0.0,0.0,0.0,0.0,0.0,0.0,0.0,0.0,0.0,0.0,0.0,0.0,0.0,0.0,0.0,0.0,0.0,0.0,0.0,1.0,0.0,0.0,0.0,0.0,0.0,0.0,0.0,0.0,0.0,0.0,0.0,0.0,1.0,0.0,0.0,0.0,0.0,1.0,0.0,0.0,0.0,0.0,0.0,0.0,0.0,0.0,1.0,0.0,0.0,0.0,0.0
1523,PTFE,PT_0056,FC(F)(F)C(F)(F)F,171.2705761128854,1.7254096439405262,0.0,0.344071,1523,0.0,0.0,0.0,0.0,0.0,0.0,0.0,0.0,1.0,0.0,0.0,0.0,0.0,0.0,0.0,0.0,0.0,0.0,0.0,0.0,0.0,0.0,0.0,0.0,0.0,0.0,0.0,0.0,0.0,0.0,0.0,0.0,1.0,0.0,0.0,0.0,0.0,0.0,0.0,0.0,0.0,0.0,0.0,0.0,0.0,1.0,0.0,0.0,0.0,0.0,1.0,0.0,0.0,0.0,0.0,0.0,0.0,0.0,0.0,1.0,0.0,0.0,0.0,0.0
1524,PTFE,PT_0155,FC(F)(F)C(F)(F)F,171.1899228288799,1.6370264594833714,0.0,0.343923,1524,0.0,0.0,0.0,0.0,0.0,0.0,0.0,0.0,1.0,0.0,0.0,0.0,0.0,0.0,0.0,0.0,0.0,0.0,0.0,0.0,0.0,0.0,0.0,0.0,0.0,0.0,0.0,0.0,0.0,0.0,0.0,0.0,1.0,0.0,0.0,0.0,0.0,0.0,0.0,0.0,0.0,0.0,0.0,0.0,0.0,1.0,0.0,0.0,0.0,0.0,1.0,0.0,0.0,0.0,0.0,0.0,0.0,0.0,0.0,1.0,0.0,0.0,0.0,0.0
1525,PTFE,PT_0055,FC(F)(F)C(F)(F)F,171.1676121227244,1.514674125478206,0.0,0.343882,1525,0.0,0.0,0.0,0.0,0.0,0.0,0.0,0.0,1.0,0.0,0.0,0.0,0.0,0.0,0.0,0.0,0.0,0.0,0.0,0.0,0.0,0.0,0.0,0.0,0.0,0.0,0.0,0.0,0.0,0.0,0.0,0.0,1.0,0.0,0.0,0.0,0.0,0.0,0.0,0.0,0.0,0.0,0.0,0.0,0.0,1.0,0.0,0.0,0.0,0.0,1.0,0.0,0.0,0.0,0.0,0.0,0.0,0.0,0.0,1.0,0.0,0.0,0.0,0.0
1526,PTFE,PT_0096,FC(F)(F)C(F)(F)F,171.15866225994435,1.7316523949188098,0.0,0.343865,1526,0.0,0.0,0.0,0.0,0.0,0.0,0.0,0.0,1.0,0.0,0.0,0.0,0.0,0.0,0.0,0.0,0.0,0.0,0.0,0.0,0.0,0.0,0.0,0.0,0.0,0.0,0.0,0.0,0.0,0.0,0.0,0.0,1.0,0.0,0.0,0.0,0.0,0.0,0.0,0.0,0.0,0.0,0.0,0.0,0.0,1.0,0.0,0.0,0.0,0.0,1.0,0.0,0.0,0.0,0.0,0.0,0.0,0.0,0.0,1.0,0.0,0.0,0.0,0.0
1527,PTFE,PT_0131,FC(F)(F)C(F)(F)F,171.13509483547247,1.502543700675454,0.0,0.343822,1527,0.0,0.0,0.0,0.0,0.0,0.0,0.0,0.0,1.0,0.0,0.0,0.0,0.0,0.0,0.0,0.0,0.0,0.0,0.0,0.0,0.0,0.0,0.0,0.0,0.0,0.0,0.0,0.0,0.0,0.0,0.0,0.0,1.0,0.0,0.0,0.0,0.0,0.0,0.0,0.0,0.0,0.0,0.0,0.0,0.0,1.0,0.0,0.0,0.0,0.0,1.0,0.0,0.0,0.0,0.0,0.0,0.0,0.0,0.0,1.0,0.0,0.0,0.0,0.0
1528,PTFE,PT_0215,FC(F)(F)C(F)(F)F,170.79881089973028,1.8104421305568335,0.0,0.343203,1528,0.0,0.0,0.0,0.0,0.0,0.0,0.0,0.0,1.0,0.0,0.0,0.0,0.0,0.0,0.0,0.0,0.0,0.0,0.0,0.0,0.0,0.0,0.0,0.0,0.0,0.0,0.0,0.0,0.0,0.0,0.0,0.0,1.0,0.0,0.0,0.0,0.0,0.0,0.0,0.0,0.0,0.0,0.0,0.0,0.0,1.0,0.0,0.0,0.0,0.0,1.0,0.0,0.0,0.0,0.0,0.0,0.0,0.0,0.0,1.0,0.0,0.0,0.0,0.0
1529,PTFE,PT_0102,FC(F)(F)C(F)(F)F,170.75036063794863,1.6234759029097112,0.0,0.343114,1529,0.0,0.0,0.0,0.0,0.0,0.0,0.0,0.0,1.0,0.0,0.0,0.0,0.0,0.0,0.0,0.0,0.0,0.0,0.0,0.0,0.0,0.0,0.0,0.0,0.0,0.0,0.0,0.0,0.0,0.0,0.0,0.0,1.0,0.0,0.0,0.0,0.0,0.0,0.0,0.0,0.0,0.0,0.0,0.0,0.0,1.0,0.0,0.0,0.0,0.0,1.0,0.0,0.0,0.0,0.0,0.0,0.0,0.0,0.0,1.0,0.0,0.0,0.0,0.0
1530,PTFE,PT_0233,FC(F)(F)C(F)(F)F,170.20084256643577,1.5,0.0,0.342105,1530,0.0,0.0,0.0,0.0,0.0,0.0,0.0,0.0,1.0,0.0,0.0,0.0,0.0,0.0,0.0,0.0,0.0,0.0,0.0,0.0,0.0,0.0,0.0,0.0,0.0,0.0,0.0,0.0,0.0,0.0,0.0,0.0,1.0,0.0,0.0,0.0,0.0,0.0,0.0,0.0,0.0,0.0,0.0,0.0,0.0,1.0,0.0,0.0,0.0,0.0,1.0,0.0,0.0,0.0,0.0,0.0,0.0,0.0,0.0,1.0,0.0,0.0,0.0,0.0
1531,PTFE,PT_0080,FC(F)(F)C(F)(F)F,170.01024075434313,1.7251103701602444,0.0,0.341756,1531,0.0,0.0,0.0,0.0,0.0,0.0,0.0,0.0,1.0,0.0,0.0,0.0,0.0,0.0,0.0,0.0,0.0,0.0,0.0,0.0,0.0,0.0,0.0,0.0,0.0,0.0,0.0,0.0,0.0,0.0,0.0,0.0,1.0,0.0,0.0,0.0,0.0,0.0,0.0,0.0,0.0,0.0,0.0,0.0,0.0,1.0,0.0,0.0,0.0,0.0,1.0,0.0,0.0,0.0,0.0,0.0,0.0,0.0,0.0,1.0,0.0,0.0,0.0,0.0
1532,PTFE,PT_0112,FC(F)(F)C(F)(F)F,169.96585296302868,1.581724797448455,0.0,0.341675,1532,0.0,0.0,0.0,0.0,0.0,0.0,0.0,0.0,1.0,0.0,0.0,0.0,0.0,0.0,0.0,0.0,0.0,0.0,0.0,0.0,0.0,0.0,0.0,0.0,0.0,0.0,0.0,0.0,0.0,0.0,0.0,0.0,1.0,0.0,0.0,0.0,0.0,0.0,0.0,0.0,0.0,0.0,0.0,0.0,0.0,1.0,0.0,0.0,0.0,0.0,1.0,0.0,0.0,0.0,0.0,0.0,0.0,0.0,0.0,1.0,0.0,0.0,0.0,0.0
1533,PTFE,PT_0095,FC(F)(F)C(F)(F)F,169.83276270229075,1.5,0.0,0.341432,1533,0.0,0.0,0.0,0.0,0.0,0.0,0.0,0.0,1.0,0.0,0.0,0.0,0.0,0.0,0.0,0.0,0.0,0.0,0.0,0.0,0.0,0.0,0.0,0.0,0.0,0.0,0.0,0.0,0.0,0.0,0.0,0.0,1.0,0.0,0.0,0.0,0.0,0.0,0.0,0.0,0.0,0.0,0.0,0.0,0.0,1.0,0.0,0.0,0.0,0.0,1.0,0.0,0.0,0.0,0.0,0.0,0.0,0.0,0.0,1.0,0.0,0.0,0.0,0.0
1534,PTFE,PT_0049,FC(F)(F)C(F)(F)F,169.46080465674143,1.5596987825690944,0.0,0.340752,1534,0.0,0.0,0.0,0.0,0.0,0.0,0.0,0.0,1.0,0.0,0.0,0.0,0.0,0.0,0.0,0.0,0.0,0.0,0.0,0.0,0.0,0.0,0.0,0.0,0.0,0.0,0.0,0.0,0.0,0.0,0.0,0.0,1.0,0.0,0.0,0.0,0.0,0.0,0.0,0.0,0.0,0.0,0.0,0.0,0.0,1.0,0.0,0.0,0.0,0.0,1.0,0.0,0.0,0.0,0.0,0.0,0.0,0.0,0.0,1.0,0.0,0.0,0.0,0.0
1535,PTFE,PT_0189,FC(F)(F)C(F)(F)F,168.8202251370089,1.7841856358241683,0.0,0.339586,1535,0.0,0.0,0.0,0.0,0.0,0.0,0.0,0.0,1.0,0.0,0.0,0.0,0.0,0.0,0.0,0.0,0.0,0.0,0.0,0.0,0.0,0.0,0.0,0.0,0.0,0.0,0.0,0.0,0.0,0.0,0.0,0.0,1.0,0.0,0.0,0.0,0.0,0.0,0.0,0.0,0.0,0.0,0.0,0.0,0.0,1.0,0.0,0.0,0.0,0.0,1.0,0.0,0.0,0.0,0.0,0.0,0.0,0.0,0.0,1.0,0.0,0.0,0.0,0.0
1536,PTFE,PT_0128,FC(F)(F)C(F)(F)F,168.81724345267935,1.5751397187298628,0.0,0.33958,1536,0.0,0.0,0.0,0.0,0.0,0.0,0.0,0.0,1.0,0.0,0.0,0.0,0.0,0.0,0.0,0.0,0.0,0.0,0.0,0.0,0.0,0.0,0.0,0.0,0.0,0.0,0.0,0.0,0.0,0.0,0.0,0.0,1.0,0.0,0.0,0.0,0.0,0.0,0.0,0.0,0.0,0.0,0.0,0.0,0.0,1.0,0.0,0.0,0.0,0.0,1.0,0.0,0.0,0.0,0.0,0.0,0.0,0.0,0.0,1.0,0.0,0.0,0.0,0.0
1537,PTFE,PT_0183,FC(F)(F)C(F)(F)F,168.72681746045237,1.7792180997132592,0.0,0.339416,1537,0.0,0.0,0.0,0.0,0.0,0.0,0.0,0.0,1.0,0.0,0.0,0.0,0.0,0.0,0.0,0.0,0.0,0.0,0.0,0.0,0.0,0.0,0.0,0.0,0.0,0.0,0.0,0.0,0.0,0.0,0.0,0.0,1.0,0.0,0.0,0.0,0.0,0.0,0.0,0.0,0.0,0.0,0.0,0.0,0.0,1.0,0.0,0.0,0.0,0.0,1.0,0.0,0.0,0.0,0.0,0.0,0.0,0.0,0.0,1.0,0.0,0.0,0.0,0.0
1538,PTFE,PT_0043,FC(F)(F)C(F)(F)F,168.55026920462655,1.643430316544997,0.0,0.339095,1538,0.0,0.0,0.0,0.0,0.0,0.0,0.0,0.0,1.0,0.0,0.0,0.0,0.0,0.0,0.0,0.0,0.0,0.0,0.0,0.0,0.0,0.0,0.0,0.0,0.0,0.0,0.0,0.0,0.0,0.0,0.0,0.0,1.0,0.0,0.0,0.0,0.0,0.0,0.0,0.0,0.0,0.0,0.0,0.0,0.0,1.0,0.0,0.0,0.0,0.0,1.0,0.0,0.0,0.0,0.0,0.0,0.0,0.0,0.0,1.0,0.0,0.0,0.0,0.0
1539,PTFE,PT_0001,FC(F)(F)C(F)(F)F,168.54140905559294,1.5,0.0,0.339079,1539,0.0,0.0,0.0,0.0,0.0,0.0,0.0,0.0,1.0,0.0,0.0,0.0,0.0,0.0,0.0,0.0,0.0,0.0,0.0,0.0,0.0,0.0,0.0,0.0,0.0,0.0,0.0,0.0,0.0,0.0,0.0,0.0,1.0,0.0,0.0,0.0,0.0,0.0,0.0,0.0,0.0,0.0,0.0,0.0,0.0,1.0,0.0,0.0,0.0,0.0,1.0,0.0,0.0,0.0,0.0,0.0,0.0,0.0,0.0,1.0,0.0,0.0,0.0,0.0
1540,PTFE,PT_0025,FC(F)(F)C(F)(F)F,168.39104222837747,1.5223193529640646,0.0,0.338807,1540,0.0,0.0,0.0,0.0,0.0,0.0,0.0,0.0,1.0,0.0,0.0,0.0,0.0,0.0,0.0,0.0,0.0,0.0,0.0,0.0,0.0,0.0,0.0,0.0,0.0,0.0,0.0,0.0,0.0,0.0,0.0,0.0,1.0,0.0,0.0,0.0,0.0,0.0,0.0,0.0,0.0,0.0,0.0,0.0,0.0,1.0,0.0,0.0,0.0,0.0,1.0,0.0,0.0,0.0,0.0,0.0,0.0,0.0,0.0,1.0,0.0,0.0,0.0,0.0
1541,PTFE,PT_0002,FC(F)(F)C(F)(F)F,168.06284720076982,1.5,0.0,0.338212,1541,0.0,0.0,0.0,0.0,0.0,0.0,0.0,0.0,1.0,0.0,0.0,0.0,0.0,0.0,0.0,0.0,0.0,0.0,0.0,0.0,0.0,0.0,0.0,0.0,0.0,0.0,0.0,0.0,0.0,0.0,0.0,0.0,1.0,0.0,0.0,0.0,0.0,0.0,0.0,0.0,0.0,0.0,0.0,0.0,0.0,1.0,0.0,0.0,0.0,0.0,1.0,0.0,0.0,0.0,0.0,0.0,0.0,0.0,0.0,1.0,0.0,0.0,0.0,0.0
1542,PTFE,PT_0139,FC(F)(F)C(F)(F)F,167.7094395927897,1.5,0.0,0.337574,1542,0.0,0.0,0.0,0.0,0.0,0.0,0.0,0.0,1.0,0.0,0.0,0.0,0.0,0.0,0.0,0.0,0.0,0.0,0.0,0.0,0.0,0.0,0.0,0.0,0.0,0.0,0.0,0.0,0.0,0.0,0.0,0.0,1.0,0.0,0.0,0.0,0.0,0.0,0.0,0.0,0.0,0.0,0.0,0.0,0.0,1.0,0.0,0.0,0.0,0.0,1.0,0.0,0.0,0.0,0.0,0.0,0.0,0.0,0.0,1.0,0.0,0.0,0.0,0.0
1543,PTFE,PT_0054,FC(F)(F)C(F)(F)F,167.55392464604094,1.5,0.0,0.337293,1543,0.0,0.0,0.0,0.0,0.0,0.0,0.0,0.0,1.0,0.0,0.0,0.0,0.0,0.0,0.0,0.0,0.0,0.0,0.0,0.0,0.0,0.0,0.0,0.0,0.0,0.0,0.0,0.0,0.0,0.0,0.0,0.0,1.0,0.0,0.0,0.0,0.0,0.0,0.0,0.0,0.0,0.0,0.0,0.0,0.0,1.0,0.0,0.0,0.0,0.0,1.0,0.0,0.0,0.0,0.0,0.0,0.0,0.0,0.0,1.0,0.0,0.0,0.0,0.0
1544,PTFE,PT_0134,FC(F)(F)C(F)(F)F,167.35037716719052,1.5,0.0,0.336926,1544,0.0,0.0,0.0,0.0,0.0,0.0,0.0,0.0,1.0,0.0,0.0,0.0,0.0,0.0,0.0,0.0,0.0,0.0,0.0,0.0,0.0,0.0,0.0,0.0,0.0,0.0,0.0,0.0,0.0,0.0,0.0,0.0,1.0,0.0,0.0,0.0,0.0,0.0,0.0,0.0,0.0,0.0,0.0,0.0,0.0,1.0,0.0,0.0,0.0,0.0,1.0,0.0,0.0,0.0,0.0,0.0,0.0,0.0,0.0,1.0,0.0,0.0,0.0,0.0
1545,PTFE,PT_0204,FC(F)(F)C(F)(F)F,166.95768192901272,1.7657581573819663,0.0,0.33622,1545,0.0,0.0,0.0,0.0,0.0,0.0,0.0,0.0,1.0,0.0,0.0,0.0,0.0,0.0,0.0,0.0,0.0,0.0,0.0,0.0,0.0,0.0,0.0,0.0,0.0,0.0,0.0,0.0,0.0,0.0,0.0,0.0,1.0,0.0,0.0,0.0,0.0,0.0,0.0,0.0,0.0,0.0,0.0,0.0,0.0,1.0,0.0,0.0,0.0,0.0,1.0,0.0,0.0,0.0,0.0,0.0,0.0,0.0,0.0,1.0,0.0,0.0,0.0,0.0
1546,PTFE,PT_0015,FC(F)(F)C(F)(F)F,166.43273463443478,1.5,0.0,0.335278,1546,0.0,0.0,0.0,0.0,0.0,0.0,0.0,0.0,1.0,0.0,0.0,0.0,0.0,0.0,0.0,0.0,0.0,0.0,0.0,0.0,0.0,0.0,0.0,0.0,0.0,0.0,0.0,0.0,0.0,0.0,0.0,0.0,1.0,0.0,0.0,0.0,0.0,0.0,0.0,0.0,0.0,0.0,0.0,0.0,0.0,1.0,0.0,0.0,0.0,0.0,1.0,0.0,0.0,0.0,0.0,0.0,0.0,0.0,0.0,1.0,0.0,0.0,0.0,0.0
1547,PTFE,PT_0042,FC(F)(F)C(F)(F)F,166.35828825192198,1.6390750439369637,0.0,0.335145,1547,0.0,0.0,0.0,0.0,0.0,0.0,0.0,0.0,1.0,0.0,0.0,0.0,0.0,0.0,0.0,0.0,0.0,0.0,0.0,0.0,0.0,0.0,0.0,0.0,0.0,0.0,0.0,0.0,0.0,0.0,0.0,0.0,1.0,0.0,0.0,0.0,0.0,0.0,0.0,0.0,0.0,0.0,0.0,0.0,0.0,1.0,0.0,0.0,0.0,0.0,1.0,0.0,0.0,0.0,0.0,0.0,0.0,0.0,0.0,1.0,0.0,0.0,0.0,0.0
1548,PTFE,PT_0020,FC(F)(F)C(F)(F)F,165.9574306538599,1.7728649239763854,0.0,0.334429,1548,0.0,0.0,0.0,0.0,0.0,0.0,0.0,0.0,1.0,0.0,0.0,0.0,0.0,0.0,0.0,0.0,0.0,0.0,0.0,0.0,0.0,0.0,0.0,0.0,0.0,0.0,0.0,0.0,0.0,0.0,0.0,0.0,1.0,0.0,0.0,0.0,0.0,0.0,0.0,0.0,0.0,0.0,0.0,0.0,0.0,1.0,0.0,0.0,0.0,0.0,1.0,0.0,0.0,0.0,0.0,0.0,0.0,0.0,0.0,1.0,0.0,0.0,0.0,0.0
1549,PTFE,PT_0072,FC(F)(F)C(F)(F)F,165.91967855974096,1.5,0.0,0.334361,1549,0.0,0.0,0.0,0.0,0.0,0.0,0.0,0.0,1.0,0.0,0.0,0.0,0.0,0.0,0.0,0.0,0.0,0.0,0.0,0.0,0.0,0.0,0.0,0.0,0.0,0.0,0.0,0.0,0.0,0.0,0.0,0.0,1.0,0.0,0.0,0.0,0.0,0.0,0.0,0.0,0.0,0.0,0.0,0.0,0.0,1.0,0.0,0.0,0.0,0.0,1.0,0.0,0.0,0.0,0.0,0.0,0.0,0.0,0.0,1.0,0.0,0.0,0.0,0.0
1550,PTFE,PT_0091,FC(F)(F)C(F)(F)F,165.60521604726654,1.8169539600137872,0.0,0.333801,1550,0.0,0.0,0.0,0.0,0.0,0.0,0.0,0.0,1.0,0.0,0.0,0.0,0.0,0.0,0.0,0.0,0.0,0.0,0.0,0.0,0.0,0.0,0.0,0.0,0.0,0.0,0.0,0.0,0.0,0.0,0.0,0.0,1.0,0.0,0.0,0.0,0.0,0.0,0.0,0.0,0.0,0.0,0.0,0.0,0.0,1.0,0.0,0.0,0.0,0.0,1.0,0.0,0.0,0.0,0.0,0.0,0.0,0.0,0.0,1.0,0.0,0.0,0.0,0.0
1551,PTFE,PT_0051,FC(F)(F)C(F)(F)F,165.21930256205601,1.5,0.0,0.333114,1551,0.0,0.0,0.0,0.0,0.0,0.0,0.0,0.0,1.0,0.0,0.0,0.0,0.0,0.0,0.0,0.0,0.0,0.0,0.0,0.0,0.0,0.0,0.0,0.0,0.0,0.0,0.0,0.0,0.0,0.0,0.0,0.0,1.0,0.0,0.0,0.0,0.0,0.0,0.0,0.0,0.0,0.0,0.0,0.0,0.0,1.0,0.0,0.0,0.0,0.0,1.0,0.0,0.0,0.0,0.0,0.0,0.0,0.0,0.0,1.0,0.0,0.0,0.0,0.0
1552,PTFE,PT_0087,FC(F)(F)C(F)(F)F,164.62852784987726,1.6847571176795912,0.0,0.332067,1552,0.0,0.0,0.0,0.0,0.0,0.0,0.0,0.0,1.0,0.0,0.0,0.0,0.0,0.0,0.0,0.0,0.0,0.0,0.0,0.0,0.0,0.0,0.0,0.0,0.0,0.0,0.0,0.0,0.0,0.0,0.0,0.0,1.0,0.0,0.0,0.0,0.0,0.0,0.0,0.0,0.0,0.0,0.0,0.0,0.0,1.0,0.0,0.0,0.0,0.0,1.0,0.0,0.0,0.0,0.0,0.0,0.0,0.0,0.0,1.0,0.0,0.0,0.0,0.0
1553,PTFE,PT_0073,FC(F)(F)C(F)(F)F,164.42903992402296,1.604565137803201,0.0,0.331714,1553,0.0,0.0,0.0,0.0,0.0,0.0,0.0,0.0,1.0,0.0,0.0,0.0,0.0,0.0,0.0,0.0,0.0,0.0,0.0,0.0,0.0,0.0,0.0,0.0,0.0,0.0,0.0,0.0,0.0,0.0,0.0,0.0,1.0,0.0,0.0,0.0,0.0,0.0,0.0,0.0,0.0,0.0,0.0,0.0,0.0,1.0,0.0,0.0,0.0,0.0,1.0,0.0,0.0,0.0,0.0,0.0,0.0,0.0,0.0,1.0,0.0,0.0,0.0,0.0
1554,PTFE,PT_0104,FC(F)(F)C(F)(F)F,163.96331032210048,1.986318564497674,0.0,0.330893,1554,0.0,0.0,0.0,0.0,0.0,0.0,0.0,0.0,1.0,0.0,0.0,0.0,0.0,0.0,0.0,0.0,0.0,0.0,0.0,0.0,0.0,0.0,0.0,0.0,0.0,0.0,0.0,0.0,0.0,0.0,0.0,0.0,1.0,0.0,0.0,0.0,0.0,0.0,0.0,0.0,0.0,0.0,0.0,0.0,0.0,1.0,0.0,0.0,0.0,0.0,1.0,0.0,0.0,0.0,0.0,0.0,0.0,0.0,0.0,1.0,0.0,0.0,0.0,0.0
1555,PTFE,PT_0142,FC(F)(F)C(F)(F)F,163.93911555321495,1.5,0.0,0.33085,1555,0.0,0.0,0.0,0.0,0.0,0.0,0.0,0.0,1.0,0.0,0.0,0.0,0.0,0.0,0.0,0.0,0.0,0.0,0.0,0.0,0.0,0.0,0.0,0.0,0.0,0.0,0.0,0.0,0.0,0.0,0.0,0.0,1.0,0.0,0.0,0.0,0.0,0.0,0.0,0.0,0.0,0.0,0.0,0.0,0.0,1.0,0.0,0.0,0.0,0.0,1.0,0.0,0.0,0.0,0.0,0.0,0.0,0.0,0.0,1.0,0.0,0.0,0.0,0.0
1556,PTFE,PT_0235,FC(F)(F)C(F)(F)F,163.6239375008874,1.501639102573064,0.0,0.330296,1556,0.0,0.0,0.0,0.0,0.0,0.0,0.0,0.0,1.0,0.0,0.0,0.0,0.0,0.0,0.0,0.0,0.0,0.0,0.0,0.0,0.0,0.0,0.0,0.0,0.0,0.0,0.0,0.0,0.0,0.0,0.0,0.0,1.0,0.0,0.0,0.0,0.0,0.0,0.0,0.0,0.0,0.0,0.0,0.0,0.0,1.0,0.0,0.0,0.0,0.0,1.0,0.0,0.0,0.0,0.0,0.0,0.0,0.0,0.0,1.0,0.0,0.0,0.0,0.0
1557,PTFE,PT_0086,FC(F)(F)C(F)(F)F,163.548800487789,1.7748502016097483,0.0,0.330164,1557,0.0,0.0,0.0,0.0,0.0,0.0,0.0,0.0,1.0,0.0,0.0,0.0,0.0,0.0,0.0,0.0,0.0,0.0,0.0,0.0,0.0,0.0,0.0,0.0,0.0,0.0,0.0,0.0,0.0,0.0,0.0,0.0,1.0,0.0,0.0,0.0,0.0,0.0,0.0,0.0,0.0,0.0,0.0,0.0,0.0,1.0,0.0,0.0,0.0,0.0,1.0,0.0,0.0,0.0,0.0,0.0,0.0,0.0,0.0,1.0,0.0,0.0,0.0,0.0
1558,PTFE,PT_0120,FC(F)(F)C(F)(F)F,165.5665429613804,2.058420618597038,0.0,0.329837,1558,0.0,0.0,0.0,0.0,0.0,0.0,0.0,0.0,1.0,0.0,0.0,0.0,0.0,0.0,0.0,0.0,0.0,0.0,0.0,0.0,0.0,0.0,0.0,0.0,0.0,0.0,0.0,0.0,0.0,0.0,0.0,0.0,1.0,0.0,0.0,0.0,0.0,0.0,0.0,0.0,0.0,0.0,0.0,0.0,0.0,1.0,0.0,0.0,0.0,0.0,1.0,0.0,0.0,0.0,0.0,0.0,0.0,0.0,0.0,1.0,0.0,0.0,0.0,0.0
1559,PTFE,PT_0103,FC(F)(F)C(F)(F)F,163.2746452887682,1.5159175110615175,0.0,0.329683,1559,0.0,0.0,0.0,0.0,0.0,0.0,0.0,0.0,1.0,0.0,0.0,0.0,0.0,0.0,0.0,0.0,0.0,0.0,0.0,0.0,0.0,0.0,0.0,0.0,0.0,0.0,0.0,0.0,0.0,0.0,0.0,0.0,1.0,0.0,0.0,0.0,0.0,0.0,0.0,0.0,0.0,0.0,0.0,0.0,0.0,1.0,0.0,0.0,0.0,0.0,1.0,0.0,0.0,0.0,0.0,0.0,0.0,0.0,0.0,1.0,0.0,0.0,0.0,0.0
1560,PTFE,PT_0130,FC(F)(F)C(F)(F)F,163.0760100625916,1.8077539226355444,0.0,0.329335,1560,0.0,0.0,0.0,0.0,0.0,0.0,0.0,0.0,1.0,0.0,0.0,0.0,0.0,0.0,0.0,0.0,0.0,0.0,0.0,0.0,0.0,0.0,0.0,0.0,0.0,0.0,0.0,0.0,0.0,0.0,0.0,0.0,1.0,0.0,0.0,0.0,0.0,0.0,0.0,0.0,0.0,0.0,0.0,0.0,0.0,1.0,0.0,0.0,0.0,0.0,1.0,0.0,0.0,0.0,0.0,0.0,0.0,0.0,0.0,1.0,0.0,0.0,0.0,0.0
1561,PTFE,PT_0076,FC(F)(F)C(F)(F)F,162.99009922803592,1.5,0.0,0.329184,1561,0.0,0.0,0.0,0.0,0.0,0.0,0.0,0.0,1.0,0.0,0.0,0.0,0.0,0.0,0.0,0.0,0.0,0.0,0.0,0.0,0.0,0.0,0.0,0.0,0.0,0.0,0.0,0.0,0.0,0.0,0.0,0.0,1.0,0.0,0.0,0.0,0.0,0.0,0.0,0.0,0.0,0.0,0.0,0.0,0.0,1.0,0.0,0.0,0.0,0.0,1.0,0.0,0.0,0.0,0.0,0.0,0.0,0.0,0.0,1.0,0.0,0.0,0.0,0.0
1562,PTFE,PT_0013,FC(F)(F)C(F)(F)F,162.87933167996962,1.818408097862339,0.0,0.328991,1562,0.0,0.0,0.0,0.0,0.0,0.0,0.0,0.0,1.0,0.0,0.0,0.0,0.0,0.0,0.0,0.0,0.0,0.0,0.0,0.0,0.0,0.0,0.0,0.0,0.0,0.0,0.0,0.0,0.0,0.0,0.0,0.0,1.0,0.0,0.0,0.0,0.0,0.0,0.0,0.0,0.0,0.0,0.0,0.0,0.0,1.0,0.0,0.0,0.0,0.0,1.0,0.0,0.0,0.0,0.0,0.0,0.0,0.0,0.0,1.0,0.0,0.0,0.0,0.0
1563,PTFE,PT_0099,FC(F)(F)C(F)(F)F,162.15090024678415,1.6496404736155106,0.0,0.327721,1563,0.0,0.0,0.0,0.0,0.0,0.0,0.0,0.0,1.0,0.0,0.0,0.0,0.0,0.0,0.0,0.0,0.0,0.0,0.0,0.0,0.0,0.0,0.0,0.0,0.0,0.0,0.0,0.0,0.0,0.0,0.0,0.0,1.0,0.0,0.0,0.0,0.0,0.0,0.0,0.0,0.0,0.0,0.0,0.0,0.0,1.0,0.0,0.0,0.0,0.0,1.0,0.0,0.0,0.0,0.0,0.0,0.0,0.0,0.0,1.0,0.0,0.0,0.0,0.0
1564,PTFE,PT_0078,FC(F)(F)C(F)(F)F,162.1042128195243,1.7423151507546675,0.0,0.32764,1564,0.0,0.0,0.0,0.0,0.0,0.0,0.0,0.0,1.0,0.0,0.0,0.0,0.0,0.0,0.0,0.0,0.0,0.0,0.0,0.0,0.0,0.0,0.0,0.0,0.0,0.0,0.0,0.0,0.0,0.0,0.0,0.0,1.0,0.0,0.0,0.0,0.0,0.0,0.0,0.0,0.0,0.0,0.0,0.0,0.0,1.0,0.0,0.0,0.0,0.0,1.0,0.0,0.0,0.0,0.0,0.0,0.0,0.0,0.0,1.0,0.0,0.0,0.0,0.0
1565,PTFE,PT_0012,FC(F)(F)C(F)(F)F,161.83800142671276,1.535741614454481,0.0,0.327177,1565,0.0,0.0,0.0,0.0,0.0,0.0,0.0,0.0,1.0,0.0,0.0,0.0,0.0,0.0,0.0,0.0,0.0,0.0,0.0,0.0,0.0,0.0,0.0,0.0,0.0,0.0,0.0,0.0,0.0,0.0,0.0,0.0,1.0,0.0,0.0,0.0,0.0,0.0,0.0,0.0,0.0,0.0,0.0,0.0,0.0,1.0,0.0,0.0,0.0,0.0,1.0,0.0,0.0,0.0,0.0,0.0,0.0,0.0,0.0,1.0,0.0,0.0,0.0,0.0
1566,PTFE,PT_0167,FC(F)(F)C(F)(F)F,161.6844126440275,1.613153972873178,0.0,0.326911,1566,0.0,0.0,0.0,0.0,0.0,0.0,0.0,0.0,1.0,0.0,0.0,0.0,0.0,0.0,0.0,0.0,0.0,0.0,0.0,0.0,0.0,0.0,0.0,0.0,0.0,0.0,0.0,0.0,0.0,0.0,0.0,0.0,1.0,0.0,0.0,0.0,0.0,0.0,0.0,0.0,0.0,0.0,0.0,0.0,0.0,1.0,0.0,0.0,0.0,0.0,1.0,0.0,0.0,0.0,0.0,0.0,0.0,0.0,0.0,1.0,0.0,0.0,0.0,0.0
1567,PTFE,PT_0126,FC(F)(F)C(F)(F)F,161.0207372072963,1.5,0.0,0.325764,1567,0.0,0.0,0.0,0.0,0.0,0.0,0.0,0.0,1.0,0.0,0.0,0.0,0.0,0.0,0.0,0.0,0.0,0.0,0.0,0.0,0.0,0.0,0.0,0.0,0.0,0.0,0.0,0.0,0.0,0.0,0.0,0.0,1.0,0.0,0.0,0.0,0.0,0.0,0.0,0.0,0.0,0.0,0.0,0.0,0.0,1.0,0.0,0.0,0.0,0.0,1.0,0.0,0.0,0.0,0.0,0.0,0.0,0.0,0.0,1.0,0.0,0.0,0.0,0.0
1568,PTFE,PT_0117,FC(F)(F)C(F)(F)F,160.77049155293287,1.55473173782974,0.0,0.325333,1568,0.0,0.0,0.0,0.0,0.0,0.0,0.0,0.0,1.0,0.0,0.0,0.0,0.0,0.0,0.0,0.0,0.0,0.0,0.0,0.0,0.0,0.0,0.0,0.0,0.0,0.0,0.0,0.0,0.0,0.0,0.0,0.0,1.0,0.0,0.0,0.0,0.0,0.0,0.0,0.0,0.0,0.0,0.0,0.0,0.0,1.0,0.0,0.0,0.0,0.0,1.0,0.0,0.0,0.0,0.0,0.0,0.0,0.0,0.0,1.0,0.0,0.0,0.0,0.0
1569,PTFE,PT_0107,FC(F)(F)C(F)(F)F,160.67267450664767,1.5334852710748301,0.0,0.325164,1569,0.0,0.0,0.0,0.0,0.0,0.0,0.0,0.0,1.0,0.0,0.0,0.0,0.0,0.0,0.0,0.0,0.0,0.0,0.0,0.0,0.0,0.0,0.0,0.0,0.0,0.0,0.0,0.0,0.0,0.0,0.0,0.0,1.0,0.0,0.0,0.0,0.0,0.0,0.0,0.0,0.0,0.0,0.0,0.0,0.0,1.0,0.0,0.0,0.0,0.0,1.0,0.0,0.0,0.0,0.0,0.0,0.0,0.0,0.0,1.0,0.0,0.0,0.0,0.0
1570,PTFE,PT_0143,FC(F)(F)C(F)(F)F,160.35409625364264,1.5,0.0,0.324617,1570,0.0,0.0,0.0,0.0,0.0,0.0,0.0,0.0,1.0,0.0,0.0,0.0,0.0,0.0,0.0,0.0,0.0,0.0,0.0,0.0,0.0,0.0,0.0,0.0,0.0,0.0,0.0,0.0,0.0,0.0,0.0,0.0,1.0,0.0,0.0,0.0,0.0,0.0,0.0,0.0,0.0,0.0,0.0,0.0,0.0,1.0,0.0,0.0,0.0,0.0,1.0,0.0,0.0,0.0,0.0,0.0,0.0,0.0,0.0,1.0,0.0,0.0,0.0,0.0
1571,PTFE,PT_0132,FC(F)(F)C(F)(F)F,160.18237593638173,1.5497557186356499,0.0,0.324323,1571,0.0,0.0,0.0,0.0,0.0,0.0,0.0,0.0,1.0,0.0,0.0,0.0,0.0,0.0,0.0,0.0,0.0,0.0,0.0,0.0,0.0,0.0,0.0,0.0,0.0,0.0,0.0,0.0,0.0,0.0,0.0,0.0,1.0,0.0,0.0,0.0,0.0,0.0,0.0,0.0,0.0,0.0,0.0,0.0,0.0,1.0,0.0,0.0,0.0,0.0,1.0,0.0,0.0,0.0,0.0,0.0,0.0,0.0,0.0,1.0,0.0,0.0,0.0,0.0
1572,PTFE,PT_0177,FC(F)(F)C(F)(F)F,160.07341005769612,1.6274616495992273,0.0,0.324136,1572,0.0,0.0,0.0,0.0,0.0,0.0,0.0,0.0,1.0,0.0,0.0,0.0,0.0,0.0,0.0,0.0,0.0,0.0,0.0,0.0,0.0,0.0,0.0,0.0,0.0,0.0,0.0,0.0,0.0,0.0,0.0,0.0,1.0,0.0,0.0,0.0,0.0,0.0,0.0,0.0,0.0,0.0,0.0,0.0,0.0,1.0,0.0,0.0,0.0,0.0,1.0,0.0,0.0,0.0,0.0,0.0,0.0,0.0,0.0,1.0,0.0,0.0,0.0,0.0
1573,PTFE,PT_0111,FC(F)(F)C(F)(F)F,159.7241331856197,1.5,0.0,0.323539,1573,0.0,0.0,0.0,0.0,0.0,0.0,0.0,0.0,1.0,0.0,0.0,0.0,0.0,0.0,0.0,0.0,0.0,0.0,0.0,0.0,0.0,0.0,0.0,0.0,0.0,0.0,0.0,0.0,0.0,0.0,0.0,0.0,1.0,0.0,0.0,0.0,0.0,0.0,0.0,0.0,0.0,0.0,0.0,0.0,0.0,1.0,0.0,0.0,0.0,0.0,1.0,0.0,0.0,0.0,0.0,0.0,0.0,0.0,0.0,1.0,0.0,0.0,0.0,0.0
1574,PTFE,PT_0187,FC(F)(F)C(F)(F)F,159.61002093255777,1.6723399171993538,0.0,0.323344,1574,0.0,0.0,0.0,0.0,0.0,0.0,0.0,0.0,1.0,0.0,0.0,0.0,0.0,0.0,0.0,0.0,0.0,0.0,0.0,0.0,0.0,0.0,0.0,0.0,0.0,0.0,0.0,0.0,0.0,0.0,0.0,0.0,1.0,0.0,0.0,0.0,0.0,0.0,0.0,0.0,0.0,0.0,0.0,0.0,0.0,1.0,0.0,0.0,0.0,0.0,1.0,0.0,0.0,0.0,0.0,0.0,0.0,0.0,0.0,1.0,0.0,0.0,0.0,0.0
1575,PTFE,PT_0178,FC(F)(F)C(F)(F)F,159.3534622540134,1.5,0.0,0.322907,1575,0.0,0.0,0.0,0.0,0.0,0.0,0.0,0.0,1.0,0.0,0.0,0.0,0.0,0.0,0.0,0.0,0.0,0.0,0.0,0.0,0.0,0.0,0.0,0.0,0.0,0.0,0.0,0.0,0.0,0.0,0.0,0.0,1.0,0.0,0.0,0.0,0.0,0.0,0.0,0.0,0.0,0.0,0.0,0.0,0.0,1.0,0.0,0.0,0.0,0.0,1.0,0.0,0.0,0.0,0.0,0.0,0.0,0.0,0.0,1.0,0.0,0.0,0.0,0.0
1576,PTFE,PT_0133,FC(F)(F)C(F)(F)F,159.31070184223003,1.5,0.0,0.322834,1576,0.0,0.0,0.0,0.0,0.0,0.0,0.0,0.0,1.0,0.0,0.0,0.0,0.0,0.0,0.0,0.0,0.0,0.0,0.0,0.0,0.0,0.0,0.0,0.0,0.0,0.0,0.0,0.0,0.0,0.0,0.0,0.0,1.0,0.0,0.0,0.0,0.0,0.0,0.0,0.0,0.0,0.0,0.0,0.0,0.0,1.0,0.0,0.0,0.0,0.0,1.0,0.0,0.0,0.0,0.0,0.0,0.0,0.0,0.0,1.0,0.0,0.0,0.0,0.0
1577,PTFE,PT_0068,FC(F)(F)C(F)(F)F,159.16631171836633,1.7243431242801812,0.0,0.322588,1577,0.0,0.0,0.0,0.0,0.0,0.0,0.0,0.0,1.0,0.0,0.0,0.0,0.0,0.0,0.0,0.0,0.0,0.0,0.0,0.0,0.0,0.0,0.0,0.0,0.0,0.0,0.0,0.0,0.0,0.0,0.0,0.0,1.0,0.0,0.0,0.0,0.0,0.0,0.0,0.0,0.0,0.0,0.0,0.0,0.0,1.0,0.0,0.0,0.0,0.0,1.0,0.0,0.0,0.0,0.0,0.0,0.0,0.0,0.0,1.0,0.0,0.0,0.0,0.0
1578,PTFE,PT_0115,FC(F)(F)C(F)(F)F,159.1385373223628,1.5,0.0,0.322541,1578,0.0,0.0,0.0,0.0,0.0,0.0,0.0,0.0,1.0,0.0,0.0,0.0,0.0,0.0,0.0,0.0,0.0,0.0,0.0,0.0,0.0,0.0,0.0,0.0,0.0,0.0,0.0,0.0,0.0,0.0,0.0,0.0,1.0,0.0,0.0,0.0,0.0,0.0,0.0,0.0,0.0,0.0,0.0,0.0,0.0,1.0,0.0,0.0,0.0,0.0,1.0,0.0,0.0,0.0,0.0,0.0,0.0,0.0,0.0,1.0,0.0,0.0,0.0,0.0
1579,PTFE,PT_0141,FC(F)(F)C(F)(F)F,159.1245843885312,1.9947491498092784,0.0,0.322517,1579,0.0,0.0,0.0,0.0,0.0,0.0,0.0,0.0,1.0,0.0,0.0,0.0,0.0,0.0,0.0,0.0,0.0,0.0,0.0,0.0,0.0,0.0,0.0,0.0,0.0,0.0,0.0,0.0,0.0,0.0,0.0,0.0,1.0,0.0,0.0,0.0,0.0,0.0,0.0,0.0,0.0,0.0,0.0,0.0,0.0,1.0,0.0,0.0,0.0,0.0,1.0,0.0,0.0,0.0,0.0,0.0,0.0,0.0,0.0,1.0,0.0,0.0,0.0,0.0
1580,PTFE,PT_0108,FC(F)(F)C(F)(F)F,159.07165085315143,1.6599476317962618,0.0,0.322427,1580,0.0,0.0,0.0,0.0,0.0,0.0,0.0,0.0,1.0,0.0,0.0,0.0,0.0,0.0,0.0,0.0,0.0,0.0,0.0,0.0,0.0,0.0,0.0,0.0,0.0,0.0,0.0,0.0,0.0,0.0,0.0,0.0,1.0,0.0,0.0,0.0,0.0,0.0,0.0,0.0,0.0,0.0,0.0,0.0,0.0,1.0,0.0,0.0,0.0,0.0,1.0,0.0,0.0,0.0,0.0,0.0,0.0,0.0,0.0,1.0,0.0,0.0,0.0,0.0
1581,PTFE,PT_0113,FC(F)(F)C(F)(F)F,158.62071361151118,1.5,0.0,0.321662,1581,0.0,0.0,0.0,0.0,0.0,0.0,0.0,0.0,1.0,0.0,0.0,0.0,0.0,0.0,0.0,0.0,0.0,0.0,0.0,0.0,0.0,0.0,0.0,0.0,0.0,0.0,0.0,0.0,0.0,0.0,0.0,0.0,1.0,0.0,0.0,0.0,0.0,0.0,0.0,0.0,0.0,0.0,0.0,0.0,0.0,1.0,0.0,0.0,0.0,0.0,1.0,0.0,0.0,0.0,0.0,0.0,0.0,0.0,0.0,1.0,0.0,0.0,0.0,0.0
1582,PTFE,PT_0127,FC(F)(F)C(F)(F)F,158.60184297523315,1.6140239610361955,0.0,0.32163,1582,0.0,0.0,0.0,0.0,0.0,0.0,0.0,0.0,1.0,0.0,0.0,0.0,0.0,0.0,0.0,0.0,0.0,0.0,0.0,0.0,0.0,0.0,0.0,0.0,0.0,0.0,0.0,0.0,0.0,0.0,0.0,0.0,1.0,0.0,0.0,0.0,0.0,0.0,0.0,0.0,0.0,0.0,0.0,0.0,0.0,1.0,0.0,0.0,0.0,0.0,1.0,0.0,0.0,0.0,0.0,0.0,0.0,0.0,0.0,1.0,0.0,0.0,0.0,0.0
1583,PTFE,PT_0227,FC(F)(F)C(F)(F)F,158.40325758727113,1.5,0.0,0.321294,1583,0.0,0.0,0.0,0.0,0.0,0.0,0.0,0.0,1.0,0.0,0.0,0.0,0.0,0.0,0.0,0.0,0.0,0.0,0.0,0.0,0.0,0.0,0.0,0.0,0.0,0.0,0.0,0.0,0.0,0.0,0.0,0.0,1.0,0.0,0.0,0.0,0.0,0.0,0.0,0.0,0.0,0.0,0.0,0.0,0.0,1.0,0.0,0.0,0.0,0.0,1.0,0.0,0.0,0.0,0.0,0.0,0.0,0.0,0.0,1.0,0.0,0.0,0.0,0.0
1584,PTFE,PT_0221,FC(F)(F)C(F)(F)F,158.22124574250776,1.5,0.0,0.320987,1584,0.0,0.0,0.0,0.0,0.0,0.0,0.0,0.0,1.0,0.0,0.0,0.0,0.0,0.0,0.0,0.0,0.0,0.0,0.0,0.0,0.0,0.0,0.0,0.0,0.0,0.0,0.0,0.0,0.0,0.0,0.0,0.0,1.0,0.0,0.0,0.0,0.0,0.0,0.0,0.0,0.0,0.0,0.0,0.0,0.0,1.0,0.0,0.0,0.0,0.0,1.0,0.0,0.0,0.0,0.0,0.0,0.0,0.0,0.0,1.0,0.0,0.0,0.0,0.0
1585,PTFE,PT_0100,FC(F)(F)C(F)(F)F,157.85635771942265,1.8413153609298827,0.0,0.320372,1585,0.0,0.0,0.0,0.0,0.0,0.0,0.0,0.0,1.0,0.0,0.0,0.0,0.0,0.0,0.0,0.0,0.0,0.0,0.0,0.0,0.0,0.0,0.0,0.0,0.0,0.0,0.0,0.0,0.0,0.0,0.0,0.0,1.0,0.0,0.0,0.0,0.0,0.0,0.0,0.0,0.0,0.0,0.0,0.0,0.0,1.0,0.0,0.0,0.0,0.0,1.0,0.0,0.0,0.0,0.0,0.0,0.0,0.0,0.0,1.0,0.0,0.0,0.0,0.0
1586,PTFE,PT_0038,FC(F)(F)C(F)(F)F,157.59775486736572,1.5,0.0,0.319937,1586,0.0,0.0,0.0,0.0,0.0,0.0,0.0,0.0,1.0,0.0,0.0,0.0,0.0,0.0,0.0,0.0,0.0,0.0,0.0,0.0,0.0,0.0,0.0,0.0,0.0,0.0,0.0,0.0,0.0,0.0,0.0,0.0,1.0,0.0,0.0,0.0,0.0,0.0,0.0,0.0,0.0,0.0,0.0,0.0,0.0,1.0,0.0,0.0,0.0,0.0,1.0,0.0,0.0,0.0,0.0,0.0,0.0,0.0,0.0,1.0,0.0,0.0,0.0,0.0
1587,PTFE,PT_0138,FC(F)(F)C(F)(F)F,157.00608323307756,1.5,0.0,0.318946,1587,0.0,0.0,0.0,0.0,0.0,0.0,0.0,0.0,1.0,0.0,0.0,0.0,0.0,0.0,0.0,0.0,0.0,0.0,0.0,0.0,0.0,0.0,0.0,0.0,0.0,0.0,0.0,0.0,0.0,0.0,0.0,0.0,1.0,0.0,0.0,0.0,0.0,0.0,0.0,0.0,0.0,0.0,0.0,0.0,0.0,1.0,0.0,0.0,0.0,0.0,1.0,0.0,0.0,0.0,0.0,0.0,0.0,0.0,0.0,1.0,0.0,0.0,0.0,0.0
1588,PTFE,PT_0027,FC(F)(F)C(F)(F)F,156.6677540584987,1.506918374122799,0.0,0.318381,1588,0.0,0.0,0.0,0.0,0.0,0.0,0.0,0.0,1.0,0.0,0.0,0.0,0.0,0.0,0.0,0.0,0.0,0.0,0.0,0.0,0.0,0.0,0.0,0.0,0.0,0.0,0.0,0.0,0.0,0.0,0.0,0.0,1.0,0.0,0.0,0.0,0.0,0.0,0.0,0.0,0.0,0.0,0.0,0.0,0.0,1.0,0.0,0.0,0.0,0.0,1.0,0.0,0.0,0.0,0.0,0.0,0.0,0.0,0.0,1.0,0.0,0.0,0.0,0.0
1589,PTFE,PT_0231,FC(F)(F)C(F)(F)F,156.6295137935781,1.5,0.0,0.318317,1589,0.0,0.0,0.0,0.0,0.0,0.0,0.0,0.0,1.0,0.0,0.0,0.0,0.0,0.0,0.0,0.0,0.0,0.0,0.0,0.0,0.0,0.0,0.0,0.0,0.0,0.0,0.0,0.0,0.0,0.0,0.0,0.0,1.0,0.0,0.0,0.0,0.0,0.0,0.0,0.0,0.0,0.0,0.0,0.0,0.0,1.0,0.0,0.0,0.0,0.0,1.0,0.0,0.0,0.0,0.0,0.0,0.0,0.0,0.0,1.0,0.0,0.0,0.0,0.0
1590,PTFE,PT_0154,FC(F)(F)C(F)(F)F,156.42966047255229,1.5,0.0,0.317985,1590,0.0,0.0,0.0,0.0,0.0,0.0,0.0,0.0,1.0,0.0,0.0,0.0,0.0,0.0,0.0,0.0,0.0,0.0,0.0,0.0,0.0,0.0,0.0,0.0,0.0,0.0,0.0,0.0,0.0,0.0,0.0,0.0,1.0,0.0,0.0,0.0,0.0,0.0,0.0,0.0,0.0,0.0,0.0,0.0,0.0,1.0,0.0,0.0,0.0,0.0,1.0,0.0,0.0,0.0,0.0,0.0,0.0,0.0,0.0,1.0,0.0,0.0,0.0,0.0
1591,PTFE,PT_0035,FC(F)(F)C(F)(F)F,162.70551208926642,2.1613121211771866,0.0,0.317933,1591,0.0,0.0,0.0,0.0,0.0,0.0,0.0,0.0,1.0,0.0,0.0,0.0,0.0,0.0,0.0,0.0,0.0,0.0,0.0,0.0,0.0,0.0,0.0,0.0,0.0,0.0,0.0,0.0,0.0,0.0,0.0,0.0,1.0,0.0,0.0,0.0,0.0,0.0,0.0,0.0,0.0,0.0,0.0,0.0,0.0,1.0,0.0,0.0,0.0,0.0,1.0,0.0,0.0,0.0,0.0,0.0,0.0,0.0,0.0,1.0,0.0,0.0,0.0,0.0
1592,PTFE,PT_0219,FC(F)(F)C(F)(F)F,156.25965815820678,1.5,0.0,0.317702,1592,0.0,0.0,0.0,0.0,0.0,0.0,0.0,0.0,1.0,0.0,0.0,0.0,0.0,0.0,0.0,0.0,0.0,0.0,0.0,0.0,0.0,0.0,0.0,0.0,0.0,0.0,0.0,0.0,0.0,0.0,0.0,0.0,1.0,0.0,0.0,0.0,0.0,0.0,0.0,0.0,0.0,0.0,0.0,0.0,0.0,1.0,0.0,0.0,0.0,0.0,1.0,0.0,0.0,0.0,0.0,0.0,0.0,0.0,0.0,1.0,0.0,0.0,0.0,0.0
1593,PTFE,PT_0176,FC(F)(F)C(F)(F)F,156.01585630516487,1.5,0.0,0.317297,1593,0.0,0.0,0.0,0.0,0.0,0.0,0.0,0.0,1.0,0.0,0.0,0.0,0.0,0.0,0.0,0.0,0.0,0.0,0.0,0.0,0.0,0.0,0.0,0.0,0.0,0.0,0.0,0.0,0.0,0.0,0.0,0.0,1.0,0.0,0.0,0.0,0.0,0.0,0.0,0.0,0.0,0.0,0.0,0.0,0.0,1.0,0.0,0.0,0.0,0.0,1.0,0.0,0.0,0.0,0.0,0.0,0.0,0.0,0.0,1.0,0.0,0.0,0.0,0.0
1594,PTFE,PT_0159,FC(F)(F)C(F)(F)F,155.87357832716756,1.5492245360714694,0.0,0.317062,1594,0.0,0.0,0.0,0.0,0.0,0.0,0.0,0.0,1.0,0.0,0.0,0.0,0.0,0.0,0.0,0.0,0.0,0.0,0.0,0.0,0.0,0.0,0.0,0.0,0.0,0.0,0.0,0.0,0.0,0.0,0.0,0.0,1.0,0.0,0.0,0.0,0.0,0.0,0.0,0.0,0.0,0.0,0.0,0.0,0.0,1.0,0.0,0.0,0.0,0.0,1.0,0.0,0.0,0.0,0.0,0.0,0.0,0.0,0.0,1.0,0.0,0.0,0.0,0.0
1595,PTFE,PT_0230,FC(F)(F)C(F)(F)F,155.46496780368912,1.5,0.0,0.316386,1595,0.0,0.0,0.0,0.0,0.0,0.0,0.0,0.0,1.0,0.0,0.0,0.0,0.0,0.0,0.0,0.0,0.0,0.0,0.0,0.0,0.0,0.0,0.0,0.0,0.0,0.0,0.0,0.0,0.0,0.0,0.0,0.0,1.0,0.0,0.0,0.0,0.0,0.0,0.0,0.0,0.0,0.0,0.0,0.0,0.0,1.0,0.0,0.0,0.0,0.0,1.0,0.0,0.0,0.0,0.0,0.0,0.0,0.0,0.0,1.0,0.0,0.0,0.0,0.0
1596,PTFE,PT_0150,FC(F)(F)C(F)(F)F,155.16227028855323,1.5102810607346802,0.0,0.315887,1596,0.0,0.0,0.0,0.0,0.0,0.0,0.0,0.0,1.0,0.0,0.0,0.0,0.0,0.0,0.0,0.0,0.0,0.0,0.0,0.0,0.0,0.0,0.0,0.0,0.0,0.0,0.0,0.0,0.0,0.0,0.0,0.0,1.0,0.0,0.0,0.0,0.0,0.0,0.0,0.0,0.0,0.0,0.0,0.0,0.0,1.0,0.0,0.0,0.0,0.0,1.0,0.0,0.0,0.0,0.0,0.0,0.0,0.0,0.0,1.0,0.0,0.0,0.0,0.0
1597,PTFE,PT_0136,FC(F)(F)C(F)(F)F,155.0030644477127,1.5,0.0,0.315625,1597,0.0,0.0,0.0,0.0,0.0,0.0,0.0,0.0,1.0,0.0,0.0,0.0,0.0,0.0,0.0,0.0,0.0,0.0,0.0,0.0,0.0,0.0,0.0,0.0,0.0,0.0,0.0,0.0,0.0,0.0,0.0,0.0,1.0,0.0,0.0,0.0,0.0,0.0,0.0,0.0,0.0,0.0,0.0,0.0,0.0,1.0,0.0,0.0,0.0,0.0,1.0,0.0,0.0,0.0,0.0,0.0,0.0,0.0,0.0,1.0,0.0,0.0,0.0,0.0
1598,PTFE,PT_0202,FC(F)(F)C(F)(F)F,154.98637191396935,1.5,0.0,0.315598,1598,0.0,0.0,0.0,0.0,0.0,0.0,0.0,0.0,1.0,0.0,0.0,0.0,0.0,0.0,0.0,0.0,0.0,0.0,0.0,0.0,0.0,0.0,0.0,0.0,0.0,0.0,0.0,0.0,0.0,0.0,0.0,0.0,1.0,0.0,0.0,0.0,0.0,0.0,0.0,0.0,0.0,0.0,0.0,0.0,0.0,1.0,0.0,0.0,0.0,0.0,1.0,0.0,0.0,0.0,0.0,0.0,0.0,0.0,0.0,1.0,0.0,0.0,0.0,0.0
1599,PTFE,PT_0165,FC(F)(F)C(F)(F)F,154.9610495191623,1.5,0.0,0.315556,1599,0.0,0.0,0.0,0.0,0.0,0.0,0.0,0.0,1.0,0.0,0.0,0.0,0.0,0.0,0.0,0.0,0.0,0.0,0.0,0.0,0.0,0.0,0.0,0.0,0.0,0.0,0.0,0.0,0.0,0.0,0.0,0.0,1.0,0.0,0.0,0.0,0.0,0.0,0.0,0.0,0.0,0.0,0.0,0.0,0.0,1.0,0.0,0.0,0.0,0.0,1.0,0.0,0.0,0.0,0.0,0.0,0.0,0.0,0.0,1.0,0.0,0.0,0.0,0.0
1600,PTFE,PT_0174,FC(F)(F)C(F)(F)F,154.8970330019681,1.5293796332260845,0.0,0.315451,1600,0.0,0.0,0.0,0.0,0.0,0.0,0.0,0.0,1.0,0.0,0.0,0.0,0.0,0.0,0.0,0.0,0.0,0.0,0.0,0.0,0.0,0.0,0.0,0.0,0.0,0.0,0.0,0.0,0.0,0.0,0.0,0.0,1.0,0.0,0.0,0.0,0.0,0.0,0.0,0.0,0.0,0.0,0.0,0.0,0.0,1.0,0.0,0.0,0.0,0.0,1.0,0.0,0.0,0.0,0.0,0.0,0.0,0.0,0.0,1.0,0.0,0.0,0.0,0.0
1601,PTFE,PT_0089,FC(F)(F)C(F)(F)F,154.54689737219158,1.612143520654013,0.0,0.314877,1601,0.0,0.0,0.0,0.0,0.0,0.0,0.0,0.0,1.0,0.0,0.0,0.0,0.0,0.0,0.0,0.0,0.0,0.0,0.0,0.0,0.0,0.0,0.0,0.0,0.0,0.0,0.0,0.0,0.0,0.0,0.0,0.0,1.0,0.0,0.0,0.0,0.0,0.0,0.0,0.0,0.0,0.0,0.0,0.0,0.0,1.0,0.0,0.0,0.0,0.0,1.0,0.0,0.0,0.0,0.0,0.0,0.0,0.0,0.0,1.0,0.0,0.0,0.0,0.0
1602,PTFE,PT_0140,FC(F)(F)C(F)(F)F,153.8307384846499,1.5,0.0,0.313707,1602,0.0,0.0,0.0,0.0,0.0,0.0,0.0,0.0,1.0,0.0,0.0,0.0,0.0,0.0,0.0,0.0,0.0,0.0,0.0,0.0,0.0,0.0,0.0,0.0,0.0,0.0,0.0,0.0,0.0,0.0,0.0,0.0,1.0,0.0,0.0,0.0,0.0,0.0,0.0,0.0,0.0,0.0,0.0,0.0,0.0,1.0,0.0,0.0,0.0,0.0,1.0,0.0,0.0,0.0,0.0,0.0,0.0,0.0,0.0,1.0,0.0,0.0,0.0,0.0
1603,PTFE,PT_0069,FC(F)(F)C(F)(F)F,152.7781351161314,1.7467499881177808,0.0,0.312002,1603,0.0,0.0,0.0,0.0,0.0,0.0,0.0,0.0,1.0,0.0,0.0,0.0,0.0,0.0,0.0,0.0,0.0,0.0,0.0,0.0,0.0,0.0,0.0,0.0,0.0,0.0,0.0,0.0,0.0,0.0,0.0,0.0,1.0,0.0,0.0,0.0,0.0,0.0,0.0,0.0,0.0,0.0,0.0,0.0,0.0,1.0,0.0,0.0,0.0,0.0,1.0,0.0,0.0,0.0,0.0,0.0,0.0,0.0,0.0,1.0,0.0,0.0,0.0,0.0
1604,PTFE,PT_0201,FC(F)(F)C(F)(F)F,151.71191745188398,1.5,0.0,0.31029,1604,0.0,0.0,0.0,0.0,0.0,0.0,0.0,0.0,1.0,0.0,0.0,0.0,0.0,0.0,0.0,0.0,0.0,0.0,0.0,0.0,0.0,0.0,0.0,0.0,0.0,0.0,0.0,0.0,0.0,0.0,0.0,0.0,1.0,0.0,0.0,0.0,0.0,0.0,0.0,0.0,0.0,0.0,0.0,0.0,0.0,1.0,0.0,0.0,0.0,0.0,1.0,0.0,0.0,0.0,0.0,0.0,0.0,0.0,0.0,1.0,0.0,0.0,0.0,0.0
1605,PTFE,PT_0064,FC(F)(F)C(F)(F)F,151.25483693474857,1.5,0.0,0.309562,1605,0.0,0.0,0.0,0.0,0.0,0.0,0.0,0.0,1.0,0.0,0.0,0.0,0.0,0.0,0.0,0.0,0.0,0.0,0.0,0.0,0.0,0.0,0.0,0.0,0.0,0.0,0.0,0.0,0.0,0.0,0.0,0.0,1.0,0.0,0.0,0.0,0.0,0.0,0.0,0.0,0.0,0.0,0.0,0.0,0.0,1.0,0.0,0.0,0.0,0.0,1.0,0.0,0.0,0.0,0.0,0.0,0.0,0.0,0.0,1.0,0.0,0.0,0.0,0.0
1606,PTFE,PT_0121,FC(F)(F)C(F)(F)F,150.87148275811364,1.6032890435488787,0.0,0.308953,1606,0.0,0.0,0.0,0.0,0.0,0.0,0.0,0.0,1.0,0.0,0.0,0.0,0.0,0.0,0.0,0.0,0.0,0.0,0.0,0.0,0.0,0.0,0.0,0.0,0.0,0.0,0.0,0.0,0.0,0.0,0.0,0.0,1.0,0.0,0.0,0.0,0.0,0.0,0.0,0.0,0.0,0.0,0.0,0.0,0.0,1.0,0.0,0.0,0.0,0.0,1.0,0.0,0.0,0.0,0.0,0.0,0.0,0.0,0.0,1.0,0.0,0.0,0.0,0.0
1607,PTFE,PT_0084,FC(F)(F)C(F)(F)F,150.57840847559896,1.5,0.0,0.308489,1607,0.0,0.0,0.0,0.0,0.0,0.0,0.0,0.0,1.0,0.0,0.0,0.0,0.0,0.0,0.0,0.0,0.0,0.0,0.0,0.0,0.0,0.0,0.0,0.0,0.0,0.0,0.0,0.0,0.0,0.0,0.0,0.0,1.0,0.0,0.0,0.0,0.0,0.0,0.0,0.0,0.0,0.0,0.0,0.0,0.0,1.0,0.0,0.0,0.0,0.0,1.0,0.0,0.0,0.0,0.0,0.0,0.0,0.0,0.0,1.0,0.0,0.0,0.0,0.0
1608,PTFE,PT_0172,FC(F)(F)C(F)(F)F,149.8740260566416,1.5,0.0,0.307379,1608,0.0,0.0,0.0,0.0,0.0,0.0,0.0,0.0,1.0,0.0,0.0,0.0,0.0,0.0,0.0,0.0,0.0,0.0,0.0,0.0,0.0,0.0,0.0,0.0,0.0,0.0,0.0,0.0,0.0,0.0,0.0,0.0,1.0,0.0,0.0,0.0,0.0,0.0,0.0,0.0,0.0,0.0,0.0,0.0,0.0,1.0,0.0,0.0,0.0,0.0,1.0,0.0,0.0,0.0,0.0,0.0,0.0,0.0,0.0,1.0,0.0,0.0,0.0,0.0
1609,PTFE,PT_0203,FC(F)(F)C(F)(F)F,149.61575587360537,1.9655165057669275,0.0,0.306973,1609,0.0,0.0,0.0,0.0,0.0,0.0,0.0,0.0,1.0,0.0,0.0,0.0,0.0,0.0,0.0,0.0,0.0,0.0,0.0,0.0,0.0,0.0,0.0,0.0,0.0,0.0,0.0,0.0,0.0,0.0,0.0,0.0,1.0,0.0,0.0,0.0,0.0,0.0,0.0,0.0,0.0,0.0,0.0,0.0,0.0,1.0,0.0,0.0,0.0,0.0,1.0,0.0,0.0,0.0,0.0,0.0,0.0,0.0,0.0,1.0,0.0,0.0,0.0,0.0
1610,PTFE,PT_0234,FC(F)(F)C(F)(F)F,149.5582085000252,1.9607305706115228,0.0,0.306883,1610,0.0,0.0,0.0,0.0,0.0,0.0,0.0,0.0,1.0,0.0,0.0,0.0,0.0,0.0,0.0,0.0,0.0,0.0,0.0,0.0,0.0,0.0,0.0,0.0,0.0,0.0,0.0,0.0,0.0,0.0,0.0,0.0,1.0,0.0,0.0,0.0,0.0,0.0,0.0,0.0,0.0,0.0,0.0,0.0,0.0,1.0,0.0,0.0,0.0,0.0,1.0,0.0,0.0,0.0,0.0,0.0,0.0,0.0,0.0,1.0,0.0,0.0,0.0,0.0
1611,PTFE,PT_0217,FC(F)(F)C(F)(F)F,149.54390233810085,1.6583636279082898,0.0,0.306861,1611,0.0,0.0,0.0,0.0,0.0,0.0,0.0,0.0,1.0,0.0,0.0,0.0,0.0,0.0,0.0,0.0,0.0,0.0,0.0,0.0,0.0,0.0,0.0,0.0,0.0,0.0,0.0,0.0,0.0,0.0,0.0,0.0,1.0,0.0,0.0,0.0,0.0,0.0,0.0,0.0,0.0,0.0,0.0,0.0,0.0,1.0,0.0,0.0,0.0,0.0,1.0,0.0,0.0,0.0,0.0,0.0,0.0,0.0,0.0,1.0,0.0,0.0,0.0,0.0
1612,PTFE,PT_0197,FC(F)(F)C(F)(F)F,148.96394439495182,1.5735717633853035,0.0,0.305955,1612,0.0,0.0,0.0,0.0,0.0,0.0,0.0,0.0,1.0,0.0,0.0,0.0,0.0,0.0,0.0,0.0,0.0,0.0,0.0,0.0,0.0,0.0,0.0,0.0,0.0,0.0,0.0,0.0,0.0,0.0,0.0,0.0,1.0,0.0,0.0,0.0,0.0,0.0,0.0,0.0,0.0,0.0,0.0,0.0,0.0,1.0,0.0,0.0,0.0,0.0,1.0,0.0,0.0,0.0,0.0,0.0,0.0,0.0,0.0,1.0,0.0,0.0,0.0,0.0
1613,PTFE,PT_0211,FC(F)(F)C(F)(F)F,148.8595012395748,1.613257753110097,0.0,0.305792,1613,0.0,0.0,0.0,0.0,0.0,0.0,0.0,0.0,1.0,0.0,0.0,0.0,0.0,0.0,0.0,0.0,0.0,0.0,0.0,0.0,0.0,0.0,0.0,0.0,0.0,0.0,0.0,0.0,0.0,0.0,0.0,0.0,1.0,0.0,0.0,0.0,0.0,0.0,0.0,0.0,0.0,0.0,0.0,0.0,0.0,1.0,0.0,0.0,0.0,0.0,1.0,0.0,0.0,0.0,0.0,0.0,0.0,0.0,0.0,1.0,0.0,0.0,0.0,0.0
1614,PTFE,PT_0017,FC(F)(F)C(F)(F)F,148.85789092763844,1.5,0.0,0.30579,1614,0.0,0.0,0.0,0.0,0.0,0.0,0.0,0.0,1.0,0.0,0.0,0.0,0.0,0.0,0.0,0.0,0.0,0.0,0.0,0.0,0.0,0.0,0.0,0.0,0.0,0.0,0.0,0.0,0.0,0.0,0.0,0.0,1.0,0.0,0.0,0.0,0.0,0.0,0.0,0.0,0.0,0.0,0.0,0.0,0.0,1.0,0.0,0.0,0.0,0.0,1.0,0.0,0.0,0.0,0.0,0.0,0.0,0.0,0.0,1.0,0.0,0.0,0.0,0.0
1615,PTFE,PT_0191,FC(F)(F)C(F)(F)F,147.13921534282838,1.585421435569289,0.0,0.303137,1615,0.0,0.0,0.0,0.0,0.0,0.0,0.0,0.0,1.0,0.0,0.0,0.0,0.0,0.0,0.0,0.0,0.0,0.0,0.0,0.0,0.0,0.0,0.0,0.0,0.0,0.0,0.0,0.0,0.0,0.0,0.0,0.0,1.0,0.0,0.0,0.0,0.0,0.0,0.0,0.0,0.0,0.0,0.0,0.0,0.0,1.0,0.0,0.0,0.0,0.0,1.0,0.0,0.0,0.0,0.0,0.0,0.0,0.0,0.0,1.0,0.0,0.0,0.0,0.0
1616,PTFE,PT_0129,FC(F)(F)C(F)(F)F,147.10868515193766,1.5,0.0,0.30309,1616,0.0,0.0,0.0,0.0,0.0,0.0,0.0,0.0,1.0,0.0,0.0,0.0,0.0,0.0,0.0,0.0,0.0,0.0,0.0,0.0,0.0,0.0,0.0,0.0,0.0,0.0,0.0,0.0,0.0,0.0,0.0,0.0,1.0,0.0,0.0,0.0,0.0,0.0,0.0,0.0,0.0,0.0,0.0,0.0,0.0,1.0,0.0,0.0,0.0,0.0,1.0,0.0,0.0,0.0,0.0,0.0,0.0,0.0,0.0,1.0,0.0,0.0,0.0,0.0
1617,PTFE,PT_0161,FC(F)(F)C(F)(F)F,146.23121978297996,1.5337249888606648,0.0,0.301753,1617,0.0,0.0,0.0,0.0,0.0,0.0,0.0,0.0,1.0,0.0,0.0,0.0,0.0,0.0,0.0,0.0,0.0,0.0,0.0,0.0,0.0,0.0,0.0,0.0,0.0,0.0,0.0,0.0,0.0,0.0,0.0,0.0,1.0,0.0,0.0,0.0,0.0,0.0,0.0,0.0,0.0,0.0,0.0,0.0,0.0,1.0,0.0,0.0,0.0,0.0,1.0,0.0,0.0,0.0,0.0,0.0,0.0,0.0,0.0,1.0,0.0,0.0,0.0,0.0
1618,PTFE,PT_0109,FC(F)(F)C(F)(F)F,146.07159551176173,1.5,0.0,0.301511,1618,0.0,0.0,0.0,0.0,0.0,0.0,0.0,0.0,1.0,0.0,0.0,0.0,0.0,0.0,0.0,0.0,0.0,0.0,0.0,0.0,0.0,0.0,0.0,0.0,0.0,0.0,0.0,0.0,0.0,0.0,0.0,0.0,1.0,0.0,0.0,0.0,0.0,0.0,0.0,0.0,0.0,0.0,0.0,0.0,0.0,1.0,0.0,0.0,0.0,0.0,1.0,0.0,0.0,0.0,0.0,0.0,0.0,0.0,0.0,1.0,0.0,0.0,0.0,0.0
1619,PTFE,PT_0223,FC(F)(F)C(F)(F)F,149.0823482321149,2.07167587149436,0.0,0.301361,1619,0.0,0.0,0.0,0.0,0.0,0.0,0.0,0.0,1.0,0.0,0.0,0.0,0.0,0.0,0.0,0.0,0.0,0.0,0.0,0.0,0.0,0.0,0.0,0.0,0.0,0.0,0.0,0.0,0.0,0.0,0.0,0.0,1.0,0.0,0.0,0.0,0.0,0.0,0.0,0.0,0.0,0.0,0.0,0.0,0.0,1.0,0.0,0.0,0.0,0.0,1.0,0.0,0.0,0.0,0.0,0.0,0.0,0.0,0.0,1.0,0.0,0.0,0.0,0.0
1620,PTFE,PT_0207,FC(F)(F)C(F)(F)F,145.857792138257,1.7660008794006068,0.0,0.301187,1620,0.0,0.0,0.0,0.0,0.0,0.0,0.0,0.0,1.0,0.0,0.0,0.0,0.0,0.0,0.0,0.0,0.0,0.0,0.0,0.0,0.0,0.0,0.0,0.0,0.0,0.0,0.0,0.0,0.0,0.0,0.0,0.0,1.0,0.0,0.0,0.0,0.0,0.0,0.0,0.0,0.0,0.0,0.0,0.0,0.0,1.0,0.0,0.0,0.0,0.0,1.0,0.0,0.0,0.0,0.0,0.0,0.0,0.0,0.0,1.0,0.0,0.0,0.0,0.0
1621,PTFE,PT_0229,FC(F)(F)C(F)(F)F,145.71545070153994,1.5,0.0,0.300972,1621,0.0,0.0,0.0,0.0,0.0,0.0,0.0,0.0,1.0,0.0,0.0,0.0,0.0,0.0,0.0,0.0,0.0,0.0,0.0,0.0,0.0,0.0,0.0,0.0,0.0,0.0,0.0,0.0,0.0,0.0,0.0,0.0,1.0,0.0,0.0,0.0,0.0,0.0,0.0,0.0,0.0,0.0,0.0,0.0,0.0,1.0,0.0,0.0,0.0,0.0,1.0,0.0,0.0,0.0,0.0,0.0,0.0,0.0,0.0,1.0,0.0,0.0,0.0,0.0
1622,PTFE,PT_0116,FC(F)(F)C(F)(F)F,144.87495703485834,1.6720967799089261,0.0,0.299709,1622,0.0,0.0,0.0,0.0,0.0,0.0,0.0,0.0,1.0,0.0,0.0,0.0,0.0,0.0,0.0,0.0,0.0,0.0,0.0,0.0,0.0,0.0,0.0,0.0,0.0,0.0,0.0,0.0,0.0,0.0,0.0,0.0,1.0,0.0,0.0,0.0,0.0,0.0,0.0,0.0,0.0,0.0,0.0,0.0,0.0,1.0,0.0,0.0,0.0,0.0,1.0,0.0,0.0,0.0,0.0,0.0,0.0,0.0,0.0,1.0,0.0,0.0,0.0,0.0
1623,PTFE,PT_0160,FC(F)(F)C(F)(F)F,143.92623048958723,1.5,0.0,0.298295,1623,0.0,0.0,0.0,0.0,0.0,0.0,0.0,0.0,1.0,0.0,0.0,0.0,0.0,0.0,0.0,0.0,0.0,0.0,0.0,0.0,0.0,0.0,0.0,0.0,0.0,0.0,0.0,0.0,0.0,0.0,0.0,0.0,1.0,0.0,0.0,0.0,0.0,0.0,0.0,0.0,0.0,0.0,0.0,0.0,0.0,1.0,0.0,0.0,0.0,0.0,1.0,0.0,0.0,0.0,0.0,0.0,0.0,0.0,0.0,1.0,0.0,0.0,0.0,0.0
1624,PTFE,PT_0196,FC(F)(F)C(F)(F)F,143.5034074108309,1.7497217530444773,0.0,0.297669,1624,0.0,0.0,0.0,0.0,0.0,0.0,0.0,0.0,1.0,0.0,0.0,0.0,0.0,0.0,0.0,0.0,0.0,0.0,0.0,0.0,0.0,0.0,0.0,0.0,0.0,0.0,0.0,0.0,0.0,0.0,0.0,0.0,1.0,0.0,0.0,0.0,0.0,0.0,0.0,0.0,0.0,0.0,0.0,0.0,0.0,1.0,0.0,0.0,0.0,0.0,1.0,0.0,0.0,0.0,0.0,0.0,0.0,0.0,0.0,1.0,0.0,0.0,0.0,0.0
1625,PTFE,PT_0119,FC(F)(F)C(F)(F)F,143.1415909440419,1.5,0.0,0.297136,1625,0.0,0.0,0.0,0.0,0.0,0.0,0.0,0.0,1.0,0.0,0.0,0.0,0.0,0.0,0.0,0.0,0.0,0.0,0.0,0.0,0.0,0.0,0.0,0.0,0.0,0.0,0.0,0.0,0.0,0.0,0.0,0.0,1.0,0.0,0.0,0.0,0.0,0.0,0.0,0.0,0.0,0.0,0.0,0.0,0.0,1.0,0.0,0.0,0.0,0.0,1.0,0.0,0.0,0.0,0.0,0.0,0.0,0.0,0.0,1.0,0.0,0.0,0.0,0.0
1626,PTFE,PT_0083,FC(F)(F)C(F)(F)F,142.93371798416845,1.5,0.0,0.296831,1626,0.0,0.0,0.0,0.0,0.0,0.0,0.0,0.0,1.0,0.0,0.0,0.0,0.0,0.0,0.0,0.0,0.0,0.0,0.0,0.0,0.0,0.0,0.0,0.0,0.0,0.0,0.0,0.0,0.0,0.0,0.0,0.0,1.0,0.0,0.0,0.0,0.0,0.0,0.0,0.0,0.0,0.0,0.0,0.0,0.0,1.0,0.0,0.0,0.0,0.0,1.0,0.0,0.0,0.0,0.0,0.0,0.0,0.0,0.0,1.0,0.0,0.0,0.0,0.0
1627,PTFE,PT_0058,FC(F)(F)C(F)(F)F,142.77134189286582,1.5,0.0,0.296593,1627,0.0,0.0,0.0,0.0,0.0,0.0,0.0,0.0,1.0,0.0,0.0,0.0,0.0,0.0,0.0,0.0,0.0,0.0,0.0,0.0,0.0,0.0,0.0,0.0,0.0,0.0,0.0,0.0,0.0,0.0,0.0,0.0,1.0,0.0,0.0,0.0,0.0,0.0,0.0,0.0,0.0,0.0,0.0,0.0,0.0,1.0,0.0,0.0,0.0,0.0,1.0,0.0,0.0,0.0,0.0,0.0,0.0,0.0,0.0,1.0,0.0,0.0,0.0,0.0
1628,PTFE,PT_0097,FC(F)(F)C(F)(F)F,142.2802157053257,1.9992095890348998,0.0,0.295875,1628,0.0,0.0,0.0,0.0,0.0,0.0,0.0,0.0,1.0,0.0,0.0,0.0,0.0,0.0,0.0,0.0,0.0,0.0,0.0,0.0,0.0,0.0,0.0,0.0,0.0,0.0,0.0,0.0,0.0,0.0,0.0,0.0,1.0,0.0,0.0,0.0,0.0,0.0,0.0,0.0,0.0,0.0,0.0,0.0,0.0,1.0,0.0,0.0,0.0,0.0,1.0,0.0,0.0,0.0,0.0,0.0,0.0,0.0,0.0,1.0,0.0,0.0,0.0,0.0
1629,PTFE,PT_0026,FC(F)(F)C(F)(F)F,142.13745394995738,1.764663260839607,0.0,0.295667,1629,0.0,0.0,0.0,0.0,0.0,0.0,0.0,0.0,1.0,0.0,0.0,0.0,0.0,0.0,0.0,0.0,0.0,0.0,0.0,0.0,0.0,0.0,0.0,0.0,0.0,0.0,0.0,0.0,0.0,0.0,0.0,0.0,1.0,0.0,0.0,0.0,0.0,0.0,0.0,0.0,0.0,0.0,0.0,0.0,0.0,1.0,0.0,0.0,0.0,0.0,1.0,0.0,0.0,0.0,0.0,0.0,0.0,0.0,0.0,1.0,0.0,0.0,0.0,0.0
1630,PTFE,PT_0137,FC(F)(F)C(F)(F)F,142.1319987373562,1.5,0.0,0.295659,1630,0.0,0.0,0.0,0.0,0.0,0.0,0.0,0.0,1.0,0.0,0.0,0.0,0.0,0.0,0.0,0.0,0.0,0.0,0.0,0.0,0.0,0.0,0.0,0.0,0.0,0.0,0.0,0.0,0.0,0.0,0.0,0.0,1.0,0.0,0.0,0.0,0.0,0.0,0.0,0.0,0.0,0.0,0.0,0.0,0.0,1.0,0.0,0.0,0.0,0.0,1.0,0.0,0.0,0.0,0.0,0.0,0.0,0.0,0.0,1.0,0.0,0.0,0.0,0.0
1631,PTFE,PT_0036,FC(F)(F)C(F)(F)F,142.04032723796558,1.5,0.0,0.295526,1631,0.0,0.0,0.0,0.0,0.0,0.0,0.0,0.0,1.0,0.0,0.0,0.0,0.0,0.0,0.0,0.0,0.0,0.0,0.0,0.0,0.0,0.0,0.0,0.0,0.0,0.0,0.0,0.0,0.0,0.0,0.0,0.0,1.0,0.0,0.0,0.0,0.0,0.0,0.0,0.0,0.0,0.0,0.0,0.0,0.0,1.0,0.0,0.0,0.0,0.0,1.0,0.0,0.0,0.0,0.0,0.0,0.0,0.0,0.0,1.0,0.0,0.0,0.0,0.0
1632,PTFE,PT_0147,FC(F)(F)C(F)(F)F,141.56523923204705,1.5,0.0,0.294836,1632,0.0,0.0,0.0,0.0,0.0,0.0,0.0,0.0,1.0,0.0,0.0,0.0,0.0,0.0,0.0,0.0,0.0,0.0,0.0,0.0,0.0,0.0,0.0,0.0,0.0,0.0,0.0,0.0,0.0,0.0,0.0,0.0,1.0,0.0,0.0,0.0,0.0,0.0,0.0,0.0,0.0,0.0,0.0,0.0,0.0,1.0,0.0,0.0,0.0,0.0,1.0,0.0,0.0,0.0,0.0,0.0,0.0,0.0,0.0,1.0,0.0,0.0,0.0,0.0
1633,PTFE,PT_0059,FC(F)(F)C(F)(F)F,141.52013289527136,1.7402826054115843,0.0,0.294771,1633,0.0,0.0,0.0,0.0,0.0,0.0,0.0,0.0,1.0,0.0,0.0,0.0,0.0,0.0,0.0,0.0,0.0,0.0,0.0,0.0,0.0,0.0,0.0,0.0,0.0,0.0,0.0,0.0,0.0,0.0,0.0,0.0,1.0,0.0,0.0,0.0,0.0,0.0,0.0,0.0,0.0,0.0,0.0,0.0,0.0,1.0,0.0,0.0,0.0,0.0,1.0,0.0,0.0,0.0,0.0,0.0,0.0,0.0,0.0,1.0,0.0,0.0,0.0,0.0
1634,PTFE,PT_0060,FC(F)(F)C(F)(F)F,141.3939101101893,1.5,0.0,0.294589,1634,0.0,0.0,0.0,0.0,0.0,0.0,0.0,0.0,1.0,0.0,0.0,0.0,0.0,0.0,0.0,0.0,0.0,0.0,0.0,0.0,0.0,0.0,0.0,0.0,0.0,0.0,0.0,0.0,0.0,0.0,0.0,0.0,1.0,0.0,0.0,0.0,0.0,0.0,0.0,0.0,0.0,0.0,0.0,0.0,0.0,1.0,0.0,0.0,0.0,0.0,1.0,0.0,0.0,0.0,0.0,0.0,0.0,0.0,0.0,1.0,0.0,0.0,0.0,0.0
1635,PTFE,PT_0205,FC(F)(F)C(F)(F)F,141.25673640788023,1.5,0.0,0.294391,1635,0.0,0.0,0.0,0.0,0.0,0.0,0.0,0.0,1.0,0.0,0.0,0.0,0.0,0.0,0.0,0.0,0.0,0.0,0.0,0.0,0.0,0.0,0.0,0.0,0.0,0.0,0.0,0.0,0.0,0.0,0.0,0.0,1.0,0.0,0.0,0.0,0.0,0.0,0.0,0.0,0.0,0.0,0.0,0.0,0.0,1.0,0.0,0.0,0.0,0.0,1.0,0.0,0.0,0.0,0.0,0.0,0.0,0.0,0.0,1.0,0.0,0.0,0.0,0.0
1636,PTFE,PT_0114,FC(F)(F)C(F)(F)F,141.1710129112288,1.5,0.0,0.294267,1636,0.0,0.0,0.0,0.0,0.0,0.0,0.0,0.0,1.0,0.0,0.0,0.0,0.0,0.0,0.0,0.0,0.0,0.0,0.0,0.0,0.0,0.0,0.0,0.0,0.0,0.0,0.0,0.0,0.0,0.0,0.0,0.0,1.0,0.0,0.0,0.0,0.0,0.0,0.0,0.0,0.0,0.0,0.0,0.0,0.0,1.0,0.0,0.0,0.0,0.0,1.0,0.0,0.0,0.0,0.0,0.0,0.0,0.0,0.0,1.0,0.0,0.0,0.0,0.0
1637,PTFE,PT_0057,FC(F)(F)C(F)(F)F,139.0749765250256,1.5,0.0,0.29128,1637,0.0,0.0,0.0,0.0,0.0,0.0,0.0,0.0,1.0,0.0,0.0,0.0,0.0,0.0,0.0,0.0,0.0,0.0,0.0,0.0,0.0,0.0,0.0,0.0,0.0,0.0,0.0,0.0,0.0,0.0,0.0,0.0,1.0,0.0,0.0,0.0,0.0,0.0,0.0,0.0,0.0,0.0,0.0,0.0,0.0,1.0,0.0,0.0,0.0,0.0,1.0,0.0,0.0,0.0,0.0,0.0,0.0,0.0,0.0,1.0,0.0,0.0,0.0,0.0
1638,PTFE,PT_0239,FC(F)(F)C(F)(F)F,138.84501148362853,1.7147819890303828,0.0,0.290957,1638,0.0,0.0,0.0,0.0,0.0,0.0,0.0,0.0,1.0,0.0,0.0,0.0,0.0,0.0,0.0,0.0,0.0,0.0,0.0,0.0,0.0,0.0,0.0,0.0,0.0,0.0,0.0,0.0,0.0,0.0,0.0,0.0,1.0,0.0,0.0,0.0,0.0,0.0,0.0,0.0,0.0,0.0,0.0,0.0,0.0,1.0,0.0,0.0,0.0,0.0,1.0,0.0,0.0,0.0,0.0,0.0,0.0,0.0,0.0,1.0,0.0,0.0,0.0,0.0
1639,PTFE,PT_0022,FC(F)(F)C(F)(F)F,138.56617232251415,1.5,0.0,0.290565,1639,0.0,0.0,0.0,0.0,0.0,0.0,0.0,0.0,1.0,0.0,0.0,0.0,0.0,0.0,0.0,0.0,0.0,0.0,0.0,0.0,0.0,0.0,0.0,0.0,0.0,0.0,0.0,0.0,0.0,0.0,0.0,0.0,1.0,0.0,0.0,0.0,0.0,0.0,0.0,0.0,0.0,0.0,0.0,0.0,0.0,1.0,0.0,0.0,0.0,0.0,1.0,0.0,0.0,0.0,0.0,0.0,0.0,0.0,0.0,1.0,0.0,0.0,0.0,0.0
1640,PTFE,PT_0149,FC(F)(F)C(F)(F)F,138.51311302061268,1.5,0.0,0.290491,1640,0.0,0.0,0.0,0.0,0.0,0.0,0.0,0.0,1.0,0.0,0.0,0.0,0.0,0.0,0.0,0.0,0.0,0.0,0.0,0.0,0.0,0.0,0.0,0.0,0.0,0.0,0.0,0.0,0.0,0.0,0.0,0.0,1.0,0.0,0.0,0.0,0.0,0.0,0.0,0.0,0.0,0.0,0.0,0.0,0.0,1.0,0.0,0.0,0.0,0.0,1.0,0.0,0.0,0.0,0.0,0.0,0.0,0.0,0.0,1.0,0.0,0.0,0.0,0.0
1641,PTFE,PT_0050,FC(F)(F)C(F)(F)F,138.14627467981578,1.5,0.0,0.289978,1641,0.0,0.0,0.0,0.0,0.0,0.0,0.0,0.0,1.0,0.0,0.0,0.0,0.0,0.0,0.0,0.0,0.0,0.0,0.0,0.0,0.0,0.0,0.0,0.0,0.0,0.0,0.0,0.0,0.0,0.0,0.0,0.0,1.0,0.0,0.0,0.0,0.0,0.0,0.0,0.0,0.0,0.0,0.0,0.0,0.0,1.0,0.0,0.0,0.0,0.0,1.0,0.0,0.0,0.0,0.0,0.0,0.0,0.0,0.0,1.0,0.0,0.0,0.0,0.0
1642,PTFE,PT_0093,FC(F)(F)C(F)(F)F,137.85935221334196,1.5,0.0,0.289579,1642,0.0,0.0,0.0,0.0,0.0,0.0,0.0,0.0,1.0,0.0,0.0,0.0,0.0,0.0,0.0,0.0,0.0,0.0,0.0,0.0,0.0,0.0,0.0,0.0,0.0,0.0,0.0,0.0,0.0,0.0,0.0,0.0,1.0,0.0,0.0,0.0,0.0,0.0,0.0,0.0,0.0,0.0,0.0,0.0,0.0,1.0,0.0,0.0,0.0,0.0,1.0,0.0,0.0,0.0,0.0,0.0,0.0,0.0,0.0,1.0,0.0,0.0,0.0,0.0
1643,PTFE,PT_0184,FC(F)(F)C(F)(F)F,137.8062503462657,1.5,0.0,0.289505,1643,0.0,0.0,0.0,0.0,0.0,0.0,0.0,0.0,1.0,0.0,0.0,0.0,0.0,0.0,0.0,0.0,0.0,0.0,0.0,0.0,0.0,0.0,0.0,0.0,0.0,0.0,0.0,0.0,0.0,0.0,0.0,0.0,1.0,0.0,0.0,0.0,0.0,0.0,0.0,0.0,0.0,0.0,0.0,0.0,0.0,1.0,0.0,0.0,0.0,0.0,1.0,0.0,0.0,0.0,0.0,0.0,0.0,0.0,0.0,1.0,0.0,0.0,0.0,0.0
1644,PTFE,PT_0225,FC(F)(F)C(F)(F)F,137.55825824719207,1.6041041077122926,0.0,0.289161,1644,0.0,0.0,0.0,0.0,0.0,0.0,0.0,0.0,1.0,0.0,0.0,0.0,0.0,0.0,0.0,0.0,0.0,0.0,0.0,0.0,0.0,0.0,0.0,0.0,0.0,0.0,0.0,0.0,0.0,0.0,0.0,0.0,1.0,0.0,0.0,0.0,0.0,0.0,0.0,0.0,0.0,0.0,0.0,0.0,0.0,1.0,0.0,0.0,0.0,0.0,1.0,0.0,0.0,0.0,0.0,0.0,0.0,0.0,0.0,1.0,0.0,0.0,0.0,0.0
1645,PTFE,PT_0164,FC(F)(F)C(F)(F)F,137.2718737158823,1.6554755837612394,0.0,0.288765,1645,0.0,0.0,0.0,0.0,0.0,0.0,0.0,0.0,1.0,0.0,0.0,0.0,0.0,0.0,0.0,0.0,0.0,0.0,0.0,0.0,0.0,0.0,0.0,0.0,0.0,0.0,0.0,0.0,0.0,0.0,0.0,0.0,1.0,0.0,0.0,0.0,0.0,0.0,0.0,0.0,0.0,0.0,0.0,0.0,0.0,1.0,0.0,0.0,0.0,0.0,1.0,0.0,0.0,0.0,0.0,0.0,0.0,0.0,0.0,1.0,0.0,0.0,0.0,0.0
1646,PTFE,PT_0071,FC(F)(F)C(F)(F)F,137.15573906264305,1.5335177555984492,0.0,0.288604,1646,0.0,0.0,0.0,0.0,0.0,0.0,0.0,0.0,1.0,0.0,0.0,0.0,0.0,0.0,0.0,0.0,0.0,0.0,0.0,0.0,0.0,0.0,0.0,0.0,0.0,0.0,0.0,0.0,0.0,0.0,0.0,0.0,1.0,0.0,0.0,0.0,0.0,0.0,0.0,0.0,0.0,0.0,0.0,0.0,0.0,1.0,0.0,0.0,0.0,0.0,1.0,0.0,0.0,0.0,0.0,0.0,0.0,0.0,0.0,1.0,0.0,0.0,0.0,0.0
1647,PTFE,PT_0179,FC(F)(F)C(F)(F)F,136.7902729345432,1.5080982160328864,0.0,0.288101,1647,0.0,0.0,0.0,0.0,0.0,0.0,0.0,0.0,1.0,0.0,0.0,0.0,0.0,0.0,0.0,0.0,0.0,0.0,0.0,0.0,0.0,0.0,0.0,0.0,0.0,0.0,0.0,0.0,0.0,0.0,0.0,0.0,1.0,0.0,0.0,0.0,0.0,0.0,0.0,0.0,0.0,0.0,0.0,0.0,0.0,1.0,0.0,0.0,0.0,0.0,1.0,0.0,0.0,0.0,0.0,0.0,0.0,0.0,0.0,1.0,0.0,0.0,0.0,0.0
1648,PTFE,PT_0040,FC(F)(F)C(F)(F)F,136.5704966003293,1.684116088144227,0.0,0.287799,1648,0.0,0.0,0.0,0.0,0.0,0.0,0.0,0.0,1.0,0.0,0.0,0.0,0.0,0.0,0.0,0.0,0.0,0.0,0.0,0.0,0.0,0.0,0.0,0.0,0.0,0.0,0.0,0.0,0.0,0.0,0.0,0.0,1.0,0.0,0.0,0.0,0.0,0.0,0.0,0.0,0.0,0.0,0.0,0.0,0.0,1.0,0.0,0.0,0.0,0.0,1.0,0.0,0.0,0.0,0.0,0.0,0.0,0.0,0.0,1.0,0.0,0.0,0.0,0.0
1649,PTFE,PT_0213,FC(F)(F)C(F)(F)F,135.95351856152223,1.5880397975100964,0.0,0.286957,1649,0.0,0.0,0.0,0.0,0.0,0.0,0.0,0.0,1.0,0.0,0.0,0.0,0.0,0.0,0.0,0.0,0.0,0.0,0.0,0.0,0.0,0.0,0.0,0.0,0.0,0.0,0.0,0.0,0.0,0.0,0.0,0.0,1.0,0.0,0.0,0.0,0.0,0.0,0.0,0.0,0.0,0.0,0.0,0.0,0.0,1.0,0.0,0.0,0.0,0.0,1.0,0.0,0.0,0.0,0.0,0.0,0.0,0.0,0.0,1.0,0.0,0.0,0.0,0.0
1650,PTFE,PT_0088,FC(F)(F)C(F)(F)F,135.7375324248009,1.6144265994990115,0.0,0.286663,1650,0.0,0.0,0.0,0.0,0.0,0.0,0.0,0.0,1.0,0.0,0.0,0.0,0.0,0.0,0.0,0.0,0.0,0.0,0.0,0.0,0.0,0.0,0.0,0.0,0.0,0.0,0.0,0.0,0.0,0.0,0.0,0.0,1.0,0.0,0.0,0.0,0.0,0.0,0.0,0.0,0.0,0.0,0.0,0.0,0.0,1.0,0.0,0.0,0.0,0.0,1.0,0.0,0.0,0.0,0.0,0.0,0.0,0.0,0.0,1.0,0.0,0.0,0.0,0.0
1651,PTFE,PT_0075,FC(F)(F)C(F)(F)F,135.6359461734959,1.809220412363956,0.0,0.286525,1651,0.0,0.0,0.0,0.0,0.0,0.0,0.0,0.0,1.0,0.0,0.0,0.0,0.0,0.0,0.0,0.0,0.0,0.0,0.0,0.0,0.0,0.0,0.0,0.0,0.0,0.0,0.0,0.0,0.0,0.0,0.0,0.0,1.0,0.0,0.0,0.0,0.0,0.0,0.0,0.0,0.0,0.0,0.0,0.0,0.0,1.0,0.0,0.0,0.0,0.0,1.0,0.0,0.0,0.0,0.0,0.0,0.0,0.0,0.0,1.0,0.0,0.0,0.0,0.0
1652,PTFE,PT_0024,FC(F)(F)C(F)(F)F,135.54895116343113,1.5,0.0,0.286407,1652,0.0,0.0,0.0,0.0,0.0,0.0,0.0,0.0,1.0,0.0,0.0,0.0,0.0,0.0,0.0,0.0,0.0,0.0,0.0,0.0,0.0,0.0,0.0,0.0,0.0,0.0,0.0,0.0,0.0,0.0,0.0,0.0,1.0,0.0,0.0,0.0,0.0,0.0,0.0,0.0,0.0,0.0,0.0,0.0,0.0,1.0,0.0,0.0,0.0,0.0,1.0,0.0,0.0,0.0,0.0,0.0,0.0,0.0,0.0,1.0,0.0,0.0,0.0,0.0
1653,PTFE,PT_0195,FC(F)(F)C(F)(F)F,134.8266624567242,1.5,0.0,0.285433,1653,0.0,0.0,0.0,0.0,0.0,0.0,0.0,0.0,1.0,0.0,0.0,0.0,0.0,0.0,0.0,0.0,0.0,0.0,0.0,0.0,0.0,0.0,0.0,0.0,0.0,0.0,0.0,0.0,0.0,0.0,0.0,0.0,1.0,0.0,0.0,0.0,0.0,0.0,0.0,0.0,0.0,0.0,0.0,0.0,0.0,1.0,0.0,0.0,0.0,0.0,1.0,0.0,0.0,0.0,0.0,0.0,0.0,0.0,0.0,1.0,0.0,0.0,0.0,0.0
1654,PTFE,PT_0037,FC(F)(F)C(F)(F)F,133.49746666464793,1.5,0.0,0.28366,1654,0.0,0.0,0.0,0.0,0.0,0.0,0.0,0.0,1.0,0.0,0.0,0.0,0.0,0.0,0.0,0.0,0.0,0.0,0.0,0.0,0.0,0.0,0.0,0.0,0.0,0.0,0.0,0.0,0.0,0.0,0.0,0.0,1.0,0.0,0.0,0.0,0.0,0.0,0.0,0.0,0.0,0.0,0.0,0.0,0.0,1.0,0.0,0.0,0.0,0.0,1.0,0.0,0.0,0.0,0.0,0.0,0.0,0.0,0.0,1.0,0.0,0.0,0.0,0.0
1655,PTFE,PT_0182,FC(F)(F)C(F)(F)F,133.0735653887631,1.663246033569439,0.0,0.283101,1655,0.0,0.0,0.0,0.0,0.0,0.0,0.0,0.0,1.0,0.0,0.0,0.0,0.0,0.0,0.0,0.0,0.0,0.0,0.0,0.0,0.0,0.0,0.0,0.0,0.0,0.0,0.0,0.0,0.0,0.0,0.0,0.0,1.0,0.0,0.0,0.0,0.0,0.0,0.0,0.0,0.0,0.0,0.0,0.0,0.0,1.0,0.0,0.0,0.0,0.0,1.0,0.0,0.0,0.0,0.0,0.0,0.0,0.0,0.0,1.0,0.0,0.0,0.0,0.0
1656,PTFE,PT_0094,FC(F)(F)C(F)(F)F,132.70035825153087,1.5,0.0,0.282611,1656,0.0,0.0,0.0,0.0,0.0,0.0,0.0,0.0,1.0,0.0,0.0,0.0,0.0,0.0,0.0,0.0,0.0,0.0,0.0,0.0,0.0,0.0,0.0,0.0,0.0,0.0,0.0,0.0,0.0,0.0,0.0,0.0,1.0,0.0,0.0,0.0,0.0,0.0,0.0,0.0,0.0,0.0,0.0,0.0,0.0,1.0,0.0,0.0,0.0,0.0,1.0,0.0,0.0,0.0,0.0,0.0,0.0,0.0,0.0,1.0,0.0,0.0,0.0,0.0
1657,PTFE,PT_0047,FC(F)(F)C(F)(F)F,132.54489098017476,1.5818207005573206,0.0,0.282407,1657,0.0,0.0,0.0,0.0,0.0,0.0,0.0,0.0,1.0,0.0,0.0,0.0,0.0,0.0,0.0,0.0,0.0,0.0,0.0,0.0,0.0,0.0,0.0,0.0,0.0,0.0,0.0,0.0,0.0,0.0,0.0,0.0,1.0,0.0,0.0,0.0,0.0,0.0,0.0,0.0,0.0,0.0,0.0,0.0,0.0,1.0,0.0,0.0,0.0,0.0,1.0,0.0,0.0,0.0,0.0,0.0,0.0,0.0,0.0,1.0,0.0,0.0,0.0,0.0
1658,PTFE,PT_0052,FC(F)(F)C(F)(F)F,132.37221156495414,1.541555835840884,0.0,0.282181,1658,0.0,0.0,0.0,0.0,0.0,0.0,0.0,0.0,1.0,0.0,0.0,0.0,0.0,0.0,0.0,0.0,0.0,0.0,0.0,0.0,0.0,0.0,0.0,0.0,0.0,0.0,0.0,0.0,0.0,0.0,0.0,0.0,1.0,0.0,0.0,0.0,0.0,0.0,0.0,0.0,0.0,0.0,0.0,0.0,0.0,1.0,0.0,0.0,0.0,0.0,1.0,0.0,0.0,0.0,0.0,0.0,0.0,0.0,0.0,1.0,0.0,0.0,0.0,0.0
1659,PTFE,PT_0199,FC(F)(F)C(F)(F)F,132.2386940027762,1.8792323336530419,0.0,0.282007,1659,0.0,0.0,0.0,0.0,0.0,0.0,0.0,0.0,1.0,0.0,0.0,0.0,0.0,0.0,0.0,0.0,0.0,0.0,0.0,0.0,0.0,0.0,0.0,0.0,0.0,0.0,0.0,0.0,0.0,0.0,0.0,0.0,1.0,0.0,0.0,0.0,0.0,0.0,0.0,0.0,0.0,0.0,0.0,0.0,0.0,1.0,0.0,0.0,0.0,0.0,1.0,0.0,0.0,0.0,0.0,0.0,0.0,0.0,0.0,1.0,0.0,0.0,0.0,0.0
1660,PTFE,PT_0200,FC(F)(F)C(F)(F)F,130.3961049257458,1.5651875027065119,0.0,0.27963,1660,0.0,0.0,0.0,0.0,0.0,0.0,0.0,0.0,1.0,0.0,0.0,0.0,0.0,0.0,0.0,0.0,0.0,0.0,0.0,0.0,0.0,0.0,0.0,0.0,0.0,0.0,0.0,0.0,0.0,0.0,0.0,0.0,1.0,0.0,0.0,0.0,0.0,0.0,0.0,0.0,0.0,0.0,0.0,0.0,0.0,1.0,0.0,0.0,0.0,0.0,1.0,0.0,0.0,0.0,0.0,0.0,0.0,0.0,0.0,1.0,0.0,0.0,0.0,0.0
1661,PTFE,PT_0018,FC(F)(F)C(F)(F)F,130.3574691084199,1.5,0.0,0.279581,1661,0.0,0.0,0.0,0.0,0.0,0.0,0.0,0.0,1.0,0.0,0.0,0.0,0.0,0.0,0.0,0.0,0.0,0.0,0.0,0.0,0.0,0.0,0.0,0.0,0.0,0.0,0.0,0.0,0.0,0.0,0.0,0.0,1.0,0.0,0.0,0.0,0.0,0.0,0.0,0.0,0.0,0.0,0.0,0.0,0.0,1.0,0.0,0.0,0.0,0.0,1.0,0.0,0.0,0.0,0.0,0.0,0.0,0.0,0.0,1.0,0.0,0.0,0.0,0.0
1662,PTFE,PT_0106,FC(F)(F)C(F)(F)F,130.293963707434,1.9629366617513349,0.0,0.2795,1662,0.0,0.0,0.0,0.0,0.0,0.0,0.0,0.0,1.0,0.0,0.0,0.0,0.0,0.0,0.0,0.0,0.0,0.0,0.0,0.0,0.0,0.0,0.0,0.0,0.0,0.0,0.0,0.0,0.0,0.0,0.0,0.0,1.0,0.0,0.0,0.0,0.0,0.0,0.0,0.0,0.0,0.0,0.0,0.0,0.0,1.0,0.0,0.0,0.0,0.0,1.0,0.0,0.0,0.0,0.0,0.0,0.0,0.0,0.0,1.0,0.0,0.0,0.0,0.0
1663,PTFE,PT_0029,FC(F)(F)C(F)(F)F,128.88419971600442,1.5,0.0,0.27772,1663,0.0,0.0,0.0,0.0,0.0,0.0,0.0,0.0,1.0,0.0,0.0,0.0,0.0,0.0,0.0,0.0,0.0,0.0,0.0,0.0,0.0,0.0,0.0,0.0,0.0,0.0,0.0,0.0,0.0,0.0,0.0,0.0,1.0,0.0,0.0,0.0,0.0,0.0,0.0,0.0,0.0,0.0,0.0,0.0,0.0,1.0,0.0,0.0,0.0,0.0,1.0,0.0,0.0,0.0,0.0,0.0,0.0,0.0,0.0,1.0,0.0,0.0,0.0,0.0
1664,PTFE,PT_0048,FC(F)(F)C(F)(F)F,127.48152308411852,1.5,0.0,0.275978,1664,0.0,0.0,0.0,0.0,0.0,0.0,0.0,0.0,1.0,0.0,0.0,0.0,0.0,0.0,0.0,0.0,0.0,0.0,0.0,0.0,0.0,0.0,0.0,0.0,0.0,0.0,0.0,0.0,0.0,0.0,0.0,0.0,1.0,0.0,0.0,0.0,0.0,0.0,0.0,0.0,0.0,0.0,0.0,0.0,0.0,1.0,0.0,0.0,0.0,0.0,1.0,0.0,0.0,0.0,0.0,0.0,0.0,0.0,0.0,1.0,0.0,0.0,0.0,0.0
1665,PTFE,PT_0144,FC(F)(F)C(F)(F)F,124.82278325424157,1.5,0.0,0.272759,1665,0.0,0.0,0.0,0.0,0.0,0.0,0.0,0.0,1.0,0.0,0.0,0.0,0.0,0.0,0.0,0.0,0.0,0.0,0.0,0.0,0.0,0.0,0.0,0.0,0.0,0.0,0.0,0.0,0.0,0.0,0.0,0.0,1.0,0.0,0.0,0.0,0.0,0.0,0.0,0.0,0.0,0.0,0.0,0.0,0.0,1.0,0.0,0.0,0.0,0.0,1.0,0.0,0.0,0.0,0.0,0.0,0.0,0.0,0.0,1.0,0.0,0.0,0.0,0.0
1666,PTFE,PT_0175,FC(F)(F)C(F)(F)F,123.94130572308634,1.8501300734208643,0.0,0.271715,1666,0.0,0.0,0.0,0.0,0.0,0.0,0.0,0.0,1.0,0.0,0.0,0.0,0.0,0.0,0.0,0.0,0.0,0.0,0.0,0.0,0.0,0.0,0.0,0.0,0.0,0.0,0.0,0.0,0.0,0.0,0.0,0.0,1.0,0.0,0.0,0.0,0.0,0.0,0.0,0.0,0.0,0.0,0.0,0.0,0.0,1.0,0.0,0.0,0.0,0.0,1.0,0.0,0.0,0.0,0.0,0.0,0.0,0.0,0.0,1.0,0.0,0.0,0.0,0.0
1667,PTFE,PT_0224,FC(F)(F)C(F)(F)F,123.90469674031542,1.5,0.0,0.271672,1667,0.0,0.0,0.0,0.0,0.0,0.0,0.0,0.0,1.0,0.0,0.0,0.0,0.0,0.0,0.0,0.0,0.0,0.0,0.0,0.0,0.0,0.0,0.0,0.0,0.0,0.0,0.0,0.0,0.0,0.0,0.0,0.0,1.0,0.0,0.0,0.0,0.0,0.0,0.0,0.0,0.0,0.0,0.0,0.0,0.0,1.0,0.0,0.0,0.0,0.0,1.0,0.0,0.0,0.0,0.0,0.0,0.0,0.0,0.0,1.0,0.0,0.0,0.0,0.0
1668,PTFE,PT_0232,FC(F)(F)C(F)(F)F,123.62289159313687,1.5,0.0,0.271341,1668,0.0,0.0,0.0,0.0,0.0,0.0,0.0,0.0,1.0,0.0,0.0,0.0,0.0,0.0,0.0,0.0,0.0,0.0,0.0,0.0,0.0,0.0,0.0,0.0,0.0,0.0,0.0,0.0,0.0,0.0,0.0,0.0,1.0,0.0,0.0,0.0,0.0,0.0,0.0,0.0,0.0,0.0,0.0,0.0,0.0,1.0,0.0,0.0,0.0,0.0,1.0,0.0,0.0,0.0,0.0,0.0,0.0,0.0,0.0,1.0,0.0,0.0,0.0,0.0
1669,PTFE,PT_0162,FC(F)(F)C(F)(F)F,123.10585319265489,1.5,0.0,0.270737,1669,0.0,0.0,0.0,0.0,0.0,0.0,0.0,0.0,1.0,0.0,0.0,0.0,0.0,0.0,0.0,0.0,0.0,0.0,0.0,0.0,0.0,0.0,0.0,0.0,0.0,0.0,0.0,0.0,0.0,0.0,0.0,0.0,1.0,0.0,0.0,0.0,0.0,0.0,0.0,0.0,0.0,0.0,0.0,0.0,0.0,1.0,0.0,0.0,0.0,0.0,1.0,0.0,0.0,0.0,0.0,0.0,0.0,0.0,0.0,1.0,0.0,0.0,0.0,0.0
1670,PTFE,PT_0032,FC(F)(F)C(F)(F)F,122.20692580101665,1.5,0.0,0.269697,1670,0.0,0.0,0.0,0.0,0.0,0.0,0.0,0.0,1.0,0.0,0.0,0.0,0.0,0.0,0.0,0.0,0.0,0.0,0.0,0.0,0.0,0.0,0.0,0.0,0.0,0.0,0.0,0.0,0.0,0.0,0.0,0.0,1.0,0.0,0.0,0.0,0.0,0.0,0.0,0.0,0.0,0.0,0.0,0.0,0.0,1.0,0.0,0.0,0.0,0.0,1.0,0.0,0.0,0.0,0.0,0.0,0.0,0.0,0.0,1.0,0.0,0.0,0.0,0.0
1671,PTFE,PT_0153,FC(F)(F)C(F)(F)F,120.36996942531614,1.5,0.0,0.267607,1671,0.0,0.0,0.0,0.0,0.0,0.0,0.0,0.0,1.0,0.0,0.0,0.0,0.0,0.0,0.0,0.0,0.0,0.0,0.0,0.0,0.0,0.0,0.0,0.0,0.0,0.0,0.0,0.0,0.0,0.0,0.0,0.0,1.0,0.0,0.0,0.0,0.0,0.0,0.0,0.0,0.0,0.0,0.0,0.0,0.0,1.0,0.0,0.0,0.0,0.0,1.0,0.0,0.0,0.0,0.0,0.0,0.0,0.0,0.0,1.0,0.0,0.0,0.0,0.0
1672,PTFE,PT_0166,FC(F)(F)C(F)(F)F,120.30385844946379,1.5,0.0,0.267533,1672,0.0,0.0,0.0,0.0,0.0,0.0,0.0,0.0,1.0,0.0,0.0,0.0,0.0,0.0,0.0,0.0,0.0,0.0,0.0,0.0,0.0,0.0,0.0,0.0,0.0,0.0,0.0,0.0,0.0,0.0,0.0,0.0,1.0,0.0,0.0,0.0,0.0,0.0,0.0,0.0,0.0,0.0,0.0,0.0,0.0,1.0,0.0,0.0,0.0,0.0,1.0,0.0,0.0,0.0,0.0,0.0,0.0,0.0,0.0,1.0,0.0,0.0,0.0,0.0
1673,PTFE,PT_0028,FC(F)(F)C(F)(F)F,120.037901597696,1.5,0.0,0.267235,1673,0.0,0.0,0.0,0.0,0.0,0.0,0.0,0.0,1.0,0.0,0.0,0.0,0.0,0.0,0.0,0.0,0.0,0.0,0.0,0.0,0.0,0.0,0.0,0.0,0.0,0.0,0.0,0.0,0.0,0.0,0.0,0.0,1.0,0.0,0.0,0.0,0.0,0.0,0.0,0.0,0.0,0.0,0.0,0.0,0.0,1.0,0.0,0.0,0.0,0.0,1.0,0.0,0.0,0.0,0.0,0.0,0.0,0.0,0.0,1.0,0.0,0.0,0.0,0.0
1674,PTFE,PT_0198,FC(F)(F)C(F)(F)F,119.87275815683637,1.605475996321414,0.0,0.26705,1674,0.0,0.0,0.0,0.0,0.0,0.0,0.0,0.0,1.0,0.0,0.0,0.0,0.0,0.0,0.0,0.0,0.0,0.0,0.0,0.0,0.0,0.0,0.0,0.0,0.0,0.0,0.0,0.0,0.0,0.0,0.0,0.0,1.0,0.0,0.0,0.0,0.0,0.0,0.0,0.0,0.0,0.0,0.0,0.0,0.0,1.0,0.0,0.0,0.0,0.0,1.0,0.0,0.0,0.0,0.0,0.0,0.0,0.0,0.0,1.0,0.0,0.0,0.0,0.0
1675,PTFE,PT_0006,FC(F)(F)C(F)(F)F,118.13699818812704,1.5,0.0,0.265135,1675,0.0,0.0,0.0,0.0,0.0,0.0,0.0,0.0,1.0,0.0,0.0,0.0,0.0,0.0,0.0,0.0,0.0,0.0,0.0,0.0,0.0,0.0,0.0,0.0,0.0,0.0,0.0,0.0,0.0,0.0,0.0,0.0,1.0,0.0,0.0,0.0,0.0,0.0,0.0,0.0,0.0,0.0,0.0,0.0,0.0,1.0,0.0,0.0,0.0,0.0,1.0,0.0,0.0,0.0,0.0,0.0,0.0,0.0,0.0,1.0,0.0,0.0,0.0,0.0
1676,PTFE,PT_0014,FC(F)(F)C(F)(F)F,114.61115218549965,1.5,0.0,0.261381,1676,0.0,0.0,0.0,0.0,0.0,0.0,0.0,0.0,1.0,0.0,0.0,0.0,0.0,0.0,0.0,0.0,0.0,0.0,0.0,0.0,0.0,0.0,0.0,0.0,0.0,0.0,0.0,0.0,0.0,0.0,0.0,0.0,1.0,0.0,0.0,0.0,0.0,0.0,0.0,0.0,0.0,0.0,0.0,0.0,0.0,1.0,0.0,0.0,0.0,0.0,1.0,0.0,0.0,0.0,0.0,0.0,0.0,0.0,0.0,1.0,0.0,0.0,0.0,0.0
1677,PTFE,PT_0044,FC(F)(F)C(F)(F)F,105.88447895557937,1.5,0.0,0.252849,1677,0.0,0.0,0.0,0.0,0.0,0.0,0.0,0.0,1.0,0.0,0.0,0.0,0.0,0.0,0.0,0.0,0.0,0.0,0.0,0.0,0.0,0.0,0.0,0.0,0.0,0.0,0.0,0.0,0.0,0.0,0.0,0.0,1.0,0.0,0.0,0.0,0.0,0.0,0.0,0.0,0.0,0.0,0.0,0.0,0.0,1.0,0.0,0.0,0.0,0.0,1.0,0.0,0.0,0.0,0.0,0.0,0.0,0.0,0.0,1.0,0.0,0.0,0.0,0.0
1678,PTFE,PT_0173,FC(F)(F)C(F)(F)F,104.27597237294013,1.5,0.0,0.251391,1678,0.0,0.0,0.0,0.0,0.0,0.0,0.0,0.0,1.0,0.0,0.0,0.0,0.0,0.0,0.0,0.0,0.0,0.0,0.0,0.0,0.0,0.0,0.0,0.0,0.0,0.0,0.0,0.0,0.0,0.0,0.0,0.0,1.0,0.0,0.0,0.0,0.0,0.0,0.0,0.0,0.0,0.0,0.0,0.0,0.0,1.0,0.0,0.0,0.0,0.0,1.0,0.0,0.0,0.0,0.0,0.0,0.0,0.0,0.0,1.0,0.0,0.0,0.0,0.0
1679,PTFE,PT_0023,FC(F)(F)C(F)(F)F,102.36135991320884,1.5,0.0,0.249701,1679,0.0,0.0,0.0,0.0,0.0,0.0,0.0,0.0,1.0,0.0,0.0,0.0,0.0,0.0,0.0,0.0,0.0,0.0,0.0,0.0,0.0,0.0,0.0,0.0,0.0,0.0,0.0,0.0,0.0,0.0,0.0,0.0,1.0,0.0,0.0,0.0,0.0,0.0,0.0,0.0,0.0,0.0,0.0,0.0,0.0,1.0,0.0,0.0,0.0,0.0,1.0,0.0,0.0,0.0,0.0,0.0,0.0,0.0,0.0,1.0,0.0,0.0,0.0,0.0
1680,PTFE,PT_0163,FC(F)(F)C(F)(F)F,70.14671229573781,1.5,0.0,0.227731,1680,0.0,0.0,0.0,0.0,0.0,0.0,0.0,0.0,1.0,0.0,0.0,0.0,0.0,0.0,0.0,0.0,0.0,0.0,0.0,0.0,0.0,0.0,0.0,0.0,0.0,0.0,0.0,0.0,0.0,0.0,0.0,0.0,1.0,0.0,0.0,0.0,0.0,0.0,0.0,0.0,0.0,0.0,0.0,0.0,0.0,1.0,0.0,0.0,0.0,0.0,1.0,0.0,0.0,0.0,0.0,0.0,0.0,0.0,0.0,1.0,0.0,0.0,0.0,0.0
